[
  {
    "Scenario Name": "ParkingCrossingPedestrian_801",
    "Scenario Description": "The ego vehicle is passing through a road, And encounters a cyclist/pedestrian crossing the road.",
    "Map": "Map(name=Carla/Maps/Town04)",
    "Adversary Distance": 123,
    "Adversary Speed": 2.0,
    "Collision": false,
    "Weather": "HardRainNoon"
  },
  {
    "Scenario Name": "ParkingCrossingPedestrian_803",
    "Scenario Description": "The ego vehicle is passing through a road, And encounters a cyclist/pedestrian crossing the road.",
    "Map": "Map(name=Carla/Maps/Town04)",
    "Adversary Distance": 68,
    "Adversary Speed": 2.0,
    "Collision": false,
    "Weather": "HardRainNoon"
  },
  {
    "Scenario Name": "ParkingCrossingPedestrian_808",
    "Scenario Description": "The ego vehicle is passing through a road, And encounters a cyclist/pedestrian crossing the road.",
    "Map": "Map(name=Carla/Maps/Town04)",
    "Adversary Distance": 149,
    "Adversary Speed": 2.0,
    "Collision": false,
    "Weather": "HardRainNoon"
  },
  {
    "Scenario Name": "ParkingCrossingPedestrian_812",
    "Scenario Description": "The ego vehicle is passing through a road, And encounters a cyclist/pedestrian crossing the road.",
    "Map": "Map(name=Carla/Maps/Town04)",
    "Adversary Distance": 81,
    "Adversary Speed": 2.0,
    "Collision": false,
    "Weather": "ClearNoon"
  },
  {
    "Scenario Name": "ParkingCrossingPedestrian_813",
    "Scenario Description": "The ego vehicle is passing through a road, And encounters a cyclist/pedestrian crossing the road.",
    "Map": "Map(name=Carla/Maps/Town04)",
    "Adversary Distance": 118,
    "Adversary Speed": 2.0,
    "Collision": false,
    "Weather": "ClearNight"
  },
  {
    "Scenario Name": "ParkingCrossingPedestrian_815",
    "Scenario Description": "The ego vehicle is passing through a road, And encounters a cyclist/pedestrian crossing the road.",
    "Map": "Map(name=Carla/Maps/Town04)",
    "Adversary Distance": 125,
    "Adversary Speed": 2.0,
    "Collision": false,
    "Weather": "ClearNight"
  },
  {
    "Scenario Name": "ParkingCrossingPedestrian_822",
    "Scenario Description": "The ego vehicle is passing through a road, And encounters a cyclist/pedestrian crossing the road.",
    "Map": "Map(name=Carla/Maps/Town04)",
    "Adversary Distance": 118,
    "Adversary Speed": 2.0,
    "Collision": false,
    "Weather": "HardRainNoon"
  },
  {
    "Scenario Name": "ParkingCrossingPedestrian_824",
    "Scenario Description": "The ego vehicle is passing through a road, And encounters a cyclist/pedestrian crossing the road.",
    "Map": "Map(name=Carla/Maps/Town04)",
    "Adversary Distance": 110,
    "Adversary Speed": 2.0,
    "Collision": false,
    "Weather": "HardRainNoon"
  },
  {
    "Scenario Name": "ParkingCrossingPedestrian_828",
    "Scenario Description": "The ego vehicle is passing through a road, And encounters a cyclist/pedestrian crossing the road.",
    "Map": "Map(name=Carla/Maps/Town04)",
    "Adversary Distance": 111,
    "Adversary Speed": 2.0,
    "Collision": false,
    "Weather": "HardRainNight"
  },
  {
    "Scenario Name": "ParkingCrossingPedestrian_833",
    "Scenario Description": "The ego vehicle is passing through a road, And encounters a cyclist/pedestrian crossing the road.",
    "Map": "Map(name=Carla/Maps/Town04)",
    "Adversary Distance": 93,
    "Adversary Speed": 2.0,
    "Collision": false,
    "Weather": "ClearNight"
  },
  {
    "Scenario Name": "ParkingCrossingPedestrian_839",
    "Scenario Description": "The ego vehicle is passing through a road, And encounters a cyclist/pedestrian crossing the road.",
    "Map": "Map(name=Carla/Maps/Town04)",
    "Adversary Distance": 49,
    "Adversary Speed": 2.0,
    "Collision": false,
    "Weather": "ClearNight"
  },
  {
    "Scenario Name": "ParkingCrossingPedestrian_844",
    "Scenario Description": "The ego vehicle is passing through a road, And encounters a cyclist/pedestrian crossing the road.",
    "Map": "Map(name=Carla/Maps/Town04)",
    "Adversary Distance": 131,
    "Adversary Speed": 2.0,
    "Collision": false,
    "Weather": "HardRainNight"
  },
  {
    "Scenario Name": "ParkingCrossingPedestrian_851",
    "Scenario Description": "The ego vehicle is passing through a road, And encounters a cyclist/pedestrian crossing the road.",
    "Map": "Map(name=Carla/Maps/Town04)",
    "Adversary Distance": 154,
    "Adversary Speed": 2.0,
    "Collision": false,
    "Weather": "ClearNight"
  },
  {
    "Scenario Name": "ParkingCrossingPedestrian_855",
    "Scenario Description": "The ego vehicle is passing through a road, And encounters a cyclist/pedestrian crossing the road.",
    "Map": "Map(name=Carla/Maps/Town04)",
    "Adversary Distance": 175,
    "Adversary Speed": 2.0,
    "Collision": false,
    "Weather": "HardRainNight"
  },
  {
    "Scenario Name": "ParkingCrossingPedestrian_856",
    "Scenario Description": "The ego vehicle is passing through a road, And encounters a cyclist/pedestrian crossing the road.",
    "Map": "Map(name=Carla/Maps/Town04)",
    "Adversary Distance": 153,
    "Adversary Speed": 2.0,
    "Collision": false,
    "Weather": "ClearNight"
  },
  {
    "Scenario Name": "ParkingCrossingPedestrian_864",
    "Scenario Description": "The ego vehicle is passing through a road, And encounters a cyclist/pedestrian crossing the road.",
    "Map": "Map(name=Carla/Maps/Town04)",
    "Adversary Distance": 173,
    "Adversary Speed": 2.0,
    "Collision": false,
    "Weather": "ClearNoon"
  },
  {
    "Scenario Name": "ParkingCrossingPedestrian_865",
    "Scenario Description": "The ego vehicle is passing through a road, And encounters a cyclist/pedestrian crossing the road.",
    "Map": "Map(name=Carla/Maps/Town04)",
    "Adversary Distance": 98,
    "Adversary Speed": 2.0,
    "Collision": false,
    "Weather": "HardRainNight"
  },
  {
    "Scenario Name": "ParkingCrossingPedestrian_866",
    "Scenario Description": "The ego vehicle is passing through a road, And encounters a cyclist/pedestrian crossing the road.",
    "Map": "Map(name=Carla/Maps/Town04)",
    "Adversary Distance": 118,
    "Adversary Speed": 2.0,
    "Collision": false,
    "Weather": "ClearNight"
  },
  {
    "Scenario Name": "ParkingCrossingPedestrian_867",
    "Scenario Description": "The ego vehicle is passing through a road, And encounters a cyclist/pedestrian crossing the road.",
    "Map": "Map(name=Carla/Maps/Town04)",
    "Adversary Distance": 82,
    "Adversary Speed": 2.0,
    "Collision": false,
    "Weather": "ClearNoon"
  },
  {
    "Scenario Name": "ParkingCrossingPedestrian_874",
    "Scenario Description": "The ego vehicle is passing through a road, And encounters a cyclist/pedestrian crossing the road.",
    "Map": "Map(name=Carla/Maps/Town04)",
    "Adversary Distance": 164,
    "Adversary Speed": 2.0,
    "Collision": false,
    "Weather": "ClearNoon"
  },
  {
    "Scenario Name": "ParkingCrossingPedestrian_875",
    "Scenario Description": "The ego vehicle is passing through a road, And encounters a cyclist/pedestrian crossing the road.",
    "Map": "Map(name=Carla/Maps/Town04)",
    "Adversary Distance": 169,
    "Adversary Speed": 2.0,
    "Collision": false,
    "Weather": "HardRainNight"
  },
  {
    "Scenario Name": "ParkingCrossingPedestrian_876",
    "Scenario Description": "The ego vehicle is passing through a road, And encounters a cyclist/pedestrian crossing the road.",
    "Map": "Map(name=Carla/Maps/Town04)",
    "Adversary Distance": 173,
    "Adversary Speed": 2.0,
    "Collision": false,
    "Weather": "HardRainNight"
  },
  {
    "Scenario Name": "ParkingCrossingPedestrian_892",
    "Scenario Description": "The ego vehicle is passing through a road, And encounters a cyclist/pedestrian crossing the road.",
    "Map": "Map(name=Carla/Maps/Town04)",
    "Adversary Distance": 172,
    "Adversary Speed": 2.0,
    "Collision": false,
    "Weather": "HardRainNight"
  },
  {
    "Scenario Name": "ParkingCrossingPedestrian_893",
    "Scenario Description": "The ego vehicle is passing through a road, And encounters a cyclist/pedestrian crossing the road.",
    "Map": "Map(name=Carla/Maps/Town04)",
    "Adversary Distance": 161,
    "Adversary Speed": 2.0,
    "Collision": false,
    "Weather": "ClearNoon"
  }
]