[
  {
    "Scenario Name": "ParkingCrossingPedestrian_204",
    "Scenario Description": "The ego vehicle is passing through a road, And encounters a cyclist/pedestrian crossing the road.",
    "Map": "Map(name=Carla/Maps/Town04)",
    "Adversary Distance": 144,
    "Adversary Speed": 2.0,
    "Collision": false,
    "Weather": "HardRainNoon"
  },
  {
    "Scenario Name": "ParkingCrossingPedestrian_208",
    "Scenario Description": "The ego vehicle is passing through a road, And encounters a cyclist/pedestrian crossing the road.",
    "Map": "Map(name=Carla/Maps/Town04)",
    "Adversary Distance": 144,
    "Adversary Speed": 2.0,
    "Collision": false,
    "Weather": "HardRainNoon"
  },
  {
    "Scenario Name": "ParkingCrossingPedestrian_215",
    "Scenario Description": "The ego vehicle is passing through a road, And encounters a cyclist/pedestrian crossing the road.",
    "Map": "Map(name=Carla/Maps/Town04)",
    "Adversary Distance": 97,
    "Adversary Speed": 2.0,
    "Collision": false,
    "Weather": "ClearNight"
  },
  {
    "Scenario Name": "ParkingCrossingPedestrian_219",
    "Scenario Description": "The ego vehicle is passing through a road, And encounters a cyclist/pedestrian crossing the road.",
    "Map": "Map(name=Carla/Maps/Town04)",
    "Adversary Distance": 106,
    "Adversary Speed": 2.0,
    "Collision": false,
    "Weather": "HardRainNight"
  },
  {
    "Scenario Name": "ParkingCrossingPedestrian_222",
    "Scenario Description": "The ego vehicle is passing through a road, And encounters a cyclist/pedestrian crossing the road.",
    "Map": "Map(name=Carla/Maps/Town04)",
    "Adversary Distance": 80,
    "Adversary Speed": 2.0,
    "Collision": false,
    "Weather": "ClearNight"
  },
  {
    "Scenario Name": "ParkingCrossingPedestrian_226",
    "Scenario Description": "The ego vehicle is passing through a road, And encounters a cyclist/pedestrian crossing the road.",
    "Map": "Map(name=Carla/Maps/Town04)",
    "Adversary Distance": 153,
    "Adversary Speed": 2.0,
    "Collision": false,
    "Weather": "HardRainNoon"
  },
  {
    "Scenario Name": "ParkingCrossingPedestrian_237",
    "Scenario Description": "The ego vehicle is passing through a road, And encounters a cyclist/pedestrian crossing the road.",
    "Map": "Map(name=Carla/Maps/Town04)",
    "Adversary Distance": 162,
    "Adversary Speed": 2.0,
    "Collision": false,
    "Weather": "ClearNight"
  },
  {
    "Scenario Name": "ParkingCrossingPedestrian_239",
    "Scenario Description": "The ego vehicle is passing through a road, And encounters a cyclist/pedestrian crossing the road.",
    "Map": "Map(name=Carla/Maps/Town04)",
    "Adversary Distance": 167,
    "Adversary Speed": 2.0,
    "Collision": false,
    "Weather": "ClearNoon"
  },
  {
    "Scenario Name": "ParkingCrossingPedestrian_253",
    "Scenario Description": "The ego vehicle is passing through a road, And encounters a cyclist/pedestrian crossing the road.",
    "Map": "Map(name=Carla/Maps/Town04)",
    "Adversary Distance": 53,
    "Adversary Speed": 2.0,
    "Collision": false,
    "Weather": "HardRainNight"
  },
  {
    "Scenario Name": "ParkingCrossingPedestrian_261",
    "Scenario Description": "The ego vehicle is passing through a road, And encounters a cyclist/pedestrian crossing the road.",
    "Map": "Map(name=Carla/Maps/Town04)",
    "Adversary Distance": 54,
    "Adversary Speed": 2.0,
    "Collision": false,
    "Weather": "ClearNoon"
  },
  {
    "Scenario Name": "ParkingCrossingPedestrian_266",
    "Scenario Description": "The ego vehicle is passing through a road, And encounters a cyclist/pedestrian crossing the road.",
    "Map": "Map(name=Carla/Maps/Town04)",
    "Adversary Distance": 131,
    "Adversary Speed": 2.0,
    "Collision": false,
    "Weather": "ClearNight"
  },
  {
    "Scenario Name": "ParkingCrossingPedestrian_267",
    "Scenario Description": "The ego vehicle is passing through a road, And encounters a cyclist/pedestrian crossing the road.",
    "Map": "Map(name=Carla/Maps/Town04)",
    "Adversary Distance": 142,
    "Adversary Speed": 2.0,
    "Collision": false,
    "Weather": "HardRainNight"
  },
  {
    "Scenario Name": "ParkingCrossingPedestrian_271",
    "Scenario Description": "The ego vehicle is passing through a road, And encounters a cyclist/pedestrian crossing the road.",
    "Map": "Map(name=Carla/Maps/Town04)",
    "Adversary Distance": 152,
    "Adversary Speed": 2.0,
    "Collision": false,
    "Weather": "ClearNight"
  },
  {
    "Scenario Name": "ParkingCrossingPedestrian_272",
    "Scenario Description": "The ego vehicle is passing through a road, And encounters a cyclist/pedestrian crossing the road.",
    "Map": "Map(name=Carla/Maps/Town04)",
    "Adversary Distance": 88,
    "Adversary Speed": 2.0,
    "Collision": false,
    "Weather": "ClearNight"
  },
  {
    "Scenario Name": "ParkingCrossingPedestrian_277",
    "Scenario Description": "The ego vehicle is passing through a road, And encounters a cyclist/pedestrian crossing the road.",
    "Map": "Map(name=Carla/Maps/Town04)",
    "Adversary Distance": 95,
    "Adversary Speed": 2.0,
    "Collision": false,
    "Weather": "HardRainNoon"
  },
  {
    "Scenario Name": "ParkingCrossingPedestrian_280",
    "Scenario Description": "The ego vehicle is passing through a road, And encounters a cyclist/pedestrian crossing the road.",
    "Map": "Map(name=Carla/Maps/Town04)",
    "Adversary Distance": 140,
    "Adversary Speed": 2.0,
    "Collision": false,
    "Weather": "ClearNight"
  },
  {
    "Scenario Name": "ParkingCrossingPedestrian_289",
    "Scenario Description": "The ego vehicle is passing through a road, And encounters a cyclist/pedestrian crossing the road.",
    "Map": "Map(name=Carla/Maps/Town04)",
    "Adversary Distance": 55,
    "Adversary Speed": 2.0,
    "Collision": false,
    "Weather": "ClearNoon"
  },
  {
    "Scenario Name": "ParkingCrossingPedestrian_290",
    "Scenario Description": "The ego vehicle is passing through a road, And encounters a cyclist/pedestrian crossing the road.",
    "Map": "Map(name=Carla/Maps/Town04)",
    "Adversary Distance": 109,
    "Adversary Speed": 2.0,
    "Collision": false,
    "Weather": "ClearNoon"
  },
  {
    "Scenario Name": "ParkingCrossingPedestrian_292",
    "Scenario Description": "The ego vehicle is passing through a road, And encounters a cyclist/pedestrian crossing the road.",
    "Map": "Map(name=Carla/Maps/Town04)",
    "Adversary Distance": 114,
    "Adversary Speed": 2.0,
    "Collision": false,
    "Weather": "HardRainNoon"
  },
  {
    "Scenario Name": "ParkingCrossingPedestrian_297",
    "Scenario Description": "The ego vehicle is passing through a road, And encounters a cyclist/pedestrian crossing the road.",
    "Map": "Map(name=Carla/Maps/Town04)",
    "Adversary Distance": 95,
    "Adversary Speed": 2.0,
    "Collision": false,
    "Weather": "HardRainNight"
  },
  {
    "Scenario Name": "ParkingCrossingPedestrian_299",
    "Scenario Description": "The ego vehicle is passing through a road, And encounters a cyclist/pedestrian crossing the road.",
    "Map": "Map(name=Carla/Maps/Town04)",
    "Adversary Distance": 88,
    "Adversary Speed": 2.0,
    "Collision": false,
    "Weather": "ClearNight"
  }
]