[
  {
    "Scenario Name": "ParkingCrossingPedestrian_900",
    "Scenario Description": "The ego vehicle is passing through a road, And encounters a cyclist/pedestrian crossing the road.",
    "Map": "Map(name=Carla/Maps/Town04)",
    "Adversary Distance": 115,
    "Adversary Speed": 2.0,
    "Collision": false,
    "Weather": "ClearNight"
  },
  {
    "Scenario Name": "ParkingCrossingPedestrian_902",
    "Scenario Description": "The ego vehicle is passing through a road, And encounters a cyclist/pedestrian crossing the road.",
    "Map": "Map(name=Carla/Maps/Town04)",
    "Adversary Distance": 175,
    "Adversary Speed": 2.0,
    "Collision": false,
    "Weather": "ClearNoon"
  },
  {
    "Scenario Name": "ParkingCrossingPedestrian_903",
    "Scenario Description": "The ego vehicle is passing through a road, And encounters a cyclist/pedestrian crossing the road.",
    "Map": "Map(name=Carla/Maps/Town04)",
    "Adversary Distance": 163,
    "Adversary Speed": 2.0,
    "Collision": false,
    "Weather": "ClearNight"
  },
  {
    "Scenario Name": "ParkingCrossingPedestrian_909",
    "Scenario Description": "The ego vehicle is passing through a road, And encounters a cyclist/pedestrian crossing the road.",
    "Map": "Map(name=Carla/Maps/Town04)",
    "Adversary Distance": 74,
    "Adversary Speed": 2.0,
    "Collision": false,
    "Weather": "ClearNoon"
  },
  {
    "Scenario Name": "ParkingCrossingPedestrian_910",
    "Scenario Description": "The ego vehicle is passing through a road, And encounters a cyclist/pedestrian crossing the road.",
    "Map": "Map(name=Carla/Maps/Town04)",
    "Adversary Distance": 144,
    "Adversary Speed": 2.0,
    "Collision": false,
    "Weather": "ClearNight"
  },
  {
    "Scenario Name": "ParkingCrossingPedestrian_911",
    "Scenario Description": "The ego vehicle is passing through a road, And encounters a cyclist/pedestrian crossing the road.",
    "Map": "Map(name=Carla/Maps/Town04)",
    "Adversary Distance": 99,
    "Adversary Speed": 2.0,
    "Collision": false,
    "Weather": "HardRainNoon"
  },
  {
    "Scenario Name": "ParkingCrossingPedestrian_913",
    "Scenario Description": "The ego vehicle is passing through a road, And encounters a cyclist/pedestrian crossing the road.",
    "Map": "Map(name=Carla/Maps/Town04)",
    "Adversary Distance": 72,
    "Adversary Speed": 2.0,
    "Collision": false,
    "Weather": "HardRainNight"
  },
  {
    "Scenario Name": "ParkingCrossingPedestrian_924",
    "Scenario Description": "The ego vehicle is passing through a road, And encounters a cyclist/pedestrian crossing the road.",
    "Map": "Map(name=Carla/Maps/Town04)",
    "Adversary Distance": 140,
    "Adversary Speed": 2.0,
    "Collision": false,
    "Weather": "ClearNoon"
  },
  {
    "Scenario Name": "ParkingCrossingPedestrian_927",
    "Scenario Description": "The ego vehicle is passing through a road, And encounters a cyclist/pedestrian crossing the road.",
    "Map": "Map(name=Carla/Maps/Town04)",
    "Adversary Distance": 56,
    "Adversary Speed": 2.0,
    "Collision": false,
    "Weather": "ClearNoon"
  },
  {
    "Scenario Name": "ParkingCrossingPedestrian_928",
    "Scenario Description": "The ego vehicle is passing through a road, And encounters a cyclist/pedestrian crossing the road.",
    "Map": "Map(name=Carla/Maps/Town04)",
    "Adversary Distance": 135,
    "Adversary Speed": 2.0,
    "Collision": false,
    "Weather": "HardRainNoon"
  },
  {
    "Scenario Name": "ParkingCrossingPedestrian_938",
    "Scenario Description": "The ego vehicle is passing through a road, And encounters a cyclist/pedestrian crossing the road.",
    "Map": "Map(name=Carla/Maps/Town04)",
    "Adversary Distance": 76,
    "Adversary Speed": 2.0,
    "Collision": false,
    "Weather": "ClearNoon"
  },
  {
    "Scenario Name": "ParkingCrossingPedestrian_939",
    "Scenario Description": "The ego vehicle is passing through a road, And encounters a cyclist/pedestrian crossing the road.",
    "Map": "Map(name=Carla/Maps/Town04)",
    "Adversary Distance": 161,
    "Adversary Speed": 2.0,
    "Collision": false,
    "Weather": "ClearNoon"
  },
  {
    "Scenario Name": "ParkingCrossingPedestrian_953",
    "Scenario Description": "The ego vehicle is passing through a road, And encounters a cyclist/pedestrian crossing the road.",
    "Map": "Map(name=Carla/Maps/Town04)",
    "Adversary Distance": 177,
    "Adversary Speed": 2.0,
    "Collision": false,
    "Weather": "ClearNoon"
  },
  {
    "Scenario Name": "ParkingCrossingPedestrian_955",
    "Scenario Description": "The ego vehicle is passing through a road, And encounters a cyclist/pedestrian crossing the road.",
    "Map": "Map(name=Carla/Maps/Town04)",
    "Adversary Distance": 170,
    "Adversary Speed": 2.0,
    "Collision": false,
    "Weather": "HardRainNight"
  },
  {
    "Scenario Name": "ParkingCrossingPedestrian_956",
    "Scenario Description": "The ego vehicle is passing through a road, And encounters a cyclist/pedestrian crossing the road.",
    "Map": "Map(name=Carla/Maps/Town04)",
    "Adversary Distance": 129,
    "Adversary Speed": 2.0,
    "Collision": false,
    "Weather": "HardRainNight"
  },
  {
    "Scenario Name": "ParkingCrossingPedestrian_957",
    "Scenario Description": "The ego vehicle is passing through a road, And encounters a cyclist/pedestrian crossing the road.",
    "Map": "Map(name=Carla/Maps/Town04)",
    "Adversary Distance": 177,
    "Adversary Speed": 2.0,
    "Collision": false,
    "Weather": "ClearNight"
  },
  {
    "Scenario Name": "ParkingCrossingPedestrian_963",
    "Scenario Description": "The ego vehicle is passing through a road, And encounters a cyclist/pedestrian crossing the road.",
    "Map": "Map(name=Carla/Maps/Town04)",
    "Adversary Distance": 75,
    "Adversary Speed": 2.0,
    "Collision": false,
    "Weather": "HardRainNoon"
  },
  {
    "Scenario Name": "ParkingCrossingPedestrian_964",
    "Scenario Description": "The ego vehicle is passing through a road, And encounters a cyclist/pedestrian crossing the road.",
    "Map": "Map(name=Carla/Maps/Town04)",
    "Adversary Distance": 142,
    "Adversary Speed": 2.0,
    "Collision": false,
    "Weather": "HardRainNight"
  },
  {
    "Scenario Name": "ParkingCrossingPedestrian_965",
    "Scenario Description": "The ego vehicle is passing through a road, And encounters a cyclist/pedestrian crossing the road.",
    "Map": "Map(name=Carla/Maps/Town04)",
    "Adversary Distance": 135,
    "Adversary Speed": 2.0,
    "Collision": false,
    "Weather": "ClearNoon"
  },
  {
    "Scenario Name": "ParkingCrossingPedestrian_968",
    "Scenario Description": "The ego vehicle is passing through a road, And encounters a cyclist/pedestrian crossing the road.",
    "Map": "Map(name=Carla/Maps/Town04)",
    "Adversary Distance": 124,
    "Adversary Speed": 2.0,
    "Collision": false,
    "Weather": "HardRainNight"
  },
  {
    "Scenario Name": "ParkingCrossingPedestrian_976",
    "Scenario Description": "The ego vehicle is passing through a road, And encounters a cyclist/pedestrian crossing the road.",
    "Map": "Map(name=Carla/Maps/Town04)",
    "Adversary Distance": 117,
    "Adversary Speed": 2.0,
    "Collision": false,
    "Weather": "ClearNight"
  },
  {
    "Scenario Name": "ParkingCrossingPedestrian_986",
    "Scenario Description": "The ego vehicle is passing through a road, And encounters a cyclist/pedestrian crossing the road.",
    "Map": "Map(name=Carla/Maps/Town04)",
    "Adversary Distance": 100,
    "Adversary Speed": 2.0,
    "Collision": false,
    "Weather": "ClearNoon"
  },
  {
    "Scenario Name": "ParkingCrossingPedestrian_988",
    "Scenario Description": "The ego vehicle is passing through a road, And encounters a cyclist/pedestrian crossing the road.",
    "Map": "Map(name=Carla/Maps/Town04)",
    "Adversary Distance": 125,
    "Adversary Speed": 2.0,
    "Collision": false,
    "Weather": "HardRainNight"
  },
  {
    "Scenario Name": "ParkingCrossingPedestrian_990",
    "Scenario Description": "The ego vehicle is passing through a road, And encounters a cyclist/pedestrian crossing the road.",
    "Map": "Map(name=Carla/Maps/Town04)",
    "Adversary Distance": 142,
    "Adversary Speed": 2.0,
    "Collision": false,
    "Weather": "ClearNight"
  },
  {
    "Scenario Name": "ParkingCrossingPedestrian_993",
    "Scenario Description": "The ego vehicle is passing through a road, And encounters a cyclist/pedestrian crossing the road.",
    "Map": "Map(name=Carla/Maps/Town04)",
    "Adversary Distance": 115,
    "Adversary Speed": 2.0,
    "Collision": false,
    "Weather": "ClearNight"
  },
  {
    "Scenario Name": "ParkingCrossingPedestrian_999",
    "Scenario Description": "The ego vehicle is passing through a road, And encounters a cyclist/pedestrian crossing the road.",
    "Map": "Map(name=Carla/Maps/Town04)",
    "Adversary Distance": 74,
    "Adversary Speed": 2.0,
    "Collision": false,
    "Weather": "HardRainNoon"
  }
]