[
  {
    "Scenario Name": "ParkingCrossingPedestrian_200",
    "Scenario Description": "The ego vehicle is passing through a road, And encounters a cyclist/pedestrian crossing the road.",
    "Map": "Map(name=Carla/Maps/Town04)",
    "Adversary Distance": 130,
    "Adversary Speed": 2.0,
    "Collision": true,
    "Weather": "HardRainNoon",
    "Collision Type": "Actor(id=151, type=walker.pedestrian.0036)",
    "Time to Collision": 8.95799970626831,
    "Speed at Collision": 26.60126717488646,
    "Intensity": 636.4739902975801
  },
  {
    "Scenario Name": "ParkingCrossingPedestrian_201",
    "Scenario Description": "The ego vehicle is passing through a road, And encounters a cyclist/pedestrian crossing the road.",
    "Map": "Map(name=Carla/Maps/Town04)",
    "Adversary Distance": 40,
    "Adversary Speed": 2.0,
    "Collision": true,
    "Weather": "HardRainNight",
    "Collision Type": "Actor(id=158, type=walker.pedestrian.0036)",
    "Time to Collision": 7.679005146026611,
    "Speed at Collision": 6.264033923889539,
    "Intensity": 154.24924704639523
  },
  {
    "Scenario Name": "ParkingCrossingPedestrian_202",
    "Scenario Description": "The ego vehicle is passing through a road, And encounters a cyclist/pedestrian crossing the road.",
    "Map": "Map(name=Carla/Maps/Town04)",
    "Adversary Distance": 116,
    "Adversary Speed": 2.0,
    "Collision": true,
    "Weather": "HardRainNoon",
    "Collision Type": "Actor(id=165, type=walker.pedestrian.0036)",
    "Time to Collision": 8.827998638153076,
    "Speed at Collision": 20.101782287203513,
    "Intensity": 892.2388409204405
  },
  {
    "Scenario Name": "ParkingCrossingPedestrian_203",
    "Scenario Description": "The ego vehicle is passing through a road, And encounters a cyclist/pedestrian crossing the road.",
    "Map": "Map(name=Carla/Maps/Town04)",
    "Adversary Distance": 169,
    "Adversary Speed": 2.0,
    "Collision": true,
    "Weather": "ClearNight",
    "Collision Type": "Actor(id=172, type=walker.pedestrian.0036)",
    "Time to Collision": 10.733011722564697,
    "Speed at Collision": 23.372981185931835,
    "Intensity": 1350.486891331679
  },
  {
    "Scenario Name": "ParkingCrossingPedestrian_205",
    "Scenario Description": "The ego vehicle is passing through a road, And encounters a cyclist/pedestrian crossing the road.",
    "Map": "Map(name=Carla/Maps/Town04)",
    "Adversary Distance": 149,
    "Adversary Speed": 2.0,
    "Collision": true,
    "Weather": "HardRainNight",
    "Collision Type": "Actor(id=186, type=walker.pedestrian.0036)",
    "Time to Collision": 9.628435850143433,
    "Speed at Collision": 28.007712146071256,
    "Intensity": 830.878492965037
  },
  {
    "Scenario Name": "ParkingCrossingPedestrian_206",
    "Scenario Description": "The ego vehicle is passing through a road, And encounters a cyclist/pedestrian crossing the road.",
    "Map": "Map(name=Carla/Maps/Town04)",
    "Adversary Distance": 88,
    "Adversary Speed": 2.0,
    "Collision": true,
    "Weather": "ClearNoon",
    "Collision Type": "Actor(id=193, type=walker.pedestrian.0036)",
    "Time to Collision": 7.263000011444092,
    "Speed at Collision": 22.878349089032067,
    "Intensity": 521.863365676949
  },
  {
    "Scenario Name": "ParkingCrossingPedestrian_207",
    "Scenario Description": "The ego vehicle is passing through a road, And encounters a cyclist/pedestrian crossing the road.",
    "Map": "Map(name=Carla/Maps/Town04)",
    "Adversary Distance": 124,
    "Adversary Speed": 2.0,
    "Collision": true,
    "Weather": "ClearNight",
    "Collision Type": "Actor(id=200, type=walker.pedestrian.0036)",
    "Time to Collision": 13.906004190444946,
    "Speed at Collision": 10.112173317138035,
    "Intensity": 416.6253377186447
  },
  {
    "Scenario Name": "ParkingCrossingPedestrian_209",
    "Scenario Description": "The ego vehicle is passing through a road, And encounters a cyclist/pedestrian crossing the road.",
    "Map": "Map(name=Carla/Maps/Town04)",
    "Adversary Distance": 120,
    "Adversary Speed": 2.0,
    "Collision": true,
    "Weather": "HardRainNight",
    "Collision Type": "Actor(id=214, type=walker.pedestrian.0036)",
    "Time to Collision": 8.691999912261963,
    "Speed at Collision": 23.32336600991796,
    "Intensity": 800.9245676502936
  },
  {
    "Scenario Name": "ParkingCrossingPedestrian_210",
    "Scenario Description": "The ego vehicle is passing through a road, And encounters a cyclist/pedestrian crossing the road.",
    "Map": "Map(name=Carla/Maps/Town04)",
    "Adversary Distance": 116,
    "Adversary Speed": 2.0,
    "Collision": true,
    "Weather": "ClearNoon",
    "Collision Type": "Actor(id=221, type=walker.pedestrian.0036)",
    "Time to Collision": 8.448999404907227,
    "Speed at Collision": 25.446139341606273,
    "Intensity": 640.849890789053
  },
  {
    "Scenario Name": "ParkingCrossingPedestrian_211",
    "Scenario Description": "The ego vehicle is passing through a road, And encounters a cyclist/pedestrian crossing the road.",
    "Map": "Map(name=Carla/Maps/Town04)",
    "Adversary Distance": 68,
    "Adversary Speed": 2.0,
    "Collision": true,
    "Weather": "HardRainNoon",
    "Collision Type": "Actor(id=228, type=walker.pedestrian.0036)",
    "Time to Collision": 6.354996204376221,
    "Speed at Collision": 21.290016023490324,
    "Intensity": 424.1725282259657
  },
  {
    "Scenario Name": "ParkingCrossingPedestrian_212",
    "Scenario Description": "The ego vehicle is passing through a road, And encounters a cyclist/pedestrian crossing the road.",
    "Map": "Map(name=Carla/Maps/Town04)",
    "Adversary Distance": 52,
    "Adversary Speed": 2.0,
    "Collision": true,
    "Weather": "HardRainNight",
    "Collision Type": "Actor(id=235, type=walker.pedestrian.0036)",
    "Time to Collision": 5.624001502990723,
    "Speed at Collision": 19.581342775031217,
    "Intensity": 554.9804240490834
  },
  {
    "Scenario Name": "ParkingCrossingPedestrian_213",
    "Scenario Description": "The ego vehicle is passing through a road, And encounters a cyclist/pedestrian crossing the road.",
    "Map": "Map(name=Carla/Maps/Town04)",
    "Adversary Distance": 81,
    "Adversary Speed": 2.0,
    "Collision": true,
    "Weather": "ClearNoon",
    "Collision Type": "Actor(id=242, type=walker.pedestrian.0036)",
    "Time to Collision": 8.726995944976807,
    "Speed at Collision": 12.315751978861115,
    "Intensity": 729.1983307168866
  },
  {
    "Scenario Name": "ParkingCrossingPedestrian_214",
    "Scenario Description": "The ego vehicle is passing through a road, And encounters a cyclist/pedestrian crossing the road.",
    "Map": "Map(name=Carla/Maps/Town04)",
    "Adversary Distance": 39,
    "Adversary Speed": 2.0,
    "Collision": true,
    "Weather": "ClearNight",
    "Collision Type": "Actor(id=249, type=walker.pedestrian.0036)",
    "Time to Collision": 4.927999258041382,
    "Speed at Collision": 17.586510696286794,
    "Intensity": 773.2774945351387
  },
  {
    "Scenario Name": "ParkingCrossingPedestrian_216",
    "Scenario Description": "The ego vehicle is passing through a road, And encounters a cyclist/pedestrian crossing the road.",
    "Map": "Map(name=Carla/Maps/Town04)",
    "Adversary Distance": 46,
    "Adversary Speed": 2.0,
    "Collision": true,
    "Weather": "HardRainNight",
    "Collision Type": "Actor(id=263, type=walker.pedestrian.0036)",
    "Time to Collision": 5.300999164581299,
    "Speed at Collision": 18.788988386888178,
    "Intensity": 618.2179231001369
  },
  {
    "Scenario Name": "ParkingCrossingPedestrian_217",
    "Scenario Description": "The ego vehicle is passing through a road, And encounters a cyclist/pedestrian crossing the road.",
    "Map": "Map(name=Carla/Maps/Town04)",
    "Adversary Distance": 31,
    "Adversary Speed": 2.0,
    "Collision": true,
    "Weather": "ClearNoon",
    "Collision Type": "Actor(id=270, type=walker.pedestrian.0036)",
    "Time to Collision": 5.429999113082886,
    "Speed at Collision": 8.184258174153365,
    "Intensity": 198.72923498001384
  },
  {
    "Scenario Name": "ParkingCrossingPedestrian_218",
    "Scenario Description": "The ego vehicle is passing through a road, And encounters a cyclist/pedestrian crossing the road.",
    "Map": "Map(name=Carla/Maps/Town04)",
    "Adversary Distance": 81,
    "Adversary Speed": 2.0,
    "Collision": true,
    "Weather": "HardRainNight",
    "Collision Type": "Actor(id=277, type=walker.pedestrian.0036)",
    "Time to Collision": 13.253010988235474,
    "Speed at Collision": 7.7728984234457,
    "Intensity": 164.693118859102
  },
  {
    "Scenario Name": "ParkingCrossingPedestrian_220",
    "Scenario Description": "The ego vehicle is passing through a road, And encounters a cyclist/pedestrian crossing the road.",
    "Map": "Map(name=Carla/Maps/Town04)",
    "Adversary Distance": 131,
    "Adversary Speed": 2.0,
    "Collision": true,
    "Weather": "HardRainNoon",
    "Collision Type": "Actor(id=291, type=walker.pedestrian.0036)",
    "Time to Collision": 9.04300045967102,
    "Speed at Collision": 24.935797547222457,
    "Intensity": 1477.0002280156189
  },
  {
    "Scenario Name": "ParkingCrossingPedestrian_221",
    "Scenario Description": "The ego vehicle is passing through a road, And encounters a cyclist/pedestrian crossing the road.",
    "Map": "Map(name=Carla/Maps/Town04)",
    "Adversary Distance": 57,
    "Adversary Speed": 2.0,
    "Collision": true,
    "Weather": "ClearNight",
    "Collision Type": "Actor(id=298, type=walker.pedestrian.0036)",
    "Time to Collision": 6.344002962112427,
    "Speed at Collision": 13.891444858004368,
    "Intensity": 330.393166130213
  },
  {
    "Scenario Name": "ParkingCrossingPedestrian_223",
    "Scenario Description": "The ego vehicle is passing through a road, And encounters a cyclist/pedestrian crossing the road.",
    "Map": "Map(name=Carla/Maps/Town04)",
    "Adversary Distance": 149,
    "Adversary Speed": 2.0,
    "Collision": true,
    "Weather": "ClearNight",
    "Collision Type": "Actor(id=312, type=walker.pedestrian.0036)",
    "Time to Collision": 10.085002422332764,
    "Speed at Collision": 22.002823014717443,
    "Intensity": 1277.6223540724638
  },
  {
    "Scenario Name": "ParkingCrossingPedestrian_224",
    "Scenario Description": "The ego vehicle is passing through a road, And encounters a cyclist/pedestrian crossing the road.",
    "Map": "Map(name=Carla/Maps/Town04)",
    "Adversary Distance": 120,
    "Adversary Speed": 2.0,
    "Collision": true,
    "Weather": "HardRainNight",
    "Collision Type": "Actor(id=319, type=walker.pedestrian.0036)",
    "Time to Collision": 9.800003051757812,
    "Speed at Collision": 16.857333560009526,
    "Intensity": 980.1799031040991
  },
  {
    "Scenario Name": "ParkingCrossingPedestrian_225",
    "Scenario Description": "The ego vehicle is passing through a road, And encounters a cyclist/pedestrian crossing the road.",
    "Map": "Map(name=Carla/Maps/Town04)",
    "Adversary Distance": 84,
    "Adversary Speed": 2.0,
    "Collision": true,
    "Weather": "HardRainNight",
    "Collision Type": "Actor(id=326, type=walker.pedestrian.0036)",
    "Time to Collision": 8.184999465942383,
    "Speed at Collision": 14.167102211903686,
    "Intensity": 581.1196625195303
  },
  {
    "Scenario Name": "ParkingCrossingPedestrian_227",
    "Scenario Description": "The ego vehicle is passing through a road, And encounters a cyclist/pedestrian crossing the road.",
    "Map": "Map(name=Carla/Maps/Town04)",
    "Adversary Distance": 35,
    "Adversary Speed": 2.0,
    "Collision": true,
    "Weather": "HardRainNight",
    "Collision Type": "Actor(id=340, type=walker.pedestrian.0036)",
    "Time to Collision": 4.711931467056274,
    "Speed at Collision": 16.996469197886004,
    "Intensity": 284.06922433037516
  },
  {
    "Scenario Name": "ParkingCrossingPedestrian_228",
    "Scenario Description": "The ego vehicle is passing through a road, And encounters a cyclist/pedestrian crossing the road.",
    "Map": "Map(name=Carla/Maps/Town04)",
    "Adversary Distance": 105,
    "Adversary Speed": 2.0,
    "Collision": true,
    "Weather": "HardRainNight",
    "Collision Type": "Actor(id=347, type=walker.pedestrian.0036)",
    "Time to Collision": 8.009002447128296,
    "Speed at Collision": 24.484507354745546,
    "Intensity": 593.0140892710158
  },
  {
    "Scenario Name": "ParkingCrossingPedestrian_229",
    "Scenario Description": "The ego vehicle is passing through a road, And encounters a cyclist/pedestrian crossing the road.",
    "Map": "Map(name=Carla/Maps/Town04)",
    "Adversary Distance": 151,
    "Adversary Speed": 2.0,
    "Collision": true,
    "Weather": "ClearNight",
    "Collision Type": "Actor(id=354, type=walker.pedestrian.0036)",
    "Time to Collision": 10.842963218688965,
    "Speed at Collision": 18.97832198986883,
    "Intensity": 903.650669301788
  },
  {
    "Scenario Name": "ParkingCrossingPedestrian_230",
    "Scenario Description": "The ego vehicle is passing through a road, And encounters a cyclist/pedestrian crossing the road.",
    "Map": "Map(name=Carla/Maps/Town04)",
    "Adversary Distance": 84,
    "Adversary Speed": 2.0,
    "Collision": true,
    "Weather": "HardRainNight",
    "Collision Type": "Actor(id=361, type=walker.pedestrian.0036)",
    "Time to Collision": 10.819034099578857,
    "Speed at Collision": 9.393118240570375,
    "Intensity": 230.42331276967622
  },
  {
    "Scenario Name": "ParkingCrossingPedestrian_231",
    "Scenario Description": "The ego vehicle is passing through a road, And encounters a cyclist/pedestrian crossing the road.",
    "Map": "Map(name=Carla/Maps/Town04)",
    "Adversary Distance": 49,
    "Adversary Speed": 2.0,
    "Collision": true,
    "Weather": "ClearNight",
    "Collision Type": "Actor(id=368, type=walker.pedestrian.0036)",
    "Time to Collision": 5.656998634338379,
    "Speed at Collision": 14.677064555937985,
    "Intensity": 469.7079027873006
  },
  {
    "Scenario Name": "ParkingCrossingPedestrian_232",
    "Scenario Description": "The ego vehicle is passing through a road, And encounters a cyclist/pedestrian crossing the road.",
    "Map": "Map(name=Carla/Maps/Town04)",
    "Adversary Distance": 36,
    "Adversary Speed": 2.0,
    "Collision": true,
    "Weather": "HardRainNoon",
    "Collision Type": "Actor(id=375, type=walker.pedestrian.0036)",
    "Time to Collision": 5.651001930236816,
    "Speed at Collision": 9.085928470726966,
    "Intensity": 220.20797665307765
  },
  {
    "Scenario Name": "ParkingCrossingPedestrian_233",
    "Scenario Description": "The ego vehicle is passing through a road, And encounters a cyclist/pedestrian crossing the road.",
    "Map": "Map(name=Carla/Maps/Town04)",
    "Adversary Distance": 154,
    "Adversary Speed": 2.0,
    "Collision": true,
    "Weather": "HardRainNoon",
    "Collision Type": "Actor(id=382, type=walker.pedestrian.0036)",
    "Time to Collision": 11.509002447128296,
    "Speed at Collision": 17.39531732817338,
    "Intensity": 775.3136710402042
  },
  {
    "Scenario Name": "ParkingCrossingPedestrian_234",
    "Scenario Description": "The ego vehicle is passing through a road, And encounters a cyclist/pedestrian crossing the road.",
    "Map": "Map(name=Carla/Maps/Town04)",
    "Adversary Distance": 151,
    "Adversary Speed": 2.0,
    "Collision": true,
    "Weather": "HardRainNoon",
    "Collision Type": "Actor(id=389, type=walker.pedestrian.0036)",
    "Time to Collision": 14.159001111984253,
    "Speed at Collision": 12.602072302605992,
    "Intensity": 490.44965071650654
  },
  {
    "Scenario Name": "ParkingCrossingPedestrian_235",
    "Scenario Description": "The ego vehicle is passing through a road, And encounters a cyclist/pedestrian crossing the road.",
    "Map": "Map(name=Carla/Maps/Town04)",
    "Adversary Distance": 166,
    "Adversary Speed": 2.0,
    "Collision": true,
    "Weather": "ClearNoon",
    "Collision Type": "Actor(id=396, type=walker.pedestrian.0036)",
    "Time to Collision": 10.861030101776123,
    "Speed at Collision": 22.023989981469793,
    "Intensity": 1081.0261972976707
  },
  {
    "Scenario Name": "ParkingCrossingPedestrian_236",
    "Scenario Description": "The ego vehicle is passing through a road, And encounters a cyclist/pedestrian crossing the road.",
    "Map": "Map(name=Carla/Maps/Town04)",
    "Adversary Distance": 97,
    "Adversary Speed": 2.0,
    "Collision": true,
    "Weather": "HardRainNoon",
    "Collision Type": "Actor(id=403, type=walker.pedestrian.0036)",
    "Time to Collision": 7.63200044631958,
    "Speed at Collision": 23.891183883056314,
    "Intensity": 582.9373198653423
  },
  {
    "Scenario Name": "ParkingCrossingPedestrian_238",
    "Scenario Description": "The ego vehicle is passing through a road, And encounters a cyclist/pedestrian crossing the road.",
    "Map": "Map(name=Carla/Maps/Town04)",
    "Adversary Distance": 54,
    "Adversary Speed": 2.0,
    "Collision": true,
    "Weather": "HardRainNight",
    "Collision Type": "Actor(id=417, type=walker.pedestrian.0036)",
    "Time to Collision": 5.817999839782715,
    "Speed at Collision": 16.86771233358887,
    "Intensity": 309.51067604264097
  },
  {
    "Scenario Name": "ParkingCrossingPedestrian_240",
    "Scenario Description": "The ego vehicle is passing through a road, And encounters a cyclist/pedestrian crossing the road.",
    "Map": "Map(name=Carla/Maps/Town04)",
    "Adversary Distance": 144,
    "Adversary Speed": 2.0,
    "Collision": true,
    "Weather": "ClearNoon",
    "Collision Type": "Actor(id=431, type=walker.pedestrian.0036)",
    "Time to Collision": 9.841000318527222,
    "Speed at Collision": 22.26349252619509,
    "Intensity": 1150.04753789379
  },
  {
    "Scenario Name": "ParkingCrossingPedestrian_241",
    "Scenario Description": "The ego vehicle is passing through a road, And encounters a cyclist/pedestrian crossing the road.",
    "Map": "Map(name=Carla/Maps/Town04)",
    "Adversary Distance": 115,
    "Adversary Speed": 2.0,
    "Collision": true,
    "Weather": "ClearNight",
    "Collision Type": "Actor(id=438, type=walker.pedestrian.0036)",
    "Time to Collision": 10.946998834609985,
    "Speed at Collision": 13.114491903962577,
    "Intensity": 314.64434355584547
  },
  {
    "Scenario Name": "ParkingCrossingPedestrian_242",
    "Scenario Description": "The ego vehicle is passing through a road, And encounters a cyclist/pedestrian crossing the road.",
    "Map": "Map(name=Carla/Maps/Town04)",
    "Adversary Distance": 105,
    "Adversary Speed": 2.0,
    "Collision": true,
    "Weather": "HardRainNight",
    "Collision Type": "Actor(id=445, type=walker.pedestrian.0036)",
    "Time to Collision": 8.009998559951782,
    "Speed at Collision": 24.533065180508068,
    "Intensity": 1365.7717167509172
  },
  {
    "Scenario Name": "ParkingCrossingPedestrian_243",
    "Scenario Description": "The ego vehicle is passing through a road, And encounters a cyclist/pedestrian crossing the road.",
    "Map": "Map(name=Carla/Maps/Town04)",
    "Adversary Distance": 44,
    "Adversary Speed": 2.0,
    "Collision": true,
    "Weather": "ClearNight",
    "Collision Type": "Actor(id=452, type=walker.pedestrian.0036)",
    "Time to Collision": 8.024555206298828,
    "Speed at Collision": 7.9066586301018305,
    "Intensity": 165.93829764775674
  },
  {
    "Scenario Name": "ParkingCrossingPedestrian_244",
    "Scenario Description": "The ego vehicle is passing through a road, And encounters a cyclist/pedestrian crossing the road.",
    "Map": "Map(name=Carla/Maps/Town04)",
    "Adversary Distance": 60,
    "Adversary Speed": 2.0,
    "Collision": true,
    "Weather": "ClearNoon",
    "Collision Type": "Actor(id=459, type=walker.pedestrian.0036)",
    "Time to Collision": 6.006000757217407,
    "Speed at Collision": 19.922729775013195,
    "Intensity": 428.1635901546269
  },
  {
    "Scenario Name": "ParkingCrossingPedestrian_245",
    "Scenario Description": "The ego vehicle is passing through a road, And encounters a cyclist/pedestrian crossing the road.",
    "Map": "Map(name=Carla/Maps/Town04)",
    "Adversary Distance": 67,
    "Adversary Speed": 2.0,
    "Collision": true,
    "Weather": "HardRainNight",
    "Collision Type": "Actor(id=466, type=walker.pedestrian.0036)",
    "Time to Collision": 14.852999687194824,
    "Speed at Collision": 5.084500822833895,
    "Intensity": 181.16897857934626
  },
  {
    "Scenario Name": "ParkingCrossingPedestrian_246",
    "Scenario Description": "The ego vehicle is passing through a road, And encounters a cyclist/pedestrian crossing the road.",
    "Map": "Map(name=Carla/Maps/Town04)",
    "Adversary Distance": 171,
    "Adversary Speed": 2.0,
    "Collision": true,
    "Weather": "HardRainNoon",
    "Collision Type": "Actor(id=473, type=walker.pedestrian.0036)",
    "Time to Collision": 12.137001752853394,
    "Speed at Collision": 18.20587441729927,
    "Intensity": 825.224988957431
  },
  {
    "Scenario Name": "ParkingCrossingPedestrian_247",
    "Scenario Description": "The ego vehicle is passing through a road, And encounters a cyclist/pedestrian crossing the road.",
    "Map": "Map(name=Carla/Maps/Town04)",
    "Adversary Distance": 94,
    "Adversary Speed": 2.0,
    "Collision": true,
    "Weather": "HardRainNight",
    "Collision Type": "Actor(id=480, type=walker.pedestrian.0036)",
    "Time to Collision": 7.8150012493133545,
    "Speed at Collision": 19.24954178999114,
    "Intensity": 1000.4926782391638
  },
  {
    "Scenario Name": "ParkingCrossingPedestrian_248",
    "Scenario Description": "The ego vehicle is passing through a road, And encounters a cyclist/pedestrian crossing the road.",
    "Map": "Map(name=Carla/Maps/Town04)",
    "Adversary Distance": 152,
    "Adversary Speed": 2.0,
    "Collision": true,
    "Weather": "HardRainNight",
    "Collision Type": "Actor(id=487, type=walker.pedestrian.0036)",
    "Time to Collision": 12.368999719619751,
    "Speed at Collision": 15.287891588526797,
    "Intensity": 667.6320155039878
  },
  {
    "Scenario Name": "ParkingCrossingPedestrian_249",
    "Scenario Description": "The ego vehicle is passing through a road, And encounters a cyclist/pedestrian crossing the road.",
    "Map": "Map(name=Carla/Maps/Town04)",
    "Adversary Distance": 42,
    "Adversary Speed": 2.0,
    "Collision": true,
    "Weather": "HardRainNight",
    "Collision Type": "Actor(id=494, type=walker.pedestrian.0036)",
    "Time to Collision": 5.189895868301392,
    "Speed at Collision": 18.22064960043421,
    "Intensity": 307.8434784615598
  },
  {
    "Scenario Name": "ParkingCrossingPedestrian_250",
    "Scenario Description": "The ego vehicle is passing through a road, And encounters a cyclist/pedestrian crossing the road.",
    "Map": "Map(name=Carla/Maps/Town04)",
    "Adversary Distance": 75,
    "Adversary Speed": 2.0,
    "Collision": true,
    "Weather": "ClearNoon",
    "Collision Type": "Actor(id=501, type=walker.pedestrian.0036)",
    "Time to Collision": 8.578524112701416,
    "Speed at Collision": 11.534071842685309,
    "Intensity": 402.9104300702905
  },
  {
    "Scenario Name": "ParkingCrossingPedestrian_251",
    "Scenario Description": "The ego vehicle is passing through a road, And encounters a cyclist/pedestrian crossing the road.",
    "Map": "Map(name=Carla/Maps/Town04)",
    "Adversary Distance": 157,
    "Adversary Speed": 2.0,
    "Collision": true,
    "Weather": "ClearNoon",
    "Collision Type": "Actor(id=508, type=walker.pedestrian.0036)",
    "Time to Collision": 13.018001317977905,
    "Speed at Collision": 14.708323531809555,
    "Intensity": 630.1144544426141
  },
  {
    "Scenario Name": "ParkingCrossingPedestrian_252",
    "Scenario Description": "The ego vehicle is passing through a road, And encounters a cyclist/pedestrian crossing the road.",
    "Map": "Map(name=Carla/Maps/Town04)",
    "Adversary Distance": 139,
    "Adversary Speed": 2.0,
    "Collision": true,
    "Weather": "HardRainNight",
    "Collision Type": "Actor(id=515, type=walker.pedestrian.0036)",
    "Time to Collision": 9.570001125335693,
    "Speed at Collision": 22.529105788717914,
    "Intensity": 1048.168538648599
  },
  {
    "Scenario Name": "ParkingCrossingPedestrian_254",
    "Scenario Description": "The ego vehicle is passing through a road, And encounters a cyclist/pedestrian crossing the road.",
    "Map": "Map(name=Carla/Maps/Town04)",
    "Adversary Distance": 32,
    "Adversary Speed": 2.0,
    "Collision": true,
    "Weather": "HardRainNight",
    "Collision Type": "Actor(id=529, type=walker.pedestrian.0036)",
    "Time to Collision": 7.049313545227051,
    "Speed at Collision": 6.671399312759039,
    "Intensity": 65.18162519341429
  },
  {
    "Scenario Name": "ParkingCrossingPedestrian_255",
    "Scenario Description": "The ego vehicle is passing through a road, And encounters a cyclist/pedestrian crossing the road.",
    "Map": "Map(name=Carla/Maps/Town04)",
    "Adversary Distance": 41,
    "Adversary Speed": 2.0,
    "Collision": true,
    "Weather": "ClearNoon",
    "Collision Type": "Actor(id=536, type=walker.pedestrian.0036)",
    "Time to Collision": 5.037035942077637,
    "Speed at Collision": 18.047752460305453,
    "Intensity": 711.5753520850955
  },
  {
    "Scenario Name": "ParkingCrossingPedestrian_256",
    "Scenario Description": "The ego vehicle is passing through a road, And encounters a cyclist/pedestrian crossing the road.",
    "Map": "Map(name=Carla/Maps/Town04)",
    "Adversary Distance": 77,
    "Adversary Speed": 2.0,
    "Collision": true,
    "Weather": "HardRainNoon",
    "Collision Type": "Actor(id=543, type=walker.pedestrian.0036)",
    "Time to Collision": 10.313000679016113,
    "Speed at Collision": 9.4240309750748,
    "Intensity": 177.91183438034645
  },
  {
    "Scenario Name": "ParkingCrossingPedestrian_257",
    "Scenario Description": "The ego vehicle is passing through a road, And encounters a cyclist/pedestrian crossing the road.",
    "Map": "Map(name=Carla/Maps/Town04)",
    "Adversary Distance": 31,
    "Adversary Speed": 2.0,
    "Collision": true,
    "Weather": "ClearNight",
    "Collision Type": "Actor(id=550, type=walker.pedestrian.0036)",
    "Time to Collision": 7.251050710678101,
    "Speed at Collision": 5.643220471242776,
    "Intensity": 121.5061178674206
  },
  {
    "Scenario Name": "ParkingCrossingPedestrian_258",
    "Scenario Description": "The ego vehicle is passing through a road, And encounters a cyclist/pedestrian crossing the road.",
    "Map": "Map(name=Carla/Maps/Town04)",
    "Adversary Distance": 91,
    "Adversary Speed": 2.0,
    "Collision": true,
    "Weather": "HardRainNight",
    "Collision Type": "Actor(id=557, type=walker.pedestrian.0036)",
    "Time to Collision": 8.309997320175171,
    "Speed at Collision": 15.802619794343833,
    "Intensity": 647.0574635249416
  },
  {
    "Scenario Name": "ParkingCrossingPedestrian_259",
    "Scenario Description": "The ego vehicle is passing through a road, And encounters a cyclist/pedestrian crossing the road.",
    "Map": "Map(name=Carla/Maps/Town04)",
    "Adversary Distance": 86,
    "Adversary Speed": 2.0,
    "Collision": true,
    "Weather": "ClearNoon",
    "Collision Type": "Actor(id=564, type=walker.pedestrian.0036)",
    "Time to Collision": 7.318036794662476,
    "Speed at Collision": 20.16275599904635,
    "Intensity": 622.7794902125853
  },
  {
    "Scenario Name": "ParkingCrossingPedestrian_260",
    "Scenario Description": "The ego vehicle is passing through a road, And encounters a cyclist/pedestrian crossing the road.",
    "Map": "Map(name=Carla/Maps/Town04)",
    "Adversary Distance": 65,
    "Adversary Speed": 2.0,
    "Collision": true,
    "Weather": "ClearNight",
    "Collision Type": "Actor(id=571, type=walker.pedestrian.0036)",
    "Time to Collision": 11.908143281936646,
    "Speed at Collision": 6.023603566866732,
    "Intensity": 182.240665344342
  },
  {
    "Scenario Name": "ParkingCrossingPedestrian_262",
    "Scenario Description": "The ego vehicle is passing through a road, And encounters a cyclist/pedestrian crossing the road.",
    "Map": "Map(name=Carla/Maps/Town04)",
    "Adversary Distance": 150,
    "Adversary Speed": 2.0,
    "Collision": true,
    "Weather": "ClearNight",
    "Collision Type": "Actor(id=585, type=walker.pedestrian.0036)",
    "Time to Collision": 12.417068004608154,
    "Speed at Collision": 15.018939061485272,
    "Intensity": 643.2325263693947
  },
  {
    "Scenario Name": "ParkingCrossingPedestrian_263",
    "Scenario Description": "The ego vehicle is passing through a road, And encounters a cyclist/pedestrian crossing the road.",
    "Map": "Map(name=Carla/Maps/Town04)",
    "Adversary Distance": 39,
    "Adversary Speed": 2.0,
    "Collision": true,
    "Weather": "HardRainNoon",
    "Collision Type": "Actor(id=592, type=walker.pedestrian.0036)",
    "Time to Collision": 4.967003583908081,
    "Speed at Collision": 17.624090444934758,
    "Intensity": 292.1980564805695
  },
  {
    "Scenario Name": "ParkingCrossingPedestrian_264",
    "Scenario Description": "The ego vehicle is passing through a road, And encounters a cyclist/pedestrian crossing the road.",
    "Map": "Map(name=Carla/Maps/Town04)",
    "Adversary Distance": 172,
    "Adversary Speed": 2.0,
    "Collision": true,
    "Weather": "ClearNoon",
    "Collision Type": "Actor(id=599, type=walker.pedestrian.0036)",
    "Time to Collision": 10.73900055885315,
    "Speed at Collision": 24.716438106328745,
    "Intensity": 1274.068371129823
  },
  {
    "Scenario Name": "ParkingCrossingPedestrian_265",
    "Scenario Description": "The ego vehicle is passing through a road, And encounters a cyclist/pedestrian crossing the road.",
    "Map": "Map(name=Carla/Maps/Town04)",
    "Adversary Distance": 84,
    "Adversary Speed": 2.0,
    "Collision": true,
    "Weather": "ClearNight",
    "Collision Type": "Actor(id=606, type=walker.pedestrian.0036)",
    "Time to Collision": 7.105036020278931,
    "Speed at Collision": 22.775022455894657,
    "Intensity": 373.60885655365007
  },
  {
    "Scenario Name": "ParkingCrossingPedestrian_268",
    "Scenario Description": "The ego vehicle is passing through a road, And encounters a cyclist/pedestrian crossing the road.",
    "Map": "Map(name=Carla/Maps/Town04)",
    "Adversary Distance": 33,
    "Adversary Speed": 2.0,
    "Collision": true,
    "Weather": "ClearNight",
    "Collision Type": "Actor(id=627, type=walker.pedestrian.0036)",
    "Time to Collision": 5.25700306892395,
    "Speed at Collision": 9.600901512979735,
    "Intensity": 231.4618878572664
  },
  {
    "Scenario Name": "ParkingCrossingPedestrian_269",
    "Scenario Description": "The ego vehicle is passing through a road, And encounters a cyclist/pedestrian crossing the road.",
    "Map": "Map(name=Carla/Maps/Town04)",
    "Adversary Distance": 100,
    "Adversary Speed": 2.0,
    "Collision": true,
    "Weather": "HardRainNight",
    "Collision Type": "Actor(id=634, type=walker.pedestrian.0036)",
    "Time to Collision": 7.867548227310181,
    "Speed at Collision": 22.817366523592618,
    "Intensity": 1364.2796839249156
  },
  {
    "Scenario Name": "ParkingCrossingPedestrian_270",
    "Scenario Description": "The ego vehicle is passing through a road, And encounters a cyclist/pedestrian crossing the road.",
    "Map": "Map(name=Carla/Maps/Town04)",
    "Adversary Distance": 168,
    "Adversary Speed": 2.0,
    "Collision": true,
    "Weather": "HardRainNight",
    "Collision Type": "Actor(id=641, type=walker.pedestrian.0036)",
    "Time to Collision": 11.21799898147583,
    "Speed at Collision": 20.67810445329298,
    "Intensity": 1006.4233422456374
  },
  {
    "Scenario Name": "ParkingCrossingPedestrian_273",
    "Scenario Description": "The ego vehicle is passing through a road, And encounters a cyclist/pedestrian crossing the road.",
    "Map": "Map(name=Carla/Maps/Town04)",
    "Adversary Distance": 114,
    "Adversary Speed": 2.0,
    "Collision": true,
    "Weather": "ClearNoon",
    "Collision Type": "Actor(id=662, type=walker.pedestrian.0036)",
    "Time to Collision": 8.82099986076355,
    "Speed at Collision": 19.256428120275466,
    "Intensity": 910.045547289642
  },
  {
    "Scenario Name": "ParkingCrossingPedestrian_274",
    "Scenario Description": "The ego vehicle is passing through a road, And encounters a cyclist/pedestrian crossing the road.",
    "Map": "Map(name=Carla/Maps/Town04)",
    "Adversary Distance": 126,
    "Adversary Speed": 2.0,
    "Collision": true,
    "Weather": "ClearNoon",
    "Collision Type": "Actor(id=669, type=walker.pedestrian.0036)",
    "Time to Collision": 8.971001148223877,
    "Speed at Collision": 23.34847782828777,
    "Intensity": 1452.1509392100224
  },
  {
    "Scenario Name": "ParkingCrossingPedestrian_275",
    "Scenario Description": "The ego vehicle is passing through a road, And encounters a cyclist/pedestrian crossing the road.",
    "Map": "Map(name=Carla/Maps/Town04)",
    "Adversary Distance": 95,
    "Adversary Speed": 2.0,
    "Collision": true,
    "Weather": "ClearNight",
    "Collision Type": "Actor(id=676, type=walker.pedestrian.0036)",
    "Time to Collision": 8.873043298721313,
    "Speed at Collision": 14.431103538031817,
    "Intensity": 348.97627887432753
  },
  {
    "Scenario Name": "ParkingCrossingPedestrian_276",
    "Scenario Description": "The ego vehicle is passing through a road, And encounters a cyclist/pedestrian crossing the road.",
    "Map": "Map(name=Carla/Maps/Town04)",
    "Adversary Distance": 81,
    "Adversary Speed": 2.0,
    "Collision": true,
    "Weather": "ClearNight",
    "Collision Type": "Actor(id=683, type=walker.pedestrian.0036)",
    "Time to Collision": 9.365000247955322,
    "Speed at Collision": 10.993932734355507,
    "Intensity": 387.9153885433142
  },
  {
    "Scenario Name": "ParkingCrossingPedestrian_278",
    "Scenario Description": "The ego vehicle is passing through a road, And encounters a cyclist/pedestrian crossing the road.",
    "Map": "Map(name=Carla/Maps/Town04)",
    "Adversary Distance": 124,
    "Adversary Speed": 2.0,
    "Collision": true,
    "Weather": "HardRainNight",
    "Collision Type": "Actor(id=697, type=walker.pedestrian.0036)",
    "Time to Collision": 8.803998947143555,
    "Speed at Collision": 26.131648883168513,
    "Intensity": 1563.605915844447
  },
  {
    "Scenario Name": "ParkingCrossingPedestrian_279",
    "Scenario Description": "The ego vehicle is passing through a road, And encounters a cyclist/pedestrian crossing the road.",
    "Map": "Map(name=Carla/Maps/Town04)",
    "Adversary Distance": 145,
    "Adversary Speed": 2.0,
    "Collision": true,
    "Weather": "HardRainNoon",
    "Collision Type": "Actor(id=704, type=walker.pedestrian.0036)",
    "Time to Collision": 11.736000537872314,
    "Speed at Collision": 15.80928055354541,
    "Intensity": 949.9874021245506
  },
  {
    "Scenario Name": "ParkingCrossingPedestrian_281",
    "Scenario Description": "The ego vehicle is passing through a road, And encounters a cyclist/pedestrian crossing the road.",
    "Map": "Map(name=Carla/Maps/Town04)",
    "Adversary Distance": 78,
    "Adversary Speed": 2.0,
    "Collision": true,
    "Weather": "ClearNight",
    "Collision Type": "Actor(id=718, type=walker.pedestrian.0036)",
    "Time to Collision": 13.93700647354126,
    "Speed at Collision": 6.003911853900115,
    "Intensity": 170.60128367369936
  },
  {
    "Scenario Name": "ParkingCrossingPedestrian_282",
    "Scenario Description": "The ego vehicle is passing through a road, And encounters a cyclist/pedestrian crossing the road.",
    "Map": "Map(name=Carla/Maps/Town04)",
    "Adversary Distance": 118,
    "Adversary Speed": 2.0,
    "Collision": true,
    "Weather": "ClearNight",
    "Collision Type": "Actor(id=725, type=walker.pedestrian.0036)",
    "Time to Collision": 8.585999011993408,
    "Speed at Collision": 23.32600182261811,
    "Intensity": 788.8430800128806
  },
  {
    "Scenario Name": "ParkingCrossingPedestrian_283",
    "Scenario Description": "The ego vehicle is passing through a road, And encounters a cyclist/pedestrian crossing the road.",
    "Map": "Map(name=Carla/Maps/Town04)",
    "Adversary Distance": 178,
    "Adversary Speed": 2.0,
    "Collision": true,
    "Weather": "ClearNoon",
    "Collision Type": "Actor(id=732, type=walker.pedestrian.0036)",
    "Time to Collision": 13.177998781204224,
    "Speed at Collision": 16.860258457202335,
    "Intensity": 738.5803457604487
  },
  {
    "Scenario Name": "ParkingCrossingPedestrian_284",
    "Scenario Description": "The ego vehicle is passing through a road, And encounters a cyclist/pedestrian crossing the road.",
    "Map": "Map(name=Carla/Maps/Town04)",
    "Adversary Distance": 154,
    "Adversary Speed": 2.0,
    "Collision": true,
    "Weather": "HardRainNight",
    "Collision Type": "Actor(id=739, type=walker.pedestrian.0036)",
    "Time to Collision": 10.116511821746826,
    "Speed at Collision": 23.619441015798454,
    "Intensity": 1366.030285744321
  },
  {
    "Scenario Name": "ParkingCrossingPedestrian_285",
    "Scenario Description": "The ego vehicle is passing through a road, And encounters a cyclist/pedestrian crossing the road.",
    "Map": "Map(name=Carla/Maps/Town04)",
    "Adversary Distance": 30,
    "Adversary Speed": 2.0,
    "Collision": true,
    "Weather": "HardRainNoon",
    "Collision Type": "Actor(id=746, type=walker.pedestrian.0036)",
    "Time to Collision": 5.058011770248413,
    "Speed at Collision": 9.345885631427825,
    "Intensity": 254.88422598223656
  },
  {
    "Scenario Name": "ParkingCrossingPedestrian_286",
    "Scenario Description": "The ego vehicle is passing through a road, And encounters a cyclist/pedestrian crossing the road.",
    "Map": "Map(name=Carla/Maps/Town04)",
    "Adversary Distance": 55,
    "Adversary Speed": 2.0,
    "Collision": true,
    "Weather": "ClearNight",
    "Collision Type": "Actor(id=753, type=walker.pedestrian.0036)",
    "Time to Collision": 7.455999374389648,
    "Speed at Collision": 9.867583014340125,
    "Intensity": 289.0241340749374
  },
  {
    "Scenario Name": "ParkingCrossingPedestrian_287",
    "Scenario Description": "The ego vehicle is passing through a road, And encounters a cyclist/pedestrian crossing the road.",
    "Map": "Map(name=Carla/Maps/Town04)",
    "Adversary Distance": 48,
    "Adversary Speed": 2.0,
    "Collision": true,
    "Weather": "HardRainNight",
    "Collision Type": "Actor(id=760, type=walker.pedestrian.0036)",
    "Time to Collision": 9.387956857681274,
    "Speed at Collision": 6.452644289489927,
    "Intensity": 332.2736418400654
  },
  {
    "Scenario Name": "ParkingCrossingPedestrian_288",
    "Scenario Description": "The ego vehicle is passing through a road, And encounters a cyclist/pedestrian crossing the road.",
    "Map": "Map(name=Carla/Maps/Town04)",
    "Adversary Distance": 119,
    "Adversary Speed": 2.0,
    "Collision": true,
    "Weather": "ClearNight",
    "Collision Type": "Actor(id=767, type=walker.pedestrian.0036)",
    "Time to Collision": 10.574106454849243,
    "Speed at Collision": 14.431499077726166,
    "Intensity": 590.6909569201694
  },
  {
    "Scenario Name": "ParkingCrossingPedestrian_291",
    "Scenario Description": "The ego vehicle is passing through a road, And encounters a cyclist/pedestrian crossing the road.",
    "Map": "Map(name=Carla/Maps/Town04)",
    "Adversary Distance": 32,
    "Adversary Speed": 2.0,
    "Collision": true,
    "Weather": "HardRainNight",
    "Collision Type": "Actor(id=788, type=walker.pedestrian.0036)",
    "Time to Collision": 4.892033338546753,
    "Speed at Collision": 10.991575056606308,
    "Intensity": 377.9804600846269
  },
  {
    "Scenario Name": "ParkingCrossingPedestrian_293",
    "Scenario Description": "The ego vehicle is passing through a road, And encounters a cyclist/pedestrian crossing the road.",
    "Map": "Map(name=Carla/Maps/Town04)",
    "Adversary Distance": 166,
    "Adversary Speed": 2.0,
    "Collision": true,
    "Weather": "HardRainNight",
    "Collision Type": "Actor(id=802, type=walker.pedestrian.0036)",
    "Time to Collision": 10.488001346588135,
    "Speed at Collision": 24.711327420632582,
    "Intensity": 1441.0022433041543
  },
  {
    "Scenario Name": "ParkingCrossingPedestrian_294",
    "Scenario Description": "The ego vehicle is passing through a road, And encounters a cyclist/pedestrian crossing the road.",
    "Map": "Map(name=Carla/Maps/Town04)",
    "Adversary Distance": 97,
    "Adversary Speed": 2.0,
    "Collision": true,
    "Weather": "HardRainNight",
    "Collision Type": "Actor(id=809, type=walker.pedestrian.0036)",
    "Time to Collision": 7.6920952796936035,
    "Speed at Collision": 23.864603468155366,
    "Intensity": 1009.362280120252
  },
  {
    "Scenario Name": "ParkingCrossingPedestrian_295",
    "Scenario Description": "The ego vehicle is passing through a road, And encounters a cyclist/pedestrian crossing the road.",
    "Map": "Map(name=Carla/Maps/Town04)",
    "Adversary Distance": 101,
    "Adversary Speed": 2.0,
    "Collision": true,
    "Weather": "ClearNight",
    "Collision Type": "Actor(id=816, type=walker.pedestrian.0036)",
    "Time to Collision": 12.38599944114685,
    "Speed at Collision": 9.62537897140596,
    "Intensity": 280.3743966626884
  },
  {
    "Scenario Name": "ParkingCrossingPedestrian_296",
    "Scenario Description": "The ego vehicle is passing through a road, And encounters a cyclist/pedestrian crossing the road.",
    "Map": "Map(name=Carla/Maps/Town04)",
    "Adversary Distance": 132,
    "Adversary Speed": 2.0,
    "Collision": true,
    "Weather": "HardRainNight",
    "Collision Type": "Actor(id=823, type=walker.pedestrian.0036)",
    "Time to Collision": 13.74819302558899,
    "Speed at Collision": 11.264125874179129,
    "Intensity": 275.338580862463
  },
  {
    "Scenario Name": "ParkingCrossingPedestrian_298",
    "Scenario Description": "The ego vehicle is passing through a road, And encounters a cyclist/pedestrian crossing the road.",
    "Map": "Map(name=Carla/Maps/Town04)",
    "Adversary Distance": 69,
    "Adversary Speed": 2.0,
    "Collision": true,
    "Weather": "ClearNoon",
    "Collision Type": "Actor(id=837, type=walker.pedestrian.0036)",
    "Time to Collision": 7.239660978317261,
    "Speed at Collision": 14.148700153932836,
    "Intensity": 557.0299507131118
  }
]