[
  {
    "Scenario Name": "ParkingCrossingPedestrian_401",
    "Scenario Description": "The ego vehicle is passing through a road, And encounters a cyclist/pedestrian crossing the road.",
    "Map": "Map(name=Carla/Maps/Town04)",
    "Adversary Distance": 168,
    "Adversary Speed": 2.0,
    "Collision": false,
    "Weather": "HardRainNoon"
  },
  {
    "Scenario Name": "ParkingCrossingPedestrian_402",
    "Scenario Description": "The ego vehicle is passing through a road, And encounters a cyclist/pedestrian crossing the road.",
    "Map": "Map(name=Carla/Maps/Town04)",
    "Adversary Distance": 148,
    "Adversary Speed": 2.0,
    "Collision": false,
    "Weather": "ClearNight"
  },
  {
    "Scenario Name": "ParkingCrossingPedestrian_409",
    "Scenario Description": "The ego vehicle is passing through a road, And encounters a cyclist/pedestrian crossing the road.",
    "Map": "Map(name=Carla/Maps/Town04)",
    "Adversary Distance": 177,
    "Adversary Speed": 2.0,
    "Collision": false,
    "Weather": "HardRainNight"
  },
  {
    "Scenario Name": "ParkingCrossingPedestrian_411",
    "Scenario Description": "The ego vehicle is passing through a road, And encounters a cyclist/pedestrian crossing the road.",
    "Map": "Map(name=Carla/Maps/Town04)",
    "Adversary Distance": 140,
    "Adversary Speed": 2.0,
    "Collision": false,
    "Weather": "HardRainNight"
  },
  {
    "Scenario Name": "ParkingCrossingPedestrian_414",
    "Scenario Description": "The ego vehicle is passing through a road, And encounters a cyclist/pedestrian crossing the road.",
    "Map": "Map(name=Carla/Maps/Town04)",
    "Adversary Distance": 139,
    "Adversary Speed": 2.0,
    "Collision": false,
    "Weather": "ClearNight"
  },
  {
    "Scenario Name": "ParkingCrossingPedestrian_416",
    "Scenario Description": "The ego vehicle is passing through a road, And encounters a cyclist/pedestrian crossing the road.",
    "Map": "Map(name=Carla/Maps/Town04)",
    "Adversary Distance": 178,
    "Adversary Speed": 2.0,
    "Collision": false,
    "Weather": "ClearNight"
  },
  {
    "Scenario Name": "ParkingCrossingPedestrian_424",
    "Scenario Description": "The ego vehicle is passing through a road, And encounters a cyclist/pedestrian crossing the road.",
    "Map": "Map(name=Carla/Maps/Town04)",
    "Adversary Distance": 96,
    "Adversary Speed": 2.0,
    "Collision": false,
    "Weather": "ClearNoon"
  },
  {
    "Scenario Name": "ParkingCrossingPedestrian_426",
    "Scenario Description": "The ego vehicle is passing through a road, And encounters a cyclist/pedestrian crossing the road.",
    "Map": "Map(name=Carla/Maps/Town04)",
    "Adversary Distance": 147,
    "Adversary Speed": 2.0,
    "Collision": false,
    "Weather": "ClearNoon"
  },
  {
    "Scenario Name": "ParkingCrossingPedestrian_432",
    "Scenario Description": "The ego vehicle is passing through a road, And encounters a cyclist/pedestrian crossing the road.",
    "Map": "Map(name=Carla/Maps/Town04)",
    "Adversary Distance": 152,
    "Adversary Speed": 2.0,
    "Collision": false,
    "Weather": "ClearNoon"
  },
  {
    "Scenario Name": "ParkingCrossingPedestrian_436",
    "Scenario Description": "The ego vehicle is passing through a road, And encounters a cyclist/pedestrian crossing the road.",
    "Map": "Map(name=Carla/Maps/Town04)",
    "Adversary Distance": 177,
    "Adversary Speed": 2.0,
    "Collision": false,
    "Weather": "HardRainNoon"
  },
  {
    "Scenario Name": "ParkingCrossingPedestrian_437",
    "Scenario Description": "The ego vehicle is passing through a road, And encounters a cyclist/pedestrian crossing the road.",
    "Map": "Map(name=Carla/Maps/Town04)",
    "Adversary Distance": 115,
    "Adversary Speed": 2.0,
    "Collision": false,
    "Weather": "HardRainNight"
  },
  {
    "Scenario Name": "ParkingCrossingPedestrian_439",
    "Scenario Description": "The ego vehicle is passing through a road, And encounters a cyclist/pedestrian crossing the road.",
    "Map": "Map(name=Carla/Maps/Town04)",
    "Adversary Distance": 98,
    "Adversary Speed": 2.0,
    "Collision": false,
    "Weather": "ClearNoon"
  },
  {
    "Scenario Name": "ParkingCrossingPedestrian_440",
    "Scenario Description": "The ego vehicle is passing through a road, And encounters a cyclist/pedestrian crossing the road.",
    "Map": "Map(name=Carla/Maps/Town04)",
    "Adversary Distance": 164,
    "Adversary Speed": 2.0,
    "Collision": false,
    "Weather": "ClearNight"
  },
  {
    "Scenario Name": "ParkingCrossingPedestrian_443",
    "Scenario Description": "The ego vehicle is passing through a road, And encounters a cyclist/pedestrian crossing the road.",
    "Map": "Map(name=Carla/Maps/Town04)",
    "Adversary Distance": 124,
    "Adversary Speed": 2.0,
    "Collision": false,
    "Weather": "ClearNight"
  },
  {
    "Scenario Name": "ParkingCrossingPedestrian_446",
    "Scenario Description": "The ego vehicle is passing through a road, And encounters a cyclist/pedestrian crossing the road.",
    "Map": "Map(name=Carla/Maps/Town04)",
    "Adversary Distance": 120,
    "Adversary Speed": 2.0,
    "Collision": false,
    "Weather": "HardRainNoon"
  },
  {
    "Scenario Name": "ParkingCrossingPedestrian_449",
    "Scenario Description": "The ego vehicle is passing through a road, And encounters a cyclist/pedestrian crossing the road.",
    "Map": "Map(name=Carla/Maps/Town04)",
    "Adversary Distance": 179,
    "Adversary Speed": 2.0,
    "Collision": false,
    "Weather": "HardRainNight"
  },
  {
    "Scenario Name": "ParkingCrossingPedestrian_451",
    "Scenario Description": "The ego vehicle is passing through a road, And encounters a cyclist/pedestrian crossing the road.",
    "Map": "Map(name=Carla/Maps/Town04)",
    "Adversary Distance": 155,
    "Adversary Speed": 2.0,
    "Collision": false,
    "Weather": "HardRainNoon"
  },
  {
    "Scenario Name": "ParkingCrossingPedestrian_455",
    "Scenario Description": "The ego vehicle is passing through a road, And encounters a cyclist/pedestrian crossing the road.",
    "Map": "Map(name=Carla/Maps/Town04)",
    "Adversary Distance": 163,
    "Adversary Speed": 2.0,
    "Collision": false,
    "Weather": "HardRainNight"
  },
  {
    "Scenario Name": "ParkingCrossingPedestrian_458",
    "Scenario Description": "The ego vehicle is passing through a road, And encounters a cyclist/pedestrian crossing the road.",
    "Map": "Map(name=Carla/Maps/Town04)",
    "Adversary Distance": 176,
    "Adversary Speed": 2.0,
    "Collision": false,
    "Weather": "HardRainNight"
  },
  {
    "Scenario Name": "ParkingCrossingPedestrian_466",
    "Scenario Description": "The ego vehicle is passing through a road, And encounters a cyclist/pedestrian crossing the road.",
    "Map": "Map(name=Carla/Maps/Town04)",
    "Adversary Distance": 121,
    "Adversary Speed": 2.0,
    "Collision": false,
    "Weather": "HardRainNoon"
  },
  {
    "Scenario Name": "ParkingCrossingPedestrian_471",
    "Scenario Description": "The ego vehicle is passing through a road, And encounters a cyclist/pedestrian crossing the road.",
    "Map": "Map(name=Carla/Maps/Town04)",
    "Adversary Distance": 68,
    "Adversary Speed": 2.0,
    "Collision": false,
    "Weather": "ClearNoon"
  },
  {
    "Scenario Name": "ParkingCrossingPedestrian_472",
    "Scenario Description": "The ego vehicle is passing through a road, And encounters a cyclist/pedestrian crossing the road.",
    "Map": "Map(name=Carla/Maps/Town04)",
    "Adversary Distance": 126,
    "Adversary Speed": 2.0,
    "Collision": false,
    "Weather": "ClearNight"
  },
  {
    "Scenario Name": "ParkingCrossingPedestrian_473",
    "Scenario Description": "The ego vehicle is passing through a road, And encounters a cyclist/pedestrian crossing the road.",
    "Map": "Map(name=Carla/Maps/Town04)",
    "Adversary Distance": 167,
    "Adversary Speed": 2.0,
    "Collision": false,
    "Weather": "ClearNight"
  },
  {
    "Scenario Name": "ParkingCrossingPedestrian_475",
    "Scenario Description": "The ego vehicle is passing through a road, And encounters a cyclist/pedestrian crossing the road.",
    "Map": "Map(name=Carla/Maps/Town04)",
    "Adversary Distance": 176,
    "Adversary Speed": 2.0,
    "Collision": false,
    "Weather": "ClearNight"
  },
  {
    "Scenario Name": "ParkingCrossingPedestrian_477",
    "Scenario Description": "The ego vehicle is passing through a road, And encounters a cyclist/pedestrian crossing the road.",
    "Map": "Map(name=Carla/Maps/Town04)",
    "Adversary Distance": 159,
    "Adversary Speed": 2.0,
    "Collision": false,
    "Weather": "ClearNoon"
  },
  {
    "Scenario Name": "ParkingCrossingPedestrian_493",
    "Scenario Description": "The ego vehicle is passing through a road, And encounters a cyclist/pedestrian crossing the road.",
    "Map": "Map(name=Carla/Maps/Town04)",
    "Adversary Distance": 87,
    "Adversary Speed": 2.0,
    "Collision": false,
    "Weather": "HardRainNight"
  }
]