[
  {
    "Scenario Name": "ParkingCrossingPedestrian_400",
    "Scenario Description": "The ego vehicle is passing through a road, And encounters a cyclist/pedestrian crossing the road.",
    "Map": "Map(name=Carla/Maps/Town04)",
    "Adversary Distance": 100,
    "Adversary Speed": 2.0,
    "Collision": true,
    "Weather": "ClearNoon",
    "Collision Type": "Actor(id=1551, type=walker.pedestrian.0036)",
    "Time to Collision": 7.832067012786865,
    "Speed at Collision": 24.125025471278324,
    "Intensity": 592.0537038621816
  },
  {
    "Scenario Name": "ParkingCrossingPedestrian_403",
    "Scenario Description": "The ego vehicle is passing through a road, And encounters a cyclist/pedestrian crossing the road.",
    "Map": "Map(name=Carla/Maps/Town04)",
    "Adversary Distance": 68,
    "Adversary Speed": 2.0,
    "Collision": true,
    "Weather": "HardRainNight",
    "Collision Type": "Actor(id=1572, type=walker.pedestrian.0036)",
    "Time to Collision": 9.271999835968018,
    "Speed at Collision": 9.808830448022146,
    "Intensity": 240.27789226433475
  },
  {
    "Scenario Name": "ParkingCrossingPedestrian_404",
    "Scenario Description": "The ego vehicle is passing through a road, And encounters a cyclist/pedestrian crossing the road.",
    "Map": "Map(name=Carla/Maps/Town04)",
    "Adversary Distance": 156,
    "Adversary Speed": 2.0,
    "Collision": true,
    "Weather": "HardRainNight",
    "Collision Type": "Actor(id=1579, type=walker.pedestrian.0036)",
    "Time to Collision": 10.878000497817993,
    "Speed at Collision": 20.127859381290794,
    "Intensity": 1178.6163830420107
  },
  {
    "Scenario Name": "ParkingCrossingPedestrian_405",
    "Scenario Description": "The ego vehicle is passing through a road, And encounters a cyclist/pedestrian crossing the road.",
    "Map": "Map(name=Carla/Maps/Town04)",
    "Adversary Distance": 110,
    "Adversary Speed": 2.0,
    "Collision": true,
    "Weather": "ClearNoon",
    "Collision Type": "Actor(id=1586, type=walker.pedestrian.0036)",
    "Time to Collision": 8.24299955368042,
    "Speed at Collision": 24.985028930928078,
    "Intensity": 634.6389170527472
  },
  {
    "Scenario Name": "ParkingCrossingPedestrian_406",
    "Scenario Description": "The ego vehicle is passing through a road, And encounters a cyclist/pedestrian crossing the road.",
    "Map": "Map(name=Carla/Maps/Town04)",
    "Adversary Distance": 58,
    "Adversary Speed": 2.0,
    "Collision": true,
    "Weather": "HardRainNight",
    "Collision Type": "Actor(id=1593, type=walker.pedestrian.0036)",
    "Time to Collision": 6.542001008987427,
    "Speed at Collision": 13.627778426951187,
    "Intensity": 327.83403110124533
  },
  {
    "Scenario Name": "ParkingCrossingPedestrian_407",
    "Scenario Description": "The ego vehicle is passing through a road, And encounters a cyclist/pedestrian crossing the road.",
    "Map": "Map(name=Carla/Maps/Town04)",
    "Adversary Distance": 151,
    "Adversary Speed": 2.0,
    "Collision": true,
    "Weather": "ClearNoon",
    "Collision Type": "Actor(id=1600, type=walker.pedestrian.0036)",
    "Time to Collision": 9.780033349990845,
    "Speed at Collision": 26.282040791204714,
    "Intensity": 889.7481131219691
  },
  {
    "Scenario Name": "ParkingCrossingPedestrian_408",
    "Scenario Description": "The ego vehicle is passing through a road, And encounters a cyclist/pedestrian crossing the road.",
    "Map": "Map(name=Carla/Maps/Town04)",
    "Adversary Distance": 78,
    "Adversary Speed": 2.0,
    "Collision": true,
    "Weather": "HardRainNoon",
    "Collision Type": "Actor(id=1607, type=walker.pedestrian.0036)",
    "Time to Collision": 7.141998767852783,
    "Speed at Collision": 18.459758512675275,
    "Intensity": 722.4025660903876
  },
  {
    "Scenario Name": "ParkingCrossingPedestrian_410",
    "Scenario Description": "The ego vehicle is passing through a road, And encounters a cyclist/pedestrian crossing the road.",
    "Map": "Map(name=Carla/Maps/Town04)",
    "Adversary Distance": 139,
    "Adversary Speed": 2.0,
    "Collision": true,
    "Weather": "ClearNight",
    "Collision Type": "Actor(id=1621, type=walker.pedestrian.0036)",
    "Time to Collision": 10.667087316513062,
    "Speed at Collision": 17.381322536744182,
    "Intensity": 792.7437489665898
  },
  {
    "Scenario Name": "ParkingCrossingPedestrian_412",
    "Scenario Description": "The ego vehicle is passing through a road, And encounters a cyclist/pedestrian crossing the road.",
    "Map": "Map(name=Carla/Maps/Town04)",
    "Adversary Distance": 164,
    "Adversary Speed": 2.0,
    "Collision": true,
    "Weather": "ClearNoon",
    "Collision Type": "Actor(id=1635, type=walker.pedestrian.0036)",
    "Time to Collision": 11.290002346038818,
    "Speed at Collision": 19.865842421075506,
    "Intensity": 475.33007820299133
  },
  {
    "Scenario Name": "ParkingCrossingPedestrian_413",
    "Scenario Description": "The ego vehicle is passing through a road, And encounters a cyclist/pedestrian crossing the road.",
    "Map": "Map(name=Carla/Maps/Town04)",
    "Adversary Distance": 110,
    "Adversary Speed": 2.0,
    "Collision": true,
    "Weather": "HardRainNoon",
    "Collision Type": "Actor(id=1642, type=walker.pedestrian.0036)",
    "Time to Collision": 11.082000255584717,
    "Speed at Collision": 12.323783792753025,
    "Intensity": 434.0497776271925
  },
  {
    "Scenario Name": "ParkingCrossingPedestrian_415",
    "Scenario Description": "The ego vehicle is passing through a road, And encounters a cyclist/pedestrian crossing the road.",
    "Map": "Map(name=Carla/Maps/Town04)",
    "Adversary Distance": 39,
    "Adversary Speed": 2.0,
    "Collision": true,
    "Weather": "HardRainNoon",
    "Collision Type": "Actor(id=1656, type=walker.pedestrian.0036)",
    "Time to Collision": 4.955066204071045,
    "Speed at Collision": 17.77626721511411,
    "Intensity": 724.2839794349162
  },
  {
    "Scenario Name": "ParkingCrossingPedestrian_417",
    "Scenario Description": "The ego vehicle is passing through a road, And encounters a cyclist/pedestrian crossing the road.",
    "Map": "Map(name=Carla/Maps/Town04)",
    "Adversary Distance": 45,
    "Adversary Speed": 2.0,
    "Collision": true,
    "Weather": "ClearNoon",
    "Collision Type": "Actor(id=1670, type=walker.pedestrian.0036)",
    "Time to Collision": 6.833000183105469,
    "Speed at Collision": 9.291199548738312,
    "Intensity": 381.52377252205144
  },
  {
    "Scenario Name": "ParkingCrossingPedestrian_418",
    "Scenario Description": "The ego vehicle is passing through a road, And encounters a cyclist/pedestrian crossing the road.",
    "Map": "Map(name=Carla/Maps/Town04)",
    "Adversary Distance": 161,
    "Adversary Speed": 2.0,
    "Collision": true,
    "Weather": "HardRainNight",
    "Collision Type": "Actor(id=1677, type=walker.pedestrian.0036)",
    "Time to Collision": 10.167011022567749,
    "Speed at Collision": 28.34827661991317,
    "Intensity": 1690.9108778849939
  },
  {
    "Scenario Name": "ParkingCrossingPedestrian_419",
    "Scenario Description": "The ego vehicle is passing through a road, And encounters a cyclist/pedestrian crossing the road.",
    "Map": "Map(name=Carla/Maps/Town04)",
    "Adversary Distance": 56,
    "Adversary Speed": 2.0,
    "Collision": true,
    "Weather": "ClearNoon",
    "Collision Type": "Actor(id=1684, type=walker.pedestrian.0036)",
    "Time to Collision": 5.874262809753418,
    "Speed at Collision": 20.076794750080218,
    "Intensity": 580.6125938428087
  },
  {
    "Scenario Name": "ParkingCrossingPedestrian_420",
    "Scenario Description": "The ego vehicle is passing through a road, And encounters a cyclist/pedestrian crossing the road.",
    "Map": "Map(name=Carla/Maps/Town04)",
    "Adversary Distance": 70,
    "Adversary Speed": 2.0,
    "Collision": true,
    "Weather": "ClearNight",
    "Collision Type": "Actor(id=1691, type=walker.pedestrian.0036)",
    "Time to Collision": 6.707997798919678,
    "Speed at Collision": 17.900475291134143,
    "Intensity": 618.2629282873729
  },
  {
    "Scenario Name": "ParkingCrossingPedestrian_421",
    "Scenario Description": "The ego vehicle is passing through a road, And encounters a cyclist/pedestrian crossing the road.",
    "Map": "Map(name=Carla/Maps/Town04)",
    "Adversary Distance": 45,
    "Adversary Speed": 2.0,
    "Collision": true,
    "Weather": "HardRainNight",
    "Collision Type": "Actor(id=1698, type=walker.pedestrian.0036)",
    "Time to Collision": 5.272000312805176,
    "Speed at Collision": 18.640328232147116,
    "Intensity": 318.9089287308488
  },
  {
    "Scenario Name": "ParkingCrossingPedestrian_422",
    "Scenario Description": "The ego vehicle is passing through a road, And encounters a cyclist/pedestrian crossing the road.",
    "Map": "Map(name=Carla/Maps/Town04)",
    "Adversary Distance": 64,
    "Adversary Speed": 2.0,
    "Collision": true,
    "Weather": "ClearNight",
    "Collision Type": "Actor(id=1705, type=walker.pedestrian.0036)",
    "Time to Collision": 6.253998279571533,
    "Speed at Collision": 20.918268266343645,
    "Intensity": 451.9060674416446
  },
  {
    "Scenario Name": "ParkingCrossingPedestrian_423",
    "Scenario Description": "The ego vehicle is passing through a road, And encounters a cyclist/pedestrian crossing the road.",
    "Map": "Map(name=Carla/Maps/Town04)",
    "Adversary Distance": 107,
    "Adversary Speed": 2.0,
    "Collision": true,
    "Weather": "HardRainNight",
    "Collision Type": "Actor(id=1712, type=walker.pedestrian.0036)",
    "Time to Collision": 8.62108063697815,
    "Speed at Collision": 18.714273477684788,
    "Intensity": 925.4896514883449
  },
  {
    "Scenario Name": "ParkingCrossingPedestrian_425",
    "Scenario Description": "The ego vehicle is passing through a road, And encounters a cyclist/pedestrian crossing the road.",
    "Map": "Map(name=Carla/Maps/Town04)",
    "Adversary Distance": 71,
    "Adversary Speed": 2.0,
    "Collision": true,
    "Weather": "ClearNight",
    "Collision Type": "Actor(id=1726, type=walker.pedestrian.0036)",
    "Time to Collision": 6.663525342941284,
    "Speed at Collision": 18.167479664398073,
    "Intensity": 616.0798172200955
  },
  {
    "Scenario Name": "ParkingCrossingPedestrian_427",
    "Scenario Description": "The ego vehicle is passing through a road, And encounters a cyclist/pedestrian crossing the road.",
    "Map": "Map(name=Carla/Maps/Town04)",
    "Adversary Distance": 175,
    "Adversary Speed": 2.0,
    "Collision": true,
    "Weather": "ClearNight",
    "Collision Type": "Actor(id=1740, type=walker.pedestrian.0036)",
    "Time to Collision": 12.446042537689209,
    "Speed at Collision": 18.205363177814064,
    "Intensity": 435.51277032762664
  },
  {
    "Scenario Name": "ParkingCrossingPedestrian_428",
    "Scenario Description": "The ego vehicle is passing through a road, And encounters a cyclist/pedestrian crossing the road.",
    "Map": "Map(name=Carla/Maps/Town04)",
    "Adversary Distance": 166,
    "Adversary Speed": 2.0,
    "Collision": true,
    "Weather": "HardRainNight",
    "Collision Type": "Actor(id=1747, type=walker.pedestrian.0036)",
    "Time to Collision": 13.48910403251648,
    "Speed at Collision": 15.035989250851902,
    "Intensity": 648.914034177932
  },
  {
    "Scenario Name": "ParkingCrossingPedestrian_429",
    "Scenario Description": "The ego vehicle is passing through a road, And encounters a cyclist/pedestrian crossing the road.",
    "Map": "Map(name=Carla/Maps/Town04)",
    "Adversary Distance": 78,
    "Adversary Speed": 2.0,
    "Collision": true,
    "Weather": "HardRainNoon",
    "Collision Type": "Actor(id=1754, type=walker.pedestrian.0036)",
    "Time to Collision": 9.96799921989441,
    "Speed at Collision": 9.439656284435673,
    "Intensity": 237.27854092326555
  },
  {
    "Scenario Name": "ParkingCrossingPedestrian_430",
    "Scenario Description": "The ego vehicle is passing through a road, And encounters a cyclist/pedestrian crossing the road.",
    "Map": "Map(name=Carla/Maps/Town04)",
    "Adversary Distance": 41,
    "Adversary Speed": 2.0,
    "Collision": true,
    "Weather": "HardRainNoon",
    "Collision Type": "Actor(id=1761, type=walker.pedestrian.0036)",
    "Time to Collision": 8.747517824172974,
    "Speed at Collision": 5.441044664074508,
    "Intensity": 119.65713839122839
  },
  {
    "Scenario Name": "ParkingCrossingPedestrian_431",
    "Scenario Description": "The ego vehicle is passing through a road, And encounters a cyclist/pedestrian crossing the road.",
    "Map": "Map(name=Carla/Maps/Town04)",
    "Adversary Distance": 49,
    "Adversary Speed": 2.0,
    "Collision": true,
    "Weather": "ClearNoon",
    "Collision Type": "Actor(id=1768, type=walker.pedestrian.0036)",
    "Time to Collision": 5.444002151489258,
    "Speed at Collision": 19.26885831203455,
    "Intensity": 625.8513540528635
  },
  {
    "Scenario Name": "ParkingCrossingPedestrian_433",
    "Scenario Description": "The ego vehicle is passing through a road, And encounters a cyclist/pedestrian crossing the road.",
    "Map": "Map(name=Carla/Maps/Town04)",
    "Adversary Distance": 70,
    "Adversary Speed": 2.0,
    "Collision": true,
    "Weather": "HardRainNoon",
    "Collision Type": "Actor(id=1782, type=walker.pedestrian.0036)",
    "Time to Collision": 8.885000705718994,
    "Speed at Collision": 10.037739961039788,
    "Intensity": 232.3341166517268
  },
  {
    "Scenario Name": "ParkingCrossingPedestrian_434",
    "Scenario Description": "The ego vehicle is passing through a road, And encounters a cyclist/pedestrian crossing the road.",
    "Map": "Map(name=Carla/Maps/Town04)",
    "Adversary Distance": 54,
    "Adversary Speed": 2.0,
    "Collision": true,
    "Weather": "HardRainNoon",
    "Collision Type": "Actor(id=1789, type=walker.pedestrian.0036)",
    "Time to Collision": 5.835998058319092,
    "Speed at Collision": 19.6766187213095,
    "Intensity": 726.810285591964
  },
  {
    "Scenario Name": "ParkingCrossingPedestrian_435",
    "Scenario Description": "The ego vehicle is passing through a road, And encounters a cyclist/pedestrian crossing the road.",
    "Map": "Map(name=Carla/Maps/Town04)",
    "Adversary Distance": 63,
    "Adversary Speed": 2.0,
    "Collision": true,
    "Weather": "HardRainNight",
    "Collision Type": "Actor(id=1796, type=walker.pedestrian.0036)",
    "Time to Collision": 6.2480010986328125,
    "Speed at Collision": 20.884067457182613,
    "Intensity": 449.15959606502173
  },
  {
    "Scenario Name": "ParkingCrossingPedestrian_438",
    "Scenario Description": "The ego vehicle is passing through a road, And encounters a cyclist/pedestrian crossing the road.",
    "Map": "Map(name=Carla/Maps/Town04)",
    "Adversary Distance": 53,
    "Adversary Speed": 2.0,
    "Collision": true,
    "Weather": "ClearNight",
    "Collision Type": "Actor(id=1817, type=walker.pedestrian.0036)",
    "Time to Collision": 10.203038692474365,
    "Speed at Collision": 7.405599637699138,
    "Intensity": 144.04235460808184
  },
  {
    "Scenario Name": "ParkingCrossingPedestrian_441",
    "Scenario Description": "The ego vehicle is passing through a road, And encounters a cyclist/pedestrian crossing the road.",
    "Map": "Map(name=Carla/Maps/Town04)",
    "Adversary Distance": 167,
    "Adversary Speed": 2.0,
    "Collision": true,
    "Weather": "HardRainNight",
    "Collision Type": "Actor(id=1838, type=walker.pedestrian.0036)",
    "Time to Collision": 10.332002878189087,
    "Speed at Collision": 29.11451247884071,
    "Intensity": 914.1039027040135
  },
  {
    "Scenario Name": "ParkingCrossingPedestrian_442",
    "Scenario Description": "The ego vehicle is passing through a road, And encounters a cyclist/pedestrian crossing the road.",
    "Map": "Map(name=Carla/Maps/Town04)",
    "Adversary Distance": 34,
    "Adversary Speed": 2.0,
    "Collision": true,
    "Weather": "HardRainNoon",
    "Collision Type": "Actor(id=1845, type=walker.pedestrian.0036)",
    "Time to Collision": 4.7099974155426025,
    "Speed at Collision": 16.83959425901782,
    "Intensity": 274.4925991845418
  },
  {
    "Scenario Name": "ParkingCrossingPedestrian_444",
    "Scenario Description": "The ego vehicle is passing through a road, And encounters a cyclist/pedestrian crossing the road.",
    "Map": "Map(name=Carla/Maps/Town04)",
    "Adversary Distance": 48,
    "Adversary Speed": 2.0,
    "Collision": true,
    "Weather": "ClearNight",
    "Collision Type": "Actor(id=1859, type=walker.pedestrian.0036)",
    "Time to Collision": 6.213002681732178,
    "Speed at Collision": 11.86071346871194,
    "Intensity": 498.15175902018575
  },
  {
    "Scenario Name": "ParkingCrossingPedestrian_445",
    "Scenario Description": "The ego vehicle is passing through a road, And encounters a cyclist/pedestrian crossing the road.",
    "Map": "Map(name=Carla/Maps/Town04)",
    "Adversary Distance": 177,
    "Adversary Speed": 2.0,
    "Collision": true,
    "Weather": "ClearNoon",
    "Collision Type": "Actor(id=1866, type=walker.pedestrian.0036)",
    "Time to Collision": 11.444032907485962,
    "Speed at Collision": 21.757205445329298,
    "Intensity": 509.7618880024912
  },
  {
    "Scenario Name": "ParkingCrossingPedestrian_447",
    "Scenario Description": "The ego vehicle is passing through a road, And encounters a cyclist/pedestrian crossing the road.",
    "Map": "Map(name=Carla/Maps/Town04)",
    "Adversary Distance": 147,
    "Adversary Speed": 2.0,
    "Collision": true,
    "Weather": "HardRainNoon",
    "Collision Type": "Actor(id=1880, type=walker.pedestrian.0036)",
    "Time to Collision": 9.874001026153564,
    "Speed at Collision": 23.34297878465877,
    "Intensity": 1242.4744271804016
  },
  {
    "Scenario Name": "ParkingCrossingPedestrian_448",
    "Scenario Description": "The ego vehicle is passing through a road, And encounters a cyclist/pedestrian crossing the road.",
    "Map": "Map(name=Carla/Maps/Town04)",
    "Adversary Distance": 159,
    "Adversary Speed": 2.0,
    "Collision": true,
    "Weather": "HardRainNoon",
    "Collision Type": "Actor(id=1887, type=walker.pedestrian.0036)",
    "Time to Collision": 10.064512491226196,
    "Speed at Collision": 28.52651328141829,
    "Intensity": 1711.1722828109419
  },
  {
    "Scenario Name": "ParkingCrossingPedestrian_450",
    "Scenario Description": "The ego vehicle is passing through a road, And encounters a cyclist/pedestrian crossing the road.",
    "Map": "Map(name=Carla/Maps/Town04)",
    "Adversary Distance": 174,
    "Adversary Speed": 2.0,
    "Collision": true,
    "Weather": "ClearNight",
    "Collision Type": "Actor(id=1901, type=walker.pedestrian.0036)",
    "Time to Collision": 10.579030752182007,
    "Speed at Collision": 29.533236188084146,
    "Intensity": 1753.5804046902804
  },
  {
    "Scenario Name": "ParkingCrossingPedestrian_452",
    "Scenario Description": "The ego vehicle is passing through a road, And encounters a cyclist/pedestrian crossing the road.",
    "Map": "Map(name=Carla/Maps/Town04)",
    "Adversary Distance": 132,
    "Adversary Speed": 2.0,
    "Collision": true,
    "Weather": "ClearNoon",
    "Collision Type": "Actor(id=1915, type=walker.pedestrian.0036)",
    "Time to Collision": 9.31399917602539,
    "Speed at Collision": 22.25780209126641,
    "Intensity": 1288.2235262626318
  },
  {
    "Scenario Name": "ParkingCrossingPedestrian_453",
    "Scenario Description": "The ego vehicle is passing through a road, And encounters a cyclist/pedestrian crossing the road.",
    "Map": "Map(name=Carla/Maps/Town04)",
    "Adversary Distance": 33,
    "Adversary Speed": 2.0,
    "Collision": true,
    "Weather": "HardRainNoon",
    "Collision Type": "Actor(id=1922, type=walker.pedestrian.0036)",
    "Time to Collision": 4.6229987144470215,
    "Speed at Collision": 16.722015326024295,
    "Intensity": 205.72237005192184
  },
  {
    "Scenario Name": "ParkingCrossingPedestrian_454",
    "Scenario Description": "The ego vehicle is passing through a road, And encounters a cyclist/pedestrian crossing the road.",
    "Map": "Map(name=Carla/Maps/Town04)",
    "Adversary Distance": 167,
    "Adversary Speed": 2.0,
    "Collision": true,
    "Weather": "HardRainNight",
    "Collision Type": "Actor(id=1929, type=walker.pedestrian.0036)",
    "Time to Collision": 11.766036987304688,
    "Speed at Collision": 19.020769822523125,
    "Intensity": 955.2537806567473
  },
  {
    "Scenario Name": "ParkingCrossingPedestrian_456",
    "Scenario Description": "The ego vehicle is passing through a road, And encounters a cyclist/pedestrian crossing the road.",
    "Map": "Map(name=Carla/Maps/Town04)",
    "Adversary Distance": 34,
    "Adversary Speed": 2.0,
    "Collision": true,
    "Weather": "ClearNight",
    "Collision Type": "Actor(id=1943, type=walker.pedestrian.0036)",
    "Time to Collision": 4.702003002166748,
    "Speed at Collision": 14.415798748846715,
    "Intensity": 246.32364455731752
  },
  {
    "Scenario Name": "ParkingCrossingPedestrian_457",
    "Scenario Description": "The ego vehicle is passing through a road, And encounters a cyclist/pedestrian crossing the road.",
    "Map": "Map(name=Carla/Maps/Town04)",
    "Adversary Distance": 53,
    "Adversary Speed": 2.0,
    "Collision": true,
    "Weather": "HardRainNight",
    "Collision Type": "Actor(id=1950, type=walker.pedestrian.0036)",
    "Time to Collision": 9.799001216888428,
    "Speed at Collision": 5.842826495645593,
    "Intensity": 148.52858135440914
  },
  {
    "Scenario Name": "ParkingCrossingPedestrian_459",
    "Scenario Description": "The ego vehicle is passing through a road, And encounters a cyclist/pedestrian crossing the road.",
    "Map": "Map(name=Carla/Maps/Town04)",
    "Adversary Distance": 96,
    "Adversary Speed": 2.0,
    "Collision": true,
    "Weather": "HardRainNoon",
    "Collision Type": "Actor(id=1964, type=walker.pedestrian.0036)",
    "Time to Collision": 7.797001361846924,
    "Speed at Collision": 21.925581962906353,
    "Intensity": 1307.7974045817289
  },
  {
    "Scenario Name": "ParkingCrossingPedestrian_460",
    "Scenario Description": "The ego vehicle is passing through a road, And encounters a cyclist/pedestrian crossing the road.",
    "Map": "Map(name=Carla/Maps/Town04)",
    "Adversary Distance": 46,
    "Adversary Speed": 2.0,
    "Collision": true,
    "Weather": "HardRainNight",
    "Collision Type": "Actor(id=1971, type=walker.pedestrian.0036)",
    "Time to Collision": 5.408998966217041,
    "Speed at Collision": 18.856687387051284,
    "Intensity": 321.7711175496778
  },
  {
    "Scenario Name": "ParkingCrossingPedestrian_461",
    "Scenario Description": "The ego vehicle is passing through a road, And encounters a cyclist/pedestrian crossing the road.",
    "Map": "Map(name=Carla/Maps/Town04)",
    "Adversary Distance": 76,
    "Adversary Speed": 2.0,
    "Collision": true,
    "Weather": "HardRainNight",
    "Collision Type": "Actor(id=1978, type=walker.pedestrian.0036)",
    "Time to Collision": 7.488000869750977,
    "Speed at Collision": 15.000428205656428,
    "Intensity": 640.6454017164289
  },
  {
    "Scenario Name": "ParkingCrossingPedestrian_462",
    "Scenario Description": "The ego vehicle is passing through a road, And encounters a cyclist/pedestrian crossing the road.",
    "Map": "Map(name=Carla/Maps/Town04)",
    "Adversary Distance": 84,
    "Adversary Speed": 2.0,
    "Collision": true,
    "Weather": "ClearNoon",
    "Collision Type": "Actor(id=1985, type=walker.pedestrian.0036)",
    "Time to Collision": 7.107072114944458,
    "Speed at Collision": 22.728883715211857,
    "Intensity": 373.42372958113253
  },
  {
    "Scenario Name": "ParkingCrossingPedestrian_463",
    "Scenario Description": "The ego vehicle is passing through a road, And encounters a cyclist/pedestrian crossing the road.",
    "Map": "Map(name=Carla/Maps/Town04)",
    "Adversary Distance": 92,
    "Adversary Speed": 2.0,
    "Collision": true,
    "Weather": "ClearNight",
    "Collision Type": "Actor(id=1992, type=walker.pedestrian.0036)",
    "Time to Collision": 8.910001754760742,
    "Speed at Collision": 13.903381168388721,
    "Intensity": 553.4299192835732
  },
  {
    "Scenario Name": "ParkingCrossingPedestrian_464",
    "Scenario Description": "The ego vehicle is passing through a road, And encounters a cyclist/pedestrian crossing the road.",
    "Map": "Map(name=Carla/Maps/Town04)",
    "Adversary Distance": 120,
    "Adversary Speed": 2.0,
    "Collision": true,
    "Weather": "HardRainNight",
    "Collision Type": "Actor(id=1999, type=walker.pedestrian.0036)",
    "Time to Collision": 8.898998737335205,
    "Speed at Collision": 21.71109302043617,
    "Intensity": 1165.5988709816581
  },
  {
    "Scenario Name": "ParkingCrossingPedestrian_465",
    "Scenario Description": "The ego vehicle is passing through a road, And encounters a cyclist/pedestrian crossing the road.",
    "Map": "Map(name=Carla/Maps/Town04)",
    "Adversary Distance": 115,
    "Adversary Speed": 2.0,
    "Collision": true,
    "Weather": "ClearNoon",
    "Collision Type": "Actor(id=2006, type=walker.pedestrian.0036)",
    "Time to Collision": 8.724997520446777,
    "Speed at Collision": 20.371250734613046,
    "Intensity": 482.89748342304944
  },
  {
    "Scenario Name": "ParkingCrossingPedestrian_467",
    "Scenario Description": "The ego vehicle is passing through a road, And encounters a cyclist/pedestrian crossing the road.",
    "Map": "Map(name=Carla/Maps/Town04)",
    "Adversary Distance": 130,
    "Adversary Speed": 2.0,
    "Collision": true,
    "Weather": "HardRainNight",
    "Collision Type": "Actor(id=2020, type=walker.pedestrian.0036)",
    "Time to Collision": 8.997996807098389,
    "Speed at Collision": 26.564209162764303,
    "Intensity": 675.2501705905167
  },
  {
    "Scenario Name": "ParkingCrossingPedestrian_468",
    "Scenario Description": "The ego vehicle is passing through a road, And encounters a cyclist/pedestrian crossing the road.",
    "Map": "Map(name=Carla/Maps/Town04)",
    "Adversary Distance": 168,
    "Adversary Speed": 2.0,
    "Collision": true,
    "Weather": "HardRainNoon",
    "Collision Type": "Actor(id=2027, type=walker.pedestrian.0036)",
    "Time to Collision": 14.061999559402466,
    "Speed at Collision": 14.451883082953305,
    "Intensity": 598.6206632016156
  },
  {
    "Scenario Name": "ParkingCrossingPedestrian_469",
    "Scenario Description": "The ego vehicle is passing through a road, And encounters a cyclist/pedestrian crossing the road.",
    "Map": "Map(name=Carla/Maps/Town04)",
    "Adversary Distance": 40,
    "Adversary Speed": 2.0,
    "Collision": true,
    "Weather": "HardRainNight",
    "Collision Type": "Actor(id=2034, type=walker.pedestrian.0036)",
    "Time to Collision": 5.1320695877075195,
    "Speed at Collision": 15.959229827649688,
    "Intensity": 571.3420920114019
  },
  {
    "Scenario Name": "ParkingCrossingPedestrian_470",
    "Scenario Description": "The ego vehicle is passing through a road, And encounters a cyclist/pedestrian crossing the road.",
    "Map": "Map(name=Carla/Maps/Town04)",
    "Adversary Distance": 68,
    "Adversary Speed": 2.0,
    "Collision": true,
    "Weather": "HardRainNoon",
    "Collision Type": "Actor(id=2041, type=walker.pedestrian.0036)",
    "Time to Collision": 6.439518928527832,
    "Speed at Collision": 21.369870062990778,
    "Intensity": 389.4475702029187
  },
  {
    "Scenario Name": "ParkingCrossingPedestrian_474",
    "Scenario Description": "The ego vehicle is passing through a road, And encounters a cyclist/pedestrian crossing the road.",
    "Map": "Map(name=Carla/Maps/Town04)",
    "Adversary Distance": 166,
    "Adversary Speed": 2.0,
    "Collision": true,
    "Weather": "ClearNight",
    "Collision Type": "Actor(id=2069, type=walker.pedestrian.0036)",
    "Time to Collision": 10.639000177383423,
    "Speed at Collision": 23.639373596016632,
    "Intensity": 562.2221425820128
  },
  {
    "Scenario Name": "ParkingCrossingPedestrian_476",
    "Scenario Description": "The ego vehicle is passing through a road, And encounters a cyclist/pedestrian crossing the road.",
    "Map": "Map(name=Carla/Maps/Town04)",
    "Adversary Distance": 49,
    "Adversary Speed": 2.0,
    "Collision": true,
    "Weather": "ClearNoon",
    "Collision Type": "Actor(id=2083, type=walker.pedestrian.0036)",
    "Time to Collision": 11.881999492645264,
    "Speed at Collision": 4.485146244144571,
    "Intensity": 101.2963063567261
  },
  {
    "Scenario Name": "ParkingCrossingPedestrian_478",
    "Scenario Description": "The ego vehicle is passing through a road, And encounters a cyclist/pedestrian crossing the road.",
    "Map": "Map(name=Carla/Maps/Town04)",
    "Adversary Distance": 137,
    "Adversary Speed": 2.0,
    "Collision": true,
    "Weather": "ClearNight",
    "Collision Type": "Actor(id=2097, type=walker.pedestrian.0036)",
    "Time to Collision": 9.279000759124756,
    "Speed at Collision": 27.141365399307112,
    "Intensity": 1135.637772002306
  },
  {
    "Scenario Name": "ParkingCrossingPedestrian_479",
    "Scenario Description": "The ego vehicle is passing through a road, And encounters a cyclist/pedestrian crossing the road.",
    "Map": "Map(name=Carla/Maps/Town04)",
    "Adversary Distance": 67,
    "Adversary Speed": 2.0,
    "Collision": true,
    "Weather": "ClearNight",
    "Collision Type": "Actor(id=2104, type=walker.pedestrian.0036)",
    "Time to Collision": 6.403998374938965,
    "Speed at Collision": 21.03591922532821,
    "Intensity": 468.19041311543236
  },
  {
    "Scenario Name": "ParkingCrossingPedestrian_480",
    "Scenario Description": "The ego vehicle is passing through a road, And encounters a cyclist/pedestrian crossing the road.",
    "Map": "Map(name=Carla/Maps/Town04)",
    "Adversary Distance": 39,
    "Adversary Speed": 2.0,
    "Collision": true,
    "Weather": "HardRainNoon",
    "Collision Type": "Actor(id=2111, type=walker.pedestrian.0036)",
    "Time to Collision": 4.971999168395996,
    "Speed at Collision": 17.84064399787361,
    "Intensity": 297.010128798511
  },
  {
    "Scenario Name": "ParkingCrossingPedestrian_481",
    "Scenario Description": "The ego vehicle is passing through a road, And encounters a cyclist/pedestrian crossing the road.",
    "Map": "Map(name=Carla/Maps/Town04)",
    "Adversary Distance": 50,
    "Adversary Speed": 2.0,
    "Collision": true,
    "Weather": "HardRainNight",
    "Collision Type": "Actor(id=2118, type=walker.pedestrian.0036)",
    "Time to Collision": 9.355999231338501,
    "Speed at Collision": 6.986653010674813,
    "Intensity": 170.54001544125225
  },
  {
    "Scenario Name": "ParkingCrossingPedestrian_482",
    "Scenario Description": "The ego vehicle is passing through a road, And encounters a cyclist/pedestrian crossing the road.",
    "Map": "Map(name=Carla/Maps/Town04)",
    "Adversary Distance": 161,
    "Adversary Speed": 2.0,
    "Collision": true,
    "Weather": "ClearNoon",
    "Collision Type": "Actor(id=2125, type=walker.pedestrian.0036)",
    "Time to Collision": 14.977993249893188,
    "Speed at Collision": 12.605605264053423,
    "Intensity": 469.2361724282678
  },
  {
    "Scenario Name": "ParkingCrossingPedestrian_483",
    "Scenario Description": "The ego vehicle is passing through a road, And encounters a cyclist/pedestrian crossing the road.",
    "Map": "Map(name=Carla/Maps/Town04)",
    "Adversary Distance": 79,
    "Adversary Speed": 2.0,
    "Collision": true,
    "Weather": "ClearNight",
    "Collision Type": "Actor(id=2132, type=walker.pedestrian.0036)",
    "Time to Collision": 9.482998609542847,
    "Speed at Collision": 10.878189176844991,
    "Intensity": 235.25982441603375
  },
  {
    "Scenario Name": "ParkingCrossingPedestrian_484",
    "Scenario Description": "The ego vehicle is passing through a road, And encounters a cyclist/pedestrian crossing the road.",
    "Map": "Map(name=Carla/Maps/Town04)",
    "Adversary Distance": 116,
    "Adversary Speed": 2.0,
    "Collision": true,
    "Weather": "HardRainNight",
    "Collision Type": "Actor(id=2139, type=walker.pedestrian.0036)",
    "Time to Collision": 13.398006677627563,
    "Speed at Collision": 10.004746825999518,
    "Intensity": 429.97891380422783
  },
  {
    "Scenario Name": "ParkingCrossingPedestrian_485",
    "Scenario Description": "The ego vehicle is passing through a road, And encounters a cyclist/pedestrian crossing the road.",
    "Map": "Map(name=Carla/Maps/Town04)",
    "Adversary Distance": 66,
    "Adversary Speed": 2.0,
    "Collision": true,
    "Weather": "HardRainNight",
    "Collision Type": "Actor(id=2146, type=walker.pedestrian.0036)",
    "Time to Collision": 7.099280595779419,
    "Speed at Collision": 13.889106551206332,
    "Intensity": 331.84401534675254
  },
  {
    "Scenario Name": "ParkingCrossingPedestrian_486",
    "Scenario Description": "The ego vehicle is passing through a road, And encounters a cyclist/pedestrian crossing the road.",
    "Map": "Map(name=Carla/Maps/Town04)",
    "Adversary Distance": 78,
    "Adversary Speed": 2.0,
    "Collision": true,
    "Weather": "ClearNoon",
    "Collision Type": "Actor(id=2153, type=walker.pedestrian.0036)",
    "Time to Collision": 6.8600013256073,
    "Speed at Collision": 22.179948996521258,
    "Intensity": 450.20497780321296
  },
  {
    "Scenario Name": "ParkingCrossingPedestrian_487",
    "Scenario Description": "The ego vehicle is passing through a road, And encounters a cyclist/pedestrian crossing the road.",
    "Map": "Map(name=Carla/Maps/Town04)",
    "Adversary Distance": 133,
    "Adversary Speed": 2.0,
    "Collision": true,
    "Weather": "HardRainNight",
    "Collision Type": "Actor(id=2160, type=walker.pedestrian.0036)",
    "Time to Collision": 9.894000768661499,
    "Speed at Collision": 18.992193097538284,
    "Intensity": 1102.8932426993738
  },
  {
    "Scenario Name": "ParkingCrossingPedestrian_488",
    "Scenario Description": "The ego vehicle is passing through a road, And encounters a cyclist/pedestrian crossing the road.",
    "Map": "Map(name=Carla/Maps/Town04)",
    "Adversary Distance": 32,
    "Adversary Speed": 2.0,
    "Collision": true,
    "Weather": "ClearNight",
    "Collision Type": "Actor(id=2167, type=walker.pedestrian.0036)",
    "Time to Collision": 4.66800594329834,
    "Speed at Collision": 13.179306451900487,
    "Intensity": 232.7647448661494
  },
  {
    "Scenario Name": "ParkingCrossingPedestrian_489",
    "Scenario Description": "The ego vehicle is passing through a road, And encounters a cyclist/pedestrian crossing the road.",
    "Map": "Map(name=Carla/Maps/Town04)",
    "Adversary Distance": 138,
    "Adversary Speed": 2.0,
    "Collision": true,
    "Weather": "HardRainNight",
    "Collision Type": "Actor(id=2174, type=walker.pedestrian.0036)",
    "Time to Collision": 11.416999578475952,
    "Speed at Collision": 15.537628143966707,
    "Intensity": 914.443827910408
  },
  {
    "Scenario Name": "ParkingCrossingPedestrian_490",
    "Scenario Description": "The ego vehicle is passing through a road, And encounters a cyclist/pedestrian crossing the road.",
    "Map": "Map(name=Carla/Maps/Town04)",
    "Adversary Distance": 31,
    "Adversary Speed": 2.0,
    "Collision": true,
    "Weather": "ClearNoon",
    "Collision Type": "Actor(id=2181, type=walker.pedestrian.0036)",
    "Time to Collision": 4.5380024909973145,
    "Speed at Collision": 16.536800668827997,
    "Intensity": 45.66704788340343
  },
  {
    "Scenario Name": "ParkingCrossingPedestrian_491",
    "Scenario Description": "The ego vehicle is passing through a road, And encounters a cyclist/pedestrian crossing the road.",
    "Map": "Map(name=Carla/Maps/Town04)",
    "Adversary Distance": 123,
    "Adversary Speed": 2.0,
    "Collision": true,
    "Weather": "ClearNight",
    "Collision Type": "Actor(id=2188, type=walker.pedestrian.0036)",
    "Time to Collision": 8.713997840881348,
    "Speed at Collision": 26.0183943862431,
    "Intensity": 690.7209693074424
  },
  {
    "Scenario Name": "ParkingCrossingPedestrian_492",
    "Scenario Description": "The ego vehicle is passing through a road, And encounters a cyclist/pedestrian crossing the road.",
    "Map": "Map(name=Carla/Maps/Town04)",
    "Adversary Distance": 103,
    "Adversary Speed": 2.0,
    "Collision": true,
    "Weather": "ClearNoon",
    "Collision Type": "Actor(id=2195, type=walker.pedestrian.0036)",
    "Time to Collision": 10.209010124206543,
    "Speed at Collision": 12.850788474922572,
    "Intensity": 499.0486321174975
  },
  {
    "Scenario Name": "ParkingCrossingPedestrian_494",
    "Scenario Description": "The ego vehicle is passing through a road, And encounters a cyclist/pedestrian crossing the road.",
    "Map": "Map(name=Carla/Maps/Town04)",
    "Adversary Distance": 56,
    "Adversary Speed": 2.0,
    "Collision": true,
    "Weather": "ClearNight",
    "Collision Type": "Actor(id=2209, type=walker.pedestrian.0036)",
    "Time to Collision": 5.890998125076294,
    "Speed at Collision": 20.115361130002476,
    "Intensity": 526.239849350435
  },
  {
    "Scenario Name": "ParkingCrossingPedestrian_495",
    "Scenario Description": "The ego vehicle is passing through a road, And encounters a cyclist/pedestrian crossing the road.",
    "Map": "Map(name=Carla/Maps/Town04)",
    "Adversary Distance": 103,
    "Adversary Speed": 2.0,
    "Collision": true,
    "Weather": "HardRainNight",
    "Collision Type": "Actor(id=2216, type=walker.pedestrian.0036)",
    "Time to Collision": 8.994559288024902,
    "Speed at Collision": 16.06362048683901,
    "Intensity": 711.0942735558394
  },
  {
    "Scenario Name": "ParkingCrossingPedestrian_496",
    "Scenario Description": "The ego vehicle is passing through a road, And encounters a cyclist/pedestrian crossing the road.",
    "Map": "Map(name=Carla/Maps/Town04)",
    "Adversary Distance": 149,
    "Adversary Speed": 2.0,
    "Collision": true,
    "Weather": "HardRainNoon",
    "Collision Type": "Actor(id=2223, type=walker.pedestrian.0036)",
    "Time to Collision": 13.372001886367798,
    "Speed at Collision": 13.386617576090792,
    "Intensity": 534.4607543544711
  },
  {
    "Scenario Name": "ParkingCrossingPedestrian_497",
    "Scenario Description": "The ego vehicle is passing through a road, And encounters a cyclist/pedestrian crossing the road.",
    "Map": "Map(name=Carla/Maps/Town04)",
    "Adversary Distance": 99,
    "Adversary Speed": 2.0,
    "Collision": true,
    "Weather": "ClearNight",
    "Collision Type": "Actor(id=2230, type=walker.pedestrian.0036)",
    "Time to Collision": 7.783999443054199,
    "Speed at Collision": 23.428798200531215,
    "Intensity": 554.2292797587904
  },
  {
    "Scenario Name": "ParkingCrossingPedestrian_498",
    "Scenario Description": "The ego vehicle is passing through a road, And encounters a cyclist/pedestrian crossing the road.",
    "Map": "Map(name=Carla/Maps/Town04)",
    "Adversary Distance": 49,
    "Adversary Speed": 2.0,
    "Collision": true,
    "Weather": "ClearNoon",
    "Collision Type": "Actor(id=2237, type=walker.pedestrian.0036)",
    "Time to Collision": 6.409000635147095,
    "Speed at Collision": 11.24988841745981,
    "Intensity": 340.48361787033963
  },
  {
    "Scenario Name": "ParkingCrossingPedestrian_499",
    "Scenario Description": "The ego vehicle is passing through a road, And encounters a cyclist/pedestrian crossing the road.",
    "Map": "Map(name=Carla/Maps/Town04)",
    "Adversary Distance": 66,
    "Adversary Speed": 2.0,
    "Collision": true,
    "Weather": "HardRainNoon",
    "Collision Type": "Actor(id=2244, type=walker.pedestrian.0036)",
    "Time to Collision": 8.351033210754395,
    "Speed at Collision": 11.640357092734668,
    "Intensity": 259.04464275023844
  }
]