[
  {
    "Scenario Name": "ParkingCrossingPedestrian_901",
    "Scenario Description": "The ego vehicle is passing through a road, And encounters a cyclist/pedestrian crossing the road.",
    "Map": "Map(name=Carla/Maps/Town04)",
    "Adversary Distance": 43,
    "Adversary Speed": 2.0,
    "Collision": true,
    "Weather": "ClearNight",
    "Collision Type": "Actor(id=5058, type=walker.pedestrian.0036)",
    "Time to Collision": 6.054028034210205,
    "Speed at Collision": 9.946089420051493,
    "Intensity": 270.318552779698
  },
  {
    "Scenario Name": "ParkingCrossingPedestrian_904",
    "Scenario Description": "The ego vehicle is passing through a road, And encounters a cyclist/pedestrian crossing the road.",
    "Map": "Map(name=Carla/Maps/Town04)",
    "Adversary Distance": 63,
    "Adversary Speed": 2.0,
    "Collision": true,
    "Weather": "HardRainNoon",
    "Collision Type": "Actor(id=5079, type=walker.pedestrian.0036)",
    "Time to Collision": 6.930002212524414,
    "Speed at Collision": 13.653161888946164,
    "Intensity": 804.6058965403176
  },
  {
    "Scenario Name": "ParkingCrossingPedestrian_905",
    "Scenario Description": "The ego vehicle is passing through a road, And encounters a cyclist/pedestrian crossing the road.",
    "Map": "Map(name=Carla/Maps/Town04)",
    "Adversary Distance": 69,
    "Adversary Speed": 2.0,
    "Collision": true,
    "Weather": "ClearNight",
    "Collision Type": "Actor(id=5086, type=walker.pedestrian.0036)",
    "Time to Collision": 7.425525903701782,
    "Speed at Collision": 13.889924479831551,
    "Intensity": 555.7123262678028
  },
  {
    "Scenario Name": "ParkingCrossingPedestrian_906",
    "Scenario Description": "The ego vehicle is passing through a road, And encounters a cyclist/pedestrian crossing the road.",
    "Map": "Map(name=Carla/Maps/Town04)",
    "Adversary Distance": 180,
    "Adversary Speed": 2.0,
    "Collision": true,
    "Weather": "HardRainNoon",
    "Collision Type": "Actor(id=5093, type=walker.pedestrian.0036)",
    "Time to Collision": 11.794997930526733,
    "Speed at Collision": 20.94816720917718,
    "Intensity": 1005.567505743384
  },
  {
    "Scenario Name": "ParkingCrossingPedestrian_907",
    "Scenario Description": "The ego vehicle is passing through a road, And encounters a cyclist/pedestrian crossing the road.",
    "Map": "Map(name=Carla/Maps/Town04)",
    "Adversary Distance": 50,
    "Adversary Speed": 2.0,
    "Collision": true,
    "Weather": "HardRainNight",
    "Collision Type": "Actor(id=5100, type=walker.pedestrian.0036)",
    "Time to Collision": 5.588999509811401,
    "Speed at Collision": 19.375599487773748,
    "Intensity": 611.8549047054107
  },
  {
    "Scenario Name": "ParkingCrossingPedestrian_908",
    "Scenario Description": "The ego vehicle is passing through a road, And encounters a cyclist/pedestrian crossing the road.",
    "Map": "Map(name=Carla/Maps/Town04)",
    "Adversary Distance": 48,
    "Adversary Speed": 2.0,
    "Collision": true,
    "Weather": "HardRainNoon",
    "Collision Type": "Actor(id=5107, type=walker.pedestrian.0036)",
    "Time to Collision": 5.530001401901245,
    "Speed at Collision": 19.136210444917133,
    "Intensity": 321.03865623027724
  },
  {
    "Scenario Name": "ParkingCrossingPedestrian_912",
    "Scenario Description": "The ego vehicle is passing through a road, And encounters a cyclist/pedestrian crossing the road.",
    "Map": "Map(name=Carla/Maps/Town04)",
    "Adversary Distance": 38,
    "Adversary Speed": 2.0,
    "Collision": true,
    "Weather": "ClearNoon",
    "Collision Type": "Actor(id=5135, type=walker.pedestrian.0036)",
    "Time to Collision": 4.980000734329224,
    "Speed at Collision": 14.750323277443972,
    "Intensity": 259.18785050379233
  },
  {
    "Scenario Name": "ParkingCrossingPedestrian_914",
    "Scenario Description": "The ego vehicle is passing through a road, And encounters a cyclist/pedestrian crossing the road.",
    "Map": "Map(name=Carla/Maps/Town04)",
    "Adversary Distance": 51,
    "Adversary Speed": 2.0,
    "Collision": true,
    "Weather": "ClearNoon",
    "Collision Type": "Actor(id=5149, type=walker.pedestrian.0036)",
    "Time to Collision": 5.638998031616211,
    "Speed at Collision": 19.481347947426965,
    "Intensity": 501.3051741507764
  },
  {
    "Scenario Name": "ParkingCrossingPedestrian_915",
    "Scenario Description": "The ego vehicle is passing through a road, And encounters a cyclist/pedestrian crossing the road.",
    "Map": "Map(name=Carla/Maps/Town04)",
    "Adversary Distance": 172,
    "Adversary Speed": 2.0,
    "Collision": true,
    "Weather": "HardRainNight",
    "Collision Type": "Actor(id=5156, type=walker.pedestrian.0036)",
    "Time to Collision": 10.62399959564209,
    "Speed at Collision": 29.307666248532833,
    "Intensity": 908.2278035098176
  },
  {
    "Scenario Name": "ParkingCrossingPedestrian_916",
    "Scenario Description": "The ego vehicle is passing through a road, And encounters a cyclist/pedestrian crossing the road.",
    "Map": "Map(name=Carla/Maps/Town04)",
    "Adversary Distance": 121,
    "Adversary Speed": 2.0,
    "Collision": true,
    "Weather": "HardRainNoon",
    "Collision Type": "Actor(id=5163, type=walker.pedestrian.0036)",
    "Time to Collision": 14.19503903388977,
    "Speed at Collision": 10.396430059736176,
    "Intensity": 286.42422560413667
  },
  {
    "Scenario Name": "ParkingCrossingPedestrian_917",
    "Scenario Description": "The ego vehicle is passing through a road, And encounters a cyclist/pedestrian crossing the road.",
    "Map": "Map(name=Carla/Maps/Town04)",
    "Adversary Distance": 141,
    "Adversary Speed": 2.0,
    "Collision": true,
    "Weather": "ClearNight",
    "Collision Type": "Actor(id=5170, type=walker.pedestrian.0036)",
    "Time to Collision": 9.458221197128296,
    "Speed at Collision": 27.392982186853484,
    "Intensity": 1529.8596740414023
  },
  {
    "Scenario Name": "ParkingCrossingPedestrian_918",
    "Scenario Description": "The ego vehicle is passing through a road, And encounters a cyclist/pedestrian crossing the road.",
    "Map": "Map(name=Carla/Maps/Town04)",
    "Adversary Distance": 131,
    "Adversary Speed": 2.0,
    "Collision": true,
    "Weather": "ClearNight",
    "Collision Type": "Actor(id=5177, type=walker.pedestrian.0036)",
    "Time to Collision": 9.092998743057251,
    "Speed at Collision": 26.663529892316525,
    "Intensity": 1595.028793043221
  },
  {
    "Scenario Name": "ParkingCrossingPedestrian_919",
    "Scenario Description": "The ego vehicle is passing through a road, And encounters a cyclist/pedestrian crossing the road.",
    "Map": "Map(name=Carla/Maps/Town04)",
    "Adversary Distance": 48,
    "Adversary Speed": 2.0,
    "Collision": true,
    "Weather": "ClearNight",
    "Collision Type": "Actor(id=5184, type=walker.pedestrian.0036)",
    "Time to Collision": 5.484033823013306,
    "Speed at Collision": 19.156425482143337,
    "Intensity": 629.2448141656771
  },
  {
    "Scenario Name": "ParkingCrossingPedestrian_920",
    "Scenario Description": "The ego vehicle is passing through a road, And encounters a cyclist/pedestrian crossing the road.",
    "Map": "Map(name=Carla/Maps/Town04)",
    "Adversary Distance": 64,
    "Adversary Speed": 2.0,
    "Collision": true,
    "Weather": "ClearNight",
    "Collision Type": "Actor(id=5191, type=walker.pedestrian.0036)",
    "Time to Collision": 6.353997230529785,
    "Speed at Collision": 21.083502162738622,
    "Intensity": 448.5110000463764
  },
  {
    "Scenario Name": "ParkingCrossingPedestrian_921",
    "Scenario Description": "The ego vehicle is passing through a road, And encounters a cyclist/pedestrian crossing the road.",
    "Map": "Map(name=Carla/Maps/Town04)",
    "Adversary Distance": 37,
    "Adversary Speed": 2.0,
    "Collision": true,
    "Weather": "ClearNoon",
    "Collision Type": "Actor(id=5198, type=walker.pedestrian.0036)",
    "Time to Collision": 4.833000659942627,
    "Speed at Collision": 17.413039148739973,
    "Intensity": 286.68595880163303
  },
  {
    "Scenario Name": "ParkingCrossingPedestrian_922",
    "Scenario Description": "The ego vehicle is passing through a road, And encounters a cyclist/pedestrian crossing the road.",
    "Map": "Map(name=Carla/Maps/Town04)",
    "Adversary Distance": 130,
    "Adversary Speed": 2.0,
    "Collision": true,
    "Weather": "HardRainNight",
    "Collision Type": "Actor(id=5205, type=walker.pedestrian.0036)",
    "Time to Collision": 10.888001441955566,
    "Speed at Collision": 15.535682758067452,
    "Intensity": 910.1389945363898
  },
  {
    "Scenario Name": "ParkingCrossingPedestrian_923",
    "Scenario Description": "The ego vehicle is passing through a road, And encounters a cyclist/pedestrian crossing the road.",
    "Map": "Map(name=Carla/Maps/Town04)",
    "Adversary Distance": 62,
    "Adversary Speed": 2.0,
    "Collision": true,
    "Weather": "HardRainNight",
    "Collision Type": "Actor(id=5212, type=walker.pedestrian.0036)",
    "Time to Collision": 11.394997358322144,
    "Speed at Collision": 6.0715566541230315,
    "Intensity": 132.8243222159642
  },
  {
    "Scenario Name": "ParkingCrossingPedestrian_925",
    "Scenario Description": "The ego vehicle is passing through a road, And encounters a cyclist/pedestrian crossing the road.",
    "Map": "Map(name=Carla/Maps/Town04)",
    "Adversary Distance": 44,
    "Adversary Speed": 2.0,
    "Collision": true,
    "Weather": "HardRainNight",
    "Collision Type": "Actor(id=5226, type=walker.pedestrian.0036)",
    "Time to Collision": 5.400001049041748,
    "Speed at Collision": 18.728875058160224,
    "Intensity": 685.3083937487397
  },
  {
    "Scenario Name": "ParkingCrossingPedestrian_926",
    "Scenario Description": "The ego vehicle is passing through a road, And encounters a cyclist/pedestrian crossing the road.",
    "Map": "Map(name=Carla/Maps/Town04)",
    "Adversary Distance": 46,
    "Adversary Speed": 2.0,
    "Collision": true,
    "Weather": "ClearNoon",
    "Collision Type": "Actor(id=5233, type=walker.pedestrian.0036)",
    "Time to Collision": 5.446102857589722,
    "Speed at Collision": 15.52283068569097,
    "Intensity": 282.8366784847934
  },
  {
    "Scenario Name": "ParkingCrossingPedestrian_929",
    "Scenario Description": "The ego vehicle is passing through a road, And encounters a cyclist/pedestrian crossing the road.",
    "Map": "Map(name=Carla/Maps/Town04)",
    "Adversary Distance": 132,
    "Adversary Speed": 2.0,
    "Collision": true,
    "Weather": "ClearNoon",
    "Collision Type": "Actor(id=5254, type=walker.pedestrian.0036)",
    "Time to Collision": 9.219999551773071,
    "Speed at Collision": 23.88267227355362,
    "Intensity": 1407.6299680766829
  },
  {
    "Scenario Name": "ParkingCrossingPedestrian_930",
    "Scenario Description": "The ego vehicle is passing through a road, And encounters a cyclist/pedestrian crossing the road.",
    "Map": "Map(name=Carla/Maps/Town04)",
    "Adversary Distance": 93,
    "Adversary Speed": 2.0,
    "Collision": true,
    "Weather": "ClearNoon",
    "Collision Type": "Actor(id=5261, type=walker.pedestrian.0036)",
    "Time to Collision": 10.374092817306519,
    "Speed at Collision": 11.529417632905043,
    "Intensity": 277.54822357242955
  },
  {
    "Scenario Name": "ParkingCrossingPedestrian_931",
    "Scenario Description": "The ego vehicle is passing through a road, And encounters a cyclist/pedestrian crossing the road.",
    "Map": "Map(name=Carla/Maps/Town04)",
    "Adversary Distance": 179,
    "Adversary Speed": 2.0,
    "Collision": true,
    "Weather": "HardRainNoon",
    "Collision Type": "Actor(id=5268, type=walker.pedestrian.0036)",
    "Time to Collision": 13.246996402740479,
    "Speed at Collision": 16.860405868802847,
    "Intensity": 405.6322884862406
  },
  {
    "Scenario Name": "ParkingCrossingPedestrian_932",
    "Scenario Description": "The ego vehicle is passing through a road, And encounters a cyclist/pedestrian crossing the road.",
    "Map": "Map(name=Carla/Maps/Town04)",
    "Adversary Distance": 152,
    "Adversary Speed": 2.0,
    "Collision": true,
    "Weather": "HardRainNoon",
    "Collision Type": "Actor(id=5275, type=walker.pedestrian.0036)",
    "Time to Collision": 10.12999701499939,
    "Speed at Collision": 23.084135508677345,
    "Intensity": 1131.7612536998147
  },
  {
    "Scenario Name": "ParkingCrossingPedestrian_933",
    "Scenario Description": "The ego vehicle is passing through a road, And encounters a cyclist/pedestrian crossing the road.",
    "Map": "Map(name=Carla/Maps/Town04)",
    "Adversary Distance": 44,
    "Adversary Speed": 2.0,
    "Collision": true,
    "Weather": "HardRainNoon",
    "Collision Type": "Actor(id=5282, type=walker.pedestrian.0036)",
    "Time to Collision": 5.652032136917114,
    "Speed at Collision": 13.225229535353161,
    "Intensity": 778.2982682596012
  },
  {
    "Scenario Name": "ParkingCrossingPedestrian_934",
    "Scenario Description": "The ego vehicle is passing through a road, And encounters a cyclist/pedestrian crossing the road.",
    "Map": "Map(name=Carla/Maps/Town04)",
    "Adversary Distance": 126,
    "Adversary Speed": 2.0,
    "Collision": true,
    "Weather": "ClearNight",
    "Collision Type": "Actor(id=5289, type=walker.pedestrian.0036)",
    "Time to Collision": 9.205000638961792,
    "Speed at Collision": 21.18154117671738,
    "Intensity": 1025.144950427568
  },
  {
    "Scenario Name": "ParkingCrossingPedestrian_935",
    "Scenario Description": "The ego vehicle is passing through a road, And encounters a cyclist/pedestrian crossing the road.",
    "Map": "Map(name=Carla/Maps/Town04)",
    "Adversary Distance": 98,
    "Adversary Speed": 2.0,
    "Collision": true,
    "Weather": "ClearNight",
    "Collision Type": "Actor(id=5296, type=walker.pedestrian.0036)",
    "Time to Collision": 9.788124561309814,
    "Speed at Collision": 13.37850035542933,
    "Intensity": 504.8736303686543
  },
  {
    "Scenario Name": "ParkingCrossingPedestrian_936",
    "Scenario Description": "The ego vehicle is passing through a road, And encounters a cyclist/pedestrian crossing the road.",
    "Map": "Map(name=Carla/Maps/Town04)",
    "Adversary Distance": 65,
    "Adversary Speed": 2.0,
    "Collision": true,
    "Weather": "ClearNight",
    "Collision Type": "Actor(id=5303, type=walker.pedestrian.0036)",
    "Time to Collision": 6.270158767700195,
    "Speed at Collision": 21.04821380064193,
    "Intensity": 439.36946663709557
  },
  {
    "Scenario Name": "ParkingCrossingPedestrian_937",
    "Scenario Description": "The ego vehicle is passing through a road, And encounters a cyclist/pedestrian crossing the road.",
    "Map": "Map(name=Carla/Maps/Town04)",
    "Adversary Distance": 168,
    "Adversary Speed": 2.0,
    "Collision": true,
    "Weather": "HardRainNoon",
    "Collision Type": "Actor(id=5310, type=walker.pedestrian.0036)",
    "Time to Collision": 11.703996896743774,
    "Speed at Collision": 19.281335401380137,
    "Intensity": 1118.8876127183057
  },
  {
    "Scenario Name": "ParkingCrossingPedestrian_940",
    "Scenario Description": "The ego vehicle is passing through a road, And encounters a cyclist/pedestrian crossing the road.",
    "Map": "Map(name=Carla/Maps/Town04)",
    "Adversary Distance": 51,
    "Adversary Speed": 2.0,
    "Collision": true,
    "Weather": "HardRainNight",
    "Collision Type": "Actor(id=5331, type=walker.pedestrian.0036)",
    "Time to Collision": 5.808001756668091,
    "Speed at Collision": 19.557417673368768,
    "Intensity": 325.51057455683997
  },
  {
    "Scenario Name": "ParkingCrossingPedestrian_941",
    "Scenario Description": "The ego vehicle is passing through a road, And encounters a cyclist/pedestrian crossing the road.",
    "Map": "Map(name=Carla/Maps/Town04)",
    "Adversary Distance": 129,
    "Adversary Speed": 2.0,
    "Collision": true,
    "Weather": "ClearNoon",
    "Collision Type": "Actor(id=5338, type=walker.pedestrian.0036)",
    "Time to Collision": 9.34005880355835,
    "Speed at Collision": 20.910503340790957,
    "Intensity": 994.1339886794268
  },
  {
    "Scenario Name": "ParkingCrossingPedestrian_942",
    "Scenario Description": "The ego vehicle is passing through a road, And encounters a cyclist/pedestrian crossing the road.",
    "Map": "Map(name=Carla/Maps/Town04)",
    "Adversary Distance": 117,
    "Adversary Speed": 2.0,
    "Collision": true,
    "Weather": "HardRainNight",
    "Collision Type": "Actor(id=5345, type=walker.pedestrian.0036)",
    "Time to Collision": 8.73999834060669,
    "Speed at Collision": 21.444581367901424,
    "Intensity": 1144.7723450902809
  },
  {
    "Scenario Name": "ParkingCrossingPedestrian_943",
    "Scenario Description": "The ego vehicle is passing through a road, And encounters a cyclist/pedestrian crossing the road.",
    "Map": "Map(name=Carla/Maps/Town04)",
    "Adversary Distance": 62,
    "Adversary Speed": 2.0,
    "Collision": true,
    "Weather": "ClearNight",
    "Collision Type": "Actor(id=5352, type=walker.pedestrian.0036)",
    "Time to Collision": 6.211998462677002,
    "Speed at Collision": 20.77973770265606,
    "Intensity": 602.6681802609207
  },
  {
    "Scenario Name": "ParkingCrossingPedestrian_944",
    "Scenario Description": "The ego vehicle is passing through a road, And encounters a cyclist/pedestrian crossing the road.",
    "Map": "Map(name=Carla/Maps/Town04)",
    "Adversary Distance": 55,
    "Adversary Speed": 2.0,
    "Collision": true,
    "Weather": "ClearNight",
    "Collision Type": "Actor(id=5359, type=walker.pedestrian.0036)",
    "Time to Collision": 5.855001926422119,
    "Speed at Collision": 19.874233530289363,
    "Intensity": 452.85883543652164
  },
  {
    "Scenario Name": "ParkingCrossingPedestrian_945",
    "Scenario Description": "The ego vehicle is passing through a road, And encounters a cyclist/pedestrian crossing the road.",
    "Map": "Map(name=Carla/Maps/Town04)",
    "Adversary Distance": 66,
    "Adversary Speed": 2.0,
    "Collision": true,
    "Weather": "HardRainNight",
    "Collision Type": "Actor(id=5366, type=walker.pedestrian.0036)",
    "Time to Collision": 6.531557559967041,
    "Speed at Collision": 21.230876245958438,
    "Intensity": 442.1277036545565
  },
  {
    "Scenario Name": "ParkingCrossingPedestrian_946",
    "Scenario Description": "The ego vehicle is passing through a road, And encounters a cyclist/pedestrian crossing the road.",
    "Map": "Map(name=Carla/Maps/Town04)",
    "Adversary Distance": 60,
    "Adversary Speed": 2.0,
    "Collision": true,
    "Weather": "HardRainNoon",
    "Collision Type": "Actor(id=5373, type=walker.pedestrian.0036)",
    "Time to Collision": 6.057999134063721,
    "Speed at Collision": 20.570360139039316,
    "Intensity": 493.9600189866968
  },
  {
    "Scenario Name": "ParkingCrossingPedestrian_947",
    "Scenario Description": "The ego vehicle is passing through a road, And encounters a cyclist/pedestrian crossing the road.",
    "Map": "Map(name=Carla/Maps/Town04)",
    "Adversary Distance": 91,
    "Adversary Speed": 2.0,
    "Collision": true,
    "Weather": "ClearNoon",
    "Collision Type": "Actor(id=5380, type=walker.pedestrian.0036)",
    "Time to Collision": 13.507999658584595,
    "Speed at Collision": 7.730384066071216,
    "Intensity": 183.2951692640959
  },
  {
    "Scenario Name": "ParkingCrossingPedestrian_948",
    "Scenario Description": "The ego vehicle is passing through a road, And encounters a cyclist/pedestrian crossing the road.",
    "Map": "Map(name=Carla/Maps/Town04)",
    "Adversary Distance": 94,
    "Adversary Speed": 2.0,
    "Collision": true,
    "Weather": "ClearNight",
    "Collision Type": "Actor(id=5387, type=walker.pedestrian.0036)",
    "Time to Collision": 9.007001161575317,
    "Speed at Collision": 14.163702390975265,
    "Intensity": 540.8167550393518
  },
  {
    "Scenario Name": "ParkingCrossingPedestrian_949",
    "Scenario Description": "The ego vehicle is passing through a road, And encounters a cyclist/pedestrian crossing the road.",
    "Map": "Map(name=Carla/Maps/Town04)",
    "Adversary Distance": 177,
    "Adversary Speed": 2.0,
    "Collision": true,
    "Weather": "ClearNoon",
    "Collision Type": "Actor(id=5394, type=walker.pedestrian.0036)",
    "Time to Collision": 14.47499966621399,
    "Speed at Collision": 14.770853586611004,
    "Intensity": 868.7755512638482
  },
  {
    "Scenario Name": "ParkingCrossingPedestrian_950",
    "Scenario Description": "The ego vehicle is passing through a road, And encounters a cyclist/pedestrian crossing the road.",
    "Map": "Map(name=Carla/Maps/Town04)",
    "Adversary Distance": 41,
    "Adversary Speed": 2.0,
    "Collision": true,
    "Weather": "HardRainNoon",
    "Collision Type": "Actor(id=5401, type=walker.pedestrian.0036)",
    "Time to Collision": 5.6419994831085205,
    "Speed at Collision": 12.833048042310105,
    "Intensity": 305.66047336915545
  },
  {
    "Scenario Name": "ParkingCrossingPedestrian_951",
    "Scenario Description": "The ego vehicle is passing through a road, And encounters a cyclist/pedestrian crossing the road.",
    "Map": "Map(name=Carla/Maps/Town04)",
    "Adversary Distance": 34,
    "Adversary Speed": 2.0,
    "Collision": true,
    "Weather": "HardRainNight",
    "Collision Type": "Actor(id=5408, type=walker.pedestrian.0036)",
    "Time to Collision": 4.687000751495361,
    "Speed at Collision": 16.804810524631215,
    "Intensity": 334.9416420141786
  },
  {
    "Scenario Name": "ParkingCrossingPedestrian_952",
    "Scenario Description": "The ego vehicle is passing through a road, And encounters a cyclist/pedestrian crossing the road.",
    "Map": "Map(name=Carla/Maps/Town04)",
    "Adversary Distance": 136,
    "Adversary Speed": 2.0,
    "Collision": true,
    "Weather": "ClearNoon",
    "Collision Type": "Actor(id=5415, type=walker.pedestrian.0036)",
    "Time to Collision": 13.673998832702637,
    "Speed at Collision": 11.79554148300826,
    "Intensity": 285.75297721422197
  },
  {
    "Scenario Name": "ParkingCrossingPedestrian_954",
    "Scenario Description": "The ego vehicle is passing through a road, And encounters a cyclist/pedestrian crossing the road.",
    "Map": "Map(name=Carla/Maps/Town04)",
    "Adversary Distance": 38,
    "Adversary Speed": 2.0,
    "Collision": true,
    "Weather": "ClearNight",
    "Collision Type": "Actor(id=5429, type=walker.pedestrian.0036)",
    "Time to Collision": 11.871999502182007,
    "Speed at Collision": 4.7706627519112965,
    "Intensity": 111.51853426453849
  },
  {
    "Scenario Name": "ParkingCrossingPedestrian_958",
    "Scenario Description": "The ego vehicle is passing through a road, And encounters a cyclist/pedestrian crossing the road.",
    "Map": "Map(name=Carla/Maps/Town04)",
    "Adversary Distance": 94,
    "Adversary Speed": 2.0,
    "Collision": true,
    "Weather": "ClearNight",
    "Collision Type": "Actor(id=5457, type=walker.pedestrian.0036)",
    "Time to Collision": 7.622001886367798,
    "Speed at Collision": 23.254983228725532,
    "Intensity": 532.9279877538078
  },
  {
    "Scenario Name": "ParkingCrossingPedestrian_959",
    "Scenario Description": "The ego vehicle is passing through a road, And encounters a cyclist/pedestrian crossing the road.",
    "Map": "Map(name=Carla/Maps/Town04)",
    "Adversary Distance": 152,
    "Adversary Speed": 2.0,
    "Collision": true,
    "Weather": "ClearNoon",
    "Collision Type": "Actor(id=5464, type=walker.pedestrian.0036)",
    "Time to Collision": 11.220000743865967,
    "Speed at Collision": 18.214646372497928,
    "Intensity": 1065.0635520548408
  },
  {
    "Scenario Name": "ParkingCrossingPedestrian_960",
    "Scenario Description": "The ego vehicle is passing through a road, And encounters a cyclist/pedestrian crossing the road.",
    "Map": "Map(name=Carla/Maps/Town04)",
    "Adversary Distance": 102,
    "Adversary Speed": 2.0,
    "Collision": true,
    "Weather": "HardRainNoon",
    "Collision Type": "Actor(id=5471, type=walker.pedestrian.0036)",
    "Time to Collision": 8.075027704238892,
    "Speed at Collision": 24.40325171287932,
    "Intensity": 593.4704295750927
  },
  {
    "Scenario Name": "ParkingCrossingPedestrian_961",
    "Scenario Description": "The ego vehicle is passing through a road, And encounters a cyclist/pedestrian crossing the road.",
    "Map": "Map(name=Carla/Maps/Town04)",
    "Adversary Distance": 173,
    "Adversary Speed": 2.0,
    "Collision": true,
    "Weather": "HardRainNoon",
    "Collision Type": "Actor(id=5478, type=walker.pedestrian.0036)",
    "Time to Collision": 11.02899980545044,
    "Speed at Collision": 22.835835100370996,
    "Intensity": 1170.6374617093522
  },
  {
    "Scenario Name": "ParkingCrossingPedestrian_962",
    "Scenario Description": "The ego vehicle is passing through a road, And encounters a cyclist/pedestrian crossing the road.",
    "Map": "Map(name=Carla/Maps/Town04)",
    "Adversary Distance": 104,
    "Adversary Speed": 2.0,
    "Collision": true,
    "Weather": "HardRainNoon",
    "Collision Type": "Actor(id=5485, type=walker.pedestrian.0036)",
    "Time to Collision": 8.07555866241455,
    "Speed at Collision": 22.243514337168893,
    "Intensity": 681.0371188613827
  },
  {
    "Scenario Name": "ParkingCrossingPedestrian_966",
    "Scenario Description": "The ego vehicle is passing through a road, And encounters a cyclist/pedestrian crossing the road.",
    "Map": "Map(name=Carla/Maps/Town04)",
    "Adversary Distance": 61,
    "Adversary Speed": 2.0,
    "Collision": true,
    "Weather": "HardRainNight",
    "Collision Type": "Actor(id=5513, type=walker.pedestrian.0036)",
    "Time to Collision": 6.271000623703003,
    "Speed at Collision": 16.80461501352414,
    "Intensity": 539.4581323899798
  },
  {
    "Scenario Name": "ParkingCrossingPedestrian_967",
    "Scenario Description": "The ego vehicle is passing through a road, And encounters a cyclist/pedestrian crossing the road.",
    "Map": "Map(name=Carla/Maps/Town04)",
    "Adversary Distance": 38,
    "Adversary Speed": 2.0,
    "Collision": true,
    "Weather": "HardRainNoon",
    "Collision Type": "Actor(id=5520, type=walker.pedestrian.0036)",
    "Time to Collision": 4.93499755859375,
    "Speed at Collision": 17.483724727273138,
    "Intensity": 292.3545270859188
  },
  {
    "Scenario Name": "ParkingCrossingPedestrian_969",
    "Scenario Description": "The ego vehicle is passing through a road, And encounters a cyclist/pedestrian crossing the road.",
    "Map": "Map(name=Carla/Maps/Town04)",
    "Adversary Distance": 134,
    "Adversary Speed": 2.0,
    "Collision": true,
    "Weather": "ClearNoon",
    "Collision Type": "Actor(id=5534, type=walker.pedestrian.0036)",
    "Time to Collision": 9.245002031326294,
    "Speed at Collision": 26.839438705510663,
    "Intensity": 1495.763278620755
  },
  {
    "Scenario Name": "ParkingCrossingPedestrian_970",
    "Scenario Description": "The ego vehicle is passing through a road, And encounters a cyclist/pedestrian crossing the road.",
    "Map": "Map(name=Carla/Maps/Town04)",
    "Adversary Distance": 131,
    "Adversary Speed": 2.0,
    "Collision": true,
    "Weather": "HardRainNoon",
    "Collision Type": "Actor(id=5541, type=walker.pedestrian.0036)",
    "Time to Collision": 9.182998180389404,
    "Speed at Collision": 26.692843349795332,
    "Intensity": 729.326947641033
  },
  {
    "Scenario Name": "ParkingCrossingPedestrian_971",
    "Scenario Description": "The ego vehicle is passing through a road, And encounters a cyclist/pedestrian crossing the road.",
    "Map": "Map(name=Carla/Maps/Town04)",
    "Adversary Distance": 47,
    "Adversary Speed": 2.0,
    "Collision": true,
    "Weather": "ClearNoon",
    "Collision Type": "Actor(id=5548, type=walker.pedestrian.0036)",
    "Time to Collision": 8.654003858566284,
    "Speed at Collision": 5.5372604239514,
    "Intensity": 133.90323502191924
  },
  {
    "Scenario Name": "ParkingCrossingPedestrian_972",
    "Scenario Description": "The ego vehicle is passing through a road, And encounters a cyclist/pedestrian crossing the road.",
    "Map": "Map(name=Carla/Maps/Town04)",
    "Adversary Distance": 120,
    "Adversary Speed": 2.0,
    "Collision": true,
    "Weather": "ClearNight",
    "Collision Type": "Actor(id=5555, type=walker.pedestrian.0036)",
    "Time to Collision": 8.60899806022644,
    "Speed at Collision": 25.772615360976776,
    "Intensity": 680.2366325982529
  },
  {
    "Scenario Name": "ParkingCrossingPedestrian_973",
    "Scenario Description": "The ego vehicle is passing through a road, And encounters a cyclist/pedestrian crossing the road.",
    "Map": "Map(name=Carla/Maps/Town04)",
    "Adversary Distance": 111,
    "Adversary Speed": 2.0,
    "Collision": true,
    "Weather": "ClearNoon",
    "Collision Type": "Actor(id=5562, type=walker.pedestrian.0036)",
    "Time to Collision": 8.319998741149902,
    "Speed at Collision": 25.112975481774978,
    "Intensity": 1507.0001396590121
  },
  {
    "Scenario Name": "ParkingCrossingPedestrian_974",
    "Scenario Description": "The ego vehicle is passing through a road, And encounters a cyclist/pedestrian crossing the road.",
    "Map": "Map(name=Carla/Maps/Town04)",
    "Adversary Distance": 38,
    "Adversary Speed": 2.0,
    "Collision": true,
    "Weather": "HardRainNoon",
    "Collision Type": "Actor(id=5569, type=walker.pedestrian.0036)",
    "Time to Collision": 5.055001735687256,
    "Speed at Collision": 14.728572398623655,
    "Intensity": 383.08137586570035
  },
  {
    "Scenario Name": "ParkingCrossingPedestrian_975",
    "Scenario Description": "The ego vehicle is passing through a road, And encounters a cyclist/pedestrian crossing the road.",
    "Map": "Map(name=Carla/Maps/Town04)",
    "Adversary Distance": 169,
    "Adversary Speed": 2.0,
    "Collision": true,
    "Weather": "HardRainNoon",
    "Collision Type": "Actor(id=5576, type=walker.pedestrian.0036)",
    "Time to Collision": 10.515002727508545,
    "Speed at Collision": 29.303107385818997,
    "Intensity": 904.4755984531224
  },
  {
    "Scenario Name": "ParkingCrossingPedestrian_977",
    "Scenario Description": "The ego vehicle is passing through a road, And encounters a cyclist/pedestrian crossing the road.",
    "Map": "Map(name=Carla/Maps/Town04)",
    "Adversary Distance": 45,
    "Adversary Speed": 2.0,
    "Collision": true,
    "Weather": "HardRainNight",
    "Collision Type": "Actor(id=5590, type=walker.pedestrian.0036)",
    "Time to Collision": 14.68800401687622,
    "Speed at Collision": 4.249459245697181,
    "Intensity": 109.80241763055776
  },
  {
    "Scenario Name": "ParkingCrossingPedestrian_978",
    "Scenario Description": "The ego vehicle is passing through a road, And encounters a cyclist/pedestrian crossing the road.",
    "Map": "Map(name=Carla/Maps/Town04)",
    "Adversary Distance": 40,
    "Adversary Speed": 2.0,
    "Collision": true,
    "Weather": "HardRainNoon",
    "Collision Type": "Actor(id=5597, type=walker.pedestrian.0036)",
    "Time to Collision": 5.058000802993774,
    "Speed at Collision": 17.82925845494985,
    "Intensity": 738.1978043628333
  },
  {
    "Scenario Name": "ParkingCrossingPedestrian_979",
    "Scenario Description": "The ego vehicle is passing through a road, And encounters a cyclist/pedestrian crossing the road.",
    "Map": "Map(name=Carla/Maps/Town04)",
    "Adversary Distance": 138,
    "Adversary Speed": 2.0,
    "Collision": true,
    "Weather": "HardRainNoon",
    "Collision Type": "Actor(id=5604, type=walker.pedestrian.0036)",
    "Time to Collision": 9.460002183914185,
    "Speed at Collision": 27.141740732278475,
    "Intensity": 1629.2838855996315
  },
  {
    "Scenario Name": "ParkingCrossingPedestrian_980",
    "Scenario Description": "The ego vehicle is passing through a road, And encounters a cyclist/pedestrian crossing the road.",
    "Map": "Map(name=Carla/Maps/Town04)",
    "Adversary Distance": 62,
    "Adversary Speed": 2.0,
    "Collision": true,
    "Weather": "HardRainNight",
    "Collision Type": "Actor(id=5611, type=walker.pedestrian.0036)",
    "Time to Collision": 6.739002704620361,
    "Speed at Collision": 14.982305165061662,
    "Intensity": 360.9366836166086
  },
  {
    "Scenario Name": "ParkingCrossingPedestrian_981",
    "Scenario Description": "The ego vehicle is passing through a road, And encounters a cyclist/pedestrian crossing the road.",
    "Map": "Map(name=Carla/Maps/Town04)",
    "Adversary Distance": 129,
    "Adversary Speed": 2.0,
    "Collision": true,
    "Weather": "ClearNight",
    "Collision Type": "Actor(id=5618, type=walker.pedestrian.0036)",
    "Time to Collision": 8.951001167297363,
    "Speed at Collision": 26.49982864458406,
    "Intensity": 1587.4992280746542
  },
  {
    "Scenario Name": "ParkingCrossingPedestrian_982",
    "Scenario Description": "The ego vehicle is passing through a road, And encounters a cyclist/pedestrian crossing the road.",
    "Map": "Map(name=Carla/Maps/Town04)",
    "Adversary Distance": 167,
    "Adversary Speed": 2.0,
    "Collision": true,
    "Weather": "HardRainNoon",
    "Collision Type": "Actor(id=5625, type=walker.pedestrian.0036)",
    "Time to Collision": 10.395999670028687,
    "Speed at Collision": 29.08486731984888,
    "Intensity": 1738.102284031289
  },
  {
    "Scenario Name": "ParkingCrossingPedestrian_983",
    "Scenario Description": "The ego vehicle is passing through a road, And encounters a cyclist/pedestrian crossing the road.",
    "Map": "Map(name=Carla/Maps/Town04)",
    "Adversary Distance": 45,
    "Adversary Speed": 2.0,
    "Collision": true,
    "Weather": "ClearNight",
    "Collision Type": "Actor(id=5632, type=walker.pedestrian.0036)",
    "Time to Collision": 5.311999320983887,
    "Speed at Collision": 18.561671672233874,
    "Intensity": 662.24359058737
  },
  {
    "Scenario Name": "ParkingCrossingPedestrian_984",
    "Scenario Description": "The ego vehicle is passing through a road, And encounters a cyclist/pedestrian crossing the road.",
    "Map": "Map(name=Carla/Maps/Town04)",
    "Adversary Distance": 65,
    "Adversary Speed": 2.0,
    "Collision": true,
    "Weather": "HardRainNoon",
    "Collision Type": "Actor(id=5639, type=walker.pedestrian.0036)",
    "Time to Collision": 6.3610007762908936,
    "Speed at Collision": 21.003065227352923,
    "Intensity": 542.7836634819448
  },
  {
    "Scenario Name": "ParkingCrossingPedestrian_985",
    "Scenario Description": "The ego vehicle is passing through a road, And encounters a cyclist/pedestrian crossing the road.",
    "Map": "Map(name=Carla/Maps/Town04)",
    "Adversary Distance": 69,
    "Adversary Speed": 2.0,
    "Collision": true,
    "Weather": "HardRainNight",
    "Collision Type": "Actor(id=5646, type=walker.pedestrian.0036)",
    "Time to Collision": 7.955999851226807,
    "Speed at Collision": 12.308698312516587,
    "Intensity": 450.29923171560137
  },
  {
    "Scenario Name": "ParkingCrossingPedestrian_987",
    "Scenario Description": "The ego vehicle is passing through a road, And encounters a cyclist/pedestrian crossing the road.",
    "Map": "Map(name=Carla/Maps/Town04)",
    "Adversary Distance": 75,
    "Adversary Speed": 2.0,
    "Collision": true,
    "Weather": "HardRainNoon",
    "Collision Type": "Actor(id=5660, type=walker.pedestrian.0036)",
    "Time to Collision": 6.817000865936279,
    "Speed at Collision": 21.917430012530367,
    "Intensity": 462.6064786321201
  },
  {
    "Scenario Name": "ParkingCrossingPedestrian_989",
    "Scenario Description": "The ego vehicle is passing through a road, And encounters a cyclist/pedestrian crossing the road.",
    "Map": "Map(name=Carla/Maps/Town04)",
    "Adversary Distance": 53,
    "Adversary Speed": 2.0,
    "Collision": true,
    "Weather": "ClearNight",
    "Collision Type": "Actor(id=5674, type=walker.pedestrian.0036)",
    "Time to Collision": 5.745000839233398,
    "Speed at Collision": 19.567960234495555,
    "Intensity": 683.50262760916
  },
  {
    "Scenario Name": "ParkingCrossingPedestrian_991",
    "Scenario Description": "The ego vehicle is passing through a road, And encounters a cyclist/pedestrian crossing the road.",
    "Map": "Map(name=Carla/Maps/Town04)",
    "Adversary Distance": 110,
    "Adversary Speed": 2.0,
    "Collision": true,
    "Weather": "ClearNoon",
    "Collision Type": "Actor(id=5688, type=walker.pedestrian.0036)",
    "Time to Collision": 8.22900104522705,
    "Speed at Collision": 24.94895161052278,
    "Intensity": 631.2931224801353
  },
  {
    "Scenario Name": "ParkingCrossingPedestrian_992",
    "Scenario Description": "The ego vehicle is passing through a road, And encounters a cyclist/pedestrian crossing the road.",
    "Map": "Map(name=Carla/Maps/Town04)",
    "Adversary Distance": 69,
    "Adversary Speed": 2.0,
    "Collision": true,
    "Weather": "ClearNoon",
    "Collision Type": "Actor(id=5695, type=walker.pedestrian.0036)",
    "Time to Collision": 6.471007823944092,
    "Speed at Collision": 21.414445739243742,
    "Intensity": 439.38306504458546
  },
  {
    "Scenario Name": "ParkingCrossingPedestrian_994",
    "Scenario Description": "The ego vehicle is passing through a road, And encounters a cyclist/pedestrian crossing the road.",
    "Map": "Map(name=Carla/Maps/Town04)",
    "Adversary Distance": 63,
    "Adversary Speed": 2.0,
    "Collision": true,
    "Weather": "ClearNight",
    "Collision Type": "Actor(id=5709, type=walker.pedestrian.0036)",
    "Time to Collision": 6.292998313903809,
    "Speed at Collision": 18.747026076242438,
    "Intensity": 382.32312563208103
  },
  {
    "Scenario Name": "ParkingCrossingPedestrian_995",
    "Scenario Description": "The ego vehicle is passing through a road, And encounters a cyclist/pedestrian crossing the road.",
    "Map": "Map(name=Carla/Maps/Town04)",
    "Adversary Distance": 55,
    "Adversary Speed": 2.0,
    "Collision": true,
    "Weather": "ClearNight",
    "Collision Type": "Actor(id=5716, type=walker.pedestrian.0036)",
    "Time to Collision": 5.931999444961548,
    "Speed at Collision": 20.17390465584484,
    "Intensity": 344.71119416814645
  },
  {
    "Scenario Name": "ParkingCrossingPedestrian_996",
    "Scenario Description": "The ego vehicle is passing through a road, And encounters a cyclist/pedestrian crossing the road.",
    "Map": "Map(name=Carla/Maps/Town04)",
    "Adversary Distance": 107,
    "Adversary Speed": 2.0,
    "Collision": true,
    "Weather": "HardRainNight",
    "Collision Type": "Actor(id=5723, type=walker.pedestrian.0036)",
    "Time to Collision": 8.564991474151611,
    "Speed at Collision": 18.991703985345826,
    "Intensity": 945.3483461779034
  },
  {
    "Scenario Name": "ParkingCrossingPedestrian_997",
    "Scenario Description": "The ego vehicle is passing through a road, And encounters a cyclist/pedestrian crossing the road.",
    "Map": "Map(name=Carla/Maps/Town04)",
    "Adversary Distance": 120,
    "Adversary Speed": 2.0,
    "Collision": true,
    "Weather": "ClearNoon",
    "Collision Type": "Actor(id=5730, type=walker.pedestrian.0036)",
    "Time to Collision": 9.116999626159668,
    "Speed at Collision": 19.528548974759563,
    "Intensity": 903.9524163334878
  },
  {
    "Scenario Name": "ParkingCrossingPedestrian_998",
    "Scenario Description": "The ego vehicle is passing through a road, And encounters a cyclist/pedestrian crossing the road.",
    "Map": "Map(name=Carla/Maps/Town04)",
    "Adversary Distance": 37,
    "Adversary Speed": 2.0,
    "Collision": true,
    "Weather": "HardRainNoon",
    "Collision Type": "Actor(id=5737, type=walker.pedestrian.0036)",
    "Time to Collision": 4.977999925613403,
    "Speed at Collision": 15.0760406640978,
    "Intensity": 598.0824028236559
  }
]