[
  {
    "Scenario Name": "HazardAtSideLane_401",
    "Scenario Description": "Scenario in which the ego vehicle is driving on a road without sidewalks, with three bicycles encroaching on some roads in front.",
    "Map": "Map(name=Carla/Maps/Town04)",
    "Collision": false,
    "Weather": "HardRainNoon"
  },
  {
    "Scenario Name": "HazardAtSideLane_411",
    "Scenario Description": "Scenario in which the ego vehicle is driving on a road without sidewalks, with three bicycles encroaching on some roads in front.",
    "Map": "Map(name=Carla/Maps/Town04)",
    "Collision": false,
    "Weather": "ClearNight"
  },
  {
    "Scenario Name": "HazardAtSideLane_417",
    "Scenario Description": "Scenario in which the ego vehicle is driving on a road without sidewalks, with three bicycles encroaching on some roads in front.",
    "Map": "Map(name=Carla/Maps/Town04)",
    "Collision": false,
    "Weather": "ClearNight"
  },
  {
    "Scenario Name": "HazardAtSideLane_418",
    "Scenario Description": "Scenario in which the ego vehicle is driving on a road without sidewalks, with three bicycles encroaching on some roads in front.",
    "Map": "Map(name=Carla/Maps/Town04)",
    "Collision": false,
    "Weather": "HardRainNoon"
  },
  {
    "Scenario Name": "HazardAtSideLane_421",
    "Scenario Description": "Scenario in which the ego vehicle is driving on a road without sidewalks, with three bicycles encroaching on some roads in front.",
    "Map": "Map(name=Carla/Maps/Town04)",
    "Collision": false,
    "Weather": "ClearNight"
  },
  {
    "Scenario Name": "HazardAtSideLane_429",
    "Scenario Description": "Scenario in which the ego vehicle is driving on a road without sidewalks, with three bicycles encroaching on some roads in front.",
    "Map": "Map(name=Carla/Maps/Town04)",
    "Collision": false,
    "Weather": "HardRainNoon"
  },
  {
    "Scenario Name": "HazardAtSideLane_430",
    "Scenario Description": "Scenario in which the ego vehicle is driving on a road without sidewalks, with three bicycles encroaching on some roads in front.",
    "Map": "Map(name=Carla/Maps/Town04)",
    "Collision": false,
    "Weather": "HardRainNight"
  },
  {
    "Scenario Name": "HazardAtSideLane_431",
    "Scenario Description": "Scenario in which the ego vehicle is driving on a road without sidewalks, with three bicycles encroaching on some roads in front.",
    "Map": "Map(name=Carla/Maps/Town04)",
    "Collision": false,
    "Weather": "ClearNight"
  },
  {
    "Scenario Name": "HazardAtSideLane_439",
    "Scenario Description": "Scenario in which the ego vehicle is driving on a road without sidewalks, with three bicycles encroaching on some roads in front.",
    "Map": "Map(name=Carla/Maps/Town04)",
    "Collision": false,
    "Weather": "HardRainNoon"
  },
  {
    "Scenario Name": "HazardAtSideLane_450",
    "Scenario Description": "Scenario in which the ego vehicle is driving on a road without sidewalks, with three bicycles encroaching on some roads in front.",
    "Map": "Map(name=Carla/Maps/Town04)",
    "Collision": false,
    "Weather": "HardRainNoon"
  },
  {
    "Scenario Name": "HazardAtSideLane_459",
    "Scenario Description": "Scenario in which the ego vehicle is driving on a road without sidewalks, with three bicycles encroaching on some roads in front.",
    "Map": "Map(name=Carla/Maps/Town04)",
    "Collision": false,
    "Weather": "HardRainNoon"
  },
  {
    "Scenario Name": "HazardAtSideLane_475",
    "Scenario Description": "Scenario in which the ego vehicle is driving on a road without sidewalks, with three bicycles encroaching on some roads in front.",
    "Map": "Map(name=Carla/Maps/Town04)",
    "Collision": false,
    "Weather": "HardRainNight"
  },
  {
    "Scenario Name": "HazardAtSideLane_498",
    "Scenario Description": "Scenario in which the ego vehicle is driving on a road without sidewalks, with three bicycles encroaching on some roads in front.",
    "Map": "Map(name=Carla/Maps/Town04)",
    "Collision": false,
    "Weather": "ClearNoon"
  }
]