[
  {
    "Scenario Name": "HazardAtSideLane_300",
    "Scenario Description": "Scenario in which the ego vehicle is driving on a road without sidewalks, with three bicycles encroaching on some roads in front.",
    "Map": "Map(name=Carla/Maps/Town04)",
    "Collision": true,
    "Weather": "HardRainNight",
    "Collision Type": "Actor(id=545, type=vehicle.diamondback.century)",
    "Time to Collision": 7.533322811126709,
    "Speed at Collision": 13.641036052023644,
    "Intensity": 1563.4151426719898
  },
  {
    "Scenario Name": "HazardAtSideLane_301",
    "Scenario Description": "Scenario in which the ego vehicle is driving on a road without sidewalks, with three bicycles encroaching on some roads in front.",
    "Map": "Map(name=Carla/Maps/Town04)",
    "Collision": true,
    "Weather": "ClearNight",
    "Collision Type": "Actor(id=551, type=vehicle.diamondback.century)",
    "Time to Collision": 6.335197448730469,
    "Speed at Collision": 22.04201276968363,
    "Intensity": 2752.52908799748
  },
  {
    "Scenario Name": "HazardAtSideLane_303",
    "Scenario Description": "Scenario in which the ego vehicle is driving on a road without sidewalks, with three bicycles encroaching on some roads in front.",
    "Map": "Map(name=Carla/Maps/Town04)",
    "Collision": true,
    "Weather": "ClearNight",
    "Collision Type": "Actor(id=563, type=vehicle.diamondback.century)",
    "Time to Collision": 5.0638587474823,
    "Speed at Collision": 18.923625876517278,
    "Intensity": 2431.3591638205726
  },
  {
    "Scenario Name": "HazardAtSideLane_304",
    "Scenario Description": "Scenario in which the ego vehicle is driving on a road without sidewalks, with three bicycles encroaching on some roads in front.",
    "Map": "Map(name=Carla/Maps/Town04)",
    "Collision": true,
    "Weather": "ClearNoon",
    "Collision Type": "Actor(id=569, type=vehicle.diamondback.century)",
    "Time to Collision": 4.324323415756226,
    "Speed at Collision": 16.727789086195376,
    "Intensity": 1993.6773961199508
  },
  {
    "Scenario Name": "HazardAtSideLane_305",
    "Scenario Description": "Scenario in which the ego vehicle is driving on a road without sidewalks, with three bicycles encroaching on some roads in front.",
    "Map": "Map(name=Carla/Maps/Town04)",
    "Collision": true,
    "Weather": "HardRainNoon",
    "Collision Type": "Actor(id=575, type=vehicle.diamondback.century)",
    "Time to Collision": 4.929842233657837,
    "Speed at Collision": 18.94193654121134,
    "Intensity": 2376.3449495976574
  },
  {
    "Scenario Name": "HazardAtSideLane_307",
    "Scenario Description": "Scenario in which the ego vehicle is driving on a road without sidewalks, with three bicycles encroaching on some roads in front.",
    "Map": "Map(name=Carla/Maps/Town04)",
    "Collision": true,
    "Weather": "HardRainNoon",
    "Collision Type": "Actor(id=587, type=vehicle.diamondback.century)",
    "Time to Collision": 5.406030654907227,
    "Speed at Collision": 19.804798603628136,
    "Intensity": 2294.338467148128
  },
  {
    "Scenario Name": "HazardAtSideLane_308",
    "Scenario Description": "Scenario in which the ego vehicle is driving on a road without sidewalks, with three bicycles encroaching on some roads in front.",
    "Map": "Map(name=Carla/Maps/Town04)",
    "Collision": true,
    "Weather": "ClearNoon",
    "Collision Type": "Actor(id=593, type=vehicle.diamondback.century)",
    "Time to Collision": 4.792929649353027,
    "Speed at Collision": 17.64398034045681,
    "Intensity": 2201.3277151976677
  },
  {
    "Scenario Name": "HazardAtSideLane_309",
    "Scenario Description": "Scenario in which the ego vehicle is driving on a road without sidewalks, with three bicycles encroaching on some roads in front.",
    "Map": "Map(name=Carla/Maps/Town04)",
    "Collision": true,
    "Weather": "HardRainNoon",
    "Collision Type": "Actor(id=599, type=vehicle.diamondback.century)",
    "Time to Collision": 6.926240921020508,
    "Speed at Collision": 18.925543423533572,
    "Intensity": 2227.061394986833
  },
  {
    "Scenario Name": "HazardAtSideLane_310",
    "Scenario Description": "Scenario in which the ego vehicle is driving on a road without sidewalks, with three bicycles encroaching on some roads in front.",
    "Map": "Map(name=Carla/Maps/Town04)",
    "Collision": true,
    "Weather": "ClearNoon",
    "Collision Type": "Actor(id=605, type=vehicle.diamondback.century)",
    "Time to Collision": 5.361378192901611,
    "Speed at Collision": 20.131928022910063,
    "Intensity": 2525.5684948411176
  },
  {
    "Scenario Name": "HazardAtSideLane_311",
    "Scenario Description": "Scenario in which the ego vehicle is driving on a road without sidewalks, with three bicycles encroaching on some roads in front.",
    "Map": "Map(name=Carla/Maps/Town04)",
    "Collision": true,
    "Weather": "ClearNight",
    "Collision Type": "Actor(id=611, type=vehicle.diamondback.century)",
    "Time to Collision": 6.061277627944946,
    "Speed at Collision": 21.512109063914785,
    "Intensity": 2570.616212828095
  },
  {
    "Scenario Name": "HazardAtSideLane_312",
    "Scenario Description": "Scenario in which the ego vehicle is driving on a road without sidewalks, with three bicycles encroaching on some roads in front.",
    "Map": "Map(name=Carla/Maps/Town04)",
    "Collision": true,
    "Weather": "HardRainNight",
    "Collision Type": "Actor(id=617, type=vehicle.diamondback.century)",
    "Time to Collision": 9.30088186264038,
    "Speed at Collision": 5.392639467157409,
    "Intensity": 401.2244617728658
  },
  {
    "Scenario Name": "HazardAtSideLane_313",
    "Scenario Description": "Scenario in which the ego vehicle is driving on a road without sidewalks, with three bicycles encroaching on some roads in front.",
    "Map": "Map(name=Carla/Maps/Town04)",
    "Collision": true,
    "Weather": "HardRainNight",
    "Collision Type": "Actor(id=623, type=vehicle.diamondback.century)",
    "Time to Collision": 5.669935703277588,
    "Speed at Collision": 19.000506449026158,
    "Intensity": 2335.9608947597244
  },
  {
    "Scenario Name": "HazardAtSideLane_315",
    "Scenario Description": "Scenario in which the ego vehicle is driving on a road without sidewalks, with three bicycles encroaching on some roads in front.",
    "Map": "Map(name=Carla/Maps/Town04)",
    "Collision": true,
    "Weather": "ClearNoon",
    "Collision Type": "Actor(id=635, type=vehicle.diamondback.century)",
    "Time to Collision": 6.424020767211914,
    "Speed at Collision": 22.35438031555851,
    "Intensity": 2796.124690152401
  },
  {
    "Scenario Name": "HazardAtSideLane_316",
    "Scenario Description": "Scenario in which the ego vehicle is driving on a road without sidewalks, with three bicycles encroaching on some roads in front.",
    "Map": "Map(name=Carla/Maps/Town04)",
    "Collision": true,
    "Weather": "HardRainNoon",
    "Collision Type": "Actor(id=641, type=vehicle.diamondback.century)",
    "Time to Collision": 5.166208744049072,
    "Speed at Collision": 14.401900969219621,
    "Intensity": 1713.1641012363414
  },
  {
    "Scenario Name": "HazardAtSideLane_317",
    "Scenario Description": "Scenario in which the ego vehicle is driving on a road without sidewalks, with three bicycles encroaching on some roads in front.",
    "Map": "Map(name=Carla/Maps/Town04)",
    "Collision": true,
    "Weather": "ClearNight",
    "Collision Type": "Actor(id=647, type=vehicle.diamondback.century)",
    "Time to Collision": 3.9816479682922363,
    "Speed at Collision": 15.71996748200559,
    "Intensity": 1730.5044634710832
  },
  {
    "Scenario Name": "HazardAtSideLane_318",
    "Scenario Description": "Scenario in which the ego vehicle is driving on a road without sidewalks, with three bicycles encroaching on some roads in front.",
    "Map": "Map(name=Carla/Maps/Town04)",
    "Collision": true,
    "Weather": "ClearNoon",
    "Collision Type": "Actor(id=653, type=vehicle.diamondback.century)",
    "Time to Collision": 6.710000514984131,
    "Speed at Collision": 22.66265446361508,
    "Intensity": 2660.773573931828
  },
  {
    "Scenario Name": "HazardAtSideLane_319",
    "Scenario Description": "Scenario in which the ego vehicle is driving on a road without sidewalks, with three bicycles encroaching on some roads in front.",
    "Map": "Map(name=Carla/Maps/Town04)",
    "Collision": true,
    "Weather": "HardRainNoon",
    "Collision Type": "Actor(id=659, type=vehicle.diamondback.century)",
    "Time to Collision": 19.00966238975525,
    "Speed at Collision": 3.4821037854084893,
    "Intensity": 128.2374899203099
  },
  {
    "Scenario Name": "HazardAtSideLane_320",
    "Scenario Description": "Scenario in which the ego vehicle is driving on a road without sidewalks, with three bicycles encroaching on some roads in front.",
    "Map": "Map(name=Carla/Maps/Town04)",
    "Collision": true,
    "Weather": "HardRainNoon",
    "Collision Type": "Actor(id=665, type=vehicle.diamondback.century)",
    "Time to Collision": 4.104067802429199,
    "Speed at Collision": 16.397011567151452,
    "Intensity": 1678.4541348107136
  },
  {
    "Scenario Name": "HazardAtSideLane_321",
    "Scenario Description": "Scenario in which the ego vehicle is driving on a road without sidewalks, with three bicycles encroaching on some roads in front.",
    "Map": "Map(name=Carla/Maps/Town04)",
    "Collision": true,
    "Weather": "ClearNight",
    "Collision Type": "Actor(id=671, type=vehicle.diamondback.century)",
    "Time to Collision": 5.807407379150391,
    "Speed at Collision": 16.057653687639103,
    "Intensity": 1924.5154432693726
  },
  {
    "Scenario Name": "HazardAtSideLane_322",
    "Scenario Description": "Scenario in which the ego vehicle is driving on a road without sidewalks, with three bicycles encroaching on some roads in front.",
    "Map": "Map(name=Carla/Maps/Town04)",
    "Collision": true,
    "Weather": "HardRainNight",
    "Collision Type": "Actor(id=677, type=vehicle.diamondback.century)",
    "Time to Collision": 5.159686803817749,
    "Speed at Collision": 19.284225474827775,
    "Intensity": 2416.934024068683
  },
  {
    "Scenario Name": "HazardAtSideLane_323",
    "Scenario Description": "Scenario in which the ego vehicle is driving on a road without sidewalks, with three bicycles encroaching on some roads in front.",
    "Map": "Map(name=Carla/Maps/Town04)",
    "Collision": true,
    "Weather": "ClearNoon",
    "Collision Type": "Actor(id=683, type=vehicle.diamondback.century)",
    "Time to Collision": 5.73164701461792,
    "Speed at Collision": 15.258137269454751,
    "Intensity": 1841.7957789653226
  },
  {
    "Scenario Name": "HazardAtSideLane_325",
    "Scenario Description": "Scenario in which the ego vehicle is driving on a road without sidewalks, with three bicycles encroaching on some roads in front.",
    "Map": "Map(name=Carla/Maps/Town04)",
    "Collision": true,
    "Weather": "ClearNight",
    "Collision Type": "Actor(id=695, type=vehicle.diamondback.century)",
    "Time to Collision": 4.82202935218811,
    "Speed at Collision": 18.640066357047676,
    "Intensity": 2165.913727039551
  },
  {
    "Scenario Name": "HazardAtSideLane_326",
    "Scenario Description": "Scenario in which the ego vehicle is driving on a road without sidewalks, with three bicycles encroaching on some roads in front.",
    "Map": "Map(name=Carla/Maps/Town04)",
    "Collision": true,
    "Weather": "ClearNoon",
    "Collision Type": "Actor(id=701, type=vehicle.diamondback.century)",
    "Time to Collision": 7.51228666305542,
    "Speed at Collision": 18.4497336137068,
    "Intensity": 2241.1066727056023
  },
  {
    "Scenario Name": "HazardAtSideLane_327",
    "Scenario Description": "Scenario in which the ego vehicle is driving on a road without sidewalks, with three bicycles encroaching on some roads in front.",
    "Map": "Map(name=Carla/Maps/Town04)",
    "Collision": true,
    "Weather": "HardRainNight",
    "Collision Type": "Actor(id=707, type=vehicle.diamondback.century)",
    "Time to Collision": 7.660085201263428,
    "Speed at Collision": 19.193917631581606,
    "Intensity": 2340.4021094008644
  },
  {
    "Scenario Name": "HazardAtSideLane_328",
    "Scenario Description": "Scenario in which the ego vehicle is driving on a road without sidewalks, with three bicycles encroaching on some roads in front.",
    "Map": "Map(name=Carla/Maps/Town04)",
    "Collision": true,
    "Weather": "HardRainNight",
    "Collision Type": "Actor(id=713, type=vehicle.diamondback.century)",
    "Time to Collision": 4.2154223918914795,
    "Speed at Collision": 16.547109013255124,
    "Intensity": 2040.132120207889
  },
  {
    "Scenario Name": "HazardAtSideLane_329",
    "Scenario Description": "Scenario in which the ego vehicle is driving on a road without sidewalks, with three bicycles encroaching on some roads in front.",
    "Map": "Map(name=Carla/Maps/Town04)",
    "Collision": true,
    "Weather": "HardRainNight",
    "Collision Type": "Actor(id=719, type=vehicle.diamondback.century)",
    "Time to Collision": 6.533395290374756,
    "Speed at Collision": 17.473937986178793,
    "Intensity": 2085.648626263301
  },
  {
    "Scenario Name": "HazardAtSideLane_330",
    "Scenario Description": "Scenario in which the ego vehicle is driving on a road without sidewalks, with three bicycles encroaching on some roads in front.",
    "Map": "Map(name=Carla/Maps/Town04)",
    "Collision": true,
    "Weather": "HardRainNoon",
    "Collision Type": "Actor(id=725, type=vehicle.diamondback.century)",
    "Time to Collision": 5.339302062988281,
    "Speed at Collision": 19.94020484912337,
    "Intensity": 2479.4764629968436
  },
  {
    "Scenario Name": "HazardAtSideLane_331",
    "Scenario Description": "Scenario in which the ego vehicle is driving on a road without sidewalks, with three bicycles encroaching on some roads in front.",
    "Map": "Map(name=Carla/Maps/Town04)",
    "Collision": true,
    "Weather": "ClearNight",
    "Collision Type": "Actor(id=731, type=vehicle.diamondback.century)",
    "Time to Collision": 5.327230453491211,
    "Speed at Collision": 19.749325455160697,
    "Intensity": 2141.0979291529043
  },
  {
    "Scenario Name": "HazardAtSideLane_332",
    "Scenario Description": "Scenario in which the ego vehicle is driving on a road without sidewalks, with three bicycles encroaching on some roads in front.",
    "Map": "Map(name=Carla/Maps/Town04)",
    "Collision": true,
    "Weather": "ClearNight",
    "Collision Type": "Actor(id=737, type=vehicle.diamondback.century)",
    "Time to Collision": 7.062709808349609,
    "Speed at Collision": 21.40884197869363,
    "Intensity": 2565.99689092993
  },
  {
    "Scenario Name": "HazardAtSideLane_334",
    "Scenario Description": "Scenario in which the ego vehicle is driving on a road without sidewalks, with three bicycles encroaching on some roads in front.",
    "Map": "Map(name=Carla/Maps/Town04)",
    "Collision": true,
    "Weather": "HardRainNight",
    "Collision Type": "Actor(id=749, type=vehicle.diamondback.century)",
    "Time to Collision": 5.613724231719971,
    "Speed at Collision": 14.046989332898058,
    "Intensity": 1461.6511258030869
  },
  {
    "Scenario Name": "HazardAtSideLane_335",
    "Scenario Description": "Scenario in which the ego vehicle is driving on a road without sidewalks, with three bicycles encroaching on some roads in front.",
    "Map": "Map(name=Carla/Maps/Town04)",
    "Collision": true,
    "Weather": "HardRainNoon",
    "Collision Type": "Actor(id=755, type=vehicle.diamondback.century)",
    "Time to Collision": 7.925046682357788,
    "Speed at Collision": 9.096441489512664,
    "Intensity": 920.5054556857148
  },
  {
    "Scenario Name": "HazardAtSideLane_336",
    "Scenario Description": "Scenario in which the ego vehicle is driving on a road without sidewalks, with three bicycles encroaching on some roads in front.",
    "Map": "Map(name=Carla/Maps/Town04)",
    "Collision": true,
    "Weather": "HardRainNoon",
    "Collision Type": "Actor(id=761, type=vehicle.diamondback.century)",
    "Time to Collision": 6.388349533081055,
    "Speed at Collision": 22.033264498853335,
    "Intensity": 2536.6177354093434
  },
  {
    "Scenario Name": "HazardAtSideLane_337",
    "Scenario Description": "Scenario in which the ego vehicle is driving on a road without sidewalks, with three bicycles encroaching on some roads in front.",
    "Map": "Map(name=Carla/Maps/Town04)",
    "Collision": true,
    "Weather": "ClearNoon",
    "Collision Type": "Actor(id=767, type=vehicle.diamondback.century)",
    "Time to Collision": 4.756304025650024,
    "Speed at Collision": 18.292258968872908,
    "Intensity": 2277.250969847625
  },
  {
    "Scenario Name": "HazardAtSideLane_338",
    "Scenario Description": "Scenario in which the ego vehicle is driving on a road without sidewalks, with three bicycles encroaching on some roads in front.",
    "Map": "Map(name=Carla/Maps/Town04)",
    "Collision": true,
    "Weather": "ClearNoon",
    "Collision Type": "Actor(id=773, type=vehicle.diamondback.century)",
    "Time to Collision": 6.473189353942871,
    "Speed at Collision": 18.171617775517053,
    "Intensity": 1997.05790933025
  },
  {
    "Scenario Name": "HazardAtSideLane_339",
    "Scenario Description": "Scenario in which the ego vehicle is driving on a road without sidewalks, with three bicycles encroaching on some roads in front.",
    "Map": "Map(name=Carla/Maps/Town04)",
    "Collision": true,
    "Weather": "ClearNight",
    "Collision Type": "Actor(id=779, type=vehicle.diamondback.century)",
    "Time to Collision": 5.531528949737549,
    "Speed at Collision": 12.355585982184095,
    "Intensity": 1183.205990475607
  },
  {
    "Scenario Name": "HazardAtSideLane_340",
    "Scenario Description": "Scenario in which the ego vehicle is driving on a road without sidewalks, with three bicycles encroaching on some roads in front.",
    "Map": "Map(name=Carla/Maps/Town04)",
    "Collision": true,
    "Weather": "ClearNight",
    "Collision Type": "Actor(id=785, type=vehicle.diamondback.century)",
    "Time to Collision": 6.762681484222412,
    "Speed at Collision": 13.63955288190685,
    "Intensity": 1471.8437111602082
  },
  {
    "Scenario Name": "HazardAtSideLane_342",
    "Scenario Description": "Scenario in which the ego vehicle is driving on a road without sidewalks, with three bicycles encroaching on some roads in front.",
    "Map": "Map(name=Carla/Maps/Town04)",
    "Collision": true,
    "Weather": "HardRainNight",
    "Collision Type": "Actor(id=797, type=vehicle.diamondback.century)",
    "Time to Collision": 5.47175669670105,
    "Speed at Collision": 19.91400460331498,
    "Intensity": 2389.205138088443
  },
  {
    "Scenario Name": "HazardAtSideLane_343",
    "Scenario Description": "Scenario in which the ego vehicle is driving on a road without sidewalks, with three bicycles encroaching on some roads in front.",
    "Map": "Map(name=Carla/Maps/Town04)",
    "Collision": true,
    "Weather": "HardRainNoon",
    "Collision Type": "Actor(id=803, type=vehicle.diamondback.century)",
    "Time to Collision": 6.85048246383667,
    "Speed at Collision": 7.2546766409569985,
    "Intensity": 655.8311058597333
  },
  {
    "Scenario Name": "HazardAtSideLane_345",
    "Scenario Description": "Scenario in which the ego vehicle is driving on a road without sidewalks, with three bicycles encroaching on some roads in front.",
    "Map": "Map(name=Carla/Maps/Town04)",
    "Collision": true,
    "Weather": "HardRainNight",
    "Collision Type": "Actor(id=815, type=vehicle.diamondback.century)",
    "Time to Collision": 7.127933979034424,
    "Speed at Collision": 13.110791038380057,
    "Intensity": 1487.5683952978172
  },
  {
    "Scenario Name": "HazardAtSideLane_346",
    "Scenario Description": "Scenario in which the ego vehicle is driving on a road without sidewalks, with three bicycles encroaching on some roads in front.",
    "Map": "Map(name=Carla/Maps/Town04)",
    "Collision": true,
    "Weather": "ClearNoon",
    "Collision Type": "Actor(id=821, type=vehicle.diamondback.century)",
    "Time to Collision": 4.660906076431274,
    "Speed at Collision": 12.571706233576535,
    "Intensity": 1422.8271979601443
  },
  {
    "Scenario Name": "HazardAtSideLane_347",
    "Scenario Description": "Scenario in which the ego vehicle is driving on a road without sidewalks, with three bicycles encroaching on some roads in front.",
    "Map": "Map(name=Carla/Maps/Town04)",
    "Collision": true,
    "Weather": "ClearNoon",
    "Collision Type": "Actor(id=827, type=vehicle.diamondback.century)",
    "Time to Collision": 3.871269941329956,
    "Speed at Collision": 12.810385646153645,
    "Intensity": 1515.8501413643958
  },
  {
    "Scenario Name": "HazardAtSideLane_348",
    "Scenario Description": "Scenario in which the ego vehicle is driving on a road without sidewalks, with three bicycles encroaching on some roads in front.",
    "Map": "Map(name=Carla/Maps/Town04)",
    "Collision": true,
    "Weather": "ClearNoon",
    "Collision Type": "Actor(id=833, type=vehicle.diamondback.century)",
    "Time to Collision": 6.062762975692749,
    "Speed at Collision": 16.31508546540161,
    "Intensity": 1949.4540619889567
  },
  {
    "Scenario Name": "HazardAtSideLane_349",
    "Scenario Description": "Scenario in which the ego vehicle is driving on a road without sidewalks, with three bicycles encroaching on some roads in front.",
    "Map": "Map(name=Carla/Maps/Town04)",
    "Collision": true,
    "Weather": "HardRainNoon",
    "Collision Type": "Actor(id=839, type=vehicle.diamondback.century)",
    "Time to Collision": 8.190074682235718,
    "Speed at Collision": 14.068543426756754,
    "Intensity": 1629.64122762853
  },
  {
    "Scenario Name": "HazardAtSideLane_350",
    "Scenario Description": "Scenario in which the ego vehicle is driving on a road without sidewalks, with three bicycles encroaching on some roads in front.",
    "Map": "Map(name=Carla/Maps/Town04)",
    "Collision": true,
    "Weather": "HardRainNoon",
    "Collision Type": "Actor(id=845, type=vehicle.diamondback.century)",
    "Time to Collision": 5.5821733474731445,
    "Speed at Collision": 17.661315750313594,
    "Intensity": 2074.67445746518
  },
  {
    "Scenario Name": "HazardAtSideLane_351",
    "Scenario Description": "Scenario in which the ego vehicle is driving on a road without sidewalks, with three bicycles encroaching on some roads in front.",
    "Map": "Map(name=Carla/Maps/Town04)",
    "Collision": true,
    "Weather": "ClearNoon",
    "Collision Type": "Actor(id=851, type=vehicle.diamondback.century)",
    "Time to Collision": 5.383955240249634,
    "Speed at Collision": 18.670491118343122,
    "Intensity": 2238.0569005577763
  },
  {
    "Scenario Name": "HazardAtSideLane_352",
    "Scenario Description": "Scenario in which the ego vehicle is driving on a road without sidewalks, with three bicycles encroaching on some roads in front.",
    "Map": "Map(name=Carla/Maps/Town04)",
    "Collision": true,
    "Weather": "HardRainNoon",
    "Collision Type": "Actor(id=857, type=vehicle.diamondback.century)",
    "Time to Collision": 9.48701810836792,
    "Speed at Collision": 13.10967795113205,
    "Intensity": 1435.3124823781031
  },
  {
    "Scenario Name": "HazardAtSideLane_353",
    "Scenario Description": "Scenario in which the ego vehicle is driving on a road without sidewalks, with three bicycles encroaching on some roads in front.",
    "Map": "Map(name=Carla/Maps/Town04)",
    "Collision": true,
    "Weather": "ClearNight",
    "Collision Type": "Actor(id=863, type=vehicle.diamondback.century)",
    "Time to Collision": 5.01920485496521,
    "Speed at Collision": 18.857130423091533,
    "Intensity": 1879.6466589678448
  },
  {
    "Scenario Name": "HazardAtSideLane_354",
    "Scenario Description": "Scenario in which the ego vehicle is driving on a road without sidewalks, with three bicycles encroaching on some roads in front.",
    "Map": "Map(name=Carla/Maps/Town04)",
    "Collision": true,
    "Weather": "HardRainNoon",
    "Collision Type": "Actor(id=869, type=vehicle.diamondback.century)",
    "Time to Collision": 4.980572938919067,
    "Speed at Collision": 18.467270222075367,
    "Intensity": 2225.4108502142076
  },
  {
    "Scenario Name": "HazardAtSideLane_355",
    "Scenario Description": "Scenario in which the ego vehicle is driving on a road without sidewalks, with three bicycles encroaching on some roads in front.",
    "Map": "Map(name=Carla/Maps/Town04)",
    "Collision": true,
    "Weather": "HardRainNight",
    "Collision Type": "Actor(id=875, type=vehicle.diamondback.century)",
    "Time to Collision": 7.361346960067749,
    "Speed at Collision": 16.838621001253607,
    "Intensity": 1944.229473789949
  },
  {
    "Scenario Name": "HazardAtSideLane_356",
    "Scenario Description": "Scenario in which the ego vehicle is driving on a road without sidewalks, with three bicycles encroaching on some roads in front.",
    "Map": "Map(name=Carla/Maps/Town04)",
    "Collision": true,
    "Weather": "HardRainNight",
    "Collision Type": "Actor(id=881, type=vehicle.diamondback.century)",
    "Time to Collision": 3.9655544757843018,
    "Speed at Collision": 15.768228316674936,
    "Intensity": 1862.3577777970781
  },
  {
    "Scenario Name": "HazardAtSideLane_357",
    "Scenario Description": "Scenario in which the ego vehicle is driving on a road without sidewalks, with three bicycles encroaching on some roads in front.",
    "Map": "Map(name=Carla/Maps/Town04)",
    "Collision": true,
    "Weather": "HardRainNoon",
    "Collision Type": "Actor(id=887, type=vehicle.diamondback.century)",
    "Time to Collision": 7.288986682891846,
    "Speed at Collision": 23.813857554343627,
    "Intensity": 2695.7471153022775
  },
  {
    "Scenario Name": "HazardAtSideLane_358",
    "Scenario Description": "Scenario in which the ego vehicle is driving on a road without sidewalks, with three bicycles encroaching on some roads in front.",
    "Map": "Map(name=Carla/Maps/Town04)",
    "Collision": true,
    "Weather": "ClearNoon",
    "Collision Type": "Actor(id=893, type=vehicle.diamondback.century)",
    "Time to Collision": 4.394062519073486,
    "Speed at Collision": 15.681761058263604,
    "Intensity": 1959.5504917187293
  },
  {
    "Scenario Name": "HazardAtSideLane_359",
    "Scenario Description": "Scenario in which the ego vehicle is driving on a road without sidewalks, with three bicycles encroaching on some roads in front.",
    "Map": "Map(name=Carla/Maps/Town04)",
    "Collision": true,
    "Weather": "ClearNoon",
    "Collision Type": "Actor(id=899, type=vehicle.diamondback.century)",
    "Time to Collision": 12.681957483291626,
    "Speed at Collision": 8.20214441753571,
    "Intensity": 772.7992180174854
  },
  {
    "Scenario Name": "HazardAtSideLane_360",
    "Scenario Description": "Scenario in which the ego vehicle is driving on a road without sidewalks, with three bicycles encroaching on some roads in front.",
    "Map": "Map(name=Carla/Maps/Town04)",
    "Collision": true,
    "Weather": "ClearNoon",
    "Collision Type": "Actor(id=905, type=vehicle.diamondback.century)",
    "Time to Collision": 5.362381458282471,
    "Speed at Collision": 20.187468422408912,
    "Intensity": 2476.645989953719
  },
  {
    "Scenario Name": "HazardAtSideLane_361",
    "Scenario Description": "Scenario in which the ego vehicle is driving on a road without sidewalks, with three bicycles encroaching on some roads in front.",
    "Map": "Map(name=Carla/Maps/Town04)",
    "Collision": true,
    "Weather": "HardRainNight",
    "Collision Type": "Actor(id=911, type=vehicle.diamondback.century)",
    "Time to Collision": 7.085486650466919,
    "Speed at Collision": 19.537592191519916,
    "Intensity": 2402.194897364042
  },
  {
    "Scenario Name": "HazardAtSideLane_362",
    "Scenario Description": "Scenario in which the ego vehicle is driving on a road without sidewalks, with three bicycles encroaching on some roads in front.",
    "Map": "Map(name=Carla/Maps/Town04)",
    "Collision": true,
    "Weather": "HardRainNoon",
    "Collision Type": "Actor(id=917, type=vehicle.diamondback.century)",
    "Time to Collision": 7.844891786575317,
    "Speed at Collision": 11.525826201605106,
    "Intensity": 1209.0961388967958
  },
  {
    "Scenario Name": "HazardAtSideLane_363",
    "Scenario Description": "Scenario in which the ego vehicle is driving on a road without sidewalks, with three bicycles encroaching on some roads in front.",
    "Map": "Map(name=Carla/Maps/Town04)",
    "Collision": true,
    "Weather": "HardRainNoon",
    "Collision Type": "Actor(id=923, type=vehicle.diamondback.century)",
    "Time to Collision": 4.292212724685669,
    "Speed at Collision": 16.489372012473176,
    "Intensity": 2022.1280504567721
  },
  {
    "Scenario Name": "HazardAtSideLane_364",
    "Scenario Description": "Scenario in which the ego vehicle is driving on a road without sidewalks, with three bicycles encroaching on some roads in front.",
    "Map": "Map(name=Carla/Maps/Town04)",
    "Collision": true,
    "Weather": "HardRainNight",
    "Collision Type": "Actor(id=929, type=vehicle.diamondback.century)",
    "Time to Collision": 14.09932804107666,
    "Speed at Collision": 9.4154079895867,
    "Intensity": 940.4132706307756
  },
  {
    "Scenario Name": "HazardAtSideLane_365",
    "Scenario Description": "Scenario in which the ego vehicle is driving on a road without sidewalks, with three bicycles encroaching on some roads in front.",
    "Map": "Map(name=Carla/Maps/Town04)",
    "Collision": true,
    "Weather": "ClearNoon",
    "Collision Type": "Actor(id=935, type=vehicle.diamondback.century)",
    "Time to Collision": 5.271552085876465,
    "Speed at Collision": 14.165490172147988,
    "Intensity": 1678.3171369091212
  },
  {
    "Scenario Name": "HazardAtSideLane_366",
    "Scenario Description": "Scenario in which the ego vehicle is driving on a road without sidewalks, with three bicycles encroaching on some roads in front.",
    "Map": "Map(name=Carla/Maps/Town04)",
    "Collision": true,
    "Weather": "HardRainNoon",
    "Collision Type": "Actor(id=941, type=vehicle.diamondback.century)",
    "Time to Collision": 7.153019428253174,
    "Speed at Collision": 23.56916809460169,
    "Intensity": 2892.5783211164608
  },
  {
    "Scenario Name": "HazardAtSideLane_367",
    "Scenario Description": "Scenario in which the ego vehicle is driving on a road without sidewalks, with three bicycles encroaching on some roads in front.",
    "Map": "Map(name=Carla/Maps/Town04)",
    "Collision": true,
    "Weather": "ClearNoon",
    "Collision Type": "Actor(id=947, type=vehicle.diamondback.century)",
    "Time to Collision": 5.1286680698394775,
    "Speed at Collision": 19.30327656982319,
    "Intensity": 2392.095189975991
  },
  {
    "Scenario Name": "HazardAtSideLane_368",
    "Scenario Description": "Scenario in which the ego vehicle is driving on a road without sidewalks, with three bicycles encroaching on some roads in front.",
    "Map": "Map(name=Carla/Maps/Town04)",
    "Collision": true,
    "Weather": "HardRainNoon",
    "Collision Type": "Actor(id=953, type=vehicle.diamondback.century)",
    "Time to Collision": 4.856648206710815,
    "Speed at Collision": 14.63627602054152,
    "Intensity": 1766.6925348851955
  },
  {
    "Scenario Name": "HazardAtSideLane_370",
    "Scenario Description": "Scenario in which the ego vehicle is driving on a road without sidewalks, with three bicycles encroaching on some roads in front.",
    "Map": "Map(name=Carla/Maps/Town04)",
    "Collision": true,
    "Weather": "ClearNight",
    "Collision Type": "Actor(id=965, type=vehicle.diamondback.century)",
    "Time to Collision": 3.7498538494110107,
    "Speed at Collision": 15.327645536644429,
    "Intensity": 1815.2926661404574
  },
  {
    "Scenario Name": "HazardAtSideLane_371",
    "Scenario Description": "Scenario in which the ego vehicle is driving on a road without sidewalks, with three bicycles encroaching on some roads in front.",
    "Map": "Map(name=Carla/Maps/Town04)",
    "Collision": true,
    "Weather": "ClearNight",
    "Collision Type": "Actor(id=971, type=vehicle.diamondback.century)",
    "Time to Collision": 8.370819091796875,
    "Speed at Collision": 14.167968193968436,
    "Intensity": 1638.5556709142782
  },
  {
    "Scenario Name": "HazardAtSideLane_372",
    "Scenario Description": "Scenario in which the ego vehicle is driving on a road without sidewalks, with three bicycles encroaching on some roads in front.",
    "Map": "Map(name=Carla/Maps/Town04)",
    "Collision": true,
    "Weather": "HardRainNoon",
    "Collision Type": "Actor(id=977, type=vehicle.diamondback.century)",
    "Time to Collision": 4.729698181152344,
    "Speed at Collision": 18.11529989229494,
    "Intensity": 1974.9107848568985
  },
  {
    "Scenario Name": "HazardAtSideLane_373",
    "Scenario Description": "Scenario in which the ego vehicle is driving on a road without sidewalks, with three bicycles encroaching on some roads in front.",
    "Map": "Map(name=Carla/Maps/Town04)",
    "Collision": true,
    "Weather": "ClearNight",
    "Collision Type": "Actor(id=983, type=vehicle.diamondback.century)",
    "Time to Collision": 6.541924953460693,
    "Speed at Collision": 14.444873539726537,
    "Intensity": 1586.0977289190741
  },
  {
    "Scenario Name": "HazardAtSideLane_374",
    "Scenario Description": "Scenario in which the ego vehicle is driving on a road without sidewalks, with three bicycles encroaching on some roads in front.",
    "Map": "Map(name=Carla/Maps/Town04)",
    "Collision": true,
    "Weather": "ClearNight",
    "Collision Type": "Actor(id=989, type=vehicle.diamondback.century)",
    "Time to Collision": 7.715447902679443,
    "Speed at Collision": 13.083693278036005,
    "Intensity": 1482.342656695886
  },
  {
    "Scenario Name": "HazardAtSideLane_375",
    "Scenario Description": "Scenario in which the ego vehicle is driving on a road without sidewalks, with three bicycles encroaching on some roads in front.",
    "Map": "Map(name=Carla/Maps/Town04)",
    "Collision": true,
    "Weather": "HardRainNoon",
    "Collision Type": "Actor(id=995, type=vehicle.diamondback.century)",
    "Time to Collision": 5.566546678543091,
    "Speed at Collision": 20.60013319026506,
    "Intensity": 2589.601508893752
  },
  {
    "Scenario Name": "HazardAtSideLane_376",
    "Scenario Description": "Scenario in which the ego vehicle is driving on a road without sidewalks, with three bicycles encroaching on some roads in front.",
    "Map": "Map(name=Carla/Maps/Town04)",
    "Collision": true,
    "Weather": "ClearNight",
    "Collision Type": "Actor(id=1001, type=vehicle.diamondback.century)",
    "Time to Collision": 6.58856463432312,
    "Speed at Collision": 22.532590521757403,
    "Intensity": 2819.939376691429
  },
  {
    "Scenario Name": "HazardAtSideLane_378",
    "Scenario Description": "Scenario in which the ego vehicle is driving on a road without sidewalks, with three bicycles encroaching on some roads in front.",
    "Map": "Map(name=Carla/Maps/Town04)",
    "Collision": true,
    "Weather": "ClearNoon",
    "Collision Type": "Actor(id=1013, type=vehicle.diamondback.century)",
    "Time to Collision": 6.536908864974976,
    "Speed at Collision": 5.651588660608294,
    "Intensity": 444.7979310735481
  },
  {
    "Scenario Name": "HazardAtSideLane_379",
    "Scenario Description": "Scenario in which the ego vehicle is driving on a road without sidewalks, with three bicycles encroaching on some roads in front.",
    "Map": "Map(name=Carla/Maps/Town04)",
    "Collision": true,
    "Weather": "HardRainNoon",
    "Collision Type": "Actor(id=1019, type=vehicle.diamondback.century)",
    "Time to Collision": 5.8289806842803955,
    "Speed at Collision": 13.7187414390981,
    "Intensity": 1518.8290375063305
  },
  {
    "Scenario Name": "HazardAtSideLane_380",
    "Scenario Description": "Scenario in which the ego vehicle is driving on a road without sidewalks, with three bicycles encroaching on some roads in front.",
    "Map": "Map(name=Carla/Maps/Town04)",
    "Collision": true,
    "Weather": "ClearNight",
    "Collision Type": "Actor(id=1025, type=vehicle.diamondback.century)",
    "Time to Collision": 6.69197940826416,
    "Speed at Collision": 22.899656722628034,
    "Intensity": 2814.774905809602
  },
  {
    "Scenario Name": "HazardAtSideLane_383",
    "Scenario Description": "Scenario in which the ego vehicle is driving on a road without sidewalks, with three bicycles encroaching on some roads in front.",
    "Map": "Map(name=Carla/Maps/Town04)",
    "Collision": true,
    "Weather": "ClearNoon",
    "Collision Type": "Actor(id=1043, type=vehicle.diamondback.century)",
    "Time to Collision": 5.012682914733887,
    "Speed at Collision": 19.06072981796187,
    "Intensity": 2397.303115707868
  },
  {
    "Scenario Name": "HazardAtSideLane_384",
    "Scenario Description": "Scenario in which the ego vehicle is driving on a road without sidewalks, with three bicycles encroaching on some roads in front.",
    "Map": "Map(name=Carla/Maps/Town04)",
    "Collision": true,
    "Weather": "HardRainNight",
    "Collision Type": "Actor(id=1049, type=vehicle.diamondback.century)",
    "Time to Collision": 9.12829065322876,
    "Speed at Collision": 11.070921306647621,
    "Intensity": 1234.0403524933965
  },
  {
    "Scenario Name": "HazardAtSideLane_386",
    "Scenario Description": "Scenario in which the ego vehicle is driving on a road without sidewalks, with three bicycles encroaching on some roads in front.",
    "Map": "Map(name=Carla/Maps/Town04)",
    "Collision": true,
    "Weather": "ClearNight",
    "Collision Type": "Actor(id=1061, type=vehicle.diamondback.century)",
    "Time to Collision": 7.171934366226196,
    "Speed at Collision": 8.830789370202456,
    "Intensity": 881.5396112445973
  },
  {
    "Scenario Name": "HazardAtSideLane_387",
    "Scenario Description": "Scenario in which the ego vehicle is driving on a road without sidewalks, with three bicycles encroaching on some roads in front.",
    "Map": "Map(name=Carla/Maps/Town04)",
    "Collision": true,
    "Weather": "ClearNoon",
    "Collision Type": "Actor(id=1067, type=vehicle.diamondback.century)",
    "Time to Collision": 4.852132797241211,
    "Speed at Collision": 9.059405874201508,
    "Intensity": 965.2433463022985
  },
  {
    "Scenario Name": "HazardAtSideLane_388",
    "Scenario Description": "Scenario in which the ego vehicle is driving on a road without sidewalks, with three bicycles encroaching on some roads in front.",
    "Map": "Map(name=Carla/Maps/Town04)",
    "Collision": true,
    "Weather": "HardRainNoon",
    "Collision Type": "Actor(id=1073, type=vehicle.diamondback.century)",
    "Time to Collision": 5.718101501464844,
    "Speed at Collision": 20.57748258613459,
    "Intensity": 2455.503223683498
  },
  {
    "Scenario Name": "HazardAtSideLane_389",
    "Scenario Description": "Scenario in which the ego vehicle is driving on a road without sidewalks, with three bicycles encroaching on some roads in front.",
    "Map": "Map(name=Carla/Maps/Town04)",
    "Collision": true,
    "Weather": "HardRainNight",
    "Collision Type": "Actor(id=1079, type=vehicle.diamondback.century)",
    "Time to Collision": 3.8767712116241455,
    "Speed at Collision": 15.260859697570105,
    "Intensity": 1877.0367011432497
  },
  {
    "Scenario Name": "HazardAtSideLane_390",
    "Scenario Description": "Scenario in which the ego vehicle is driving on a road without sidewalks, with three bicycles encroaching on some roads in front.",
    "Map": "Map(name=Carla/Maps/Town04)",
    "Collision": true,
    "Weather": "HardRainNight",
    "Collision Type": "Actor(id=1085, type=vehicle.diamondback.century)",
    "Time to Collision": 6.075770139694214,
    "Speed at Collision": 12.58683357317396,
    "Intensity": 1456.445404523644
  },
  {
    "Scenario Name": "HazardAtSideLane_391",
    "Scenario Description": "Scenario in which the ego vehicle is driving on a road without sidewalks, with three bicycles encroaching on some roads in front.",
    "Map": "Map(name=Carla/Maps/Town04)",
    "Collision": true,
    "Weather": "HardRainNoon",
    "Collision Type": "Actor(id=1091, type=vehicle.diamondback.century)",
    "Time to Collision": 5.928191661834717,
    "Speed at Collision": 21.121931794801725,
    "Intensity": 2574.5007860679943
  },
  {
    "Scenario Name": "HazardAtSideLane_392",
    "Scenario Description": "Scenario in which the ego vehicle is driving on a road without sidewalks, with three bicycles encroaching on some roads in front.",
    "Map": "Map(name=Carla/Maps/Town04)",
    "Collision": true,
    "Weather": "HardRainNoon",
    "Collision Type": "Actor(id=1097, type=vehicle.diamondback.century)",
    "Time to Collision": 6.746569395065308,
    "Speed at Collision": 22.683703545472184,
    "Intensity": 367.2483390168408
  },
  {
    "Scenario Name": "HazardAtSideLane_393",
    "Scenario Description": "Scenario in which the ego vehicle is driving on a road without sidewalks, with three bicycles encroaching on some roads in front.",
    "Map": "Map(name=Carla/Maps/Town04)",
    "Collision": true,
    "Weather": "HardRainNight",
    "Collision Type": "Actor(id=1103, type=vehicle.diamondback.century)",
    "Time to Collision": 7.442547082901001,
    "Speed at Collision": 17.708983638662087,
    "Intensity": 2036.1848650003706
  },
  {
    "Scenario Name": "HazardAtSideLane_394",
    "Scenario Description": "Scenario in which the ego vehicle is driving on a road without sidewalks, with three bicycles encroaching on some roads in front.",
    "Map": "Map(name=Carla/Maps/Town04)",
    "Collision": true,
    "Weather": "HardRainNight",
    "Collision Type": "Actor(id=1109, type=vehicle.diamondback.century)",
    "Time to Collision": 6.053700685501099,
    "Speed at Collision": 20.833572147140192,
    "Intensity": 2597.4760196088896
  },
  {
    "Scenario Name": "HazardAtSideLane_395",
    "Scenario Description": "Scenario in which the ego vehicle is driving on a road without sidewalks, with three bicycles encroaching on some roads in front.",
    "Map": "Map(name=Carla/Maps/Town04)",
    "Collision": true,
    "Weather": "ClearNight",
    "Collision Type": "Actor(id=1115, type=vehicle.diamondback.century)",
    "Time to Collision": 7.2899885177612305,
    "Speed at Collision": 23.996380124724382,
    "Intensity": 2885.4411214960887
  },
  {
    "Scenario Name": "HazardAtSideLane_396",
    "Scenario Description": "Scenario in which the ego vehicle is driving on a road without sidewalks, with three bicycles encroaching on some roads in front.",
    "Map": "Map(name=Carla/Maps/Town04)",
    "Collision": true,
    "Weather": "HardRainNoon",
    "Collision Type": "Actor(id=1121, type=vehicle.diamondback.century)",
    "Time to Collision": 4.744188547134399,
    "Speed at Collision": 18.080177641817997,
    "Intensity": 2287.8697596560096
  },
  {
    "Scenario Name": "HazardAtSideLane_397",
    "Scenario Description": "Scenario in which the ego vehicle is driving on a road without sidewalks, with three bicycles encroaching on some roads in front.",
    "Map": "Map(name=Carla/Maps/Town04)",
    "Collision": true,
    "Weather": "HardRainNight",
    "Collision Type": "Actor(id=1127, type=vehicle.diamondback.century)",
    "Time to Collision": 5.864060878753662,
    "Speed at Collision": 14.024553792071584,
    "Intensity": 1649.2938788181848
  },
  {
    "Scenario Name": "HazardAtSideLane_398",
    "Scenario Description": "Scenario in which the ego vehicle is driving on a road without sidewalks, with three bicycles encroaching on some roads in front.",
    "Map": "Map(name=Carla/Maps/Town04)",
    "Collision": true,
    "Weather": "HardRainNight",
    "Collision Type": "Actor(id=1133, type=vehicle.diamondback.century)",
    "Time to Collision": 8.134226322174072,
    "Speed at Collision": 5.507980651754036,
    "Intensity": 350.346512047735
  },
  {
    "Scenario Name": "HazardAtSideLane_399",
    "Scenario Description": "Scenario in which the ego vehicle is driving on a road without sidewalks, with three bicycles encroaching on some roads in front.",
    "Map": "Map(name=Carla/Maps/Town04)",
    "Collision": true,
    "Weather": "HardRainNoon",
    "Collision Type": "Actor(id=1139, type=vehicle.diamondback.century)",
    "Time to Collision": 6.031174182891846,
    "Speed at Collision": 21.268321500177805,
    "Intensity": 2609.0113629300117
  }
]