[
  {
    "Scenario Name": "HazardAtSideLane_302",
    "Scenario Description": "Scenario in which the ego vehicle is driving on a road without sidewalks, with three bicycles encroaching on some roads in front.",
    "Map": "Map(name=Carla/Maps/Town04)",
    "Collision": false,
    "Weather": "HardRainNight"
  },
  {
    "Scenario Name": "HazardAtSideLane_306",
    "Scenario Description": "Scenario in which the ego vehicle is driving on a road without sidewalks, with three bicycles encroaching on some roads in front.",
    "Map": "Map(name=Carla/Maps/Town04)",
    "Collision": false,
    "Weather": "HardRainNight"
  },
  {
    "Scenario Name": "HazardAtSideLane_314",
    "Scenario Description": "Scenario in which the ego vehicle is driving on a road without sidewalks, with three bicycles encroaching on some roads in front.",
    "Map": "Map(name=Carla/Maps/Town04)",
    "Collision": false,
    "Weather": "HardRainNoon"
  },
  {
    "Scenario Name": "HazardAtSideLane_324",
    "Scenario Description": "Scenario in which the ego vehicle is driving on a road without sidewalks, with three bicycles encroaching on some roads in front.",
    "Map": "Map(name=Carla/Maps/Town04)",
    "Collision": false,
    "Weather": "ClearNight"
  },
  {
    "Scenario Name": "HazardAtSideLane_333",
    "Scenario Description": "Scenario in which the ego vehicle is driving on a road without sidewalks, with three bicycles encroaching on some roads in front.",
    "Map": "Map(name=Carla/Maps/Town04)",
    "Collision": false,
    "Weather": "HardRainNight"
  },
  {
    "Scenario Name": "HazardAtSideLane_341",
    "Scenario Description": "Scenario in which the ego vehicle is driving on a road without sidewalks, with three bicycles encroaching on some roads in front.",
    "Map": "Map(name=Carla/Maps/Town04)",
    "Collision": false,
    "Weather": "HardRainNight"
  },
  {
    "Scenario Name": "HazardAtSideLane_344",
    "Scenario Description": "Scenario in which the ego vehicle is driving on a road without sidewalks, with three bicycles encroaching on some roads in front.",
    "Map": "Map(name=Carla/Maps/Town04)",
    "Collision": false,
    "Weather": "HardRainNight"
  },
  {
    "Scenario Name": "HazardAtSideLane_369",
    "Scenario Description": "Scenario in which the ego vehicle is driving on a road without sidewalks, with three bicycles encroaching on some roads in front.",
    "Map": "Map(name=Carla/Maps/Town04)",
    "Collision": false,
    "Weather": "HardRainNight"
  },
  {
    "Scenario Name": "HazardAtSideLane_377",
    "Scenario Description": "Scenario in which the ego vehicle is driving on a road without sidewalks, with three bicycles encroaching on some roads in front.",
    "Map": "Map(name=Carla/Maps/Town04)",
    "Collision": false,
    "Weather": "HardRainNoon"
  },
  {
    "Scenario Name": "HazardAtSideLane_381",
    "Scenario Description": "Scenario in which the ego vehicle is driving on a road without sidewalks, with three bicycles encroaching on some roads in front.",
    "Map": "Map(name=Carla/Maps/Town04)",
    "Collision": false,
    "Weather": "HardRainNoon"
  },
  {
    "Scenario Name": "HazardAtSideLane_382",
    "Scenario Description": "Scenario in which the ego vehicle is driving on a road without sidewalks, with three bicycles encroaching on some roads in front.",
    "Map": "Map(name=Carla/Maps/Town04)",
    "Collision": false,
    "Weather": "HardRainNoon"
  },
  {
    "Scenario Name": "HazardAtSideLane_385",
    "Scenario Description": "Scenario in which the ego vehicle is driving on a road without sidewalks, with three bicycles encroaching on some roads in front.",
    "Map": "Map(name=Carla/Maps/Town04)",
    "Collision": false,
    "Weather": "ClearNight"
  }
]