[
  {
    "Scenario Name": "HazardAtSideLane_604",
    "Scenario Description": "Scenario in which the ego vehicle is driving on a road without sidewalks, with three bicycles encroaching on some roads in front.",
    "Map": "Map(name=Carla/Maps/Town04)",
    "Collision": false,
    "Weather": "HardRainNight"
  },
  {
    "Scenario Name": "HazardAtSideLane_606",
    "Scenario Description": "Scenario in which the ego vehicle is driving on a road without sidewalks, with three bicycles encroaching on some roads in front.",
    "Map": "Map(name=Carla/Maps/Town04)",
    "Collision": false,
    "Weather": "ClearNight"
  },
  {
    "Scenario Name": "HazardAtSideLane_612",
    "Scenario Description": "Scenario in which the ego vehicle is driving on a road without sidewalks, with three bicycles encroaching on some roads in front.",
    "Map": "Map(name=Carla/Maps/Town04)",
    "Collision": false,
    "Weather": "ClearNight"
  },
  {
    "Scenario Name": "HazardAtSideLane_620",
    "Scenario Description": "Scenario in which the ego vehicle is driving on a road without sidewalks, with three bicycles encroaching on some roads in front.",
    "Map": "Map(name=Carla/Maps/Town04)",
    "Collision": false,
    "Weather": "HardRainNoon"
  },
  {
    "Scenario Name": "HazardAtSideLane_635",
    "Scenario Description": "Scenario in which the ego vehicle is driving on a road without sidewalks, with three bicycles encroaching on some roads in front.",
    "Map": "Map(name=Carla/Maps/Town04)",
    "Collision": false,
    "Weather": "HardRainNight"
  },
  {
    "Scenario Name": "HazardAtSideLane_641",
    "Scenario Description": "Scenario in which the ego vehicle is driving on a road without sidewalks, with three bicycles encroaching on some roads in front.",
    "Map": "Map(name=Carla/Maps/Town04)",
    "Collision": false,
    "Weather": "HardRainNoon"
  },
  {
    "Scenario Name": "HazardAtSideLane_647",
    "Scenario Description": "Scenario in which the ego vehicle is driving on a road without sidewalks, with three bicycles encroaching on some roads in front.",
    "Map": "Map(name=Carla/Maps/Town04)",
    "Collision": false,
    "Weather": "ClearNoon"
  },
  {
    "Scenario Name": "HazardAtSideLane_665",
    "Scenario Description": "Scenario in which the ego vehicle is driving on a road without sidewalks, with three bicycles encroaching on some roads in front.",
    "Map": "Map(name=Carla/Maps/Town04)",
    "Collision": false,
    "Weather": "HardRainNight"
  },
  {
    "Scenario Name": "HazardAtSideLane_669",
    "Scenario Description": "Scenario in which the ego vehicle is driving on a road without sidewalks, with three bicycles encroaching on some roads in front.",
    "Map": "Map(name=Carla/Maps/Town04)",
    "Collision": false,
    "Weather": "HardRainNight"
  },
  {
    "Scenario Name": "HazardAtSideLane_675",
    "Scenario Description": "Scenario in which the ego vehicle is driving on a road without sidewalks, with three bicycles encroaching on some roads in front.",
    "Map": "Map(name=Carla/Maps/Town04)",
    "Collision": false,
    "Weather": "HardRainNight"
  },
  {
    "Scenario Name": "HazardAtSideLane_680",
    "Scenario Description": "Scenario in which the ego vehicle is driving on a road without sidewalks, with three bicycles encroaching on some roads in front.",
    "Map": "Map(name=Carla/Maps/Town04)",
    "Collision": false,
    "Weather": "HardRainNight"
  },
  {
    "Scenario Name": "HazardAtSideLane_685",
    "Scenario Description": "Scenario in which the ego vehicle is driving on a road without sidewalks, with three bicycles encroaching on some roads in front.",
    "Map": "Map(name=Carla/Maps/Town04)",
    "Collision": false,
    "Weather": "HardRainNoon"
  },
  {
    "Scenario Name": "HazardAtSideLane_693",
    "Scenario Description": "Scenario in which the ego vehicle is driving on a road without sidewalks, with three bicycles encroaching on some roads in front.",
    "Map": "Map(name=Carla/Maps/Town04)",
    "Collision": false,
    "Weather": "ClearNoon"
  },
  {
    "Scenario Name": "HazardAtSideLane_695",
    "Scenario Description": "Scenario in which the ego vehicle is driving on a road without sidewalks, with three bicycles encroaching on some roads in front.",
    "Map": "Map(name=Carla/Maps/Town04)",
    "Collision": false,
    "Weather": "HardRainNoon"
  },
  {
    "Scenario Name": "HazardAtSideLane_696",
    "Scenario Description": "Scenario in which the ego vehicle is driving on a road without sidewalks, with three bicycles encroaching on some roads in front.",
    "Map": "Map(name=Carla/Maps/Town04)",
    "Collision": false,
    "Weather": "ClearNoon"
  }
]