[
  {
    "Scenario Name": "HazardAtSideLane_600",
    "Scenario Description": "Scenario in which the ego vehicle is driving on a road without sidewalks, with three bicycles encroaching on some roads in front.",
    "Map": "Map(name=Carla/Maps/Town04)",
    "Collision": true,
    "Weather": "HardRainNight",
    "Collision Type": "Actor(id=749, type=vehicle.diamondback.century)",
    "Time to Collision": 6.364973545074463,
    "Speed at Collision": 12.320078563691064,
    "Intensity": 1416.0059108873083
  },
  {
    "Scenario Name": "HazardAtSideLane_601",
    "Scenario Description": "Scenario in which the ego vehicle is driving on a road without sidewalks, with three bicycles encroaching on some roads in front.",
    "Map": "Map(name=Carla/Maps/Town04)",
    "Collision": true,
    "Weather": "ClearNight",
    "Collision Type": "Actor(id=755, type=vehicle.diamondback.century)",
    "Time to Collision": 6.288774251937866,
    "Speed at Collision": 21.22821936015506,
    "Intensity": 2658.8938695228676
  },
  {
    "Scenario Name": "HazardAtSideLane_602",
    "Scenario Description": "Scenario in which the ego vehicle is driving on a road without sidewalks, with three bicycles encroaching on some roads in front.",
    "Map": "Map(name=Carla/Maps/Town04)",
    "Collision": true,
    "Weather": "HardRainNight",
    "Collision Type": "Actor(id=761, type=vehicle.diamondback.century)",
    "Time to Collision": 7.180050611495972,
    "Speed at Collision": 23.628273416517892,
    "Intensity": 1882.2673032189987
  },
  {
    "Scenario Name": "HazardAtSideLane_603",
    "Scenario Description": "Scenario in which the ego vehicle is driving on a road without sidewalks, with three bicycles encroaching on some roads in front.",
    "Map": "Map(name=Carla/Maps/Town04)",
    "Collision": true,
    "Weather": "ClearNoon",
    "Collision Type": "Actor(id=767, type=vehicle.diamondback.century)",
    "Time to Collision": 7.015502214431763,
    "Speed at Collision": 16.83986116132267,
    "Intensity": 1950.431940614045
  },
  {
    "Scenario Name": "HazardAtSideLane_605",
    "Scenario Description": "Scenario in which the ego vehicle is driving on a road without sidewalks, with three bicycles encroaching on some roads in front.",
    "Map": "Map(name=Carla/Maps/Town04)",
    "Collision": true,
    "Weather": "HardRainNight",
    "Collision Type": "Actor(id=779, type=vehicle.diamondback.century)",
    "Time to Collision": 5.198821544647217,
    "Speed at Collision": 19.57631550932221,
    "Intensity": 2420.5000475717957
  },
  {
    "Scenario Name": "HazardAtSideLane_607",
    "Scenario Description": "Scenario in which the ego vehicle is driving on a road without sidewalks, with three bicycles encroaching on some roads in front.",
    "Map": "Map(name=Carla/Maps/Town04)",
    "Collision": true,
    "Weather": "HardRainNight",
    "Collision Type": "Actor(id=791, type=vehicle.diamondback.century)",
    "Time to Collision": 7.358708620071411,
    "Speed at Collision": 19.48305427798452,
    "Intensity": 2294.4025275434346
  },
  {
    "Scenario Name": "HazardAtSideLane_608",
    "Scenario Description": "Scenario in which the ego vehicle is driving on a road without sidewalks, with three bicycles encroaching on some roads in front.",
    "Map": "Map(name=Carla/Maps/Town04)",
    "Collision": true,
    "Weather": "ClearNight",
    "Collision Type": "Actor(id=797, type=vehicle.diamondback.century)",
    "Time to Collision": 4.811995029449463,
    "Speed at Collision": 18.362836436998574,
    "Intensity": 2026.0346148687383
  },
  {
    "Scenario Name": "HazardAtSideLane_609",
    "Scenario Description": "Scenario in which the ego vehicle is driving on a road without sidewalks, with three bicycles encroaching on some roads in front.",
    "Map": "Map(name=Carla/Maps/Town04)",
    "Collision": true,
    "Weather": "HardRainNight",
    "Collision Type": "Actor(id=803, type=vehicle.diamondback.century)",
    "Time to Collision": 4.170796632766724,
    "Speed at Collision": 15.963327906254325,
    "Intensity": 2127.839750667017
  },
  {
    "Scenario Name": "HazardAtSideLane_610",
    "Scenario Description": "Scenario in which the ego vehicle is driving on a road without sidewalks, with three bicycles encroaching on some roads in front.",
    "Map": "Map(name=Carla/Maps/Town04)",
    "Collision": true,
    "Weather": "HardRainNoon",
    "Collision Type": "Actor(id=809, type=vehicle.diamondback.century)",
    "Time to Collision": 5.143399000167847,
    "Speed at Collision": 17.580963541832592,
    "Intensity": 2155.4049193026685
  },
  {
    "Scenario Name": "HazardAtSideLane_611",
    "Scenario Description": "Scenario in which the ego vehicle is driving on a road without sidewalks, with three bicycles encroaching on some roads in front.",
    "Map": "Map(name=Carla/Maps/Town04)",
    "Collision": true,
    "Weather": "ClearNight",
    "Collision Type": "Actor(id=815, type=vehicle.diamondback.century)",
    "Time to Collision": 5.229459524154663,
    "Speed at Collision": 19.6033918447192,
    "Intensity": 2068.556132429629
  },
  {
    "Scenario Name": "HazardAtSideLane_613",
    "Scenario Description": "Scenario in which the ego vehicle is driving on a road without sidewalks, with three bicycles encroaching on some roads in front.",
    "Map": "Map(name=Carla/Maps/Town04)",
    "Collision": true,
    "Weather": "HardRainNight",
    "Collision Type": "Actor(id=827, type=vehicle.diamondback.century)",
    "Time to Collision": 8.239744663238525,
    "Speed at Collision": 15.529551262209145,
    "Intensity": 1552.1708222635507
  },
  {
    "Scenario Name": "HazardAtSideLane_614",
    "Scenario Description": "Scenario in which the ego vehicle is driving on a road without sidewalks, with three bicycles encroaching on some roads in front.",
    "Map": "Map(name=Carla/Maps/Town04)",
    "Collision": true,
    "Weather": "ClearNoon",
    "Collision Type": "Actor(id=833, type=vehicle.diamondback.century)",
    "Time to Collision": 6.964373350143433,
    "Speed at Collision": 18.785389836711854,
    "Intensity": 2288.861732516872
  },
  {
    "Scenario Name": "HazardAtSideLane_615",
    "Scenario Description": "Scenario in which the ego vehicle is driving on a road without sidewalks, with three bicycles encroaching on some roads in front.",
    "Map": "Map(name=Carla/Maps/Town04)",
    "Collision": true,
    "Weather": "ClearNoon",
    "Collision Type": "Actor(id=839, type=vehicle.diamondback.century)",
    "Time to Collision": 7.6062867641448975,
    "Speed at Collision": 11.792795879627311,
    "Intensity": 1218.881760343718
  },
  {
    "Scenario Name": "HazardAtSideLane_616",
    "Scenario Description": "Scenario in which the ego vehicle is driving on a road without sidewalks, with three bicycles encroaching on some roads in front.",
    "Map": "Map(name=Carla/Maps/Town04)",
    "Collision": true,
    "Weather": "HardRainNoon",
    "Collision Type": "Actor(id=845, type=vehicle.diamondback.century)",
    "Time to Collision": 4.955241918563843,
    "Speed at Collision": 18.89170291637001,
    "Intensity": 2067.7704300624664
  },
  {
    "Scenario Name": "HazardAtSideLane_617",
    "Scenario Description": "Scenario in which the ego vehicle is driving on a road without sidewalks, with three bicycles encroaching on some roads in front.",
    "Map": "Map(name=Carla/Maps/Town04)",
    "Collision": true,
    "Weather": "HardRainNight",
    "Collision Type": "Actor(id=851, type=vehicle.diamondback.century)",
    "Time to Collision": 8.397786855697632,
    "Speed at Collision": 8.423350836525318,
    "Intensity": 828.9656649333189
  },
  {
    "Scenario Name": "HazardAtSideLane_618",
    "Scenario Description": "Scenario in which the ego vehicle is driving on a road without sidewalks, with three bicycles encroaching on some roads in front.",
    "Map": "Map(name=Carla/Maps/Town04)",
    "Collision": true,
    "Weather": "HardRainNoon",
    "Collision Type": "Actor(id=857, type=vehicle.diamondback.century)",
    "Time to Collision": 6.572378635406494,
    "Speed at Collision": 22.30856921518674,
    "Intensity": 2802.6337709841846
  },
  {
    "Scenario Name": "HazardAtSideLane_619",
    "Scenario Description": "Scenario in which the ego vehicle is driving on a road without sidewalks, with three bicycles encroaching on some roads in front.",
    "Map": "Map(name=Carla/Maps/Town04)",
    "Collision": true,
    "Weather": "ClearNight",
    "Collision Type": "Actor(id=863, type=vehicle.diamondback.century)",
    "Time to Collision": 5.5931713581085205,
    "Speed at Collision": 20.162693193054853,
    "Intensity": 2556.7514818273808
  },
  {
    "Scenario Name": "HazardAtSideLane_621",
    "Scenario Description": "Scenario in which the ego vehicle is driving on a road without sidewalks, with three bicycles encroaching on some roads in front.",
    "Map": "Map(name=Carla/Maps/Town04)",
    "Collision": true,
    "Weather": "ClearNight",
    "Collision Type": "Actor(id=875, type=vehicle.diamondback.century)",
    "Time to Collision": 9.521638870239258,
    "Speed at Collision": 11.791153520257495,
    "Intensity": 1300.5715465465478
  },
  {
    "Scenario Name": "HazardAtSideLane_622",
    "Scenario Description": "Scenario in which the ego vehicle is driving on a road without sidewalks, with three bicycles encroaching on some roads in front.",
    "Map": "Map(name=Carla/Maps/Town04)",
    "Collision": true,
    "Weather": "HardRainNight",
    "Collision Type": "Actor(id=881, type=vehicle.diamondback.century)",
    "Time to Collision": 7.982862949371338,
    "Speed at Collision": 15.529843643955129,
    "Intensity": 1836.7991246198117
  },
  {
    "Scenario Name": "HazardAtSideLane_623",
    "Scenario Description": "Scenario in which the ego vehicle is driving on a road without sidewalks, with three bicycles encroaching on some roads in front.",
    "Map": "Map(name=Carla/Maps/Town04)",
    "Collision": true,
    "Weather": "HardRainNoon",
    "Collision Type": "Actor(id=887, type=vehicle.diamondback.century)",
    "Time to Collision": 6.5905914306640625,
    "Speed at Collision": 22.340542902189927,
    "Intensity": 2806.9190749906056
  },
  {
    "Scenario Name": "HazardAtSideLane_624",
    "Scenario Description": "Scenario in which the ego vehicle is driving on a road without sidewalks, with three bicycles encroaching on some roads in front.",
    "Map": "Map(name=Carla/Maps/Town04)",
    "Collision": true,
    "Weather": "ClearNoon",
    "Collision Type": "Actor(id=893, type=vehicle.diamondback.century)",
    "Time to Collision": 7.7370216846466064,
    "Speed at Collision": 18.205227348527625,
    "Intensity": 2038.1794566898457
  },
  {
    "Scenario Name": "HazardAtSideLane_625",
    "Scenario Description": "Scenario in which the ego vehicle is driving on a road without sidewalks, with three bicycles encroaching on some roads in front.",
    "Map": "Map(name=Carla/Maps/Town04)",
    "Collision": true,
    "Weather": "ClearNoon",
    "Collision Type": "Actor(id=899, type=vehicle.diamondback.century)",
    "Time to Collision": 4.285611629486084,
    "Speed at Collision": 17.077009827997383,
    "Intensity": 2102.462729015413
  },
  {
    "Scenario Name": "HazardAtSideLane_626",
    "Scenario Description": "Scenario in which the ego vehicle is driving on a road without sidewalks, with three bicycles encroaching on some roads in front.",
    "Map": "Map(name=Carla/Maps/Town04)",
    "Collision": true,
    "Weather": "HardRainNight",
    "Collision Type": "Actor(id=905, type=vehicle.diamondback.century)",
    "Time to Collision": 12.885167598724365,
    "Speed at Collision": 8.712261985452807,
    "Intensity": 873.5199042924976
  },
  {
    "Scenario Name": "HazardAtSideLane_627",
    "Scenario Description": "Scenario in which the ego vehicle is driving on a road without sidewalks, with three bicycles encroaching on some roads in front.",
    "Map": "Map(name=Carla/Maps/Town04)",
    "Collision": true,
    "Weather": "HardRainNoon",
    "Collision Type": "Actor(id=911, type=vehicle.diamondback.century)",
    "Time to Collision": 4.938432216644287,
    "Speed at Collision": 18.20607257323506,
    "Intensity": 2286.6606335732145
  },
  {
    "Scenario Name": "HazardAtSideLane_628",
    "Scenario Description": "Scenario in which the ego vehicle is driving on a road without sidewalks, with three bicycles encroaching on some roads in front.",
    "Map": "Map(name=Carla/Maps/Town04)",
    "Collision": true,
    "Weather": "HardRainNight",
    "Collision Type": "Actor(id=917, type=vehicle.diamondback.century)",
    "Time to Collision": 6.386390924453735,
    "Speed at Collision": 21.891209734856186,
    "Intensity": 2697.5936320881547
  },
  {
    "Scenario Name": "HazardAtSideLane_629",
    "Scenario Description": "Scenario in which the ego vehicle is driving on a road without sidewalks, with three bicycles encroaching on some roads in front.",
    "Map": "Map(name=Carla/Maps/Town04)",
    "Collision": true,
    "Weather": "HardRainNight",
    "Collision Type": "Actor(id=923, type=vehicle.diamondback.century)",
    "Time to Collision": 10.157325267791748,
    "Speed at Collision": 10.85884203774265,
    "Intensity": 1154.400918057856
  },
  {
    "Scenario Name": "HazardAtSideLane_630",
    "Scenario Description": "Scenario in which the ego vehicle is driving on a road without sidewalks, with three bicycles encroaching on some roads in front.",
    "Map": "Map(name=Carla/Maps/Town04)",
    "Collision": true,
    "Weather": "ClearNoon",
    "Collision Type": "Actor(id=929, type=vehicle.diamondback.century)",
    "Time to Collision": 5.462359428405762,
    "Speed at Collision": 20.418360863569838,
    "Intensity": 2537.396137192378
  },
  {
    "Scenario Name": "HazardAtSideLane_631",
    "Scenario Description": "Scenario in which the ego vehicle is driving on a road without sidewalks, with three bicycles encroaching on some roads in front.",
    "Map": "Map(name=Carla/Maps/Town04)",
    "Collision": true,
    "Weather": "HardRainNoon",
    "Collision Type": "Actor(id=935, type=vehicle.diamondback.century)",
    "Time to Collision": 5.576894760131836,
    "Speed at Collision": 20.41232890474726,
    "Intensity": 2364.2842910560444
  },
  {
    "Scenario Name": "HazardAtSideLane_632",
    "Scenario Description": "Scenario in which the ego vehicle is driving on a road without sidewalks, with three bicycles encroaching on some roads in front.",
    "Map": "Map(name=Carla/Maps/Town04)",
    "Collision": true,
    "Weather": "ClearNight",
    "Collision Type": "Actor(id=941, type=vehicle.diamondback.century)",
    "Time to Collision": 3.9837353229522705,
    "Speed at Collision": 15.653019892031606,
    "Intensity": 1644.1682477233269
  },
  {
    "Scenario Name": "HazardAtSideLane_633",
    "Scenario Description": "Scenario in which the ego vehicle is driving on a road without sidewalks, with three bicycles encroaching on some roads in front.",
    "Map": "Map(name=Carla/Maps/Town04)",
    "Collision": true,
    "Weather": "ClearNoon",
    "Collision Type": "Actor(id=947, type=vehicle.diamondback.century)",
    "Time to Collision": 6.836557149887085,
    "Speed at Collision": 22.914679360169874,
    "Intensity": 2883.216319161473
  },
  {
    "Scenario Name": "HazardAtSideLane_634",
    "Scenario Description": "Scenario in which the ego vehicle is driving on a road without sidewalks, with three bicycles encroaching on some roads in front.",
    "Map": "Map(name=Carla/Maps/Town04)",
    "Collision": true,
    "Weather": "ClearNight",
    "Collision Type": "Actor(id=953, type=vehicle.diamondback.century)",
    "Time to Collision": 15.854676246643066,
    "Speed at Collision": 7.172363043017378,
    "Intensity": 678.1357130029853
  },
  {
    "Scenario Name": "HazardAtSideLane_636",
    "Scenario Description": "Scenario in which the ego vehicle is driving on a road without sidewalks, with three bicycles encroaching on some roads in front.",
    "Map": "Map(name=Carla/Maps/Town04)",
    "Collision": true,
    "Weather": "ClearNight",
    "Collision Type": "Actor(id=965, type=vehicle.diamondback.century)",
    "Time to Collision": 4.9820780754089355,
    "Speed at Collision": 18.963736087330346,
    "Intensity": 2102.7605415982744
  },
  {
    "Scenario Name": "HazardAtSideLane_637",
    "Scenario Description": "Scenario in which the ego vehicle is driving on a road without sidewalks, with three bicycles encroaching on some roads in front.",
    "Map": "Map(name=Carla/Maps/Town04)",
    "Collision": true,
    "Weather": "ClearNight",
    "Collision Type": "Actor(id=971, type=vehicle.diamondback.century)",
    "Time to Collision": 9.702759504318237,
    "Speed at Collision": 8.778598548842494,
    "Intensity": 864.2646622464848
  },
  {
    "Scenario Name": "HazardAtSideLane_638",
    "Scenario Description": "Scenario in which the ego vehicle is driving on a road without sidewalks, with three bicycles encroaching on some roads in front.",
    "Map": "Map(name=Carla/Maps/Town04)",
    "Collision": true,
    "Weather": "ClearNoon",
    "Collision Type": "Actor(id=977, type=vehicle.diamondback.century)",
    "Time to Collision": 7.568945407867432,
    "Speed at Collision": 18.454046245895018,
    "Intensity": 2241.3461437941883
  },
  {
    "Scenario Name": "HazardAtSideLane_639",
    "Scenario Description": "Scenario in which the ego vehicle is driving on a road without sidewalks, with three bicycles encroaching on some roads in front.",
    "Map": "Map(name=Carla/Maps/Town04)",
    "Collision": true,
    "Weather": "HardRainNight",
    "Collision Type": "Actor(id=983, type=vehicle.diamondback.century)",
    "Time to Collision": 5.074895620346069,
    "Speed at Collision": 18.456987094723768,
    "Intensity": 1802.2438275835239
  },
  {
    "Scenario Name": "HazardAtSideLane_640",
    "Scenario Description": "Scenario in which the ego vehicle is driving on a road without sidewalks, with three bicycles encroaching on some roads in front.",
    "Map": "Map(name=Carla/Maps/Town04)",
    "Collision": true,
    "Weather": "ClearNight",
    "Collision Type": "Actor(id=989, type=vehicle.diamondback.century)",
    "Time to Collision": 8.137803554534912,
    "Speed at Collision": 16.057295789515198,
    "Intensity": 1583.5921005142825
  },
  {
    "Scenario Name": "HazardAtSideLane_642",
    "Scenario Description": "Scenario in which the ego vehicle is driving on a road without sidewalks, with three bicycles encroaching on some roads in front.",
    "Map": "Map(name=Carla/Maps/Town04)",
    "Collision": true,
    "Weather": "ClearNight",
    "Collision Type": "Actor(id=1001, type=vehicle.diamondback.century)",
    "Time to Collision": 9.321954011917114,
    "Speed at Collision": 11.524795551821736,
    "Intensity": 1260.846586006469
  },
  {
    "Scenario Name": "HazardAtSideLane_643",
    "Scenario Description": "Scenario in which the ego vehicle is driving on a road without sidewalks, with three bicycles encroaching on some roads in front.",
    "Map": "Map(name=Carla/Maps/Town04)",
    "Collision": true,
    "Weather": "HardRainNoon",
    "Collision Type": "Actor(id=1007, type=vehicle.diamondback.century)",
    "Time to Collision": 4.012253522872925,
    "Speed at Collision": 15.88640328536673,
    "Intensity": 1959.9098078736804
  },
  {
    "Scenario Name": "HazardAtSideLane_644",
    "Scenario Description": "Scenario in which the ego vehicle is driving on a road without sidewalks, with three bicycles encroaching on some roads in front.",
    "Map": "Map(name=Carla/Maps/Town04)",
    "Collision": true,
    "Weather": "HardRainNoon",
    "Collision Type": "Actor(id=1013, type=vehicle.diamondback.century)",
    "Time to Collision": 6.248419284820557,
    "Speed at Collision": 21.651957257463682,
    "Intensity": 2733.589320182587
  },
  {
    "Scenario Name": "HazardAtSideLane_645",
    "Scenario Description": "Scenario in which the ego vehicle is driving on a road without sidewalks, with three bicycles encroaching on some roads in front.",
    "Map": "Map(name=Carla/Maps/Town04)",
    "Collision": true,
    "Weather": "HardRainNight",
    "Collision Type": "Actor(id=1019, type=vehicle.diamondback.century)",
    "Time to Collision": 6.2153050899505615,
    "Speed at Collision": 20.637831358678437,
    "Intensity": 2565.6119568339136
  },
  {
    "Scenario Name": "HazardAtSideLane_646",
    "Scenario Description": "Scenario in which the ego vehicle is driving on a road without sidewalks, with three bicycles encroaching on some roads in front.",
    "Map": "Map(name=Carla/Maps/Town04)",
    "Collision": true,
    "Weather": "HardRainNoon",
    "Collision Type": "Actor(id=1025, type=vehicle.diamondback.century)",
    "Time to Collision": 5.991527318954468,
    "Speed at Collision": 13.640435029138812,
    "Intensity": 1562.5577273767753
  },
  {
    "Scenario Name": "HazardAtSideLane_648",
    "Scenario Description": "Scenario in which the ego vehicle is driving on a road without sidewalks, with three bicycles encroaching on some roads in front.",
    "Map": "Map(name=Carla/Maps/Town04)",
    "Collision": true,
    "Weather": "ClearNoon",
    "Collision Type": "Actor(id=1037, type=vehicle.diamondback.century)",
    "Time to Collision": 12.444155931472778,
    "Speed at Collision": 6.552273190875489,
    "Intensity": 609.0577008351719
  },
  {
    "Scenario Name": "HazardAtSideLane_649",
    "Scenario Description": "Scenario in which the ego vehicle is driving on a road without sidewalks, with three bicycles encroaching on some roads in front.",
    "Map": "Map(name=Carla/Maps/Town04)",
    "Collision": true,
    "Weather": "ClearNight",
    "Collision Type": "Actor(id=1043, type=vehicle.diamondback.century)",
    "Time to Collision": 7.314071893692017,
    "Speed at Collision": 12.724123893346833,
    "Intensity": 1390.7044879157927
  },
  {
    "Scenario Name": "HazardAtSideLane_650",
    "Scenario Description": "Scenario in which the ego vehicle is driving on a road without sidewalks, with three bicycles encroaching on some roads in front.",
    "Map": "Map(name=Carla/Maps/Town04)",
    "Collision": true,
    "Weather": "ClearNoon",
    "Collision Type": "Actor(id=1049, type=vehicle.diamondback.century)",
    "Time to Collision": 5.009672403335571,
    "Speed at Collision": 13.375415462505806,
    "Intensity": 1577.790324870125
  },
  {
    "Scenario Name": "HazardAtSideLane_651",
    "Scenario Description": "Scenario in which the ego vehicle is driving on a road without sidewalks, with three bicycles encroaching on some roads in front.",
    "Map": "Map(name=Carla/Maps/Town04)",
    "Collision": true,
    "Weather": "ClearNoon",
    "Collision Type": "Actor(id=1055, type=vehicle.diamondback.century)",
    "Time to Collision": 5.131088733673096,
    "Speed at Collision": 17.853806708290907,
    "Intensity": 2214.5092997748234
  },
  {
    "Scenario Name": "HazardAtSideLane_652",
    "Scenario Description": "Scenario in which the ego vehicle is driving on a road without sidewalks, with three bicycles encroaching on some roads in front.",
    "Map": "Map(name=Carla/Maps/Town04)",
    "Collision": true,
    "Weather": "ClearNight",
    "Collision Type": "Actor(id=1061, type=vehicle.diamondback.century)",
    "Time to Collision": 11.532390356063843,
    "Speed at Collision": 5.2699674359791935,
    "Intensity": 384.9949525527114
  },
  {
    "Scenario Name": "HazardAtSideLane_653",
    "Scenario Description": "Scenario in which the ego vehicle is driving on a road without sidewalks, with three bicycles encroaching on some roads in front.",
    "Map": "Map(name=Carla/Maps/Town04)",
    "Collision": true,
    "Weather": "ClearNight",
    "Collision Type": "Actor(id=1067, type=vehicle.diamondback.century)",
    "Time to Collision": 12.241584300994873,
    "Speed at Collision": 11.323816196288421,
    "Intensity": 1230.496812170226
  },
  {
    "Scenario Name": "HazardAtSideLane_654",
    "Scenario Description": "Scenario in which the ego vehicle is driving on a road without sidewalks, with three bicycles encroaching on some roads in front.",
    "Map": "Map(name=Carla/Maps/Town04)",
    "Collision": true,
    "Weather": "HardRainNoon",
    "Collision Type": "Actor(id=1073, type=vehicle.diamondback.century)",
    "Time to Collision": 4.767341613769531,
    "Speed at Collision": 17.785035886360962,
    "Intensity": 2347.2264741985045
  },
  {
    "Scenario Name": "HazardAtSideLane_655",
    "Scenario Description": "Scenario in which the ego vehicle is driving on a road without sidewalks, with three bicycles encroaching on some roads in front.",
    "Map": "Map(name=Carla/Maps/Town04)",
    "Collision": true,
    "Weather": "HardRainNoon",
    "Collision Type": "Actor(id=1079, type=vehicle.diamondback.century)",
    "Time to Collision": 4.237525939941406,
    "Speed at Collision": 15.327271766784474,
    "Intensity": 1685.7693644698368
  },
  {
    "Scenario Name": "HazardAtSideLane_656",
    "Scenario Description": "Scenario in which the ego vehicle is driving on a road without sidewalks, with three bicycles encroaching on some roads in front.",
    "Map": "Map(name=Carla/Maps/Town04)",
    "Collision": true,
    "Weather": "ClearNight",
    "Collision Type": "Actor(id=1085, type=vehicle.diamondback.century)",
    "Time to Collision": 6.937659502029419,
    "Speed at Collision": 22.919167972537945,
    "Intensity": 2860.3427538499645
  },
  {
    "Scenario Name": "HazardAtSideLane_657",
    "Scenario Description": "Scenario in which the ego vehicle is driving on a road without sidewalks, with three bicycles encroaching on some roads in front.",
    "Map": "Map(name=Carla/Maps/Town04)",
    "Collision": true,
    "Weather": "HardRainNoon",
    "Collision Type": "Actor(id=1091, type=vehicle.diamondback.century)",
    "Time to Collision": 4.863170146942139,
    "Speed at Collision": 9.471512526513957,
    "Intensity": 1073.5352606344336
  },
  {
    "Scenario Name": "HazardAtSideLane_658",
    "Scenario Description": "Scenario in which the ego vehicle is driving on a road without sidewalks, with three bicycles encroaching on some roads in front.",
    "Map": "Map(name=Carla/Maps/Town04)",
    "Collision": true,
    "Weather": "HardRainNoon",
    "Collision Type": "Actor(id=1097, type=vehicle.diamondback.century)",
    "Time to Collision": 13.228847742080688,
    "Speed at Collision": 7.762597786396242,
    "Intensity": 694.6579081300736
  },
  {
    "Scenario Name": "HazardAtSideLane_659",
    "Scenario Description": "Scenario in which the ego vehicle is driving on a road without sidewalks, with three bicycles encroaching on some roads in front.",
    "Map": "Map(name=Carla/Maps/Town04)",
    "Collision": true,
    "Weather": "HardRainNight",
    "Collision Type": "Actor(id=1103, type=vehicle.diamondback.century)",
    "Time to Collision": 4.539556264877319,
    "Speed at Collision": 16.241236453907185,
    "Intensity": 1831.419606068349
  },
  {
    "Scenario Name": "HazardAtSideLane_660",
    "Scenario Description": "Scenario in which the ego vehicle is driving on a road without sidewalks, with three bicycles encroaching on some roads in front.",
    "Map": "Map(name=Carla/Maps/Town04)",
    "Collision": true,
    "Weather": "HardRainNight",
    "Collision Type": "Actor(id=1109, type=vehicle.diamondback.century)",
    "Time to Collision": 12.868612051010132,
    "Speed at Collision": 5.67854849259662,
    "Intensity": 433.196577852723
  },
  {
    "Scenario Name": "HazardAtSideLane_661",
    "Scenario Description": "Scenario in which the ego vehicle is driving on a road without sidewalks, with three bicycles encroaching on some roads in front.",
    "Map": "Map(name=Carla/Maps/Town04)",
    "Collision": true,
    "Weather": "ClearNight",
    "Collision Type": "Actor(id=1115, type=vehicle.diamondback.century)",
    "Time to Collision": 6.219820737838745,
    "Speed at Collision": 15.79710329239506,
    "Intensity": 1874.465605340453
  },
  {
    "Scenario Name": "HazardAtSideLane_662",
    "Scenario Description": "Scenario in which the ego vehicle is driving on a road without sidewalks, with three bicycles encroaching on some roads in front.",
    "Map": "Map(name=Carla/Maps/Town04)",
    "Collision": true,
    "Weather": "HardRainNight",
    "Collision Type": "Actor(id=1121, type=vehicle.diamondback.century)",
    "Time to Collision": 5.781317949295044,
    "Speed at Collision": 20.93129878666567,
    "Intensity": 2445.5171399671217
  },
  {
    "Scenario Name": "HazardAtSideLane_663",
    "Scenario Description": "Scenario in which the ego vehicle is driving on a road without sidewalks, with three bicycles encroaching on some roads in front.",
    "Map": "Map(name=Carla/Maps/Town04)",
    "Collision": true,
    "Weather": "ClearNoon",
    "Collision Type": "Actor(id=1127, type=vehicle.diamondback.century)",
    "Time to Collision": 7.663228988647461,
    "Speed at Collision": 16.320886128100256,
    "Intensity": 1948.9919164251673
  },
  {
    "Scenario Name": "HazardAtSideLane_664",
    "Scenario Description": "Scenario in which the ego vehicle is driving on a road without sidewalks, with three bicycles encroaching on some roads in front.",
    "Map": "Map(name=Carla/Maps/Town04)",
    "Collision": true,
    "Weather": "ClearNoon",
    "Collision Type": "Actor(id=1133, type=vehicle.diamondback.century)",
    "Time to Collision": 5.324734687805176,
    "Speed at Collision": 19.57737056736537,
    "Intensity": 2411.401274914078
  },
  {
    "Scenario Name": "HazardAtSideLane_666",
    "Scenario Description": "Scenario in which the ego vehicle is driving on a road without sidewalks, with three bicycles encroaching on some roads in front.",
    "Map": "Map(name=Carla/Maps/Town04)",
    "Collision": true,
    "Weather": "HardRainNight",
    "Collision Type": "Actor(id=1145, type=vehicle.diamondback.century)",
    "Time to Collision": 6.813589096069336,
    "Speed at Collision": 22.918681833217942,
    "Intensity": 2687.828193644147
  },
  {
    "Scenario Name": "HazardAtSideLane_667",
    "Scenario Description": "Scenario in which the ego vehicle is driving on a road without sidewalks, with three bicycles encroaching on some roads in front.",
    "Map": "Map(name=Carla/Maps/Town04)",
    "Collision": true,
    "Weather": "ClearNight",
    "Collision Type": "Actor(id=1151, type=vehicle.diamondback.century)",
    "Time to Collision": 5.137678623199463,
    "Speed at Collision": 19.35790036187596,
    "Intensity": 2193.347579876821
  },
  {
    "Scenario Name": "HazardAtSideLane_668",
    "Scenario Description": "Scenario in which the ego vehicle is driving on a road without sidewalks, with three bicycles encroaching on some roads in front.",
    "Map": "Map(name=Carla/Maps/Town04)",
    "Collision": true,
    "Weather": "HardRainNight",
    "Collision Type": "Actor(id=1157, type=vehicle.diamondback.century)",
    "Time to Collision": 6.058919191360474,
    "Speed at Collision": 21.07299959960015,
    "Intensity": 2491.2303517909922
  },
  {
    "Scenario Name": "HazardAtSideLane_670",
    "Scenario Description": "Scenario in which the ego vehicle is driving on a road without sidewalks, with three bicycles encroaching on some roads in front.",
    "Map": "Map(name=Carla/Maps/Town04)",
    "Collision": true,
    "Weather": "HardRainNight",
    "Collision Type": "Actor(id=1169, type=vehicle.diamondback.century)",
    "Time to Collision": 5.520277500152588,
    "Speed at Collision": 8.281632654055407,
    "Intensity": 857.7292008306141
  },
  {
    "Scenario Name": "HazardAtSideLane_671",
    "Scenario Description": "Scenario in which the ego vehicle is driving on a road without sidewalks, with three bicycles encroaching on some roads in front.",
    "Map": "Map(name=Carla/Maps/Town04)",
    "Collision": true,
    "Weather": "ClearNight",
    "Collision Type": "Actor(id=1175, type=vehicle.diamondback.century)",
    "Time to Collision": 7.359544038772583,
    "Speed at Collision": 10.9983138687722,
    "Intensity": 1029.8763275457366
  },
  {
    "Scenario Name": "HazardAtSideLane_672",
    "Scenario Description": "Scenario in which the ego vehicle is driving on a road without sidewalks, with three bicycles encroaching on some roads in front.",
    "Map": "Map(name=Carla/Maps/Town04)",
    "Collision": true,
    "Weather": "ClearNoon",
    "Collision Type": "Actor(id=1181, type=vehicle.diamondback.century)",
    "Time to Collision": 19.366163969039917,
    "Speed at Collision": 5.220586268229309,
    "Intensity": 730.9570878751312
  },
  {
    "Scenario Name": "HazardAtSideLane_673",
    "Scenario Description": "Scenario in which the ego vehicle is driving on a road without sidewalks, with three bicycles encroaching on some roads in front.",
    "Map": "Map(name=Carla/Maps/Town04)",
    "Collision": true,
    "Weather": "ClearNoon",
    "Collision Type": "Actor(id=1187, type=vehicle.diamondback.century)",
    "Time to Collision": 5.701042652130127,
    "Speed at Collision": 20.606676602289888,
    "Intensity": 2655.0587093822196
  },
  {
    "Scenario Name": "HazardAtSideLane_674",
    "Scenario Description": "Scenario in which the ego vehicle is driving on a road without sidewalks, with three bicycles encroaching on some roads in front.",
    "Map": "Map(name=Carla/Maps/Town04)",
    "Collision": true,
    "Weather": "ClearNoon",
    "Collision Type": "Actor(id=1193, type=vehicle.diamondback.century)",
    "Time to Collision": 4.504942178726196,
    "Speed at Collision": 10.093815126966957,
    "Intensity": 1194.069171972907
  },
  {
    "Scenario Name": "HazardAtSideLane_676",
    "Scenario Description": "Scenario in which the ego vehicle is driving on a road without sidewalks, with three bicycles encroaching on some roads in front.",
    "Map": "Map(name=Carla/Maps/Town04)",
    "Collision": true,
    "Weather": "HardRainNoon",
    "Collision Type": "Actor(id=1205, type=vehicle.diamondback.century)",
    "Time to Collision": 3.891123056411743,
    "Speed at Collision": 15.567481410142666,
    "Intensity": 1846.3089467392647
  },
  {
    "Scenario Name": "HazardAtSideLane_677",
    "Scenario Description": "Scenario in which the ego vehicle is driving on a road without sidewalks, with three bicycles encroaching on some roads in front.",
    "Map": "Map(name=Carla/Maps/Town04)",
    "Collision": true,
    "Weather": "ClearNoon",
    "Collision Type": "Actor(id=1211, type=vehicle.diamondback.century)",
    "Time to Collision": 4.02529764175415,
    "Speed at Collision": 15.982886274606805,
    "Intensity": 1895.073939349485
  },
  {
    "Scenario Name": "HazardAtSideLane_678",
    "Scenario Description": "Scenario in which the ego vehicle is driving on a road without sidewalks, with three bicycles encroaching on some roads in front.",
    "Map": "Map(name=Carla/Maps/Town04)",
    "Collision": true,
    "Weather": "HardRainNoon",
    "Collision Type": "Actor(id=1217, type=vehicle.diamondback.century)",
    "Time to Collision": 6.49677038192749,
    "Speed at Collision": 19.662310427859165,
    "Intensity": 2431.5827078695675
  },
  {
    "Scenario Name": "HazardAtSideLane_679",
    "Scenario Description": "Scenario in which the ego vehicle is driving on a road without sidewalks, with three bicycles encroaching on some roads in front.",
    "Map": "Map(name=Carla/Maps/Town04)",
    "Collision": true,
    "Weather": "HardRainNoon",
    "Collision Type": "Actor(id=1223, type=vehicle.diamondback.century)",
    "Time to Collision": 6.6548120975494385,
    "Speed at Collision": 16.923712496522725,
    "Intensity": 2038.129352013738
  },
  {
    "Scenario Name": "HazardAtSideLane_681",
    "Scenario Description": "Scenario in which the ego vehicle is driving on a road without sidewalks, with three bicycles encroaching on some roads in front.",
    "Map": "Map(name=Carla/Maps/Town04)",
    "Collision": true,
    "Weather": "ClearNight",
    "Collision Type": "Actor(id=1235, type=vehicle.diamondback.century)",
    "Time to Collision": 4.85413932800293,
    "Speed at Collision": 10.72952147484373,
    "Intensity": 1207.2024271993112
  },
  {
    "Scenario Name": "HazardAtSideLane_682",
    "Scenario Description": "Scenario in which the ego vehicle is driving on a road without sidewalks, with three bicycles encroaching on some roads in front.",
    "Map": "Map(name=Carla/Maps/Town04)",
    "Collision": true,
    "Weather": "HardRainNoon",
    "Collision Type": "Actor(id=1241, type=vehicle.diamondback.century)",
    "Time to Collision": 5.452188968658447,
    "Speed at Collision": 18.68045703767562,
    "Intensity": 2279.334082215438
  },
  {
    "Scenario Name": "HazardAtSideLane_683",
    "Scenario Description": "Scenario in which the ego vehicle is driving on a road without sidewalks, with three bicycles encroaching on some roads in front.",
    "Map": "Map(name=Carla/Maps/Town04)",
    "Collision": true,
    "Weather": "ClearNoon",
    "Collision Type": "Actor(id=1247, type=vehicle.diamondback.century)",
    "Time to Collision": 5.16721248626709,
    "Speed at Collision": 19.305215037163702,
    "Intensity": 2415.4786135356912
  },
  {
    "Scenario Name": "HazardAtSideLane_684",
    "Scenario Description": "Scenario in which the ego vehicle is driving on a road without sidewalks, with three bicycles encroaching on some roads in front.",
    "Map": "Map(name=Carla/Maps/Town04)",
    "Collision": true,
    "Weather": "ClearNight",
    "Collision Type": "Actor(id=1253, type=vehicle.diamondback.century)",
    "Time to Collision": 6.159614324569702,
    "Speed at Collision": 21.49410478278323,
    "Intensity": 2624.0832041395047
  },
  {
    "Scenario Name": "HazardAtSideLane_686",
    "Scenario Description": "Scenario in which the ego vehicle is driving on a road without sidewalks, with three bicycles encroaching on some roads in front.",
    "Map": "Map(name=Carla/Maps/Town04)",
    "Collision": true,
    "Weather": "ClearNight",
    "Collision Type": "Actor(id=1265, type=vehicle.diamondback.century)",
    "Time to Collision": 5.163700580596924,
    "Speed at Collision": 17.08587617110251,
    "Intensity": 2049.8962232149065
  },
  {
    "Scenario Name": "HazardAtSideLane_687",
    "Scenario Description": "Scenario in which the ego vehicle is driving on a road without sidewalks, with three bicycles encroaching on some roads in front.",
    "Map": "Map(name=Carla/Maps/Town04)",
    "Collision": true,
    "Weather": "HardRainNight",
    "Collision Type": "Actor(id=1271, type=vehicle.diamondback.century)",
    "Time to Collision": 6.397714614868164,
    "Speed at Collision": 21.933458941054777,
    "Intensity": 2766.6451714165796
  },
  {
    "Scenario Name": "HazardAtSideLane_688",
    "Scenario Description": "Scenario in which the ego vehicle is driving on a road without sidewalks, with three bicycles encroaching on some roads in front.",
    "Map": "Map(name=Carla/Maps/Town04)",
    "Collision": true,
    "Weather": "ClearNoon",
    "Collision Type": "Actor(id=1277, type=vehicle.diamondback.century)",
    "Time to Collision": 19.28058886528015,
    "Speed at Collision": 7.028374928416278,
    "Intensity": 6808.259297218758
  },
  {
    "Scenario Name": "HazardAtSideLane_689",
    "Scenario Description": "Scenario in which the ego vehicle is driving on a road without sidewalks, with three bicycles encroaching on some roads in front.",
    "Map": "Map(name=Carla/Maps/Town04)",
    "Collision": true,
    "Weather": "ClearNoon",
    "Collision Type": "Actor(id=1283, type=vehicle.diamondback.century)",
    "Time to Collision": 5.442651271820068,
    "Speed at Collision": 19.929750686616888,
    "Intensity": 2399.799285587727
  },
  {
    "Scenario Name": "HazardAtSideLane_690",
    "Scenario Description": "Scenario in which the ego vehicle is driving on a road without sidewalks, with three bicycles encroaching on some roads in front.",
    "Map": "Map(name=Carla/Maps/Town04)",
    "Collision": true,
    "Weather": "ClearNoon",
    "Collision Type": "Actor(id=1289, type=vehicle.diamondback.century)",
    "Time to Collision": 8.977608680725098,
    "Speed at Collision": 11.795718249568349,
    "Intensity": 1301.147048672273
  },
  {
    "Scenario Name": "HazardAtSideLane_691",
    "Scenario Description": "Scenario in which the ego vehicle is driving on a road without sidewalks, with three bicycles encroaching on some roads in front.",
    "Map": "Map(name=Carla/Maps/Town04)",
    "Collision": true,
    "Weather": "ClearNight",
    "Collision Type": "Actor(id=1295, type=vehicle.diamondback.century)",
    "Time to Collision": 8.530553340911865,
    "Speed at Collision": 11.7940287340194,
    "Intensity": 1302.2557414264209
  },
  {
    "Scenario Name": "HazardAtSideLane_692",
    "Scenario Description": "Scenario in which the ego vehicle is driving on a road without sidewalks, with three bicycles encroaching on some roads in front.",
    "Map": "Map(name=Carla/Maps/Town04)",
    "Collision": true,
    "Weather": "HardRainNight",
    "Collision Type": "Actor(id=1301, type=vehicle.diamondback.century)",
    "Time to Collision": 10.415691614151001,
    "Speed at Collision": 9.593175063828275,
    "Intensity": 965.9143606782161
  },
  {
    "Scenario Name": "HazardAtSideLane_694",
    "Scenario Description": "Scenario in which the ego vehicle is driving on a road without sidewalks, with three bicycles encroaching on some roads in front.",
    "Map": "Map(name=Carla/Maps/Town04)",
    "Collision": true,
    "Weather": "ClearNoon",
    "Collision Type": "Actor(id=1313, type=vehicle.diamondback.century)",
    "Time to Collision": 4.372989892959595,
    "Speed at Collision": 16.587892590604202,
    "Intensity": 2112.325834950811
  },
  {
    "Scenario Name": "HazardAtSideLane_697",
    "Scenario Description": "Scenario in which the ego vehicle is driving on a road without sidewalks, with three bicycles encroaching on some roads in front.",
    "Map": "Map(name=Carla/Maps/Town04)",
    "Collision": true,
    "Weather": "HardRainNight",
    "Collision Type": "Actor(id=1331, type=vehicle.diamondback.century)",
    "Time to Collision": 12.790343523025513,
    "Speed at Collision": 8.57678058891647,
    "Intensity": 847.9070227427736
  },
  {
    "Scenario Name": "HazardAtSideLane_698",
    "Scenario Description": "Scenario in which the ego vehicle is driving on a road without sidewalks, with three bicycles encroaching on some roads in front.",
    "Map": "Map(name=Carla/Maps/Town04)",
    "Collision": true,
    "Weather": "ClearNoon",
    "Collision Type": "Actor(id=1337, type=vehicle.diamondback.century)",
    "Time to Collision": 5.07138466835022,
    "Speed at Collision": 12.326968112967368,
    "Intensity": 1252.4244381229405
  },
  {
    "Scenario Name": "HazardAtSideLane_699",
    "Scenario Description": "Scenario in which the ego vehicle is driving on a road without sidewalks, with three bicycles encroaching on some roads in front.",
    "Map": "Map(name=Carla/Maps/Town04)",
    "Collision": true,
    "Weather": "HardRainNoon",
    "Collision Type": "Actor(id=1343, type=vehicle.diamondback.century)",
    "Time to Collision": 6.293574094772339,
    "Speed at Collision": 21.919135393024508,
    "Intensity": 3029.001169031128
  }
]