[
  {
    "Scenario Name": "VehicleTurningRight",
    "Scenario Description": "The scenario realizes the user controlled ego vehiclemoving along the road and encounters a cyclist ahead after taking a right turn.",
    "Map": "Map(name=Carla/Maps/Town02)",
    "Adversary Speed": 3.0,
    "Trigger Distance": 6.0,
    "Collision": true,
    "Weather": "ClearNoon",
    "Collision Type": "Actor(id=137, type=vehicle.diamondback.century)",
    "Time to Collision": 11.3309166431427,
    "Speed at Collision": 16.191788989042404,
    "Intensity": 1129.460444567946
  },
  {
    "Scenario Name": "VehicleTurningRight_1",
    "Scenario Description": "The scenario realizes the user controlled ego vehiclemoving along the road and encounters a cyclist ahead after taking a right turn.",
    "Map": "Map(name=Carla/Maps/Town02)",
    "Adversary Speed": 3.0,
    "Trigger Distance": 6.0,
    "Collision": true,
    "Weather": "HardRainNoon",
    "Collision Type": "Actor(id=142, type=vehicle.diamondback.century)",
    "Time to Collision": 16.56364345550537,
    "Speed at Collision": 5.027153758733975,
    "Intensity": 615.0370375517514
  },
  {
    "Scenario Name": "VehicleTurningRight_2",
    "Scenario Description": "The scenario realizes the user controlled ego vehiclemoving along the road and encounters a cyclist ahead after taking a right turn.",
    "Map": "Map(name=Carla/Maps/Town02)",
    "Adversary Speed": 3.0,
    "Trigger Distance": 6.0,
    "Collision": true,
    "Weather": "HardRainNoon",
    "Collision Type": "Actor(id=147, type=vehicle.diamondback.century)",
    "Time to Collision": 11.282568454742432,
    "Speed at Collision": 15.892120739906801,
    "Intensity": 1827.2111213041069
  },
  {
    "Scenario Name": "VehicleTurningRight_3",
    "Scenario Description": "The scenario realizes the user controlled ego vehiclemoving along the road and encounters a cyclist ahead after taking a right turn.",
    "Map": "Map(name=Carla/Maps/Town02)",
    "Adversary Speed": 3.0,
    "Trigger Distance": 6.0,
    "Collision": true,
    "Weather": "HardRainNoon",
    "Collision Type": "Actor(id=152, type=vehicle.diamondback.century)",
    "Time to Collision": 14.97759485244751,
    "Speed at Collision": 5.901942471211745,
    "Intensity": 715.2378378396883
  },
  {
    "Scenario Name": "VehicleTurningRight_4",
    "Scenario Description": "The scenario realizes the user controlled ego vehiclemoving along the road and encounters a cyclist ahead after taking a right turn.",
    "Map": "Map(name=Carla/Maps/Town02)",
    "Adversary Speed": 3.0,
    "Trigger Distance": 6.0,
    "Collision": true,
    "Weather": "HardRainNoon",
    "Collision Type": "Actor(id=157, type=vehicle.diamondback.century)",
    "Time to Collision": 11.711631059646606,
    "Speed at Collision": 12.575940133132198,
    "Intensity": 1169.897595677843
  },
  {
    "Scenario Name": "VehicleTurningRight_5",
    "Scenario Description": "The scenario realizes the user controlled ego vehiclemoving along the road and encounters a cyclist ahead after taking a right turn.",
    "Map": "Map(name=Carla/Maps/Town02)",
    "Adversary Speed": 3.0,
    "Trigger Distance": 6.0,
    "Collision": true,
    "Weather": "HardRainNight",
    "Collision Type": "Actor(id=162, type=vehicle.diamondback.century)",
    "Time to Collision": 11.273967742919922,
    "Speed at Collision": 16.160261951918713,
    "Intensity": 1853.7640386066937
  },
  {
    "Scenario Name": "VehicleTurningRight_6",
    "Scenario Description": "The scenario realizes the user controlled ego vehiclemoving along the road and encounters a cyclist ahead after taking a right turn.",
    "Map": "Map(name=Carla/Maps/Town02)",
    "Adversary Speed": 3.0,
    "Trigger Distance": 6.0,
    "Collision": true,
    "Weather": "ClearNight",
    "Collision Type": "Actor(id=167, type=vehicle.diamondback.century)",
    "Time to Collision": 11.427328824996948,
    "Speed at Collision": 15.799185494392423,
    "Intensity": 1245.4999038908932
  },
  {
    "Scenario Name": "VehicleTurningRight_7",
    "Scenario Description": "The scenario realizes the user controlled ego vehiclemoving along the road and encounters a cyclist ahead after taking a right turn.",
    "Map": "Map(name=Carla/Maps/Town02)",
    "Adversary Speed": 3.0,
    "Trigger Distance": 6.0,
    "Collision": true,
    "Weather": "HardRainNoon",
    "Collision Type": "Actor(id=172, type=vehicle.diamondback.century)",
    "Time to Collision": 11.202385663986206,
    "Speed at Collision": 16.182518263616945,
    "Intensity": 1559.5961306136999
  },
  {
    "Scenario Name": "VehicleTurningRight_8",
    "Scenario Description": "The scenario realizes the user controlled ego vehiclemoving along the road and encounters a cyclist ahead after taking a right turn.",
    "Map": "Map(name=Carla/Maps/Town02)",
    "Adversary Speed": 3.0,
    "Trigger Distance": 6.0,
    "Collision": true,
    "Weather": "ClearNoon",
    "Collision Type": "Actor(id=177, type=vehicle.diamondback.century)",
    "Time to Collision": 11.167665719985962,
    "Speed at Collision": 16.256550999593397,
    "Intensity": 1581.8153958725227
  },
  {
    "Scenario Name": "VehicleTurningRight_9",
    "Scenario Description": "The scenario realizes the user controlled ego vehiclemoving along the road and encounters a cyclist ahead after taking a right turn.",
    "Map": "Map(name=Carla/Maps/Town02)",
    "Adversary Speed": 3.0,
    "Trigger Distance": 6.0,
    "Collision": true,
    "Weather": "HardRainNight",
    "Collision Type": "Actor(id=182, type=vehicle.diamondback.century)",
    "Time to Collision": 11.24884819984436,
    "Speed at Collision": 16.16906130118011,
    "Intensity": 1785.2217276075696
  },
  {
    "Scenario Name": "VehicleTurningRight_10",
    "Scenario Description": "The scenario realizes the user controlled ego vehiclemoving along the road and encounters a cyclist ahead after taking a right turn.",
    "Map": "Map(name=Carla/Maps/Town02)",
    "Adversary Speed": 3.0,
    "Trigger Distance": 6.0,
    "Collision": true,
    "Weather": "HardRainNoon",
    "Collision Type": "Actor(id=187, type=vehicle.diamondback.century)",
    "Time to Collision": 14.972304105758667,
    "Speed at Collision": 6.022143385843433,
    "Intensity": 738.5356060083898
  },
  {
    "Scenario Name": "VehicleTurningRight_11",
    "Scenario Description": "The scenario realizes the user controlled ego vehiclemoving along the road and encounters a cyclist ahead after taking a right turn.",
    "Map": "Map(name=Carla/Maps/Town02)",
    "Adversary Speed": 3.0,
    "Trigger Distance": 6.0,
    "Collision": true,
    "Weather": "HardRainNoon",
    "Collision Type": "Actor(id=192, type=vehicle.diamondback.century)",
    "Time to Collision": 11.207402229309082,
    "Speed at Collision": 16.224689406894917,
    "Intensity": 1671.5711168015966
  },
  {
    "Scenario Name": "VehicleTurningRight_12",
    "Scenario Description": "The scenario realizes the user controlled ego vehiclemoving along the road and encounters a cyclist ahead after taking a right turn.",
    "Map": "Map(name=Carla/Maps/Town02)",
    "Adversary Speed": 3.0,
    "Trigger Distance": 6.0,
    "Collision": true,
    "Weather": "HardRainNoon",
    "Collision Type": "Actor(id=197, type=vehicle.diamondback.century)",
    "Time to Collision": 11.215431451797485,
    "Speed at Collision": 16.14169901570579,
    "Intensity": 1713.2721844568482
  },
  {
    "Scenario Name": "VehicleTurningRight_13",
    "Scenario Description": "The scenario realizes the user controlled ego vehiclemoving along the road and encounters a cyclist ahead after taking a right turn.",
    "Map": "Map(name=Carla/Maps/Town02)",
    "Adversary Speed": 3.0,
    "Trigger Distance": 6.0,
    "Collision": true,
    "Weather": "HardRainNoon",
    "Collision Type": "Actor(id=202, type=vehicle.diamondback.century)",
    "Time to Collision": 11.232489585876465,
    "Speed at Collision": 16.140626692410635,
    "Intensity": 1797.4074978465394
  },
  {
    "Scenario Name": "VehicleTurningRight_14",
    "Scenario Description": "The scenario realizes the user controlled ego vehiclemoving along the road and encounters a cyclist ahead after taking a right turn.",
    "Map": "Map(name=Carla/Maps/Town02)",
    "Adversary Speed": 3.0,
    "Trigger Distance": 6.0,
    "Collision": true,
    "Weather": "ClearNoon",
    "Collision Type": "Actor(id=207, type=vehicle.diamondback.century)",
    "Time to Collision": 11.208316087722778,
    "Speed at Collision": 16.16572448651431,
    "Intensity": 1620.674589156968
  },
  {
    "Scenario Name": "VehicleTurningRight_15",
    "Scenario Description": "The scenario realizes the user controlled ego vehiclemoving along the road and encounters a cyclist ahead after taking a right turn.",
    "Map": "Map(name=Carla/Maps/Town02)",
    "Adversary Speed": 3.0,
    "Trigger Distance": 6.0,
    "Collision": true,
    "Weather": "HardRainNight",
    "Collision Type": "Actor(id=212, type=vehicle.diamondback.century)",
    "Time to Collision": 11.294702291488647,
    "Speed at Collision": 16.32967190711059,
    "Intensity": 1737.9962103317482
  },
  {
    "Scenario Name": "VehicleTurningRight_16",
    "Scenario Description": "The scenario realizes the user controlled ego vehiclemoving along the road and encounters a cyclist ahead after taking a right turn.",
    "Map": "Map(name=Carla/Maps/Town02)",
    "Adversary Speed": 3.0,
    "Trigger Distance": 6.0,
    "Collision": true,
    "Weather": "ClearNoon",
    "Collision Type": "Actor(id=217, type=vehicle.diamondback.century)",
    "Time to Collision": 11.4100980758667,
    "Speed at Collision": 14.964526527780468,
    "Intensity": 486.9383743671226
  },
  {
    "Scenario Name": "VehicleTurningRight_17",
    "Scenario Description": "The scenario realizes the user controlled ego vehiclemoving along the road and encounters a cyclist ahead after taking a right turn.",
    "Map": "Map(name=Carla/Maps/Town02)",
    "Adversary Speed": 3.0,
    "Trigger Distance": 6.0,
    "Collision": true,
    "Weather": "HardRainNight",
    "Collision Type": "Actor(id=222, type=vehicle.diamondback.century)",
    "Time to Collision": 15.69599461555481,
    "Speed at Collision": 5.7921210325433785,
    "Intensity": 774.8807230236978
  },
  {
    "Scenario Name": "VehicleTurningRight_18",
    "Scenario Description": "The scenario realizes the user controlled ego vehiclemoving along the road and encounters a cyclist ahead after taking a right turn.",
    "Map": "Map(name=Carla/Maps/Town02)",
    "Adversary Speed": 3.0,
    "Trigger Distance": 6.0,
    "Collision": true,
    "Weather": "ClearNoon",
    "Collision Type": "Actor(id=227, type=vehicle.diamondback.century)",
    "Time to Collision": 11.490871906280518,
    "Speed at Collision": 14.164841431017722,
    "Intensity": 1635.7379449334442
  },
  {
    "Scenario Name": "VehicleTurningRight_19",
    "Scenario Description": "The scenario realizes the user controlled ego vehiclemoving along the road and encounters a cyclist ahead after taking a right turn.",
    "Map": "Map(name=Carla/Maps/Town02)",
    "Adversary Speed": 3.0,
    "Trigger Distance": 6.0,
    "Collision": true,
    "Weather": "HardRainNoon",
    "Collision Type": "Actor(id=232, type=vehicle.diamondback.century)",
    "Time to Collision": 11.165942192077637,
    "Speed at Collision": 16.260555971577215,
    "Intensity": 1864.4834699576643
  },
  {
    "Scenario Name": "VehicleTurningRight_20",
    "Scenario Description": "The scenario realizes the user controlled ego vehiclemoving along the road and encounters a cyclist ahead after taking a right turn.",
    "Map": "Map(name=Carla/Maps/Town02)",
    "Adversary Speed": 3.0,
    "Trigger Distance": 6.0,
    "Collision": true,
    "Weather": "ClearNoon",
    "Collision Type": "Actor(id=237, type=vehicle.diamondback.century)",
    "Time to Collision": 11.49066948890686,
    "Speed at Collision": 13.897867501116082,
    "Intensity": 1249.7253084887545
  },
  {
    "Scenario Name": "VehicleTurningRight_21",
    "Scenario Description": "The scenario realizes the user controlled ego vehiclemoving along the road and encounters a cyclist ahead after taking a right turn.",
    "Map": "Map(name=Carla/Maps/Town02)",
    "Adversary Speed": 3.0,
    "Trigger Distance": 6.0,
    "Collision": true,
    "Weather": "HardRainNight",
    "Collision Type": "Actor(id=242, type=vehicle.diamondback.century)",
    "Time to Collision": 11.434678316116333,
    "Speed at Collision": 14.95749336693022,
    "Intensity": 1210.7530838025525
  },
  {
    "Scenario Name": "VehicleTurningRight_22",
    "Scenario Description": "The scenario realizes the user controlled ego vehiclemoving along the road and encounters a cyclist ahead after taking a right turn.",
    "Map": "Map(name=Carla/Maps/Town02)",
    "Adversary Speed": 3.0,
    "Trigger Distance": 6.0,
    "Collision": true,
    "Weather": "HardRainNight",
    "Collision Type": "Actor(id=247, type=vehicle.diamondback.century)",
    "Time to Collision": 11.905945777893066,
    "Speed at Collision": 11.766378061310991,
    "Intensity": 1655.1052899710853
  },
  {
    "Scenario Name": "VehicleTurningRight_23",
    "Scenario Description": "The scenario realizes the user controlled ego vehiclemoving along the road and encounters a cyclist ahead after taking a right turn.",
    "Map": "Map(name=Carla/Maps/Town02)",
    "Adversary Speed": 3.0,
    "Trigger Distance": 6.0,
    "Collision": true,
    "Weather": "ClearNight",
    "Collision Type": "Actor(id=252, type=vehicle.diamondback.century)",
    "Time to Collision": 11.21492600440979,
    "Speed at Collision": 16.037713640005013,
    "Intensity": 1501.9651356088903
  },
  {
    "Scenario Name": "VehicleTurningRight_24",
    "Scenario Description": "The scenario realizes the user controlled ego vehiclemoving along the road and encounters a cyclist ahead after taking a right turn.",
    "Map": "Map(name=Carla/Maps/Town02)",
    "Adversary Speed": 3.0,
    "Trigger Distance": 6.0,
    "Collision": true,
    "Weather": "ClearNoon",
    "Collision Type": "Actor(id=257, type=vehicle.diamondback.century)",
    "Time to Collision": 11.491878271102905,
    "Speed at Collision": 14.157461238002263,
    "Intensity": 1760.705868391953
  },
  {
    "Scenario Name": "VehicleTurningRight_25",
    "Scenario Description": "The scenario realizes the user controlled ego vehiclemoving along the road and encounters a cyclist ahead after taking a right turn.",
    "Map": "Map(name=Carla/Maps/Town02)",
    "Adversary Speed": 3.0,
    "Trigger Distance": 6.0,
    "Collision": true,
    "Weather": "ClearNight",
    "Collision Type": "Actor(id=262, type=vehicle.diamondback.century)",
    "Time to Collision": 11.20855450630188,
    "Speed at Collision": 16.001071025091253,
    "Intensity": 1613.7223249460437
  },
  {
    "Scenario Name": "VehicleTurningRight_26",
    "Scenario Description": "The scenario realizes the user controlled ego vehiclemoving along the road and encounters a cyclist ahead after taking a right turn.",
    "Map": "Map(name=Carla/Maps/Town02)",
    "Adversary Speed": 3.0,
    "Trigger Distance": 6.0,
    "Collision": true,
    "Weather": "HardRainNoon",
    "Collision Type": "Actor(id=267, type=vehicle.diamondback.century)",
    "Time to Collision": 11.212671279907227,
    "Speed at Collision": 16.27756570125361,
    "Intensity": 1791.4419549782992
  },
  {
    "Scenario Name": "VehicleTurningRight_27",
    "Scenario Description": "The scenario realizes the user controlled ego vehiclemoving along the road and encounters a cyclist ahead after taking a right turn.",
    "Map": "Map(name=Carla/Maps/Town02)",
    "Adversary Speed": 3.0,
    "Trigger Distance": 6.0,
    "Collision": true,
    "Weather": "HardRainNight",
    "Collision Type": "Actor(id=272, type=vehicle.diamondback.century)",
    "Time to Collision": 11.461273193359375,
    "Speed at Collision": 14.959414888895738,
    "Intensity": 1231.4712993536305
  },
  {
    "Scenario Name": "VehicleTurningRight_28",
    "Scenario Description": "The scenario realizes the user controlled ego vehiclemoving along the road and encounters a cyclist ahead after taking a right turn.",
    "Map": "Map(name=Carla/Maps/Town02)",
    "Adversary Speed": 3.0,
    "Trigger Distance": 6.0,
    "Collision": true,
    "Weather": "HardRainNoon",
    "Collision Type": "Actor(id=277, type=vehicle.diamondback.century)",
    "Time to Collision": 11.48234224319458,
    "Speed at Collision": 14.44614808707541,
    "Intensity": 376.905875416505
  },
  {
    "Scenario Name": "VehicleTurningRight_29",
    "Scenario Description": "The scenario realizes the user controlled ego vehiclemoving along the road and encounters a cyclist ahead after taking a right turn.",
    "Map": "Map(name=Carla/Maps/Town02)",
    "Adversary Speed": 3.0,
    "Trigger Distance": 6.0,
    "Collision": true,
    "Weather": "HardRainNight",
    "Collision Type": "Actor(id=282, type=vehicle.diamondback.century)",
    "Time to Collision": 11.333334922790527,
    "Speed at Collision": 16.36858309798379,
    "Intensity": 1677.122873683553
  },
  {
    "Scenario Name": "VehicleTurningRight_30",
    "Scenario Description": "The scenario realizes the user controlled ego vehiclemoving along the road and encounters a cyclist ahead after taking a right turn.",
    "Map": "Map(name=Carla/Maps/Town02)",
    "Adversary Speed": 3.0,
    "Trigger Distance": 6.0,
    "Collision": true,
    "Weather": "ClearNoon",
    "Collision Type": "Actor(id=287, type=vehicle.diamondback.century)",
    "Time to Collision": 16.076988220214844,
    "Speed at Collision": 5.525318174925737,
    "Intensity": 635.6608452319705
  },
  {
    "Scenario Name": "VehicleTurningRight_31",
    "Scenario Description": "The scenario realizes the user controlled ego vehiclemoving along the road and encounters a cyclist ahead after taking a right turn.",
    "Map": "Map(name=Carla/Maps/Town02)",
    "Adversary Speed": 3.0,
    "Trigger Distance": 6.0,
    "Collision": true,
    "Weather": "HardRainNoon",
    "Collision Type": "Actor(id=292, type=vehicle.diamondback.century)",
    "Time to Collision": 14.149468660354614,
    "Speed at Collision": 8.109634537850429,
    "Intensity": 479.2045545671374
  },
  {
    "Scenario Name": "VehicleTurningRight_32",
    "Scenario Description": "The scenario realizes the user controlled ego vehiclemoving along the road and encounters a cyclist ahead after taking a right turn.",
    "Map": "Map(name=Carla/Maps/Town02)",
    "Adversary Speed": 3.0,
    "Trigger Distance": 6.0,
    "Collision": true,
    "Weather": "ClearNoon",
    "Collision Type": "Actor(id=297, type=vehicle.diamondback.century)",
    "Time to Collision": 11.988991498947144,
    "Speed at Collision": 11.256089407660106,
    "Intensity": 1432.5302682165384
  },
  {
    "Scenario Name": "VehicleTurningRight_33",
    "Scenario Description": "The scenario realizes the user controlled ego vehiclemoving along the road and encounters a cyclist ahead after taking a right turn.",
    "Map": "Map(name=Carla/Maps/Town02)",
    "Adversary Speed": 3.0,
    "Trigger Distance": 6.0,
    "Collision": true,
    "Weather": "ClearNoon",
    "Collision Type": "Actor(id=302, type=vehicle.diamondback.century)",
    "Time to Collision": 11.193698406219482,
    "Speed at Collision": 16.13205234287277,
    "Intensity": 1547.3576884920176
  },
  {
    "Scenario Name": "VehicleTurningRight_34",
    "Scenario Description": "The scenario realizes the user controlled ego vehiclemoving along the road and encounters a cyclist ahead after taking a right turn.",
    "Map": "Map(name=Carla/Maps/Town02)",
    "Adversary Speed": 3.0,
    "Trigger Distance": 6.0,
    "Collision": true,
    "Weather": "ClearNoon",
    "Collision Type": "Actor(id=307, type=vehicle.diamondback.century)",
    "Time to Collision": 11.174703359603882,
    "Speed at Collision": 16.10025221585984,
    "Intensity": 1757.7693193423775
  },
  {
    "Scenario Name": "VehicleTurningRight_35",
    "Scenario Description": "The scenario realizes the user controlled ego vehiclemoving along the road and encounters a cyclist ahead after taking a right turn.",
    "Map": "Map(name=Carla/Maps/Town02)",
    "Adversary Speed": 3.0,
    "Trigger Distance": 6.0,
    "Collision": true,
    "Weather": "ClearNoon",
    "Collision Type": "Actor(id=312, type=vehicle.diamondback.century)",
    "Time to Collision": 11.310790300369263,
    "Speed at Collision": 15.936867737932516,
    "Intensity": 473.8637677312689
  },
  {
    "Scenario Name": "VehicleTurningRight_36",
    "Scenario Description": "The scenario realizes the user controlled ego vehiclemoving along the road and encounters a cyclist ahead after taking a right turn.",
    "Map": "Map(name=Carla/Maps/Town02)",
    "Adversary Speed": 3.0,
    "Trigger Distance": 6.0,
    "Collision": true,
    "Weather": "HardRainNight",
    "Collision Type": "Actor(id=317, type=vehicle.diamondback.century)",
    "Time to Collision": 11.230090141296387,
    "Speed at Collision": 16.364681989901005,
    "Intensity": 1601.548419822666
  },
  {
    "Scenario Name": "VehicleTurningRight_37",
    "Scenario Description": "The scenario realizes the user controlled ego vehiclemoving along the road and encounters a cyclist ahead after taking a right turn.",
    "Map": "Map(name=Carla/Maps/Town02)",
    "Adversary Speed": 3.0,
    "Trigger Distance": 6.0,
    "Collision": true,
    "Weather": "HardRainNight",
    "Collision Type": "Actor(id=322, type=vehicle.diamondback.century)",
    "Time to Collision": 14.234777212142944,
    "Speed at Collision": 7.308432636759915,
    "Intensity": 989.9082678780632
  },
  {
    "Scenario Name": "VehicleTurningRight_38",
    "Scenario Description": "The scenario realizes the user controlled ego vehiclemoving along the road and encounters a cyclist ahead after taking a right turn.",
    "Map": "Map(name=Carla/Maps/Town02)",
    "Adversary Speed": 3.0,
    "Trigger Distance": 6.0,
    "Collision": true,
    "Weather": "HardRainNoon",
    "Collision Type": "Actor(id=327, type=vehicle.diamondback.century)",
    "Time to Collision": 11.17922592163086,
    "Speed at Collision": 16.271685859964492,
    "Intensity": 1875.026295266209
  },
  {
    "Scenario Name": "VehicleTurningRight_39",
    "Scenario Description": "The scenario realizes the user controlled ego vehiclemoving along the road and encounters a cyclist ahead after taking a right turn.",
    "Map": "Map(name=Carla/Maps/Town02)",
    "Adversary Speed": 3.0,
    "Trigger Distance": 6.0,
    "Collision": true,
    "Weather": "ClearNight",
    "Collision Type": "Actor(id=332, type=vehicle.diamondback.century)",
    "Time to Collision": 14.946400880813599,
    "Speed at Collision": 5.84183085710299,
    "Intensity": 775.8488537797209
  },
  {
    "Scenario Name": "VehicleTurningRight_40",
    "Scenario Description": "The scenario realizes the user controlled ego vehiclemoving along the road and encounters a cyclist ahead after taking a right turn.",
    "Map": "Map(name=Carla/Maps/Town02)",
    "Adversary Speed": 3.0,
    "Trigger Distance": 6.0,
    "Collision": true,
    "Weather": "HardRainNoon",
    "Collision Type": "Actor(id=337, type=vehicle.diamondback.century)",
    "Time to Collision": 17.31265950202942,
    "Speed at Collision": 4.563416873867003,
    "Intensity": 640.8494911569633
  },
  {
    "Scenario Name": "VehicleTurningRight_41",
    "Scenario Description": "The scenario realizes the user controlled ego vehiclemoving along the road and encounters a cyclist ahead after taking a right turn.",
    "Map": "Map(name=Carla/Maps/Town02)",
    "Adversary Speed": 3.0,
    "Trigger Distance": 6.0,
    "Collision": true,
    "Weather": "HardRainNoon",
    "Collision Type": "Actor(id=342, type=vehicle.diamondback.century)",
    "Time to Collision": 11.214929342269897,
    "Speed at Collision": 16.38743998630275,
    "Intensity": 1791.3154955288962
  },
  {
    "Scenario Name": "VehicleTurningRight_42",
    "Scenario Description": "The scenario realizes the user controlled ego vehiclemoving along the road and encounters a cyclist ahead after taking a right turn.",
    "Map": "Map(name=Carla/Maps/Town02)",
    "Adversary Speed": 3.0,
    "Trigger Distance": 6.0,
    "Collision": true,
    "Weather": "HardRainNoon",
    "Collision Type": "Actor(id=347, type=vehicle.diamondback.century)",
    "Time to Collision": 11.25356149673462,
    "Speed at Collision": 16.08944978155548,
    "Intensity": 1789.0863882079682
  },
  {
    "Scenario Name": "VehicleTurningRight_45",
    "Scenario Description": "The scenario realizes the user controlled ego vehiclemoving along the road and encounters a cyclist ahead after taking a right turn.",
    "Map": "Map(name=Carla/Maps/Town02)",
    "Adversary Speed": 3.0,
    "Trigger Distance": 6.0,
    "Collision": true,
    "Weather": "ClearNoon",
    "Collision Type": "Actor(id=362, type=vehicle.diamondback.century)",
    "Time to Collision": 11.232404470443726,
    "Speed at Collision": 16.173816214951756,
    "Intensity": 1654.8098277287124
  },
  {
    "Scenario Name": "VehicleTurningRight_46",
    "Scenario Description": "The scenario realizes the user controlled ego vehiclemoving along the road and encounters a cyclist ahead after taking a right turn.",
    "Map": "Map(name=Carla/Maps/Town02)",
    "Adversary Speed": 3.0,
    "Trigger Distance": 6.0,
    "Collision": true,
    "Weather": "ClearNoon",
    "Collision Type": "Actor(id=367, type=vehicle.diamondback.century)",
    "Time to Collision": 11.178804874420166,
    "Speed at Collision": 16.04586594127267,
    "Intensity": 1656.4752865283742
  },
  {
    "Scenario Name": "VehicleTurningRight_47",
    "Scenario Description": "The scenario realizes the user controlled ego vehiclemoving along the road and encounters a cyclist ahead after taking a right turn.",
    "Map": "Map(name=Carla/Maps/Town02)",
    "Adversary Speed": 3.0,
    "Trigger Distance": 6.0,
    "Collision": true,
    "Weather": "ClearNight",
    "Collision Type": "Actor(id=372, type=vehicle.diamondback.century)",
    "Time to Collision": 14.164037227630615,
    "Speed at Collision": 6.722913681669903,
    "Intensity": 893.0363839320772
  },
  {
    "Scenario Name": "VehicleTurningRight_48",
    "Scenario Description": "The scenario realizes the user controlled ego vehiclemoving along the road and encounters a cyclist ahead after taking a right turn.",
    "Map": "Map(name=Carla/Maps/Town02)",
    "Adversary Speed": 3.0,
    "Trigger Distance": 6.0,
    "Collision": true,
    "Weather": "ClearNight",
    "Collision Type": "Actor(id=377, type=vehicle.diamondback.century)",
    "Time to Collision": 11.651494264602661,
    "Speed at Collision": 13.106104156538688,
    "Intensity": 1843.5263422191554
  },
  {
    "Scenario Name": "VehicleTurningRight_49",
    "Scenario Description": "The scenario realizes the user controlled ego vehiclemoving along the road and encounters a cyclist ahead after taking a right turn.",
    "Map": "Map(name=Carla/Maps/Town02)",
    "Adversary Speed": 3.0,
    "Trigger Distance": 6.0,
    "Collision": true,
    "Weather": "HardRainNoon",
    "Collision Type": "Actor(id=382, type=vehicle.diamondback.century)",
    "Time to Collision": 15.701694250106812,
    "Speed at Collision": 5.483606853326032,
    "Intensity": 744.3245413080423
  },
  {
    "Scenario Name": "VehicleTurningRight_50",
    "Scenario Description": "The scenario realizes the user controlled ego vehiclemoving along the road and encounters a cyclist ahead after taking a right turn.",
    "Map": "Map(name=Carla/Maps/Town02)",
    "Adversary Speed": 3.0,
    "Trigger Distance": 6.0,
    "Collision": true,
    "Weather": "ClearNoon",
    "Collision Type": "Actor(id=387, type=vehicle.diamondback.century)",
    "Time to Collision": 14.422420263290405,
    "Speed at Collision": 6.520783043366387,
    "Intensity": 879.1012760102981
  },
  {
    "Scenario Name": "VehicleTurningRight_51",
    "Scenario Description": "The scenario realizes the user controlled ego vehiclemoving along the road and encounters a cyclist ahead after taking a right turn.",
    "Map": "Map(name=Carla/Maps/Town02)",
    "Adversary Speed": 3.0,
    "Trigger Distance": 6.0,
    "Collision": true,
    "Weather": "HardRainNoon",
    "Collision Type": "Actor(id=392, type=vehicle.diamondback.century)",
    "Time to Collision": 11.282159566879272,
    "Speed at Collision": 16.47264227693891,
    "Intensity": 1312.0032284309975
  },
  {
    "Scenario Name": "VehicleTurningRight_52",
    "Scenario Description": "The scenario realizes the user controlled ego vehiclemoving along the road and encounters a cyclist ahead after taking a right turn.",
    "Map": "Map(name=Carla/Maps/Town02)",
    "Adversary Speed": 3.0,
    "Trigger Distance": 6.0,
    "Collision": true,
    "Weather": "HardRainNight",
    "Collision Type": "Actor(id=397, type=vehicle.diamondback.century)",
    "Time to Collision": 13.530463933944702,
    "Speed at Collision": 7.65463202463969,
    "Intensity": 738.5918050257426
  },
  {
    "Scenario Name": "VehicleTurningRight_53",
    "Scenario Description": "The scenario realizes the user controlled ego vehiclemoving along the road and encounters a cyclist ahead after taking a right turn.",
    "Map": "Map(name=Carla/Maps/Town02)",
    "Adversary Speed": 3.0,
    "Trigger Distance": 6.0,
    "Collision": true,
    "Weather": "HardRainNight",
    "Collision Type": "Actor(id=402, type=vehicle.diamondback.century)",
    "Time to Collision": 11.447059869766235,
    "Speed at Collision": 14.957999280702975,
    "Intensity": 1378.884513245379
  },
  {
    "Scenario Name": "VehicleTurningRight_54",
    "Scenario Description": "The scenario realizes the user controlled ego vehiclemoving along the road and encounters a cyclist ahead after taking a right turn.",
    "Map": "Map(name=Carla/Maps/Town02)",
    "Adversary Speed": 3.0,
    "Trigger Distance": 6.0,
    "Collision": true,
    "Weather": "ClearNight",
    "Collision Type": "Actor(id=407, type=vehicle.diamondback.century)",
    "Time to Collision": 11.266104698181152,
    "Speed at Collision": 16.00931577752296,
    "Intensity": 1565.445590548685
  },
  {
    "Scenario Name": "VehicleTurningRight_55",
    "Scenario Description": "The scenario realizes the user controlled ego vehiclemoving along the road and encounters a cyclist ahead after taking a right turn.",
    "Map": "Map(name=Carla/Maps/Town02)",
    "Adversary Speed": 3.0,
    "Trigger Distance": 6.0,
    "Collision": true,
    "Weather": "ClearNight",
    "Collision Type": "Actor(id=412, type=vehicle.diamondback.century)",
    "Time to Collision": 11.221177101135254,
    "Speed at Collision": 16.021884773737074,
    "Intensity": 1871.3865623555855
  },
  {
    "Scenario Name": "VehicleTurningRight_56",
    "Scenario Description": "The scenario realizes the user controlled ego vehiclemoving along the road and encounters a cyclist ahead after taking a right turn.",
    "Map": "Map(name=Carla/Maps/Town02)",
    "Adversary Speed": 3.0,
    "Trigger Distance": 6.0,
    "Collision": true,
    "Weather": "HardRainNight",
    "Collision Type": "Actor(id=417, type=vehicle.diamondback.century)",
    "Time to Collision": 11.347996950149536,
    "Speed at Collision": 16.081778285157046,
    "Intensity": 1066.385863500573
  },
  {
    "Scenario Name": "VehicleTurningRight_57",
    "Scenario Description": "The scenario realizes the user controlled ego vehiclemoving along the road and encounters a cyclist ahead after taking a right turn.",
    "Map": "Map(name=Carla/Maps/Town02)",
    "Adversary Speed": 3.0,
    "Trigger Distance": 6.0,
    "Collision": true,
    "Weather": "ClearNoon",
    "Collision Type": "Actor(id=422, type=vehicle.diamondback.century)",
    "Time to Collision": 11.183822631835938,
    "Speed at Collision": 16.179246288324247,
    "Intensity": 1611.081866043311
  },
  {
    "Scenario Name": "VehicleTurningRight_58",
    "Scenario Description": "The scenario realizes the user controlled ego vehiclemoving along the road and encounters a cyclist ahead after taking a right turn.",
    "Map": "Map(name=Carla/Maps/Town02)",
    "Adversary Speed": 3.0,
    "Trigger Distance": 6.0,
    "Collision": true,
    "Weather": "HardRainNight",
    "Collision Type": "Actor(id=427, type=vehicle.diamondback.century)",
    "Time to Collision": 11.243527173995972,
    "Speed at Collision": 16.346903393236424,
    "Intensity": 1868.0732928623227
  },
  {
    "Scenario Name": "VehicleTurningRight_59",
    "Scenario Description": "The scenario realizes the user controlled ego vehiclemoving along the road and encounters a cyclist ahead after taking a right turn.",
    "Map": "Map(name=Carla/Maps/Town02)",
    "Adversary Speed": 3.0,
    "Trigger Distance": 6.0,
    "Collision": true,
    "Weather": "HardRainNight",
    "Collision Type": "Actor(id=432, type=vehicle.diamondback.century)",
    "Time to Collision": 11.241737842559814,
    "Speed at Collision": 15.983963614006175,
    "Intensity": 1070.2303781533776
  },
  {
    "Scenario Name": "VehicleTurningRight_60",
    "Scenario Description": "The scenario realizes the user controlled ego vehiclemoving along the road and encounters a cyclist ahead after taking a right turn.",
    "Map": "Map(name=Carla/Maps/Town02)",
    "Adversary Speed": 3.0,
    "Trigger Distance": 6.0,
    "Collision": true,
    "Weather": "ClearNoon",
    "Collision Type": "Actor(id=437, type=vehicle.diamondback.century)",
    "Time to Collision": 11.376220703125,
    "Speed at Collision": 15.241271416466397,
    "Intensity": 576.6993591655198
  },
  {
    "Scenario Name": "VehicleTurningRight_61",
    "Scenario Description": "The scenario realizes the user controlled ego vehiclemoving along the road and encounters a cyclist ahead after taking a right turn.",
    "Map": "Map(name=Carla/Maps/Town02)",
    "Adversary Speed": 3.0,
    "Trigger Distance": 6.0,
    "Collision": true,
    "Weather": "HardRainNoon",
    "Collision Type": "Actor(id=442, type=vehicle.diamondback.century)",
    "Time to Collision": 11.56061315536499,
    "Speed at Collision": 13.621339133198532,
    "Intensity": 1862.5751246526056
  },
  {
    "Scenario Name": "VehicleTurningRight_62",
    "Scenario Description": "The scenario realizes the user controlled ego vehiclemoving along the road and encounters a cyclist ahead after taking a right turn.",
    "Map": "Map(name=Carla/Maps/Town02)",
    "Adversary Speed": 3.0,
    "Trigger Distance": 6.0,
    "Collision": true,
    "Weather": "ClearNoon",
    "Collision Type": "Actor(id=447, type=vehicle.diamondback.century)",
    "Time to Collision": 13.632702827453613,
    "Speed at Collision": 7.483871566206302,
    "Intensity": 1023.2603612671361
  },
  {
    "Scenario Name": "VehicleTurningRight_63",
    "Scenario Description": "The scenario realizes the user controlled ego vehiclemoving along the road and encounters a cyclist ahead after taking a right turn.",
    "Map": "Map(name=Carla/Maps/Town02)",
    "Adversary Speed": 3.0,
    "Trigger Distance": 6.0,
    "Collision": true,
    "Weather": "ClearNight",
    "Collision Type": "Actor(id=452, type=vehicle.diamondback.century)",
    "Time to Collision": 11.331092834472656,
    "Speed at Collision": 15.799783085434978,
    "Intensity": 277.03843131484757
  },
  {
    "Scenario Name": "VehicleTurningRight_65",
    "Scenario Description": "The scenario realizes the user controlled ego vehiclemoving along the road and encounters a cyclist ahead after taking a right turn.",
    "Map": "Map(name=Carla/Maps/Town02)",
    "Adversary Speed": 3.0,
    "Trigger Distance": 6.0,
    "Collision": true,
    "Weather": "HardRainNoon",
    "Collision Type": "Actor(id=462, type=vehicle.diamondback.century)",
    "Time to Collision": 11.266605377197266,
    "Speed at Collision": 16.156003271259824,
    "Intensity": 785.8250952899689
  },
  {
    "Scenario Name": "VehicleTurningRight_66",
    "Scenario Description": "The scenario realizes the user controlled ego vehiclemoving along the road and encounters a cyclist ahead after taking a right turn.",
    "Map": "Map(name=Carla/Maps/Town02)",
    "Adversary Speed": 3.0,
    "Trigger Distance": 6.0,
    "Collision": true,
    "Weather": "ClearNight",
    "Collision Type": "Actor(id=467, type=vehicle.diamondback.century)",
    "Time to Collision": 11.336847305297852,
    "Speed at Collision": 15.88826698544956,
    "Intensity": 1750.200108710139
  },
  {
    "Scenario Name": "VehicleTurningRight_67",
    "Scenario Description": "The scenario realizes the user controlled ego vehiclemoving along the road and encounters a cyclist ahead after taking a right turn.",
    "Map": "Map(name=Carla/Maps/Town02)",
    "Adversary Speed": 3.0,
    "Trigger Distance": 6.0,
    "Collision": true,
    "Weather": "HardRainNoon",
    "Collision Type": "Actor(id=472, type=vehicle.diamondback.century)",
    "Time to Collision": 11.27613878250122,
    "Speed at Collision": 16.24115623335269,
    "Intensity": 1737.9393672319316
  },
  {
    "Scenario Name": "VehicleTurningRight_68",
    "Scenario Description": "The scenario realizes the user controlled ego vehiclemoving along the road and encounters a cyclist ahead after taking a right turn.",
    "Map": "Map(name=Carla/Maps/Town02)",
    "Adversary Speed": 3.0,
    "Trigger Distance": 6.0,
    "Collision": true,
    "Weather": "ClearNoon",
    "Collision Type": "Actor(id=477, type=vehicle.diamondback.century)",
    "Time to Collision": 12.73596978187561,
    "Speed at Collision": 9.082338989061213,
    "Intensity": 1190.7450337812854
  },
  {
    "Scenario Name": "VehicleTurningRight_70",
    "Scenario Description": "The scenario realizes the user controlled ego vehiclemoving along the road and encounters a cyclist ahead after taking a right turn.",
    "Map": "Map(name=Carla/Maps/Town02)",
    "Adversary Speed": 3.0,
    "Trigger Distance": 6.0,
    "Collision": true,
    "Weather": "ClearNoon",
    "Collision Type": "Actor(id=487, type=vehicle.diamondback.century)",
    "Time to Collision": 12.448619842529297,
    "Speed at Collision": 9.857428951776868,
    "Intensity": 1389.893315513627
  },
  {
    "Scenario Name": "VehicleTurningRight_71",
    "Scenario Description": "The scenario realizes the user controlled ego vehiclemoving along the road and encounters a cyclist ahead after taking a right turn.",
    "Map": "Map(name=Carla/Maps/Town02)",
    "Adversary Speed": 3.0,
    "Trigger Distance": 6.0,
    "Collision": true,
    "Weather": "ClearNoon",
    "Collision Type": "Actor(id=492, type=vehicle.diamondback.century)",
    "Time to Collision": 13.277364015579224,
    "Speed at Collision": 8.033778776619021,
    "Intensity": 93.41020994033053
  },
  {
    "Scenario Name": "VehicleTurningRight_72",
    "Scenario Description": "The scenario realizes the user controlled ego vehiclemoving along the road and encounters a cyclist ahead after taking a right turn.",
    "Map": "Map(name=Carla/Maps/Town02)",
    "Adversary Speed": 3.0,
    "Trigger Distance": 6.0,
    "Collision": true,
    "Weather": "HardRainNight",
    "Collision Type": "Actor(id=497, type=vehicle.diamondback.century)",
    "Time to Collision": 15.7722487449646,
    "Speed at Collision": 6.049919363768499,
    "Intensity": 899.3768309311566
  },
  {
    "Scenario Name": "VehicleTurningRight_73",
    "Scenario Description": "The scenario realizes the user controlled ego vehiclemoving along the road and encounters a cyclist ahead after taking a right turn.",
    "Map": "Map(name=Carla/Maps/Town02)",
    "Adversary Speed": 3.0,
    "Trigger Distance": 6.0,
    "Collision": true,
    "Weather": "HardRainNight",
    "Collision Type": "Actor(id=502, type=vehicle.diamondback.century)",
    "Time to Collision": 11.320289850234985,
    "Speed at Collision": 16.178226331758246,
    "Intensity": 556.1909782433526
  },
  {
    "Scenario Name": "VehicleTurningRight_74",
    "Scenario Description": "The scenario realizes the user controlled ego vehiclemoving along the road and encounters a cyclist ahead after taking a right turn.",
    "Map": "Map(name=Carla/Maps/Town02)",
    "Adversary Speed": 3.0,
    "Trigger Distance": 6.0,
    "Collision": true,
    "Weather": "ClearNoon",
    "Collision Type": "Actor(id=507, type=vehicle.diamondback.century)",
    "Time to Collision": 11.210411310195923,
    "Speed at Collision": 16.087639440906617,
    "Intensity": 1579.2980216120545
  },
  {
    "Scenario Name": "VehicleTurningRight_75",
    "Scenario Description": "The scenario realizes the user controlled ego vehiclemoving along the road and encounters a cyclist ahead after taking a right turn.",
    "Map": "Map(name=Carla/Maps/Town02)",
    "Adversary Speed": 3.0,
    "Trigger Distance": 6.0,
    "Collision": true,
    "Weather": "ClearNoon",
    "Collision Type": "Actor(id=512, type=vehicle.diamondback.century)",
    "Time to Collision": 11.203287601470947,
    "Speed at Collision": 16.040153476732733,
    "Intensity": 246.95186846851328
  },
  {
    "Scenario Name": "VehicleTurningRight_76",
    "Scenario Description": "The scenario realizes the user controlled ego vehiclemoving along the road and encounters a cyclist ahead after taking a right turn.",
    "Map": "Map(name=Carla/Maps/Town02)",
    "Adversary Speed": 3.0,
    "Trigger Distance": 6.0,
    "Collision": true,
    "Weather": "ClearNoon",
    "Collision Type": "Actor(id=517, type=vehicle.diamondback.century)",
    "Time to Collision": 11.304737329483032,
    "Speed at Collision": 16.384463674532935,
    "Intensity": 1520.2897598388636
  },
  {
    "Scenario Name": "VehicleTurningRight_77",
    "Scenario Description": "The scenario realizes the user controlled ego vehiclemoving along the road and encounters a cyclist ahead after taking a right turn.",
    "Map": "Map(name=Carla/Maps/Town02)",
    "Adversary Speed": 3.0,
    "Trigger Distance": 6.0,
    "Collision": true,
    "Weather": "ClearNoon",
    "Collision Type": "Actor(id=522, type=vehicle.diamondback.century)",
    "Time to Collision": 14.657002925872803,
    "Speed at Collision": 6.384342172167228,
    "Intensity": 853.4419525855639
  },
  {
    "Scenario Name": "VehicleTurningRight_78",
    "Scenario Description": "The scenario realizes the user controlled ego vehiclemoving along the road and encounters a cyclist ahead after taking a right turn.",
    "Map": "Map(name=Carla/Maps/Town02)",
    "Adversary Speed": 3.0,
    "Trigger Distance": 6.0,
    "Collision": true,
    "Weather": "ClearNoon",
    "Collision Type": "Actor(id=527, type=vehicle.diamondback.century)",
    "Time to Collision": 11.937405347824097,
    "Speed at Collision": 11.529171817097916,
    "Intensity": 1551.4606116856542
  },
  {
    "Scenario Name": "VehicleTurningRight_79",
    "Scenario Description": "The scenario realizes the user controlled ego vehiclemoving along the road and encounters a cyclist ahead after taking a right turn.",
    "Map": "Map(name=Carla/Maps/Town02)",
    "Adversary Speed": 3.0,
    "Trigger Distance": 6.0,
    "Collision": true,
    "Weather": "ClearNight",
    "Collision Type": "Actor(id=532, type=vehicle.diamondback.century)",
    "Time to Collision": 11.28926706314087,
    "Speed at Collision": 16.107084775746365,
    "Intensity": 1877.654469364254
  },
  {
    "Scenario Name": "VehicleTurningRight_81",
    "Scenario Description": "The scenario realizes the user controlled ego vehiclemoving along the road and encounters a cyclist ahead after taking a right turn.",
    "Map": "Map(name=Carla/Maps/Town02)",
    "Adversary Speed": 3.0,
    "Trigger Distance": 6.0,
    "Collision": true,
    "Weather": "HardRainNight",
    "Collision Type": "Actor(id=542, type=vehicle.diamondback.century)",
    "Time to Collision": 18.480826377868652,
    "Speed at Collision": 4.609539403956566,
    "Intensity": 516.2728750224533
  },
  {
    "Scenario Name": "VehicleTurningRight_83",
    "Scenario Description": "The scenario realizes the user controlled ego vehiclemoving along the road and encounters a cyclist ahead after taking a right turn.",
    "Map": "Map(name=Carla/Maps/Town02)",
    "Adversary Speed": 3.0,
    "Trigger Distance": 6.0,
    "Collision": true,
    "Weather": "HardRainNight",
    "Collision Type": "Actor(id=552, type=vehicle.diamondback.century)",
    "Time to Collision": 11.257062196731567,
    "Speed at Collision": 16.236157021133568,
    "Intensity": 1127.0960376684159
  },
  {
    "Scenario Name": "VehicleTurningRight_85",
    "Scenario Description": "The scenario realizes the user controlled ego vehiclemoving along the road and encounters a cyclist ahead after taking a right turn.",
    "Map": "Map(name=Carla/Maps/Town02)",
    "Adversary Speed": 3.0,
    "Trigger Distance": 6.0,
    "Collision": true,
    "Weather": "HardRainNoon",
    "Collision Type": "Actor(id=562, type=vehicle.diamondback.century)",
    "Time to Collision": 11.361016273498535,
    "Speed at Collision": 16.26077714177651,
    "Intensity": 1756.5863039132291
  },
  {
    "Scenario Name": "VehicleTurningRight_86",
    "Scenario Description": "The scenario realizes the user controlled ego vehiclemoving along the road and encounters a cyclist ahead after taking a right turn.",
    "Map": "Map(name=Carla/Maps/Town02)",
    "Adversary Speed": 3.0,
    "Trigger Distance": 6.0,
    "Collision": true,
    "Weather": "ClearNight",
    "Collision Type": "Actor(id=567, type=vehicle.diamondback.century)",
    "Time to Collision": 11.330410718917847,
    "Speed at Collision": 15.962643341929283,
    "Intensity": 940.2417403092185
  },
  {
    "Scenario Name": "VehicleTurningRight_87",
    "Scenario Description": "The scenario realizes the user controlled ego vehiclemoving along the road and encounters a cyclist ahead after taking a right turn.",
    "Map": "Map(name=Carla/Maps/Town02)",
    "Adversary Speed": 3.0,
    "Trigger Distance": 6.0,
    "Collision": true,
    "Weather": "ClearNight",
    "Collision Type": "Actor(id=572, type=vehicle.diamondback.century)",
    "Time to Collision": 11.26997423171997,
    "Speed at Collision": 16.047131496173304,
    "Intensity": 1581.3358095063768
  },
  {
    "Scenario Name": "VehicleTurningRight_89",
    "Scenario Description": "The scenario realizes the user controlled ego vehiclemoving along the road and encounters a cyclist ahead after taking a right turn.",
    "Map": "Map(name=Carla/Maps/Town02)",
    "Adversary Speed": 3.0,
    "Trigger Distance": 6.0,
    "Collision": true,
    "Weather": "ClearNight",
    "Collision Type": "Actor(id=582, type=vehicle.diamondback.century)",
    "Time to Collision": 11.243901491165161,
    "Speed at Collision": 16.193899460537207,
    "Intensity": 1996.7765813435174
  },
  {
    "Scenario Name": "VehicleTurningRight_91",
    "Scenario Description": "The scenario realizes the user controlled ego vehiclemoving along the road and encounters a cyclist ahead after taking a right turn.",
    "Map": "Map(name=Carla/Maps/Town02)",
    "Adversary Speed": 3.0,
    "Trigger Distance": 6.0,
    "Collision": true,
    "Weather": "HardRainNoon",
    "Collision Type": "Actor(id=592, type=vehicle.diamondback.century)",
    "Time to Collision": 11.615803718566895,
    "Speed at Collision": 13.105522688129913,
    "Intensity": 1734.8952053818716
  },
  {
    "Scenario Name": "VehicleTurningRight_92",
    "Scenario Description": "The scenario realizes the user controlled ego vehiclemoving along the road and encounters a cyclist ahead after taking a right turn.",
    "Map": "Map(name=Carla/Maps/Town02)",
    "Adversary Speed": 3.0,
    "Trigger Distance": 6.0,
    "Collision": true,
    "Weather": "HardRainNight",
    "Collision Type": "Actor(id=597, type=vehicle.diamondback.century)",
    "Time to Collision": 11.257997751235962,
    "Speed at Collision": 16.091056816248233,
    "Intensity": 1945.9762985246355
  },
  {
    "Scenario Name": "VehicleTurningRight_93",
    "Scenario Description": "The scenario realizes the user controlled ego vehiclemoving along the road and encounters a cyclist ahead after taking a right turn.",
    "Map": "Map(name=Carla/Maps/Town02)",
    "Adversary Speed": 3.0,
    "Trigger Distance": 6.0,
    "Collision": true,
    "Weather": "ClearNoon",
    "Collision Type": "Actor(id=602, type=vehicle.diamondback.century)",
    "Time to Collision": 11.263041019439697,
    "Speed at Collision": 16.08601502256162,
    "Intensity": 1371.884122836604
  },
  {
    "Scenario Name": "VehicleTurningRight_94",
    "Scenario Description": "The scenario realizes the user controlled ego vehiclemoving along the road and encounters a cyclist ahead after taking a right turn.",
    "Map": "Map(name=Carla/Maps/Town02)",
    "Adversary Speed": 3.0,
    "Trigger Distance": 6.0,
    "Collision": true,
    "Weather": "HardRainNight",
    "Collision Type": "Actor(id=607, type=vehicle.diamondback.century)",
    "Time to Collision": 11.34211015701294,
    "Speed at Collision": 16.336214060262098,
    "Intensity": 1937.79898591079
  },
  {
    "Scenario Name": "VehicleTurningRight_95",
    "Scenario Description": "The scenario realizes the user controlled ego vehiclemoving along the road and encounters a cyclist ahead after taking a right turn.",
    "Map": "Map(name=Carla/Maps/Town02)",
    "Adversary Speed": 3.0,
    "Trigger Distance": 6.0,
    "Collision": true,
    "Weather": "ClearNoon",
    "Collision Type": "Actor(id=612, type=vehicle.diamondback.century)",
    "Time to Collision": 12.04434585571289,
    "Speed at Collision": 11.256557702505802,
    "Intensity": 1494.9090170105155
  },
  {
    "Scenario Name": "VehicleTurningRight_96",
    "Scenario Description": "The scenario realizes the user controlled ego vehiclemoving along the road and encounters a cyclist ahead after taking a right turn.",
    "Map": "Map(name=Carla/Maps/Town02)",
    "Adversary Speed": 3.0,
    "Trigger Distance": 6.0,
    "Collision": true,
    "Weather": "ClearNoon",
    "Collision Type": "Actor(id=617, type=vehicle.diamondback.century)",
    "Time to Collision": 12.246808052062988,
    "Speed at Collision": 10.397183346702654,
    "Intensity": 1384.4128976014742
  },
  {
    "Scenario Name": "VehicleTurningRight_98",
    "Scenario Description": "The scenario realizes the user controlled ego vehiclemoving along the road and encounters a cyclist ahead after taking a right turn.",
    "Map": "Map(name=Carla/Maps/Town02)",
    "Adversary Speed": 3.0,
    "Trigger Distance": 6.0,
    "Collision": true,
    "Weather": "ClearNoon",
    "Collision Type": "Actor(id=627, type=vehicle.diamondback.century)",
    "Time to Collision": 11.385523557662964,
    "Speed at Collision": 14.961240702609981,
    "Intensity": 575.2852478077401
  },
  {
    "Scenario Name": "VehicleTurningRight_99",
    "Scenario Description": "The scenario realizes the user controlled ego vehiclemoving along the road and encounters a cyclist ahead after taking a right turn.",
    "Map": "Map(name=Carla/Maps/Town02)",
    "Adversary Speed": 3.0,
    "Trigger Distance": 6.0,
    "Collision": true,
    "Weather": "HardRainNoon",
    "Collision Type": "Actor(id=632, type=vehicle.diamondback.century)",
    "Time to Collision": 11.247576236724854,
    "Speed at Collision": 16.08882942020428,
    "Intensity": 1794.1208364362305
  }
]