[
  {
    "Collision": false,
    "Scenario Name": "FollowLeadingVehicle_803",
    "Scenario Description": "The scenario realizes a common driving behavior, in which the user-controlled ego vehicle follows a leading car driving downa given road. At some point the leading car has to slow down andfinally stop. The ego vehicle has to react accordingly to avoida collision. The scenario ends either via a timeout, or if the egovehicle stopped close enough to the leading vehicle",
    "Map": "Map(name=Carla/Maps/Town01)",
    "Leading Vehicle Location": 59,
    "Leading Vehicle Speed": 20,
    "Weather": "ClearNoon"
  },
  {
    "Collision": false,
    "Scenario Name": "FollowLeadingVehicle_806",
    "Scenario Description": "The scenario realizes a common driving behavior, in which the user-controlled ego vehicle follows a leading car driving downa given road. At some point the leading car has to slow down andfinally stop. The ego vehicle has to react accordingly to avoida collision. The scenario ends either via a timeout, or if the egovehicle stopped close enough to the leading vehicle",
    "Map": "Map(name=Carla/Maps/Town01)",
    "Leading Vehicle Location": 28,
    "Leading Vehicle Speed": 12,
    "Weather": "HardRainNoon"
  },
  {
    "Collision": false,
    "Scenario Name": "FollowLeadingVehicle_809",
    "Scenario Description": "The scenario realizes a common driving behavior, in which the user-controlled ego vehicle follows a leading car driving downa given road. At some point the leading car has to slow down andfinally stop. The ego vehicle has to react accordingly to avoida collision. The scenario ends either via a timeout, or if the egovehicle stopped close enough to the leading vehicle",
    "Map": "Map(name=Carla/Maps/Town01)",
    "Leading Vehicle Location": 193,
    "Leading Vehicle Speed": 1,
    "Weather": "ClearNight"
  },
  {
    "Collision": false,
    "Scenario Name": "FollowLeadingVehicle_810",
    "Scenario Description": "The scenario realizes a common driving behavior, in which the user-controlled ego vehicle follows a leading car driving downa given road. At some point the leading car has to slow down andfinally stop. The ego vehicle has to react accordingly to avoida collision. The scenario ends either via a timeout, or if the egovehicle stopped close enough to the leading vehicle",
    "Map": "Map(name=Carla/Maps/Town01)",
    "Leading Vehicle Location": 133,
    "Leading Vehicle Speed": 4,
    "Weather": "ClearNight"
  },
  {
    "Collision": false,
    "Scenario Name": "FollowLeadingVehicle_811",
    "Scenario Description": "The scenario realizes a common driving behavior, in which the user-controlled ego vehicle follows a leading car driving downa given road. At some point the leading car has to slow down andfinally stop. The ego vehicle has to react accordingly to avoida collision. The scenario ends either via a timeout, or if the egovehicle stopped close enough to the leading vehicle",
    "Map": "Map(name=Carla/Maps/Town01)",
    "Leading Vehicle Location": 74,
    "Leading Vehicle Speed": 17,
    "Weather": "HardRainNoon"
  },
  {
    "Collision": false,
    "Scenario Name": "FollowLeadingVehicle_815",
    "Scenario Description": "The scenario realizes a common driving behavior, in which the user-controlled ego vehicle follows a leading car driving downa given road. At some point the leading car has to slow down andfinally stop. The ego vehicle has to react accordingly to avoida collision. The scenario ends either via a timeout, or if the egovehicle stopped close enough to the leading vehicle",
    "Map": "Map(name=Carla/Maps/Town01)",
    "Leading Vehicle Location": 45,
    "Leading Vehicle Speed": 19,
    "Weather": "HardRainNoon"
  },
  {
    "Collision": false,
    "Scenario Name": "FollowLeadingVehicle_828",
    "Scenario Description": "The scenario realizes a common driving behavior, in which the user-controlled ego vehicle follows a leading car driving downa given road. At some point the leading car has to slow down andfinally stop. The ego vehicle has to react accordingly to avoida collision. The scenario ends either via a timeout, or if the egovehicle stopped close enough to the leading vehicle",
    "Map": "Map(name=Carla/Maps/Town01)",
    "Leading Vehicle Location": 13,
    "Leading Vehicle Speed": 13,
    "Weather": "HardRainNight"
  },
  {
    "Collision": false,
    "Scenario Name": "FollowLeadingVehicle_830",
    "Scenario Description": "The scenario realizes a common driving behavior, in which the user-controlled ego vehicle follows a leading car driving downa given road. At some point the leading car has to slow down andfinally stop. The ego vehicle has to react accordingly to avoida collision. The scenario ends either via a timeout, or if the egovehicle stopped close enough to the leading vehicle",
    "Map": "Map(name=Carla/Maps/Town01)",
    "Leading Vehicle Location": 179,
    "Leading Vehicle Speed": 15,
    "Weather": "HardRainNoon"
  },
  {
    "Collision": false,
    "Scenario Name": "FollowLeadingVehicle_831",
    "Scenario Description": "The scenario realizes a common driving behavior, in which the user-controlled ego vehicle follows a leading car driving downa given road. At some point the leading car has to slow down andfinally stop. The ego vehicle has to react accordingly to avoida collision. The scenario ends either via a timeout, or if the egovehicle stopped close enough to the leading vehicle",
    "Map": "Map(name=Carla/Maps/Town01)",
    "Leading Vehicle Location": 192,
    "Leading Vehicle Speed": 11,
    "Weather": "ClearNight"
  },
  {
    "Collision": false,
    "Scenario Name": "FollowLeadingVehicle_834",
    "Scenario Description": "The scenario realizes a common driving behavior, in which the user-controlled ego vehicle follows a leading car driving downa given road. At some point the leading car has to slow down andfinally stop. The ego vehicle has to react accordingly to avoida collision. The scenario ends either via a timeout, or if the egovehicle stopped close enough to the leading vehicle",
    "Map": "Map(name=Carla/Maps/Town01)",
    "Leading Vehicle Location": 38,
    "Leading Vehicle Speed": 19,
    "Weather": "ClearNight"
  },
  {
    "Collision": false,
    "Scenario Name": "FollowLeadingVehicle_837",
    "Scenario Description": "The scenario realizes a common driving behavior, in which the user-controlled ego vehicle follows a leading car driving downa given road. At some point the leading car has to slow down andfinally stop. The ego vehicle has to react accordingly to avoida collision. The scenario ends either via a timeout, or if the egovehicle stopped close enough to the leading vehicle",
    "Map": "Map(name=Carla/Maps/Town01)",
    "Leading Vehicle Location": 55,
    "Leading Vehicle Speed": 9,
    "Weather": "HardRainNight"
  },
  {
    "Collision": false,
    "Scenario Name": "FollowLeadingVehicle_838",
    "Scenario Description": "The scenario realizes a common driving behavior, in which the user-controlled ego vehicle follows a leading car driving downa given road. At some point the leading car has to slow down andfinally stop. The ego vehicle has to react accordingly to avoida collision. The scenario ends either via a timeout, or if the egovehicle stopped close enough to the leading vehicle",
    "Map": "Map(name=Carla/Maps/Town01)",
    "Leading Vehicle Location": 119,
    "Leading Vehicle Speed": 17,
    "Weather": "HardRainNight"
  },
  {
    "Collision": false,
    "Scenario Name": "FollowLeadingVehicle_843",
    "Scenario Description": "The scenario realizes a common driving behavior, in which the user-controlled ego vehicle follows a leading car driving downa given road. At some point the leading car has to slow down andfinally stop. The ego vehicle has to react accordingly to avoida collision. The scenario ends either via a timeout, or if the egovehicle stopped close enough to the leading vehicle",
    "Map": "Map(name=Carla/Maps/Town01)",
    "Leading Vehicle Location": 122,
    "Leading Vehicle Speed": 19,
    "Weather": "HardRainNoon"
  },
  {
    "Collision": false,
    "Scenario Name": "FollowLeadingVehicle_844",
    "Scenario Description": "The scenario realizes a common driving behavior, in which the user-controlled ego vehicle follows a leading car driving downa given road. At some point the leading car has to slow down andfinally stop. The ego vehicle has to react accordingly to avoida collision. The scenario ends either via a timeout, or if the egovehicle stopped close enough to the leading vehicle",
    "Map": "Map(name=Carla/Maps/Town01)",
    "Leading Vehicle Location": 38,
    "Leading Vehicle Speed": 12,
    "Weather": "HardRainNight"
  },
  {
    "Collision": false,
    "Scenario Name": "FollowLeadingVehicle_845",
    "Scenario Description": "The scenario realizes a common driving behavior, in which the user-controlled ego vehicle follows a leading car driving downa given road. At some point the leading car has to slow down andfinally stop. The ego vehicle has to react accordingly to avoida collision. The scenario ends either via a timeout, or if the egovehicle stopped close enough to the leading vehicle",
    "Map": "Map(name=Carla/Maps/Town01)",
    "Leading Vehicle Location": 115,
    "Leading Vehicle Speed": 9,
    "Weather": "HardRainNoon"
  },
  {
    "Collision": false,
    "Scenario Name": "FollowLeadingVehicle_846",
    "Scenario Description": "The scenario realizes a common driving behavior, in which the user-controlled ego vehicle follows a leading car driving downa given road. At some point the leading car has to slow down andfinally stop. The ego vehicle has to react accordingly to avoida collision. The scenario ends either via a timeout, or if the egovehicle stopped close enough to the leading vehicle",
    "Map": "Map(name=Carla/Maps/Town01)",
    "Leading Vehicle Location": 14,
    "Leading Vehicle Speed": 18,
    "Weather": "ClearNight"
  },
  {
    "Collision": false,
    "Scenario Name": "FollowLeadingVehicle_850",
    "Scenario Description": "The scenario realizes a common driving behavior, in which the user-controlled ego vehicle follows a leading car driving downa given road. At some point the leading car has to slow down andfinally stop. The ego vehicle has to react accordingly to avoida collision. The scenario ends either via a timeout, or if the egovehicle stopped close enough to the leading vehicle",
    "Map": "Map(name=Carla/Maps/Town01)",
    "Leading Vehicle Location": 115,
    "Leading Vehicle Speed": 2,
    "Weather": "HardRainNight"
  },
  {
    "Collision": false,
    "Scenario Name": "FollowLeadingVehicle_853",
    "Scenario Description": "The scenario realizes a common driving behavior, in which the user-controlled ego vehicle follows a leading car driving downa given road. At some point the leading car has to slow down andfinally stop. The ego vehicle has to react accordingly to avoida collision. The scenario ends either via a timeout, or if the egovehicle stopped close enough to the leading vehicle",
    "Map": "Map(name=Carla/Maps/Town01)",
    "Leading Vehicle Location": 100,
    "Leading Vehicle Speed": 17,
    "Weather": "ClearNight"
  },
  {
    "Collision": false,
    "Scenario Name": "FollowLeadingVehicle_854",
    "Scenario Description": "The scenario realizes a common driving behavior, in which the user-controlled ego vehicle follows a leading car driving downa given road. At some point the leading car has to slow down andfinally stop. The ego vehicle has to react accordingly to avoida collision. The scenario ends either via a timeout, or if the egovehicle stopped close enough to the leading vehicle",
    "Map": "Map(name=Carla/Maps/Town01)",
    "Leading Vehicle Location": 133,
    "Leading Vehicle Speed": 8,
    "Weather": "HardRainNight"
  },
  {
    "Collision": false,
    "Scenario Name": "FollowLeadingVehicle_861",
    "Scenario Description": "The scenario realizes a common driving behavior, in which the user-controlled ego vehicle follows a leading car driving downa given road. At some point the leading car has to slow down andfinally stop. The ego vehicle has to react accordingly to avoida collision. The scenario ends either via a timeout, or if the egovehicle stopped close enough to the leading vehicle",
    "Map": "Map(name=Carla/Maps/Town01)",
    "Leading Vehicle Location": 161,
    "Leading Vehicle Speed": 14,
    "Weather": "HardRainNight"
  },
  {
    "Collision": false,
    "Scenario Name": "FollowLeadingVehicle_866",
    "Scenario Description": "The scenario realizes a common driving behavior, in which the user-controlled ego vehicle follows a leading car driving downa given road. At some point the leading car has to slow down andfinally stop. The ego vehicle has to react accordingly to avoida collision. The scenario ends either via a timeout, or if the egovehicle stopped close enough to the leading vehicle",
    "Map": "Map(name=Carla/Maps/Town01)",
    "Leading Vehicle Location": 143,
    "Leading Vehicle Speed": 14,
    "Weather": "HardRainNight"
  },
  {
    "Collision": false,
    "Scenario Name": "FollowLeadingVehicle_869",
    "Scenario Description": "The scenario realizes a common driving behavior, in which the user-controlled ego vehicle follows a leading car driving downa given road. At some point the leading car has to slow down andfinally stop. The ego vehicle has to react accordingly to avoida collision. The scenario ends either via a timeout, or if the egovehicle stopped close enough to the leading vehicle",
    "Map": "Map(name=Carla/Maps/Town01)",
    "Leading Vehicle Location": 150,
    "Leading Vehicle Speed": 12,
    "Weather": "HardRainNight"
  },
  {
    "Collision": false,
    "Scenario Name": "FollowLeadingVehicle_870",
    "Scenario Description": "The scenario realizes a common driving behavior, in which the user-controlled ego vehicle follows a leading car driving downa given road. At some point the leading car has to slow down andfinally stop. The ego vehicle has to react accordingly to avoida collision. The scenario ends either via a timeout, or if the egovehicle stopped close enough to the leading vehicle",
    "Map": "Map(name=Carla/Maps/Town01)",
    "Leading Vehicle Location": 159,
    "Leading Vehicle Speed": 17,
    "Weather": "ClearNoon"
  },
  {
    "Collision": false,
    "Scenario Name": "FollowLeadingVehicle_871",
    "Scenario Description": "The scenario realizes a common driving behavior, in which the user-controlled ego vehicle follows a leading car driving downa given road. At some point the leading car has to slow down andfinally stop. The ego vehicle has to react accordingly to avoida collision. The scenario ends either via a timeout, or if the egovehicle stopped close enough to the leading vehicle",
    "Map": "Map(name=Carla/Maps/Town01)",
    "Leading Vehicle Location": 137,
    "Leading Vehicle Speed": 5,
    "Weather": "ClearNoon"
  },
  {
    "Collision": false,
    "Scenario Name": "FollowLeadingVehicle_877",
    "Scenario Description": "The scenario realizes a common driving behavior, in which the user-controlled ego vehicle follows a leading car driving downa given road. At some point the leading car has to slow down andfinally stop. The ego vehicle has to react accordingly to avoida collision. The scenario ends either via a timeout, or if the egovehicle stopped close enough to the leading vehicle",
    "Map": "Map(name=Carla/Maps/Town01)",
    "Leading Vehicle Location": 101,
    "Leading Vehicle Speed": 11,
    "Weather": "ClearNight"
  },
  {
    "Collision": false,
    "Scenario Name": "FollowLeadingVehicle_881",
    "Scenario Description": "The scenario realizes a common driving behavior, in which the user-controlled ego vehicle follows a leading car driving downa given road. At some point the leading car has to slow down andfinally stop. The ego vehicle has to react accordingly to avoida collision. The scenario ends either via a timeout, or if the egovehicle stopped close enough to the leading vehicle",
    "Map": "Map(name=Carla/Maps/Town01)",
    "Leading Vehicle Location": 195,
    "Leading Vehicle Speed": 12,
    "Weather": "HardRainNight"
  },
  {
    "Collision": false,
    "Scenario Name": "FollowLeadingVehicle_884",
    "Scenario Description": "The scenario realizes a common driving behavior, in which the user-controlled ego vehicle follows a leading car driving downa given road. At some point the leading car has to slow down andfinally stop. The ego vehicle has to react accordingly to avoida collision. The scenario ends either via a timeout, or if the egovehicle stopped close enough to the leading vehicle",
    "Map": "Map(name=Carla/Maps/Town01)",
    "Leading Vehicle Location": 30,
    "Leading Vehicle Speed": 5,
    "Weather": "ClearNight"
  },
  {
    "Collision": false,
    "Scenario Name": "FollowLeadingVehicle_885",
    "Scenario Description": "The scenario realizes a common driving behavior, in which the user-controlled ego vehicle follows a leading car driving downa given road. At some point the leading car has to slow down andfinally stop. The ego vehicle has to react accordingly to avoida collision. The scenario ends either via a timeout, or if the egovehicle stopped close enough to the leading vehicle",
    "Map": "Map(name=Carla/Maps/Town01)",
    "Leading Vehicle Location": 143,
    "Leading Vehicle Speed": 8,
    "Weather": "HardRainNight"
  },
  {
    "Collision": false,
    "Scenario Name": "FollowLeadingVehicle_890",
    "Scenario Description": "The scenario realizes a common driving behavior, in which the user-controlled ego vehicle follows a leading car driving downa given road. At some point the leading car has to slow down andfinally stop. The ego vehicle has to react accordingly to avoida collision. The scenario ends either via a timeout, or if the egovehicle stopped close enough to the leading vehicle",
    "Map": "Map(name=Carla/Maps/Town01)",
    "Leading Vehicle Location": 109,
    "Leading Vehicle Speed": 11,
    "Weather": "HardRainNoon"
  },
  {
    "Collision": false,
    "Scenario Name": "FollowLeadingVehicle_893",
    "Scenario Description": "The scenario realizes a common driving behavior, in which the user-controlled ego vehicle follows a leading car driving downa given road. At some point the leading car has to slow down andfinally stop. The ego vehicle has to react accordingly to avoida collision. The scenario ends either via a timeout, or if the egovehicle stopped close enough to the leading vehicle",
    "Map": "Map(name=Carla/Maps/Town01)",
    "Leading Vehicle Location": 148,
    "Leading Vehicle Speed": 9,
    "Weather": "HardRainNoon"
  },
  {
    "Collision": false,
    "Scenario Name": "FollowLeadingVehicle_898",
    "Scenario Description": "The scenario realizes a common driving behavior, in which the user-controlled ego vehicle follows a leading car driving downa given road. At some point the leading car has to slow down andfinally stop. The ego vehicle has to react accordingly to avoida collision. The scenario ends either via a timeout, or if the egovehicle stopped close enough to the leading vehicle",
    "Map": "Map(name=Carla/Maps/Town01)",
    "Leading Vehicle Location": 164,
    "Leading Vehicle Speed": 13,
    "Weather": "HardRainNoon"
  },
  {
    "Collision": false,
    "Scenario Name": "FollowLeadingVehicle_899",
    "Scenario Description": "The scenario realizes a common driving behavior, in which the user-controlled ego vehicle follows a leading car driving downa given road. At some point the leading car has to slow down andfinally stop. The ego vehicle has to react accordingly to avoida collision. The scenario ends either via a timeout, or if the egovehicle stopped close enough to the leading vehicle",
    "Map": "Map(name=Carla/Maps/Town01)",
    "Leading Vehicle Location": 110,
    "Leading Vehicle Speed": 9,
    "Weather": "HardRainNight"
  }
]