[
  {
    "Scenario Name": "NoSignalJunctionCrossing_213",
    "Scenario Description": "The hero vehicle is passing through a junction without traffic lightsAnd encounters another vehicle passing across the junction.",
    "Map": "Map(name=Carla/Maps/Town03)",
    "Other Vehicle Target Velocity": 15,
    "Collision": true,
    "Weather": "HardRainNight",
    "Collision Type": "Actor(id=111, type=vehicle.tesla.model3)",
    "Time to Collision": 6.244377851486206,
    "Speed at Collision": 25.151352814107668,
    "Intensity": 9516.611800815783
  },
  {
    "Scenario Name": "NoSignalJunctionCrossing_214",
    "Scenario Description": "The hero vehicle is passing through a junction without traffic lightsAnd encounters another vehicle passing across the junction.",
    "Map": "Map(name=Carla/Maps/Town03)",
    "Other Vehicle Target Velocity": 23,
    "Collision": true,
    "Weather": "HardRainNoon",
    "Collision Type": "Actor(id=116, type=vehicle.tesla.model3)",
    "Time to Collision": 9.178998470306396,
    "Speed at Collision": 16.901880229301746,
    "Intensity": 13944.024972005813
  },
  {
    "Scenario Name": "NoSignalJunctionCrossing_215",
    "Scenario Description": "The hero vehicle is passing through a junction without traffic lightsAnd encounters another vehicle passing across the junction.",
    "Map": "Map(name=Carla/Maps/Town03)",
    "Other Vehicle Target Velocity": 22,
    "Collision": true,
    "Weather": "ClearNoon",
    "Collision Type": "Actor(id=121, type=vehicle.tesla.model3)",
    "Time to Collision": 6.895997047424316,
    "Speed at Collision": 22.41035516383728,
    "Intensity": 13953.18198439852
  },
  {
    "Scenario Name": "NoSignalJunctionCrossing_216",
    "Scenario Description": "The hero vehicle is passing through a junction without traffic lightsAnd encounters another vehicle passing across the junction.",
    "Map": "Map(name=Carla/Maps/Town03)",
    "Other Vehicle Target Velocity": 21,
    "Collision": true,
    "Weather": "ClearNight",
    "Collision Type": "Actor(id=126, type=vehicle.tesla.model3)",
    "Time to Collision": 10.488999843597412,
    "Speed at Collision": 15.026901710835263,
    "Intensity": 14561.282639644976
  },
  {
    "Scenario Name": "NoSignalJunctionCrossing_217",
    "Scenario Description": "The hero vehicle is passing through a junction without traffic lightsAnd encounters another vehicle passing across the junction.",
    "Map": "Map(name=Carla/Maps/Town03)",
    "Other Vehicle Target Velocity": 12,
    "Collision": true,
    "Weather": "HardRainNoon",
    "Collision Type": "Actor(id=131, type=vehicle.tesla.model3)",
    "Time to Collision": 6.408001184463501,
    "Speed at Collision": 24.060592176720988,
    "Intensity": 12744.617124163147
  },
  {
    "Scenario Name": "NoSignalJunctionCrossing_218",
    "Scenario Description": "The hero vehicle is passing through a junction without traffic lightsAnd encounters another vehicle passing across the junction.",
    "Map": "Map(name=Carla/Maps/Town03)",
    "Other Vehicle Target Velocity": 25,
    "Collision": true,
    "Weather": "ClearNoon",
    "Collision Type": "Actor(id=136, type=vehicle.tesla.model3)",
    "Time to Collision": 6.174000978469849,
    "Speed at Collision": 25.121565816242004,
    "Intensity": 9396.146464911593
  },
  {
    "Scenario Name": "NoSignalJunctionCrossing_219",
    "Scenario Description": "The hero vehicle is passing through a junction without traffic lightsAnd encounters another vehicle passing across the junction.",
    "Map": "Map(name=Carla/Maps/Town03)",
    "Other Vehicle Target Velocity": 6,
    "Collision": true,
    "Weather": "HardRainNight",
    "Collision Type": "Actor(id=141, type=vehicle.tesla.model3)",
    "Time to Collision": 10.477998971939087,
    "Speed at Collision": 15.08673207035594,
    "Intensity": 12199.349559642036
  },
  {
    "Scenario Name": "NoSignalJunctionCrossing_220",
    "Scenario Description": "The hero vehicle is passing through a junction without traffic lightsAnd encounters another vehicle passing across the junction.",
    "Map": "Map(name=Carla/Maps/Town03)",
    "Other Vehicle Target Velocity": 25,
    "Collision": true,
    "Weather": "HardRainNoon",
    "Collision Type": "Actor(id=146, type=vehicle.tesla.model3)",
    "Time to Collision": 8.084003925323486,
    "Speed at Collision": 19.346179864938076,
    "Intensity": 19584.071956303695
  },
  {
    "Scenario Name": "NoSignalJunctionCrossing_221",
    "Scenario Description": "The hero vehicle is passing through a junction without traffic lightsAnd encounters another vehicle passing across the junction.",
    "Map": "Map(name=Carla/Maps/Town03)",
    "Other Vehicle Target Velocity": 10,
    "Collision": true,
    "Weather": "ClearNight",
    "Collision Type": "Actor(id=151, type=vehicle.tesla.model3)",
    "Time to Collision": 6.696003198623657,
    "Speed at Collision": 23.1590815973019,
    "Intensity": 10834.736000317469
  },
  {
    "Scenario Name": "NoSignalJunctionCrossing_222",
    "Scenario Description": "The hero vehicle is passing through a junction without traffic lightsAnd encounters another vehicle passing across the junction.",
    "Map": "Map(name=Carla/Maps/Town03)",
    "Other Vehicle Target Velocity": 11,
    "Collision": true,
    "Weather": "ClearNoon",
    "Collision Type": "Actor(id=156, type=vehicle.tesla.model3)",
    "Time to Collision": 8.661000728607178,
    "Speed at Collision": 18.15562435683618,
    "Intensity": 15818.081673630662
  },
  {
    "Scenario Name": "NoSignalJunctionCrossing_223",
    "Scenario Description": "The hero vehicle is passing through a junction without traffic lightsAnd encounters another vehicle passing across the junction.",
    "Map": "Map(name=Carla/Maps/Town03)",
    "Other Vehicle Target Velocity": 24,
    "Collision": true,
    "Weather": "HardRainNight",
    "Collision Type": "Actor(id=161, type=vehicle.tesla.model3)",
    "Time to Collision": 6.215003490447998,
    "Speed at Collision": 24.816583192330373,
    "Intensity": 9746.02066014501
  },
  {
    "Scenario Name": "NoSignalJunctionCrossing_225",
    "Scenario Description": "The hero vehicle is passing through a junction without traffic lightsAnd encounters another vehicle passing across the junction.",
    "Map": "Map(name=Carla/Maps/Town03)",
    "Other Vehicle Target Velocity": 21,
    "Collision": true,
    "Weather": "HardRainNoon",
    "Collision Type": "Actor(id=171, type=vehicle.tesla.model3)",
    "Time to Collision": 7.0100038051605225,
    "Speed at Collision": 22.125064625085248,
    "Intensity": 14398.282649601004
  },
  {
    "Scenario Name": "NoSignalJunctionCrossing_227",
    "Scenario Description": "The hero vehicle is passing through a junction without traffic lightsAnd encounters another vehicle passing across the junction.",
    "Map": "Map(name=Carla/Maps/Town03)",
    "Other Vehicle Target Velocity": 13,
    "Collision": true,
    "Weather": "HardRainNight",
    "Collision Type": "Actor(id=181, type=vehicle.tesla.model3)",
    "Time to Collision": 6.532001256942749,
    "Speed at Collision": 23.59429116643413,
    "Intensity": 13743.729112343468
  },
  {
    "Scenario Name": "NoSignalJunctionCrossing_228",
    "Scenario Description": "The hero vehicle is passing through a junction without traffic lightsAnd encounters another vehicle passing across the junction.",
    "Map": "Map(name=Carla/Maps/Town03)",
    "Other Vehicle Target Velocity": 14,
    "Collision": true,
    "Weather": "HardRainNight",
    "Collision Type": "Actor(id=186, type=vehicle.tesla.model3)",
    "Time to Collision": 6.336002588272095,
    "Speed at Collision": 24.173421369478913,
    "Intensity": 12649.520205298026
  },
  {
    "Scenario Name": "NoSignalJunctionCrossing_229",
    "Scenario Description": "The hero vehicle is passing through a junction without traffic lightsAnd encounters another vehicle passing across the junction.",
    "Map": "Map(name=Carla/Maps/Town03)",
    "Other Vehicle Target Velocity": 18,
    "Collision": true,
    "Weather": "HardRainNight",
    "Collision Type": "Actor(id=191, type=vehicle.tesla.model3)",
    "Time to Collision": 7.820004224777222,
    "Speed at Collision": 20.15473360331027,
    "Intensity": 17409.13027513869
  },
  {
    "Scenario Name": "NoSignalJunctionCrossing_230",
    "Scenario Description": "The hero vehicle is passing through a junction without traffic lightsAnd encounters another vehicle passing across the junction.",
    "Map": "Map(name=Carla/Maps/Town03)",
    "Other Vehicle Target Velocity": 21,
    "Collision": true,
    "Weather": "ClearNoon",
    "Collision Type": "Actor(id=196, type=vehicle.tesla.model3)",
    "Time to Collision": 7.455000877380371,
    "Speed at Collision": 20.894475552899284,
    "Intensity": 10619.281157443864
  },
  {
    "Scenario Name": "NoSignalJunctionCrossing_231",
    "Scenario Description": "The hero vehicle is passing through a junction without traffic lightsAnd encounters another vehicle passing across the junction.",
    "Map": "Map(name=Carla/Maps/Town03)",
    "Other Vehicle Target Velocity": 17,
    "Collision": true,
    "Weather": "ClearNight",
    "Collision Type": "Actor(id=201, type=vehicle.tesla.model3)",
    "Time to Collision": 6.275998592376709,
    "Speed at Collision": 24.786410229009036,
    "Intensity": 10017.952841891938
  },
  {
    "Scenario Name": "NoSignalJunctionCrossing_232",
    "Scenario Description": "The hero vehicle is passing through a junction without traffic lightsAnd encounters another vehicle passing across the junction.",
    "Map": "Map(name=Carla/Maps/Town03)",
    "Other Vehicle Target Velocity": 17,
    "Collision": true,
    "Weather": "HardRainNoon",
    "Collision Type": "Actor(id=206, type=vehicle.tesla.model3)",
    "Time to Collision": 6.72300124168396,
    "Speed at Collision": 22.811736554484686,
    "Intensity": 14510.686449337205
  },
  {
    "Scenario Name": "NoSignalJunctionCrossing_233",
    "Scenario Description": "The hero vehicle is passing through a junction without traffic lightsAnd encounters another vehicle passing across the junction.",
    "Map": "Map(name=Carla/Maps/Town03)",
    "Other Vehicle Target Velocity": 13,
    "Collision": true,
    "Weather": "HardRainNight",
    "Collision Type": "Actor(id=211, type=vehicle.tesla.model3)",
    "Time to Collision": 7.304998397827148,
    "Speed at Collision": 21.320267844795303,
    "Intensity": 14352.066098206149
  },
  {
    "Scenario Name": "NoSignalJunctionCrossing_235",
    "Scenario Description": "The hero vehicle is passing through a junction without traffic lightsAnd encounters another vehicle passing across the junction.",
    "Map": "Map(name=Carla/Maps/Town03)",
    "Other Vehicle Target Velocity": 23,
    "Collision": true,
    "Weather": "ClearNight",
    "Collision Type": "Actor(id=221, type=vehicle.tesla.model3)",
    "Time to Collision": 7.091000318527222,
    "Speed at Collision": 21.9255701509063,
    "Intensity": 14600.313335818204
  },
  {
    "Scenario Name": "NoSignalJunctionCrossing_237",
    "Scenario Description": "The hero vehicle is passing through a junction without traffic lightsAnd encounters another vehicle passing across the junction.",
    "Map": "Map(name=Carla/Maps/Town03)",
    "Other Vehicle Target Velocity": 5,
    "Collision": true,
    "Weather": "HardRainNight",
    "Collision Type": "Actor(id=231, type=vehicle.tesla.model3)",
    "Time to Collision": 9.497997760772705,
    "Speed at Collision": 17.238603780225326,
    "Intensity": 2927.981074957433
  },
  {
    "Scenario Name": "NoSignalJunctionCrossing_239",
    "Scenario Description": "The hero vehicle is passing through a junction without traffic lightsAnd encounters another vehicle passing across the junction.",
    "Map": "Map(name=Carla/Maps/Town03)",
    "Other Vehicle Target Velocity": 21,
    "Collision": true,
    "Weather": "HardRainNoon",
    "Collision Type": "Actor(id=241, type=vehicle.tesla.model3)",
    "Time to Collision": 7.081002950668335,
    "Speed at Collision": 21.963725448099837,
    "Intensity": 13617.741732188784
  },
  {
    "Scenario Name": "NoSignalJunctionCrossing_241",
    "Scenario Description": "The hero vehicle is passing through a junction without traffic lightsAnd encounters another vehicle passing across the junction.",
    "Map": "Map(name=Carla/Maps/Town03)",
    "Other Vehicle Target Velocity": 9,
    "Collision": true,
    "Weather": "ClearNight",
    "Collision Type": "Actor(id=251, type=vehicle.tesla.model3)",
    "Time to Collision": 9.144002437591553,
    "Speed at Collision": 17.443823279302244,
    "Intensity": 14607.60386002953
  },
  {
    "Scenario Name": "NoSignalJunctionCrossing_242",
    "Scenario Description": "The hero vehicle is passing through a junction without traffic lightsAnd encounters another vehicle passing across the junction.",
    "Map": "Map(name=Carla/Maps/Town03)",
    "Other Vehicle Target Velocity": 25,
    "Collision": true,
    "Weather": "HardRainNight",
    "Collision Type": "Actor(id=256, type=vehicle.tesla.model3)",
    "Time to Collision": 6.919000148773193,
    "Speed at Collision": 22.315893685343973,
    "Intensity": 15404.102705574582
  },
  {
    "Scenario Name": "NoSignalJunctionCrossing_244",
    "Scenario Description": "The hero vehicle is passing through a junction without traffic lightsAnd encounters another vehicle passing across the junction.",
    "Map": "Map(name=Carla/Maps/Town03)",
    "Other Vehicle Target Velocity": 9,
    "Collision": true,
    "Weather": "HardRainNight",
    "Collision Type": "Actor(id=266, type=vehicle.tesla.model3)",
    "Time to Collision": 6.76199197769165,
    "Speed at Collision": 23.148405259479567,
    "Intensity": 5156.164869171948
  },
  {
    "Scenario Name": "NoSignalJunctionCrossing_245",
    "Scenario Description": "The hero vehicle is passing through a junction without traffic lightsAnd encounters another vehicle passing across the junction.",
    "Map": "Map(name=Carla/Maps/Town03)",
    "Other Vehicle Target Velocity": 20,
    "Collision": true,
    "Weather": "ClearNight",
    "Collision Type": "Actor(id=271, type=vehicle.tesla.model3)",
    "Time to Collision": 7.475001096725464,
    "Speed at Collision": 20.846441073022742,
    "Intensity": 13487.615625659548
  },
  {
    "Scenario Name": "NoSignalJunctionCrossing_246",
    "Scenario Description": "The hero vehicle is passing through a junction without traffic lightsAnd encounters another vehicle passing across the junction.",
    "Map": "Map(name=Carla/Maps/Town03)",
    "Other Vehicle Target Velocity": 21,
    "Collision": true,
    "Weather": "HardRainNoon",
    "Collision Type": "Actor(id=276, type=vehicle.tesla.model3)",
    "Time to Collision": 7.315999746322632,
    "Speed at Collision": 21.463593834395844,
    "Intensity": 11842.84874689948
  },
  {
    "Scenario Name": "NoSignalJunctionCrossing_247",
    "Scenario Description": "The hero vehicle is passing through a junction without traffic lightsAnd encounters another vehicle passing across the junction.",
    "Map": "Map(name=Carla/Maps/Town03)",
    "Other Vehicle Target Velocity": 18,
    "Collision": true,
    "Weather": "ClearNight",
    "Collision Type": "Actor(id=281, type=vehicle.tesla.model3)",
    "Time to Collision": 7.456995487213135,
    "Speed at Collision": 20.849689520094117,
    "Intensity": 12610.399140344303
  },
  {
    "Scenario Name": "NoSignalJunctionCrossing_248",
    "Scenario Description": "The hero vehicle is passing through a junction without traffic lightsAnd encounters another vehicle passing across the junction.",
    "Map": "Map(name=Carla/Maps/Town03)",
    "Other Vehicle Target Velocity": 14,
    "Collision": true,
    "Weather": "HardRainNoon",
    "Collision Type": "Actor(id=286, type=vehicle.tesla.model3)",
    "Time to Collision": 7.32699990272522,
    "Speed at Collision": 21.322691923389048,
    "Intensity": 13216.260023800754
  },
  {
    "Scenario Name": "NoSignalJunctionCrossing_249",
    "Scenario Description": "The hero vehicle is passing through a junction without traffic lightsAnd encounters another vehicle passing across the junction.",
    "Map": "Map(name=Carla/Maps/Town03)",
    "Other Vehicle Target Velocity": 21,
    "Collision": true,
    "Weather": "HardRainNight",
    "Collision Type": "Actor(id=291, type=vehicle.tesla.model3)",
    "Time to Collision": 8.502001762390137,
    "Speed at Collision": 18.45866126339107,
    "Intensity": 17602.109806961118
  },
  {
    "Scenario Name": "NoSignalJunctionCrossing_250",
    "Scenario Description": "The hero vehicle is passing through a junction without traffic lightsAnd encounters another vehicle passing across the junction.",
    "Map": "Map(name=Carla/Maps/Town03)",
    "Other Vehicle Target Velocity": 19,
    "Collision": true,
    "Weather": "HardRainNoon",
    "Collision Type": "Actor(id=296, type=vehicle.tesla.model3)",
    "Time to Collision": 8.118000745773315,
    "Speed at Collision": 19.29918081517958,
    "Intensity": 19463.613376101206
  },
  {
    "Scenario Name": "NoSignalJunctionCrossing_251",
    "Scenario Description": "The hero vehicle is passing through a junction without traffic lightsAnd encounters another vehicle passing across the junction.",
    "Map": "Map(name=Carla/Maps/Town03)",
    "Other Vehicle Target Velocity": 14,
    "Collision": true,
    "Weather": "ClearNight",
    "Collision Type": "Actor(id=301, type=vehicle.tesla.model3)",
    "Time to Collision": 6.614997386932373,
    "Speed at Collision": 23.192571567817648,
    "Intensity": 14548.638455050184
  },
  {
    "Scenario Name": "NoSignalJunctionCrossing_252",
    "Scenario Description": "The hero vehicle is passing through a junction without traffic lightsAnd encounters another vehicle passing across the junction.",
    "Map": "Map(name=Carla/Maps/Town03)",
    "Other Vehicle Target Velocity": 13,
    "Collision": true,
    "Weather": "HardRainNoon",
    "Collision Type": "Actor(id=306, type=vehicle.tesla.model3)",
    "Time to Collision": 6.23199987411499,
    "Speed at Collision": 24.933834246579455,
    "Intensity": 9605.766945955203
  },
  {
    "Scenario Name": "NoSignalJunctionCrossing_253",
    "Scenario Description": "The hero vehicle is passing through a junction without traffic lightsAnd encounters another vehicle passing across the junction.",
    "Map": "Map(name=Carla/Maps/Town03)",
    "Other Vehicle Target Velocity": 15,
    "Collision": true,
    "Weather": "HardRainNoon",
    "Collision Type": "Actor(id=311, type=vehicle.tesla.model3)",
    "Time to Collision": 6.782001972198486,
    "Speed at Collision": 22.713825430793555,
    "Intensity": 15145.651670823783
  },
  {
    "Scenario Name": "NoSignalJunctionCrossing_254",
    "Scenario Description": "The hero vehicle is passing through a junction without traffic lightsAnd encounters another vehicle passing across the junction.",
    "Map": "Map(name=Carla/Maps/Town03)",
    "Other Vehicle Target Velocity": 11,
    "Collision": true,
    "Weather": "ClearNoon",
    "Collision Type": "Actor(id=316, type=vehicle.tesla.model3)",
    "Time to Collision": 6.248000383377075,
    "Speed at Collision": 24.95485497042656,
    "Intensity": 7675.947555846647
  },
  {
    "Scenario Name": "NoSignalJunctionCrossing_255",
    "Scenario Description": "The hero vehicle is passing through a junction without traffic lightsAnd encounters another vehicle passing across the junction.",
    "Map": "Map(name=Carla/Maps/Town03)",
    "Other Vehicle Target Velocity": 9,
    "Collision": true,
    "Weather": "ClearNoon",
    "Collision Type": "Actor(id=321, type=vehicle.tesla.model3)",
    "Time to Collision": 6.7309980392456055,
    "Speed at Collision": 23.33779815709667,
    "Intensity": 3962.546987206374
  },
  {
    "Scenario Name": "NoSignalJunctionCrossing_256",
    "Scenario Description": "The hero vehicle is passing through a junction without traffic lightsAnd encounters another vehicle passing across the junction.",
    "Map": "Map(name=Carla/Maps/Town03)",
    "Other Vehicle Target Velocity": 7,
    "Collision": true,
    "Weather": "HardRainNoon",
    "Collision Type": "Actor(id=326, type=vehicle.tesla.model3)",
    "Time to Collision": 9.147998094558716,
    "Speed at Collision": 17.463395423079323,
    "Intensity": 15658.731630681124
  },
  {
    "Scenario Name": "NoSignalJunctionCrossing_257",
    "Scenario Description": "The hero vehicle is passing through a junction without traffic lightsAnd encounters another vehicle passing across the junction.",
    "Map": "Map(name=Carla/Maps/Town03)",
    "Other Vehicle Target Velocity": 9,
    "Collision": true,
    "Weather": "ClearNoon",
    "Collision Type": "Actor(id=331, type=vehicle.tesla.model3)",
    "Time to Collision": 7.008999586105347,
    "Speed at Collision": 22.339107002959242,
    "Intensity": 7328.655530775835
  },
  {
    "Scenario Name": "NoSignalJunctionCrossing_260",
    "Scenario Description": "The hero vehicle is passing through a junction without traffic lightsAnd encounters another vehicle passing across the junction.",
    "Map": "Map(name=Carla/Maps/Town03)",
    "Other Vehicle Target Velocity": 19,
    "Collision": true,
    "Weather": "HardRainNoon",
    "Collision Type": "Actor(id=346, type=vehicle.tesla.model3)",
    "Time to Collision": 10.999000787734985,
    "Speed at Collision": 14.394560953590432,
    "Intensity": 17018.9890822124
  },
  {
    "Scenario Name": "NoSignalJunctionCrossing_261",
    "Scenario Description": "The hero vehicle is passing through a junction without traffic lightsAnd encounters another vehicle passing across the junction.",
    "Map": "Map(name=Carla/Maps/Town03)",
    "Other Vehicle Target Velocity": 18,
    "Collision": true,
    "Weather": "HardRainNoon",
    "Collision Type": "Actor(id=351, type=vehicle.tesla.model3)",
    "Time to Collision": 6.8229992389678955,
    "Speed at Collision": 22.623701506775312,
    "Intensity": 14346.836033081785
  },
  {
    "Scenario Name": "NoSignalJunctionCrossing_262",
    "Scenario Description": "The hero vehicle is passing through a junction without traffic lightsAnd encounters another vehicle passing across the junction.",
    "Map": "Map(name=Carla/Maps/Town03)",
    "Other Vehicle Target Velocity": 10,
    "Collision": true,
    "Weather": "ClearNight",
    "Collision Type": "Actor(id=356, type=vehicle.tesla.model3)",
    "Time to Collision": 10.938000679016113,
    "Speed at Collision": 14.396235935477637,
    "Intensity": 15274.198632227555
  },
  {
    "Scenario Name": "NoSignalJunctionCrossing_263",
    "Scenario Description": "The hero vehicle is passing through a junction without traffic lightsAnd encounters another vehicle passing across the junction.",
    "Map": "Map(name=Carla/Maps/Town03)",
    "Other Vehicle Target Velocity": 21,
    "Collision": true,
    "Weather": "HardRainNight",
    "Collision Type": "Actor(id=361, type=vehicle.tesla.model3)",
    "Time to Collision": 7.220999240875244,
    "Speed at Collision": 21.549253904580624,
    "Intensity": 11265.832844773471
  },
  {
    "Scenario Name": "NoSignalJunctionCrossing_265",
    "Scenario Description": "The hero vehicle is passing through a junction without traffic lightsAnd encounters another vehicle passing across the junction.",
    "Map": "Map(name=Carla/Maps/Town03)",
    "Other Vehicle Target Velocity": 17,
    "Collision": true,
    "Weather": "HardRainNight",
    "Collision Type": "Actor(id=371, type=vehicle.tesla.model3)",
    "Time to Collision": 7.6499998569488525,
    "Speed at Collision": 20.407757328041004,
    "Intensity": 16695.996019709833
  },
  {
    "Scenario Name": "NoSignalJunctionCrossing_266",
    "Scenario Description": "The hero vehicle is passing through a junction without traffic lightsAnd encounters another vehicle passing across the junction.",
    "Map": "Map(name=Carla/Maps/Town03)",
    "Other Vehicle Target Velocity": 10,
    "Collision": true,
    "Weather": "HardRainNight",
    "Collision Type": "Actor(id=376, type=vehicle.tesla.model3)",
    "Time to Collision": 7.665001392364502,
    "Speed at Collision": 20.409309985967372,
    "Intensity": 12154.716722856414
  },
  {
    "Scenario Name": "NoSignalJunctionCrossing_267",
    "Scenario Description": "The hero vehicle is passing through a junction without traffic lightsAnd encounters another vehicle passing across the junction.",
    "Map": "Map(name=Carla/Maps/Town03)",
    "Other Vehicle Target Velocity": 25,
    "Collision": true,
    "Weather": "HardRainNight",
    "Collision Type": "Actor(id=381, type=vehicle.tesla.model3)",
    "Time to Collision": 6.242002248764038,
    "Speed at Collision": 24.688142557527467,
    "Intensity": 9784.148531176714
  },
  {
    "Scenario Name": "NoSignalJunctionCrossing_268",
    "Scenario Description": "The hero vehicle is passing through a junction without traffic lightsAnd encounters another vehicle passing across the junction.",
    "Map": "Map(name=Carla/Maps/Town03)",
    "Other Vehicle Target Velocity": 10,
    "Collision": true,
    "Weather": "ClearNight",
    "Collision Type": "Actor(id=386, type=vehicle.tesla.model3)",
    "Time to Collision": 7.112996339797974,
    "Speed at Collision": 21.80926549232519,
    "Intensity": 10974.973937223278
  },
  {
    "Scenario Name": "NoSignalJunctionCrossing_269",
    "Scenario Description": "The hero vehicle is passing through a junction without traffic lightsAnd encounters another vehicle passing across the junction.",
    "Map": "Map(name=Carla/Maps/Town03)",
    "Other Vehicle Target Velocity": 17,
    "Collision": true,
    "Weather": "HardRainNoon",
    "Collision Type": "Actor(id=391, type=vehicle.tesla.model3)",
    "Time to Collision": 6.469000816345215,
    "Speed at Collision": 23.833005836779492,
    "Intensity": 13076.296847502465
  },
  {
    "Scenario Name": "NoSignalJunctionCrossing_270",
    "Scenario Description": "The hero vehicle is passing through a junction without traffic lightsAnd encounters another vehicle passing across the junction.",
    "Map": "Map(name=Carla/Maps/Town03)",
    "Other Vehicle Target Velocity": 16,
    "Collision": true,
    "Weather": "HardRainNight",
    "Collision Type": "Actor(id=396, type=vehicle.tesla.model3)",
    "Time to Collision": 7.7079994678497314,
    "Speed at Collision": 20.239779196713787,
    "Intensity": 17580.956994329994
  },
  {
    "Scenario Name": "NoSignalJunctionCrossing_271",
    "Scenario Description": "The hero vehicle is passing through a junction without traffic lightsAnd encounters another vehicle passing across the junction.",
    "Map": "Map(name=Carla/Maps/Town03)",
    "Other Vehicle Target Velocity": 15,
    "Collision": true,
    "Weather": "HardRainNoon",
    "Collision Type": "Actor(id=401, type=vehicle.tesla.model3)",
    "Time to Collision": 8.13200068473816,
    "Speed at Collision": 19.283840618711654,
    "Intensity": 16910.79779294631
  },
  {
    "Scenario Name": "NoSignalJunctionCrossing_272",
    "Scenario Description": "The hero vehicle is passing through a junction without traffic lightsAnd encounters another vehicle passing across the junction.",
    "Map": "Map(name=Carla/Maps/Town03)",
    "Other Vehicle Target Velocity": 19,
    "Collision": true,
    "Weather": "ClearNight",
    "Collision Type": "Actor(id=406, type=vehicle.tesla.model3)",
    "Time to Collision": 7.011000633239746,
    "Speed at Collision": 22.054442322542446,
    "Intensity": 15418.076647550977
  },
  {
    "Scenario Name": "NoSignalJunctionCrossing_273",
    "Scenario Description": "The hero vehicle is passing through a junction without traffic lightsAnd encounters another vehicle passing across the junction.",
    "Map": "Map(name=Carla/Maps/Town03)",
    "Other Vehicle Target Velocity": 6,
    "Collision": true,
    "Weather": "ClearNight",
    "Collision Type": "Actor(id=411, type=vehicle.tesla.model3)",
    "Time to Collision": 7.3350019454956055,
    "Speed at Collision": 21.892273296239797,
    "Intensity": 3935.6985863854534
  },
  {
    "Scenario Name": "NoSignalJunctionCrossing_275",
    "Scenario Description": "The hero vehicle is passing through a junction without traffic lightsAnd encounters another vehicle passing across the junction.",
    "Map": "Map(name=Carla/Maps/Town03)",
    "Other Vehicle Target Velocity": 12,
    "Collision": true,
    "Weather": "ClearNoon",
    "Collision Type": "Actor(id=421, type=vehicle.tesla.model3)",
    "Time to Collision": 7.906999349594116,
    "Speed at Collision": 19.91321583919899,
    "Intensity": 17053.117996408873
  },
  {
    "Scenario Name": "NoSignalJunctionCrossing_276",
    "Scenario Description": "The hero vehicle is passing through a junction without traffic lightsAnd encounters another vehicle passing across the junction.",
    "Map": "Map(name=Carla/Maps/Town03)",
    "Other Vehicle Target Velocity": 20,
    "Collision": true,
    "Weather": "HardRainNoon",
    "Collision Type": "Actor(id=426, type=vehicle.tesla.model3)",
    "Time to Collision": 8.505003690719604,
    "Speed at Collision": 18.451634809207977,
    "Intensity": 17275.48667337703
  },
  {
    "Scenario Name": "NoSignalJunctionCrossing_277",
    "Scenario Description": "The hero vehicle is passing through a junction without traffic lightsAnd encounters another vehicle passing across the junction.",
    "Map": "Map(name=Carla/Maps/Town03)",
    "Other Vehicle Target Velocity": 22,
    "Collision": true,
    "Weather": "ClearNight",
    "Collision Type": "Actor(id=431, type=vehicle.tesla.model3)",
    "Time to Collision": 12.377001762390137,
    "Speed at Collision": 12.067687241709052,
    "Intensity": 12714.454319425162
  },
  {
    "Scenario Name": "NoSignalJunctionCrossing_278",
    "Scenario Description": "The hero vehicle is passing through a junction without traffic lightsAnd encounters another vehicle passing across the junction.",
    "Map": "Map(name=Carla/Maps/Town03)",
    "Other Vehicle Target Velocity": 15,
    "Collision": true,
    "Weather": "ClearNight",
    "Collision Type": "Actor(id=436, type=vehicle.tesla.model3)",
    "Time to Collision": 11.989999771118164,
    "Speed at Collision": 12.103294671804035,
    "Intensity": 12628.425131633388
  },
  {
    "Scenario Name": "NoSignalJunctionCrossing_279",
    "Scenario Description": "The hero vehicle is passing through a junction without traffic lightsAnd encounters another vehicle passing across the junction.",
    "Map": "Map(name=Carla/Maps/Town03)",
    "Other Vehicle Target Velocity": 15,
    "Collision": true,
    "Weather": "ClearNight",
    "Collision Type": "Actor(id=441, type=vehicle.tesla.model3)",
    "Time to Collision": 7.070994138717651,
    "Speed at Collision": 22.11679981355075,
    "Intensity": 15281.751444930214
  },
  {
    "Scenario Name": "NoSignalJunctionCrossing_280",
    "Scenario Description": "The hero vehicle is passing through a junction without traffic lightsAnd encounters another vehicle passing across the junction.",
    "Map": "Map(name=Carla/Maps/Town03)",
    "Other Vehicle Target Velocity": 13,
    "Collision": true,
    "Weather": "ClearNight",
    "Collision Type": "Actor(id=446, type=vehicle.tesla.model3)",
    "Time to Collision": 8.458004474639893,
    "Speed at Collision": 18.48028279193014,
    "Intensity": 18553.736868483928
  },
  {
    "Scenario Name": "NoSignalJunctionCrossing_281",
    "Scenario Description": "The hero vehicle is passing through a junction without traffic lightsAnd encounters another vehicle passing across the junction.",
    "Map": "Map(name=Carla/Maps/Town03)",
    "Other Vehicle Target Velocity": 20,
    "Collision": true,
    "Weather": "ClearNight",
    "Collision Type": "Actor(id=451, type=vehicle.tesla.model3)",
    "Time to Collision": 6.20400071144104,
    "Speed at Collision": 25.05947769107038,
    "Intensity": 9903.859419852164
  },
  {
    "Scenario Name": "NoSignalJunctionCrossing_282",
    "Scenario Description": "The hero vehicle is passing through a junction without traffic lightsAnd encounters another vehicle passing across the junction.",
    "Map": "Map(name=Carla/Maps/Town03)",
    "Other Vehicle Target Velocity": 7,
    "Collision": true,
    "Weather": "ClearNoon",
    "Collision Type": "Actor(id=456, type=vehicle.tesla.model3)",
    "Time to Collision": 9.296000957489014,
    "Speed at Collision": 16.908355547564632,
    "Intensity": 14877.52386744297
  },
  {
    "Scenario Name": "NoSignalJunctionCrossing_283",
    "Scenario Description": "The hero vehicle is passing through a junction without traffic lightsAnd encounters another vehicle passing across the junction.",
    "Map": "Map(name=Carla/Maps/Town03)",
    "Other Vehicle Target Velocity": 13,
    "Collision": true,
    "Weather": "HardRainNoon",
    "Collision Type": "Actor(id=461, type=vehicle.tesla.model3)",
    "Time to Collision": 8.281002283096313,
    "Speed at Collision": 18.78022768889621,
    "Intensity": 17689.502040733154
  },
  {
    "Scenario Name": "NoSignalJunctionCrossing_284",
    "Scenario Description": "The hero vehicle is passing through a junction without traffic lightsAnd encounters another vehicle passing across the junction.",
    "Map": "Map(name=Carla/Maps/Town03)",
    "Other Vehicle Target Velocity": 13,
    "Collision": true,
    "Weather": "HardRainNoon",
    "Collision Type": "Actor(id=466, type=vehicle.tesla.model3)",
    "Time to Collision": 11.928000926971436,
    "Speed at Collision": 12.127336789087572,
    "Intensity": 9696.340831345931
  },
  {
    "Scenario Name": "NoSignalJunctionCrossing_285",
    "Scenario Description": "The hero vehicle is passing through a junction without traffic lightsAnd encounters another vehicle passing across the junction.",
    "Map": "Map(name=Carla/Maps/Town03)",
    "Other Vehicle Target Velocity": 11,
    "Collision": true,
    "Weather": "HardRainNoon",
    "Collision Type": "Actor(id=471, type=vehicle.tesla.model3)",
    "Time to Collision": 7.572991847991943,
    "Speed at Collision": 20.822908748239488,
    "Intensity": 13665.07330016693
  },
  {
    "Scenario Name": "NoSignalJunctionCrossing_286",
    "Scenario Description": "The hero vehicle is passing through a junction without traffic lightsAnd encounters another vehicle passing across the junction.",
    "Map": "Map(name=Carla/Maps/Town03)",
    "Other Vehicle Target Velocity": 14,
    "Collision": true,
    "Weather": "HardRainNight",
    "Collision Type": "Actor(id=476, type=vehicle.tesla.model3)",
    "Time to Collision": 6.354002237319946,
    "Speed at Collision": 24.10618693399229,
    "Intensity": 12918.400689723097
  },
  {
    "Scenario Name": "NoSignalJunctionCrossing_287",
    "Scenario Description": "The hero vehicle is passing through a junction without traffic lightsAnd encounters another vehicle passing across the junction.",
    "Map": "Map(name=Carla/Maps/Town03)",
    "Other Vehicle Target Velocity": 12,
    "Collision": true,
    "Weather": "HardRainNoon",
    "Collision Type": "Actor(id=481, type=vehicle.tesla.model3)",
    "Time to Collision": 9.845001697540283,
    "Speed at Collision": 15.984615789552793,
    "Intensity": 15795.928288817571
  },
  {
    "Scenario Name": "NoSignalJunctionCrossing_288",
    "Scenario Description": "The hero vehicle is passing through a junction without traffic lightsAnd encounters another vehicle passing across the junction.",
    "Map": "Map(name=Carla/Maps/Town03)",
    "Other Vehicle Target Velocity": 25,
    "Collision": true,
    "Weather": "ClearNight",
    "Collision Type": "Actor(id=486, type=vehicle.tesla.model3)",
    "Time to Collision": 7.0675835609436035,
    "Speed at Collision": 21.81700295841463,
    "Intensity": 12681.801996831204
  },
  {
    "Scenario Name": "NoSignalJunctionCrossing_289",
    "Scenario Description": "The hero vehicle is passing through a junction without traffic lightsAnd encounters another vehicle passing across the junction.",
    "Map": "Map(name=Carla/Maps/Town03)",
    "Other Vehicle Target Velocity": 13,
    "Collision": true,
    "Weather": "HardRainNight",
    "Collision Type": "Actor(id=491, type=vehicle.tesla.model3)",
    "Time to Collision": 6.299800157546997,
    "Speed at Collision": 24.699507936218346,
    "Intensity": 11063.707859720631
  },
  {
    "Scenario Name": "NoSignalJunctionCrossing_290",
    "Scenario Description": "The hero vehicle is passing through a junction without traffic lightsAnd encounters another vehicle passing across the junction.",
    "Map": "Map(name=Carla/Maps/Town03)",
    "Other Vehicle Target Velocity": 13,
    "Collision": true,
    "Weather": "ClearNoon",
    "Collision Type": "Actor(id=496, type=vehicle.tesla.model3)",
    "Time to Collision": 7.130998373031616,
    "Speed at Collision": 21.86440457102634,
    "Intensity": 13807.251496195937
  },
  {
    "Scenario Name": "NoSignalJunctionCrossing_291",
    "Scenario Description": "The hero vehicle is passing through a junction without traffic lightsAnd encounters another vehicle passing across the junction.",
    "Map": "Map(name=Carla/Maps/Town03)",
    "Other Vehicle Target Velocity": 15,
    "Collision": true,
    "Weather": "HardRainNoon",
    "Collision Type": "Actor(id=501, type=vehicle.tesla.model3)",
    "Time to Collision": 8.254996299743652,
    "Speed at Collision": 19.019430317448233,
    "Intensity": 19503.066617711196
  },
  {
    "Scenario Name": "NoSignalJunctionCrossing_293",
    "Scenario Description": "The hero vehicle is passing through a junction without traffic lightsAnd encounters another vehicle passing across the junction.",
    "Map": "Map(name=Carla/Maps/Town03)",
    "Other Vehicle Target Velocity": 14,
    "Collision": true,
    "Weather": "HardRainNight",
    "Collision Type": "Actor(id=511, type=vehicle.tesla.model3)",
    "Time to Collision": 12.807003498077393,
    "Speed at Collision": 10.667973056329625,
    "Intensity": 5258.886101619806
  },
  {
    "Scenario Name": "NoSignalJunctionCrossing_294",
    "Scenario Description": "The hero vehicle is passing through a junction without traffic lightsAnd encounters another vehicle passing across the junction.",
    "Map": "Map(name=Carla/Maps/Town03)",
    "Other Vehicle Target Velocity": 12,
    "Collision": true,
    "Weather": "HardRainNight",
    "Collision Type": "Actor(id=516, type=vehicle.tesla.model3)",
    "Time to Collision": 7.651987075805664,
    "Speed at Collision": 20.50812250820459,
    "Intensity": 16430.84788869573
  },
  {
    "Scenario Name": "NoSignalJunctionCrossing_295",
    "Scenario Description": "The hero vehicle is passing through a junction without traffic lightsAnd encounters another vehicle passing across the junction.",
    "Map": "Map(name=Carla/Maps/Town03)",
    "Other Vehicle Target Velocity": 22,
    "Collision": true,
    "Weather": "ClearNoon",
    "Collision Type": "Actor(id=521, type=vehicle.tesla.model3)",
    "Time to Collision": 7.133998870849609,
    "Speed at Collision": 21.81125289241687,
    "Intensity": 13457.058222426691
  },
  {
    "Scenario Name": "NoSignalJunctionCrossing_296",
    "Scenario Description": "The hero vehicle is passing through a junction without traffic lightsAnd encounters another vehicle passing across the junction.",
    "Map": "Map(name=Carla/Maps/Town03)",
    "Other Vehicle Target Velocity": 9,
    "Collision": true,
    "Weather": "HardRainNoon",
    "Collision Type": "Actor(id=526, type=vehicle.tesla.model3)",
    "Time to Collision": 7.431008338928223,
    "Speed at Collision": 21.316852079758082,
    "Intensity": 11985.188314783756
  },
  {
    "Scenario Name": "NoSignalJunctionCrossing_297",
    "Scenario Description": "The hero vehicle is passing through a junction without traffic lightsAnd encounters another vehicle passing across the junction.",
    "Map": "Map(name=Carla/Maps/Town03)",
    "Other Vehicle Target Velocity": 15,
    "Collision": true,
    "Weather": "ClearNoon",
    "Collision Type": "Actor(id=531, type=vehicle.tesla.model3)",
    "Time to Collision": 6.63999605178833,
    "Speed at Collision": 23.176723802584906,
    "Intensity": 14231.32839500379
  }
]