[
  {
    "Scenario Name": "NoSignalJunctionCrossing_698",
    "Scenario Description": "The hero vehicle is passing through a junction without traffic lightsAnd encounters another vehicle passing across the junction.",
    "Map": "Map(name=Carla/Maps/Town03)",
    "Other Vehicle Target Velocity": 7,
    "Collision": true,
    "Weather": "ClearNight",
    "Collision Type": "Actor(id=111, type=vehicle.tesla.model3)",
    "Time to Collision": 9.009001016616821,
    "Speed at Collision": 17.569256709228156,
    "Intensity": 12227.234304066733
  },
  {
    "Scenario Name": "NoSignalJunctionCrossing_699",
    "Scenario Description": "The hero vehicle is passing through a junction without traffic lightsAnd encounters another vehicle passing across the junction.",
    "Map": "Map(name=Carla/Maps/Town03)",
    "Other Vehicle Target Velocity": 10,
    "Collision": true,
    "Weather": "HardRainNight",
    "Collision Type": "Actor(id=116, type=vehicle.tesla.model3)",
    "Time to Collision": 9.109002351760864,
    "Speed at Collision": 17.409544486405316,
    "Intensity": 15453.745570036424
  },
  {
    "Scenario Name": "NoSignalJunctionCrossing_700",
    "Scenario Description": "The hero vehicle is passing through a junction without traffic lightsAnd encounters another vehicle passing across the junction.",
    "Map": "Map(name=Carla/Maps/Town03)",
    "Other Vehicle Target Velocity": 16,
    "Collision": true,
    "Weather": "HardRainNight",
    "Collision Type": "Actor(id=121, type=vehicle.tesla.model3)",
    "Time to Collision": 8.544000625610352,
    "Speed at Collision": 18.42793605613804,
    "Intensity": 18063.17121722465
  },
  {
    "Scenario Name": "NoSignalJunctionCrossing_701",
    "Scenario Description": "The hero vehicle is passing through a junction without traffic lightsAnd encounters another vehicle passing across the junction.",
    "Map": "Map(name=Carla/Maps/Town03)",
    "Other Vehicle Target Velocity": 16,
    "Collision": true,
    "Weather": "HardRainNoon",
    "Collision Type": "Actor(id=126, type=vehicle.tesla.model3)",
    "Time to Collision": 6.710000514984131,
    "Speed at Collision": 22.979300710866646,
    "Intensity": 14708.613194383583
  },
  {
    "Scenario Name": "NoSignalJunctionCrossing_702",
    "Scenario Description": "The hero vehicle is passing through a junction without traffic lightsAnd encounters another vehicle passing across the junction.",
    "Map": "Map(name=Carla/Maps/Town03)",
    "Other Vehicle Target Velocity": 17,
    "Collision": true,
    "Weather": "ClearNoon",
    "Collision Type": "Actor(id=131, type=vehicle.tesla.model3)",
    "Time to Collision": 10.98799991607666,
    "Speed at Collision": 14.426874338753624,
    "Intensity": 15055.180168600764
  },
  {
    "Scenario Name": "NoSignalJunctionCrossing_704",
    "Scenario Description": "The hero vehicle is passing through a junction without traffic lightsAnd encounters another vehicle passing across the junction.",
    "Map": "Map(name=Carla/Maps/Town03)",
    "Other Vehicle Target Velocity": 11,
    "Collision": true,
    "Weather": "ClearNight",
    "Collision Type": "Actor(id=141, type=vehicle.tesla.model3)",
    "Time to Collision": 7.326998710632324,
    "Speed at Collision": 21.533881759979284,
    "Intensity": 14476.681408953404
  },
  {
    "Scenario Name": "NoSignalJunctionCrossing_705",
    "Scenario Description": "The hero vehicle is passing through a junction without traffic lightsAnd encounters another vehicle passing across the junction.",
    "Map": "Map(name=Carla/Maps/Town03)",
    "Other Vehicle Target Velocity": 16,
    "Collision": true,
    "Weather": "HardRainNight",
    "Collision Type": "Actor(id=146, type=vehicle.tesla.model3)",
    "Time to Collision": 7.248997211456299,
    "Speed at Collision": 21.622581738750526,
    "Intensity": 13899.08669057902
  },
  {
    "Scenario Name": "NoSignalJunctionCrossing_707",
    "Scenario Description": "The hero vehicle is passing through a junction without traffic lightsAnd encounters another vehicle passing across the junction.",
    "Map": "Map(name=Carla/Maps/Town03)",
    "Other Vehicle Target Velocity": 16,
    "Collision": true,
    "Weather": "HardRainNoon",
    "Collision Type": "Actor(id=156, type=vehicle.tesla.model3)",
    "Time to Collision": 6.402000427246094,
    "Speed at Collision": 24.26338189513896,
    "Intensity": 13040.796532822902
  },
  {
    "Scenario Name": "NoSignalJunctionCrossing_708",
    "Scenario Description": "The hero vehicle is passing through a junction without traffic lightsAnd encounters another vehicle passing across the junction.",
    "Map": "Map(name=Carla/Maps/Town03)",
    "Other Vehicle Target Velocity": 22,
    "Collision": true,
    "Weather": "ClearNoon",
    "Collision Type": "Actor(id=161, type=vehicle.tesla.model3)",
    "Time to Collision": 7.570999383926392,
    "Speed at Collision": 20.527835526002075,
    "Intensity": 13723.491927999316
  },
  {
    "Scenario Name": "NoSignalJunctionCrossing_709",
    "Scenario Description": "The hero vehicle is passing through a junction without traffic lightsAnd encounters another vehicle passing across the junction.",
    "Map": "Map(name=Carla/Maps/Town03)",
    "Other Vehicle Target Velocity": 21,
    "Collision": true,
    "Weather": "HardRainNoon",
    "Collision Type": "Actor(id=166, type=vehicle.tesla.model3)",
    "Time to Collision": 6.2599937915802,
    "Speed at Collision": 24.78363850858747,
    "Intensity": 10153.544186992434
  },
  {
    "Scenario Name": "NoSignalJunctionCrossing_710",
    "Scenario Description": "The hero vehicle is passing through a junction without traffic lightsAnd encounters another vehicle passing across the junction.",
    "Map": "Map(name=Carla/Maps/Town03)",
    "Other Vehicle Target Velocity": 20,
    "Collision": true,
    "Weather": "ClearNight",
    "Collision Type": "Actor(id=171, type=vehicle.tesla.model3)",
    "Time to Collision": 6.280999660491943,
    "Speed at Collision": 24.473637947507914,
    "Intensity": 10447.240295135864
  },
  {
    "Scenario Name": "NoSignalJunctionCrossing_711",
    "Scenario Description": "The hero vehicle is passing through a junction without traffic lightsAnd encounters another vehicle passing across the junction.",
    "Map": "Map(name=Carla/Maps/Town03)",
    "Other Vehicle Target Velocity": 17,
    "Collision": true,
    "Weather": "HardRainNight",
    "Collision Type": "Actor(id=176, type=vehicle.tesla.model3)",
    "Time to Collision": 7.54800009727478,
    "Speed at Collision": 20.688402786439635,
    "Intensity": 12886.431310121932
  },
  {
    "Scenario Name": "NoSignalJunctionCrossing_714",
    "Scenario Description": "The hero vehicle is passing through a junction without traffic lightsAnd encounters another vehicle passing across the junction.",
    "Map": "Map(name=Carla/Maps/Town03)",
    "Other Vehicle Target Velocity": 24,
    "Collision": true,
    "Weather": "HardRainNight",
    "Collision Type": "Actor(id=191, type=vehicle.tesla.model3)",
    "Time to Collision": 6.37499737739563,
    "Speed at Collision": 24.246628086761934,
    "Intensity": 11940.064317629678
  },
  {
    "Scenario Name": "NoSignalJunctionCrossing_715",
    "Scenario Description": "The hero vehicle is passing through a junction without traffic lightsAnd encounters another vehicle passing across the junction.",
    "Map": "Map(name=Carla/Maps/Town03)",
    "Other Vehicle Target Velocity": 9,
    "Collision": true,
    "Weather": "ClearNoon",
    "Collision Type": "Actor(id=196, type=vehicle.tesla.model3)",
    "Time to Collision": 10.821998834609985,
    "Speed at Collision": 14.450059935794465,
    "Intensity": 13797.41127412964
  },
  {
    "Scenario Name": "NoSignalJunctionCrossing_716",
    "Scenario Description": "The hero vehicle is passing through a junction without traffic lightsAnd encounters another vehicle passing across the junction.",
    "Map": "Map(name=Carla/Maps/Town03)",
    "Other Vehicle Target Velocity": 16,
    "Collision": true,
    "Weather": "ClearNight",
    "Collision Type": "Actor(id=201, type=vehicle.tesla.model3)",
    "Time to Collision": 8.206981182098389,
    "Speed at Collision": 19.4349003502938,
    "Intensity": 7576.4238609796
  },
  {
    "Scenario Name": "NoSignalJunctionCrossing_718",
    "Scenario Description": "The hero vehicle is passing through a junction without traffic lightsAnd encounters another vehicle passing across the junction.",
    "Map": "Map(name=Carla/Maps/Town03)",
    "Other Vehicle Target Velocity": 15,
    "Collision": true,
    "Weather": "HardRainNoon",
    "Collision Type": "Actor(id=211, type=vehicle.tesla.model3)",
    "Time to Collision": 8.939997434616089,
    "Speed at Collision": 17.549739188707914,
    "Intensity": 14655.427924681922
  },
  {
    "Scenario Name": "NoSignalJunctionCrossing_719",
    "Scenario Description": "The hero vehicle is passing through a junction without traffic lightsAnd encounters another vehicle passing across the junction.",
    "Map": "Map(name=Carla/Maps/Town03)",
    "Other Vehicle Target Velocity": 12,
    "Collision": true,
    "Weather": "HardRainNight",
    "Collision Type": "Actor(id=216, type=vehicle.tesla.model3)",
    "Time to Collision": 7.16099739074707,
    "Speed at Collision": 21.849280261246086,
    "Intensity": 14138.979029470427
  },
  {
    "Scenario Name": "NoSignalJunctionCrossing_720",
    "Scenario Description": "The hero vehicle is passing through a junction without traffic lightsAnd encounters another vehicle passing across the junction.",
    "Map": "Map(name=Carla/Maps/Town03)",
    "Other Vehicle Target Velocity": 17,
    "Collision": true,
    "Weather": "ClearNight",
    "Collision Type": "Actor(id=221, type=vehicle.tesla.model3)",
    "Time to Collision": 7.163995265960693,
    "Speed at Collision": 21.823066999752328,
    "Intensity": 14308.20719062085
  },
  {
    "Scenario Name": "NoSignalJunctionCrossing_721",
    "Scenario Description": "The hero vehicle is passing through a junction without traffic lightsAnd encounters another vehicle passing across the junction.",
    "Map": "Map(name=Carla/Maps/Town03)",
    "Other Vehicle Target Velocity": 14,
    "Collision": true,
    "Weather": "ClearNight",
    "Collision Type": "Actor(id=226, type=vehicle.tesla.model3)",
    "Time to Collision": 6.176999092102051,
    "Speed at Collision": 25.166769245855075,
    "Intensity": 9053.901189895152
  },
  {
    "Scenario Name": "NoSignalJunctionCrossing_722",
    "Scenario Description": "The hero vehicle is passing through a junction without traffic lightsAnd encounters another vehicle passing across the junction.",
    "Map": "Map(name=Carla/Maps/Town03)",
    "Other Vehicle Target Velocity": 15,
    "Collision": true,
    "Weather": "HardRainNoon",
    "Collision Type": "Actor(id=231, type=vehicle.tesla.model3)",
    "Time to Collision": 6.198996305465698,
    "Speed at Collision": 25.303588379957837,
    "Intensity": 7587.313089584029
  },
  {
    "Scenario Name": "NoSignalJunctionCrossing_723",
    "Scenario Description": "The hero vehicle is passing through a junction without traffic lightsAnd encounters another vehicle passing across the junction.",
    "Map": "Map(name=Carla/Maps/Town03)",
    "Other Vehicle Target Velocity": 18,
    "Collision": true,
    "Weather": "HardRainNight",
    "Collision Type": "Actor(id=236, type=vehicle.tesla.model3)",
    "Time to Collision": 6.331000804901123,
    "Speed at Collision": 24.156070637217635,
    "Intensity": 12638.256111534785
  },
  {
    "Scenario Name": "NoSignalJunctionCrossing_724",
    "Scenario Description": "The hero vehicle is passing through a junction without traffic lightsAnd encounters another vehicle passing across the junction.",
    "Map": "Map(name=Carla/Maps/Town03)",
    "Other Vehicle Target Velocity": 10,
    "Collision": true,
    "Weather": "ClearNight",
    "Collision Type": "Actor(id=241, type=vehicle.tesla.model3)",
    "Time to Collision": 6.275998830795288,
    "Speed at Collision": 25.474900131575044,
    "Intensity": 1949.0119389333317
  },
  {
    "Scenario Name": "NoSignalJunctionCrossing_725",
    "Scenario Description": "The hero vehicle is passing through a junction without traffic lightsAnd encounters another vehicle passing across the junction.",
    "Map": "Map(name=Carla/Maps/Town03)",
    "Other Vehicle Target Velocity": 18,
    "Collision": true,
    "Weather": "HardRainNight",
    "Collision Type": "Actor(id=246, type=vehicle.tesla.model3)",
    "Time to Collision": 8.366997480392456,
    "Speed at Collision": 18.788600388250515,
    "Intensity": 15309.963185840448
  },
  {
    "Scenario Name": "NoSignalJunctionCrossing_726",
    "Scenario Description": "The hero vehicle is passing through a junction without traffic lightsAnd encounters another vehicle passing across the junction.",
    "Map": "Map(name=Carla/Maps/Town03)",
    "Other Vehicle Target Velocity": 15,
    "Collision": true,
    "Weather": "ClearNight",
    "Collision Type": "Actor(id=251, type=vehicle.tesla.model3)",
    "Time to Collision": 8.075000286102295,
    "Speed at Collision": 19.33400409318051,
    "Intensity": 19916.87293155222
  },
  {
    "Scenario Name": "NoSignalJunctionCrossing_727",
    "Scenario Description": "The hero vehicle is passing through a junction without traffic lightsAnd encounters another vehicle passing across the junction.",
    "Map": "Map(name=Carla/Maps/Town03)",
    "Other Vehicle Target Velocity": 21,
    "Collision": true,
    "Weather": "HardRainNoon",
    "Collision Type": "Actor(id=256, type=vehicle.tesla.model3)",
    "Time to Collision": 6.993998050689697,
    "Speed at Collision": 22.253644624162845,
    "Intensity": 15209.489458268168
  },
  {
    "Scenario Name": "NoSignalJunctionCrossing_728",
    "Scenario Description": "The hero vehicle is passing through a junction without traffic lightsAnd encounters another vehicle passing across the junction.",
    "Map": "Map(name=Carla/Maps/Town03)",
    "Other Vehicle Target Velocity": 20,
    "Collision": true,
    "Weather": "ClearNight",
    "Collision Type": "Actor(id=261, type=vehicle.tesla.model3)",
    "Time to Collision": 7.138005495071411,
    "Speed at Collision": 21.70344112362769,
    "Intensity": 11009.562343770396
  },
  {
    "Scenario Name": "NoSignalJunctionCrossing_729",
    "Scenario Description": "The hero vehicle is passing through a junction without traffic lightsAnd encounters another vehicle passing across the junction.",
    "Map": "Map(name=Carla/Maps/Town03)",
    "Other Vehicle Target Velocity": 8,
    "Collision": true,
    "Weather": "ClearNoon",
    "Collision Type": "Actor(id=266, type=vehicle.tesla.model3)",
    "Time to Collision": 8.83199954032898,
    "Speed at Collision": 17.867447675160694,
    "Intensity": 15948.800400155405
  },
  {
    "Scenario Name": "NoSignalJunctionCrossing_730",
    "Scenario Description": "The hero vehicle is passing through a junction without traffic lightsAnd encounters another vehicle passing across the junction.",
    "Map": "Map(name=Carla/Maps/Town03)",
    "Other Vehicle Target Velocity": 11,
    "Collision": true,
    "Weather": "HardRainNight",
    "Collision Type": "Actor(id=271, type=vehicle.tesla.model3)",
    "Time to Collision": 6.604001522064209,
    "Speed at Collision": 23.236517259688416,
    "Intensity": 13517.996592097921
  },
  {
    "Scenario Name": "NoSignalJunctionCrossing_731",
    "Scenario Description": "The hero vehicle is passing through a junction without traffic lightsAnd encounters another vehicle passing across the junction.",
    "Map": "Map(name=Carla/Maps/Town03)",
    "Other Vehicle Target Velocity": 17,
    "Collision": true,
    "Weather": "ClearNight",
    "Collision Type": "Actor(id=276, type=vehicle.tesla.model3)",
    "Time to Collision": 6.734999656677246,
    "Speed at Collision": 22.8150043139097,
    "Intensity": 14659.87060854746
  },
  {
    "Scenario Name": "NoSignalJunctionCrossing_732",
    "Scenario Description": "The hero vehicle is passing through a junction without traffic lightsAnd encounters another vehicle passing across the junction.",
    "Map": "Map(name=Carla/Maps/Town03)",
    "Other Vehicle Target Velocity": 14,
    "Collision": true,
    "Weather": "HardRainNight",
    "Collision Type": "Actor(id=281, type=vehicle.tesla.model3)",
    "Time to Collision": 9.525999069213867,
    "Speed at Collision": 16.478828103329185,
    "Intensity": 14992.25405416835
  },
  {
    "Scenario Name": "NoSignalJunctionCrossing_734",
    "Scenario Description": "The hero vehicle is passing through a junction without traffic lightsAnd encounters another vehicle passing across the junction.",
    "Map": "Map(name=Carla/Maps/Town03)",
    "Other Vehicle Target Velocity": 23,
    "Collision": true,
    "Weather": "HardRainNoon",
    "Collision Type": "Actor(id=291, type=vehicle.tesla.model3)",
    "Time to Collision": 8.080997467041016,
    "Speed at Collision": 19.38140259812998,
    "Intensity": 19667.00129310945
  },
  {
    "Scenario Name": "NoSignalJunctionCrossing_735",
    "Scenario Description": "The hero vehicle is passing through a junction without traffic lightsAnd encounters another vehicle passing across the junction.",
    "Map": "Map(name=Carla/Maps/Town03)",
    "Other Vehicle Target Velocity": 20,
    "Collision": true,
    "Weather": "HardRainNoon",
    "Collision Type": "Actor(id=296, type=vehicle.tesla.model3)",
    "Time to Collision": 7.079999923706055,
    "Speed at Collision": 21.97596218184321,
    "Intensity": 15021.127519287387
  },
  {
    "Scenario Name": "NoSignalJunctionCrossing_736",
    "Scenario Description": "The hero vehicle is passing through a junction without traffic lightsAnd encounters another vehicle passing across the junction.",
    "Map": "Map(name=Carla/Maps/Town03)",
    "Other Vehicle Target Velocity": 15,
    "Collision": true,
    "Weather": "HardRainNoon",
    "Collision Type": "Actor(id=301, type=vehicle.tesla.model3)",
    "Time to Collision": 7.297993421554565,
    "Speed at Collision": 21.516164251531958,
    "Intensity": 13284.473341204744
  },
  {
    "Scenario Name": "NoSignalJunctionCrossing_737",
    "Scenario Description": "The hero vehicle is passing through a junction without traffic lightsAnd encounters another vehicle passing across the junction.",
    "Map": "Map(name=Carla/Maps/Town03)",
    "Other Vehicle Target Velocity": 20,
    "Collision": true,
    "Weather": "HardRainNight",
    "Collision Type": "Actor(id=306, type=vehicle.tesla.model3)",
    "Time to Collision": 6.364001750946045,
    "Speed at Collision": 24.191557775413564,
    "Intensity": 11375.908381218333
  },
  {
    "Scenario Name": "NoSignalJunctionCrossing_738",
    "Scenario Description": "The hero vehicle is passing through a junction without traffic lightsAnd encounters another vehicle passing across the junction.",
    "Map": "Map(name=Carla/Maps/Town03)",
    "Other Vehicle Target Velocity": 16,
    "Collision": true,
    "Weather": "ClearNight",
    "Collision Type": "Actor(id=311, type=vehicle.tesla.model3)",
    "Time to Collision": 8.754998683929443,
    "Speed at Collision": 17.85917646453376,
    "Intensity": 17059.106828709908
  },
  {
    "Scenario Name": "NoSignalJunctionCrossing_741",
    "Scenario Description": "The hero vehicle is passing through a junction without traffic lightsAnd encounters another vehicle passing across the junction.",
    "Map": "Map(name=Carla/Maps/Town03)",
    "Other Vehicle Target Velocity": 21,
    "Collision": true,
    "Weather": "ClearNoon",
    "Collision Type": "Actor(id=326, type=vehicle.tesla.model3)",
    "Time to Collision": 7.373000144958496,
    "Speed at Collision": 21.34397530193369,
    "Intensity": 13094.264752585466
  },
  {
    "Scenario Name": "NoSignalJunctionCrossing_742",
    "Scenario Description": "The hero vehicle is passing through a junction without traffic lightsAnd encounters another vehicle passing across the junction.",
    "Map": "Map(name=Carla/Maps/Town03)",
    "Other Vehicle Target Velocity": 22,
    "Collision": true,
    "Weather": "ClearNoon",
    "Collision Type": "Actor(id=331, type=vehicle.tesla.model3)",
    "Time to Collision": 6.560997009277344,
    "Speed at Collision": 23.66812149736807,
    "Intensity": 12803.885532026983
  },
  {
    "Scenario Name": "NoSignalJunctionCrossing_743",
    "Scenario Description": "The hero vehicle is passing through a junction without traffic lightsAnd encounters another vehicle passing across the junction.",
    "Map": "Map(name=Carla/Maps/Town03)",
    "Other Vehicle Target Velocity": 25,
    "Collision": true,
    "Weather": "HardRainNight",
    "Collision Type": "Actor(id=336, type=vehicle.tesla.model3)",
    "Time to Collision": 10.762998580932617,
    "Speed at Collision": 14.458198660377708,
    "Intensity": 16046.225892526123
  },
  {
    "Scenario Name": "NoSignalJunctionCrossing_744",
    "Scenario Description": "The hero vehicle is passing through a junction without traffic lightsAnd encounters another vehicle passing across the junction.",
    "Map": "Map(name=Carla/Maps/Town03)",
    "Other Vehicle Target Velocity": 13,
    "Collision": true,
    "Weather": "HardRainNight",
    "Collision Type": "Actor(id=341, type=vehicle.tesla.model3)",
    "Time to Collision": 6.358999252319336,
    "Speed at Collision": 24.474518067559323,
    "Intensity": 11095.529579933407
  },
  {
    "Scenario Name": "NoSignalJunctionCrossing_746",
    "Scenario Description": "The hero vehicle is passing through a junction without traffic lightsAnd encounters another vehicle passing across the junction.",
    "Map": "Map(name=Carla/Maps/Town03)",
    "Other Vehicle Target Velocity": 9,
    "Collision": true,
    "Weather": "ClearNight",
    "Collision Type": "Actor(id=351, type=vehicle.tesla.model3)",
    "Time to Collision": 10.890998601913452,
    "Speed at Collision": 14.446183148280314,
    "Intensity": 16591.434763478548
  },
  {
    "Scenario Name": "NoSignalJunctionCrossing_750",
    "Scenario Description": "The hero vehicle is passing through a junction without traffic lightsAnd encounters another vehicle passing across the junction.",
    "Map": "Map(name=Carla/Maps/Town03)",
    "Other Vehicle Target Velocity": 12,
    "Collision": true,
    "Weather": "ClearNight",
    "Collision Type": "Actor(id=371, type=vehicle.tesla.model3)",
    "Time to Collision": 7.916996717453003,
    "Speed at Collision": 19.916817669378975,
    "Intensity": 20291.578672537213
  },
  {
    "Scenario Name": "NoSignalJunctionCrossing_751",
    "Scenario Description": "The hero vehicle is passing through a junction without traffic lightsAnd encounters another vehicle passing across the junction.",
    "Map": "Map(name=Carla/Maps/Town03)",
    "Other Vehicle Target Velocity": 23,
    "Collision": true,
    "Weather": "ClearNoon",
    "Collision Type": "Actor(id=376, type=vehicle.tesla.model3)",
    "Time to Collision": 6.284998416900635,
    "Speed at Collision": 24.785895769853546,
    "Intensity": 9350.39095861035
  },
  {
    "Scenario Name": "NoSignalJunctionCrossing_752",
    "Scenario Description": "The hero vehicle is passing through a junction without traffic lightsAnd encounters another vehicle passing across the junction.",
    "Map": "Map(name=Carla/Maps/Town03)",
    "Other Vehicle Target Velocity": 16,
    "Collision": true,
    "Weather": "HardRainNoon",
    "Collision Type": "Actor(id=381, type=vehicle.tesla.model3)",
    "Time to Collision": 6.255000591278076,
    "Speed at Collision": 24.900895317465118,
    "Intensity": 9164.453393170092
  },
  {
    "Scenario Name": "NoSignalJunctionCrossing_753",
    "Scenario Description": "The hero vehicle is passing through a junction without traffic lightsAnd encounters another vehicle passing across the junction.",
    "Map": "Map(name=Carla/Maps/Town03)",
    "Other Vehicle Target Velocity": 22,
    "Collision": true,
    "Weather": "ClearNight",
    "Collision Type": "Actor(id=386, type=vehicle.tesla.model3)",
    "Time to Collision": 11.914994239807129,
    "Speed at Collision": 12.112969375669463,
    "Intensity": 11816.118629685237
  },
  {
    "Scenario Name": "NoSignalJunctionCrossing_754",
    "Scenario Description": "The hero vehicle is passing through a junction without traffic lightsAnd encounters another vehicle passing across the junction.",
    "Map": "Map(name=Carla/Maps/Town03)",
    "Other Vehicle Target Velocity": 17,
    "Collision": true,
    "Weather": "HardRainNoon",
    "Collision Type": "Actor(id=391, type=vehicle.tesla.model3)",
    "Time to Collision": 8.877999544143677,
    "Speed at Collision": 17.85684900923197,
    "Intensity": 16979.35703596982
  },
  {
    "Scenario Name": "NoSignalJunctionCrossing_755",
    "Scenario Description": "The hero vehicle is passing through a junction without traffic lightsAnd encounters another vehicle passing across the junction.",
    "Map": "Map(name=Carla/Maps/Town03)",
    "Other Vehicle Target Velocity": 11,
    "Collision": true,
    "Weather": "ClearNoon",
    "Collision Type": "Actor(id=396, type=vehicle.tesla.model3)",
    "Time to Collision": 11.035996675491333,
    "Speed at Collision": 14.376034546558703,
    "Intensity": 15769.424372443182
  },
  {
    "Scenario Name": "NoSignalJunctionCrossing_756",
    "Scenario Description": "The hero vehicle is passing through a junction without traffic lightsAnd encounters another vehicle passing across the junction.",
    "Map": "Map(name=Carla/Maps/Town03)",
    "Other Vehicle Target Velocity": 16,
    "Collision": true,
    "Weather": "ClearNight",
    "Collision Type": "Actor(id=401, type=vehicle.tesla.model3)",
    "Time to Collision": 6.219998121261597,
    "Speed at Collision": 25.074428552512206,
    "Intensity": 7010.174072162056
  },
  {
    "Scenario Name": "NoSignalJunctionCrossing_757",
    "Scenario Description": "The hero vehicle is passing through a junction without traffic lightsAnd encounters another vehicle passing across the junction.",
    "Map": "Map(name=Carla/Maps/Town03)",
    "Other Vehicle Target Velocity": 9,
    "Collision": true,
    "Weather": "ClearNight",
    "Collision Type": "Actor(id=406, type=vehicle.tesla.model3)",
    "Time to Collision": 7.266999244689941,
    "Speed at Collision": 21.544935250362514,
    "Intensity": 10633.479046060618
  },
  {
    "Scenario Name": "NoSignalJunctionCrossing_758",
    "Scenario Description": "The hero vehicle is passing through a junction without traffic lightsAnd encounters another vehicle passing across the junction.",
    "Map": "Map(name=Carla/Maps/Town03)",
    "Other Vehicle Target Velocity": 8,
    "Collision": true,
    "Weather": "HardRainNoon",
    "Collision Type": "Actor(id=411, type=vehicle.tesla.model3)",
    "Time to Collision": 10.682998418807983,
    "Speed at Collision": 14.490886198777867,
    "Intensity": 15569.036507446242
  },
  {
    "Scenario Name": "NoSignalJunctionCrossing_759",
    "Scenario Description": "The hero vehicle is passing through a junction without traffic lightsAnd encounters another vehicle passing across the junction.",
    "Map": "Map(name=Carla/Maps/Town03)",
    "Other Vehicle Target Velocity": 25,
    "Collision": true,
    "Weather": "ClearNight",
    "Collision Type": "Actor(id=416, type=vehicle.tesla.model3)",
    "Time to Collision": 6.236003398895264,
    "Speed at Collision": 24.9586920192676,
    "Intensity": 8752.417956080271
  },
  {
    "Scenario Name": "NoSignalJunctionCrossing_761",
    "Scenario Description": "The hero vehicle is passing through a junction without traffic lightsAnd encounters another vehicle passing across the junction.",
    "Map": "Map(name=Carla/Maps/Town03)",
    "Other Vehicle Target Velocity": 8,
    "Collision": true,
    "Weather": "ClearNoon",
    "Collision Type": "Actor(id=426, type=vehicle.tesla.model3)",
    "Time to Collision": 7.893002271652222,
    "Speed at Collision": 20.013266293623673,
    "Intensity": 8440.417677902105
  },
  {
    "Scenario Name": "NoSignalJunctionCrossing_762",
    "Scenario Description": "The hero vehicle is passing through a junction without traffic lightsAnd encounters another vehicle passing across the junction.",
    "Map": "Map(name=Carla/Maps/Town03)",
    "Other Vehicle Target Velocity": 18,
    "Collision": true,
    "Weather": "HardRainNight",
    "Collision Type": "Actor(id=431, type=vehicle.tesla.model3)",
    "Time to Collision": 6.486999034881592,
    "Speed at Collision": 23.746666241644377,
    "Intensity": 12586.552771477036
  },
  {
    "Scenario Name": "NoSignalJunctionCrossing_763",
    "Scenario Description": "The hero vehicle is passing through a junction without traffic lightsAnd encounters another vehicle passing across the junction.",
    "Map": "Map(name=Carla/Maps/Town03)",
    "Other Vehicle Target Velocity": 22,
    "Collision": true,
    "Weather": "HardRainNoon",
    "Collision Type": "Actor(id=436, type=vehicle.tesla.model3)",
    "Time to Collision": 6.528003215789795,
    "Speed at Collision": 23.444941199269884,
    "Intensity": 14314.74040832399
  },
  {
    "Scenario Name": "NoSignalJunctionCrossing_765",
    "Scenario Description": "The hero vehicle is passing through a junction without traffic lightsAnd encounters another vehicle passing across the junction.",
    "Map": "Map(name=Carla/Maps/Town03)",
    "Other Vehicle Target Velocity": 11,
    "Collision": true,
    "Weather": "HardRainNight",
    "Collision Type": "Actor(id=446, type=vehicle.tesla.model3)",
    "Time to Collision": 8.043999910354614,
    "Speed at Collision": 19.39092952636477,
    "Intensity": 19899.653344270988
  },
  {
    "Scenario Name": "NoSignalJunctionCrossing_766",
    "Scenario Description": "The hero vehicle is passing through a junction without traffic lightsAnd encounters another vehicle passing across the junction.",
    "Map": "Map(name=Carla/Maps/Town03)",
    "Other Vehicle Target Velocity": 18,
    "Collision": true,
    "Weather": "HardRainNight",
    "Collision Type": "Actor(id=451, type=vehicle.tesla.model3)",
    "Time to Collision": 7.994997501373291,
    "Speed at Collision": 19.60820209893187,
    "Intensity": 16571.425123025834
  },
  {
    "Scenario Name": "NoSignalJunctionCrossing_767",
    "Scenario Description": "The hero vehicle is passing through a junction without traffic lightsAnd encounters another vehicle passing across the junction.",
    "Map": "Map(name=Carla/Maps/Town03)",
    "Other Vehicle Target Velocity": 12,
    "Collision": true,
    "Weather": "ClearNoon",
    "Collision Type": "Actor(id=456, type=vehicle.tesla.model3)",
    "Time to Collision": 8.227999925613403,
    "Speed at Collision": 19.08936957473634,
    "Intensity": 19393.90247221767
  },
  {
    "Scenario Name": "NoSignalJunctionCrossing_768",
    "Scenario Description": "The hero vehicle is passing through a junction without traffic lightsAnd encounters another vehicle passing across the junction.",
    "Map": "Map(name=Carla/Maps/Town03)",
    "Other Vehicle Target Velocity": 20,
    "Collision": true,
    "Weather": "ClearNight",
    "Collision Type": "Actor(id=461, type=vehicle.tesla.model3)",
    "Time to Collision": 6.99999737739563,
    "Speed at Collision": 21.967726398921908,
    "Intensity": 12510.02563852728
  },
  {
    "Scenario Name": "NoSignalJunctionCrossing_769",
    "Scenario Description": "The hero vehicle is passing through a junction without traffic lightsAnd encounters another vehicle passing across the junction.",
    "Map": "Map(name=Carla/Maps/Town03)",
    "Other Vehicle Target Velocity": 22,
    "Collision": true,
    "Weather": "ClearNight",
    "Collision Type": "Actor(id=466, type=vehicle.tesla.model3)",
    "Time to Collision": 7.1829993724823,
    "Speed at Collision": 21.809643326899934,
    "Intensity": 12234.447633716938
  },
  {
    "Scenario Name": "NoSignalJunctionCrossing_770",
    "Scenario Description": "The hero vehicle is passing through a junction without traffic lightsAnd encounters another vehicle passing across the junction.",
    "Map": "Map(name=Carla/Maps/Town03)",
    "Other Vehicle Target Velocity": 17,
    "Collision": true,
    "Weather": "ClearNoon",
    "Collision Type": "Actor(id=471, type=vehicle.tesla.model3)",
    "Time to Collision": 6.230999946594238,
    "Speed at Collision": 25.10380183230174,
    "Intensity": 9163.125144011461
  },
  {
    "Scenario Name": "NoSignalJunctionCrossing_771",
    "Scenario Description": "The hero vehicle is passing through a junction without traffic lightsAnd encounters another vehicle passing across the junction.",
    "Map": "Map(name=Carla/Maps/Town03)",
    "Other Vehicle Target Velocity": 14,
    "Collision": true,
    "Weather": "ClearNight",
    "Collision Type": "Actor(id=476, type=vehicle.tesla.model3)",
    "Time to Collision": 6.4499993324279785,
    "Speed at Collision": 23.9734919634247,
    "Intensity": 12802.73837890616
  },
  {
    "Scenario Name": "NoSignalJunctionCrossing_772",
    "Scenario Description": "The hero vehicle is passing through a junction without traffic lightsAnd encounters another vehicle passing across the junction.",
    "Map": "Map(name=Carla/Maps/Town03)",
    "Other Vehicle Target Velocity": 18,
    "Collision": true,
    "Weather": "HardRainNight",
    "Collision Type": "Actor(id=481, type=vehicle.tesla.model3)",
    "Time to Collision": 7.362000465393066,
    "Speed at Collision": 21.163571782326784,
    "Intensity": 14210.749666729798
  },
  {
    "Scenario Name": "NoSignalJunctionCrossing_773",
    "Scenario Description": "The hero vehicle is passing through a junction without traffic lightsAnd encounters another vehicle passing across the junction.",
    "Map": "Map(name=Carla/Maps/Town03)",
    "Other Vehicle Target Velocity": 16,
    "Collision": true,
    "Weather": "HardRainNight",
    "Collision Type": "Actor(id=486, type=vehicle.tesla.model3)",
    "Time to Collision": 6.759999990463257,
    "Speed at Collision": 22.519555844039534,
    "Intensity": 13559.710689284468
  },
  {
    "Scenario Name": "NoSignalJunctionCrossing_774",
    "Scenario Description": "The hero vehicle is passing through a junction without traffic lightsAnd encounters another vehicle passing across the junction.",
    "Map": "Map(name=Carla/Maps/Town03)",
    "Other Vehicle Target Velocity": 10,
    "Collision": true,
    "Weather": "HardRainNight",
    "Collision Type": "Actor(id=491, type=vehicle.tesla.model3)",
    "Time to Collision": 11.57699728012085,
    "Speed at Collision": 13.645367660126578,
    "Intensity": 15943.43817779126
  },
  {
    "Scenario Name": "NoSignalJunctionCrossing_775",
    "Scenario Description": "The hero vehicle is passing through a junction without traffic lightsAnd encounters another vehicle passing across the junction.",
    "Map": "Map(name=Carla/Maps/Town03)",
    "Other Vehicle Target Velocity": 15,
    "Collision": true,
    "Weather": "HardRainNoon",
    "Collision Type": "Actor(id=496, type=vehicle.tesla.model3)",
    "Time to Collision": 7.321995496749878,
    "Speed at Collision": 21.48579880269958,
    "Intensity": 11661.670853878051
  },
  {
    "Scenario Name": "NoSignalJunctionCrossing_776",
    "Scenario Description": "The hero vehicle is passing through a junction without traffic lightsAnd encounters another vehicle passing across the junction.",
    "Map": "Map(name=Carla/Maps/Town03)",
    "Other Vehicle Target Velocity": 15,
    "Collision": true,
    "Weather": "HardRainNight",
    "Collision Type": "Actor(id=501, type=vehicle.tesla.model3)",
    "Time to Collision": 6.4089953899383545,
    "Speed at Collision": 24.024245544850046,
    "Intensity": 13346.857518382843
  },
  {
    "Scenario Name": "NoSignalJunctionCrossing_777",
    "Scenario Description": "The hero vehicle is passing through a junction without traffic lightsAnd encounters another vehicle passing across the junction.",
    "Map": "Map(name=Carla/Maps/Town03)",
    "Other Vehicle Target Velocity": 16,
    "Collision": true,
    "Weather": "ClearNight",
    "Collision Type": "Actor(id=506, type=vehicle.tesla.model3)",
    "Time to Collision": 7.080003261566162,
    "Speed at Collision": 21.878102651933006,
    "Intensity": 15380.403086548682
  },
  {
    "Scenario Name": "NoSignalJunctionCrossing_778",
    "Scenario Description": "The hero vehicle is passing through a junction without traffic lightsAnd encounters another vehicle passing across the junction.",
    "Map": "Map(name=Carla/Maps/Town03)",
    "Other Vehicle Target Velocity": 13,
    "Collision": true,
    "Weather": "ClearNight",
    "Collision Type": "Actor(id=511, type=vehicle.tesla.model3)",
    "Time to Collision": 6.428997278213501,
    "Speed at Collision": 23.660238835285018,
    "Intensity": 13969.377520024811
  },
  {
    "Scenario Name": "NoSignalJunctionCrossing_779",
    "Scenario Description": "The hero vehicle is passing through a junction without traffic lightsAnd encounters another vehicle passing across the junction.",
    "Map": "Map(name=Carla/Maps/Town03)",
    "Other Vehicle Target Velocity": 13,
    "Collision": true,
    "Weather": "ClearNight",
    "Collision Type": "Actor(id=516, type=vehicle.tesla.model3)",
    "Time to Collision": 8.48600697517395,
    "Speed at Collision": 18.486698861102198,
    "Intensity": 17529.31955068525
  },
  {
    "Scenario Name": "NoSignalJunctionCrossing_780",
    "Scenario Description": "The hero vehicle is passing through a junction without traffic lightsAnd encounters another vehicle passing across the junction.",
    "Map": "Map(name=Carla/Maps/Town03)",
    "Other Vehicle Target Velocity": 11,
    "Collision": true,
    "Weather": "HardRainNight",
    "Collision Type": "Actor(id=521, type=vehicle.tesla.model3)",
    "Time to Collision": 10.455000638961792,
    "Speed at Collision": 15.004126793426485,
    "Intensity": 13747.426262368717
  },
  {
    "Scenario Name": "NoSignalJunctionCrossing_781",
    "Scenario Description": "The hero vehicle is passing through a junction without traffic lightsAnd encounters another vehicle passing across the junction.",
    "Map": "Map(name=Carla/Maps/Town03)",
    "Other Vehicle Target Velocity": 23,
    "Collision": true,
    "Weather": "ClearNoon",
    "Collision Type": "Actor(id=526, type=vehicle.tesla.model3)",
    "Time to Collision": 10.522999286651611,
    "Speed at Collision": 14.992218042102921,
    "Intensity": 15987.08734159966
  },
  {
    "Scenario Name": "NoSignalJunctionCrossing_782",
    "Scenario Description": "The hero vehicle is passing through a junction without traffic lightsAnd encounters another vehicle passing across the junction.",
    "Map": "Map(name=Carla/Maps/Town03)",
    "Other Vehicle Target Velocity": 12,
    "Collision": true,
    "Weather": "HardRainNoon",
    "Collision Type": "Actor(id=531, type=vehicle.tesla.model3)",
    "Time to Collision": 7.3589982986450195,
    "Speed at Collision": 21.43755881699916,
    "Intensity": 12593.007923923498
  },
  {
    "Scenario Name": "NoSignalJunctionCrossing_783",
    "Scenario Description": "The hero vehicle is passing through a junction without traffic lightsAnd encounters another vehicle passing across the junction.",
    "Map": "Map(name=Carla/Maps/Town03)",
    "Other Vehicle Target Velocity": 17,
    "Collision": true,
    "Weather": "HardRainNoon",
    "Collision Type": "Actor(id=536, type=vehicle.tesla.model3)",
    "Time to Collision": 8.868993997573853,
    "Speed at Collision": 17.503929633301894,
    "Intensity": 14363.063158728364
  },
  {
    "Scenario Name": "NoSignalJunctionCrossing_784",
    "Scenario Description": "The hero vehicle is passing through a junction without traffic lightsAnd encounters another vehicle passing across the junction.",
    "Map": "Map(name=Carla/Maps/Town03)",
    "Other Vehicle Target Velocity": 14,
    "Collision": true,
    "Weather": "HardRainNoon",
    "Collision Type": "Actor(id=541, type=vehicle.tesla.model3)",
    "Time to Collision": 6.509997367858887,
    "Speed at Collision": 23.74723017336247,
    "Intensity": 13465.461971861021
  },
  {
    "Scenario Name": "NoSignalJunctionCrossing_785",
    "Scenario Description": "The hero vehicle is passing through a junction without traffic lightsAnd encounters another vehicle passing across the junction.",
    "Map": "Map(name=Carla/Maps/Town03)",
    "Other Vehicle Target Velocity": 21,
    "Collision": true,
    "Weather": "ClearNight",
    "Collision Type": "Actor(id=546, type=vehicle.tesla.model3)",
    "Time to Collision": 9.504034042358398,
    "Speed at Collision": 16.519396892800028,
    "Intensity": 14954.85300868045
  },
  {
    "Scenario Name": "NoSignalJunctionCrossing_786",
    "Scenario Description": "The hero vehicle is passing through a junction without traffic lightsAnd encounters another vehicle passing across the junction.",
    "Map": "Map(name=Carla/Maps/Town03)",
    "Other Vehicle Target Velocity": 18,
    "Collision": true,
    "Weather": "ClearNoon",
    "Collision Type": "Actor(id=551, type=vehicle.tesla.model3)",
    "Time to Collision": 7.374999523162842,
    "Speed at Collision": 21.245689198026447,
    "Intensity": 14437.921786577357
  },
  {
    "Scenario Name": "NoSignalJunctionCrossing_787",
    "Scenario Description": "The hero vehicle is passing through a junction without traffic lightsAnd encounters another vehicle passing across the junction.",
    "Map": "Map(name=Carla/Maps/Town03)",
    "Other Vehicle Target Velocity": 10,
    "Collision": true,
    "Weather": "ClearNight",
    "Collision Type": "Actor(id=556, type=vehicle.tesla.model3)",
    "Time to Collision": 6.703998565673828,
    "Speed at Collision": 22.92257641617097,
    "Intensity": 11029.77159255443
  },
  {
    "Scenario Name": "NoSignalJunctionCrossing_788",
    "Scenario Description": "The hero vehicle is passing through a junction without traffic lightsAnd encounters another vehicle passing across the junction.",
    "Map": "Map(name=Carla/Maps/Town03)",
    "Other Vehicle Target Velocity": 16,
    "Collision": true,
    "Weather": "ClearNight",
    "Collision Type": "Actor(id=561, type=vehicle.tesla.model3)",
    "Time to Collision": 9.936002969741821,
    "Speed at Collision": 15.594219244108107,
    "Intensity": 16364.409880838883
  },
  {
    "Scenario Name": "NoSignalJunctionCrossing_789",
    "Scenario Description": "The hero vehicle is passing through a junction without traffic lightsAnd encounters another vehicle passing across the junction.",
    "Map": "Map(name=Carla/Maps/Town03)",
    "Other Vehicle Target Velocity": 14,
    "Collision": true,
    "Weather": "ClearNoon",
    "Collision Type": "Actor(id=566, type=vehicle.tesla.model3)",
    "Time to Collision": 7.486999750137329,
    "Speed at Collision": 20.84426890533038,
    "Intensity": 12502.818722903095
  },
  {
    "Scenario Name": "NoSignalJunctionCrossing_790",
    "Scenario Description": "The hero vehicle is passing through a junction without traffic lightsAnd encounters another vehicle passing across the junction.",
    "Map": "Map(name=Carla/Maps/Town03)",
    "Other Vehicle Target Velocity": 14,
    "Collision": true,
    "Weather": "HardRainNoon",
    "Collision Type": "Actor(id=571, type=vehicle.tesla.model3)",
    "Time to Collision": 6.66799783706665,
    "Speed at Collision": 23.16341366326111,
    "Intensity": 14290.36653350856
  },
  {
    "Scenario Name": "NoSignalJunctionCrossing_791",
    "Scenario Description": "The hero vehicle is passing through a junction without traffic lightsAnd encounters another vehicle passing across the junction.",
    "Map": "Map(name=Carla/Maps/Town03)",
    "Other Vehicle Target Velocity": 25,
    "Collision": true,
    "Weather": "ClearNoon",
    "Collision Type": "Actor(id=576, type=vehicle.tesla.model3)",
    "Time to Collision": 7.368998765945435,
    "Speed at Collision": 21.320485168214393,
    "Intensity": 12305.015876178484
  },
  {
    "Scenario Name": "NoSignalJunctionCrossing_793",
    "Scenario Description": "The hero vehicle is passing through a junction without traffic lightsAnd encounters another vehicle passing across the junction.",
    "Map": "Map(name=Carla/Maps/Town03)",
    "Other Vehicle Target Velocity": 14,
    "Collision": true,
    "Weather": "HardRainNight",
    "Collision Type": "Actor(id=586, type=vehicle.tesla.model3)",
    "Time to Collision": 10.3000009059906,
    "Speed at Collision": 15.065946003598624,
    "Intensity": 16863.324860817313
  },
  {
    "Scenario Name": "NoSignalJunctionCrossing_794",
    "Scenario Description": "The hero vehicle is passing through a junction without traffic lightsAnd encounters another vehicle passing across the junction.",
    "Map": "Map(name=Carla/Maps/Town03)",
    "Other Vehicle Target Velocity": 22,
    "Collision": true,
    "Weather": "ClearNight",
    "Collision Type": "Actor(id=591, type=vehicle.tesla.model3)",
    "Time to Collision": 8.655000925064087,
    "Speed at Collision": 18.159387017920125,
    "Intensity": 16499.370627433193
  },
  {
    "Scenario Name": "NoSignalJunctionCrossing_795",
    "Scenario Description": "The hero vehicle is passing through a junction without traffic lightsAnd encounters another vehicle passing across the junction.",
    "Map": "Map(name=Carla/Maps/Town03)",
    "Other Vehicle Target Velocity": 22,
    "Collision": true,
    "Weather": "HardRainNight",
    "Collision Type": "Actor(id=596, type=vehicle.tesla.model3)",
    "Time to Collision": 7.214999437332153,
    "Speed at Collision": 21.65227378625277,
    "Intensity": 13291.009587984407
  },
  {
    "Scenario Name": "NoSignalJunctionCrossing_796",
    "Scenario Description": "The hero vehicle is passing through a junction without traffic lightsAnd encounters another vehicle passing across the junction.",
    "Map": "Map(name=Carla/Maps/Town03)",
    "Other Vehicle Target Velocity": 13,
    "Collision": true,
    "Weather": "HardRainNoon",
    "Collision Type": "Actor(id=601, type=vehicle.tesla.model3)",
    "Time to Collision": 6.68700098991394,
    "Speed at Collision": 23.003777486039056,
    "Intensity": 14525.987644312147
  },
  {
    "Scenario Name": "NoSignalJunctionCrossing_797",
    "Scenario Description": "The hero vehicle is passing through a junction without traffic lightsAnd encounters another vehicle passing across the junction.",
    "Map": "Map(name=Carla/Maps/Town03)",
    "Other Vehicle Target Velocity": 20,
    "Collision": true,
    "Weather": "ClearNight",
    "Collision Type": "Actor(id=606, type=vehicle.tesla.model3)",
    "Time to Collision": 7.202003717422485,
    "Speed at Collision": 21.757135474310832,
    "Intensity": 14044.137715590035
  }
]