[
  {
    "Scenario Name": "NoSignalJunctionCrossing_502",
    "Scenario Description": "The hero vehicle is passing through a junction without traffic lightsAnd encounters another vehicle passing across the junction.",
    "Map": "Map(name=Carla/Maps/Town03)",
    "Other Vehicle Target Velocity": 7,
    "Collision": false,
    "Weather": "ClearNight"
  },
  {
    "Scenario Name": "NoSignalJunctionCrossing_509",
    "Scenario Description": "The hero vehicle is passing through a junction without traffic lightsAnd encounters another vehicle passing across the junction.",
    "Map": "Map(name=Carla/Maps/Town03)",
    "Other Vehicle Target Velocity": 25,
    "Collision": false,
    "Weather": "ClearNight"
  },
  {
    "Scenario Name": "NoSignalJunctionCrossing_518",
    "Scenario Description": "The hero vehicle is passing through a junction without traffic lightsAnd encounters another vehicle passing across the junction.",
    "Map": "Map(name=Carla/Maps/Town03)",
    "Other Vehicle Target Velocity": 14,
    "Collision": false,
    "Weather": "HardRainNoon"
  },
  {
    "Scenario Name": "NoSignalJunctionCrossing_527",
    "Scenario Description": "The hero vehicle is passing through a junction without traffic lightsAnd encounters another vehicle passing across the junction.",
    "Map": "Map(name=Carla/Maps/Town03)",
    "Other Vehicle Target Velocity": 6,
    "Collision": false,
    "Weather": "ClearNight"
  },
  {
    "Scenario Name": "NoSignalJunctionCrossing_536",
    "Scenario Description": "The hero vehicle is passing through a junction without traffic lightsAnd encounters another vehicle passing across the junction.",
    "Map": "Map(name=Carla/Maps/Town03)",
    "Other Vehicle Target Velocity": 7,
    "Collision": false,
    "Weather": "ClearNight"
  },
  {
    "Scenario Name": "NoSignalJunctionCrossing_546",
    "Scenario Description": "The hero vehicle is passing through a junction without traffic lightsAnd encounters another vehicle passing across the junction.",
    "Map": "Map(name=Carla/Maps/Town03)",
    "Other Vehicle Target Velocity": 7,
    "Collision": false,
    "Weather": "HardRainNoon"
  },
  {
    "Scenario Name": "NoSignalJunctionCrossing_550",
    "Scenario Description": "The hero vehicle is passing through a junction without traffic lightsAnd encounters another vehicle passing across the junction.",
    "Map": "Map(name=Carla/Maps/Town03)",
    "Other Vehicle Target Velocity": 5,
    "Collision": false,
    "Weather": "ClearNight"
  },
  {
    "Scenario Name": "NoSignalJunctionCrossing_560",
    "Scenario Description": "The hero vehicle is passing through a junction without traffic lightsAnd encounters another vehicle passing across the junction.",
    "Map": "Map(name=Carla/Maps/Town03)",
    "Other Vehicle Target Velocity": 25,
    "Collision": false,
    "Weather": "ClearNoon"
  },
  {
    "Scenario Name": "NoSignalJunctionCrossing_570",
    "Scenario Description": "The hero vehicle is passing through a junction without traffic lightsAnd encounters another vehicle passing across the junction.",
    "Map": "Map(name=Carla/Maps/Town03)",
    "Other Vehicle Target Velocity": 7,
    "Collision": false,
    "Weather": "ClearNoon"
  },
  {
    "Scenario Name": "NoSignalJunctionCrossing_584",
    "Scenario Description": "The hero vehicle is passing through a junction without traffic lightsAnd encounters another vehicle passing across the junction.",
    "Map": "Map(name=Carla/Maps/Town03)",
    "Other Vehicle Target Velocity": 5,
    "Collision": false,
    "Weather": "HardRainNoon"
  }
]