[
  {
    "Scenario Name": "NoSignalJunctionCrossing_703",
    "Scenario Description": "The hero vehicle is passing through a junction without traffic lightsAnd encounters another vehicle passing across the junction.",
    "Map": "Map(name=Carla/Maps/Town03)",
    "Other Vehicle Target Velocity": 24,
    "Collision": false,
    "Weather": "HardRainNoon"
  },
  {
    "Scenario Name": "NoSignalJunctionCrossing_706",
    "Scenario Description": "The hero vehicle is passing through a junction without traffic lightsAnd encounters another vehicle passing across the junction.",
    "Map": "Map(name=Carla/Maps/Town03)",
    "Other Vehicle Target Velocity": 12,
    "Collision": false,
    "Weather": "HardRainNoon"
  },
  {
    "Scenario Name": "NoSignalJunctionCrossing_713",
    "Scenario Description": "The hero vehicle is passing through a junction without traffic lightsAnd encounters another vehicle passing across the junction.",
    "Map": "Map(name=Carla/Maps/Town03)",
    "Other Vehicle Target Velocity": 24,
    "Collision": false,
    "Weather": "HardRainNight"
  },
  {
    "Scenario Name": "NoSignalJunctionCrossing_733",
    "Scenario Description": "The hero vehicle is passing through a junction without traffic lightsAnd encounters another vehicle passing across the junction.",
    "Map": "Map(name=Carla/Maps/Town03)",
    "Other Vehicle Target Velocity": 7,
    "Collision": false,
    "Weather": "HardRainNight"
  },
  {
    "Scenario Name": "NoSignalJunctionCrossing_739",
    "Scenario Description": "The hero vehicle is passing through a junction without traffic lightsAnd encounters another vehicle passing across the junction.",
    "Map": "Map(name=Carla/Maps/Town03)",
    "Other Vehicle Target Velocity": 13,
    "Collision": false,
    "Weather": "HardRainNight"
  },
  {
    "Scenario Name": "NoSignalJunctionCrossing_740",
    "Scenario Description": "The hero vehicle is passing through a junction without traffic lightsAnd encounters another vehicle passing across the junction.",
    "Map": "Map(name=Carla/Maps/Town03)",
    "Other Vehicle Target Velocity": 19,
    "Collision": false,
    "Weather": "ClearNoon"
  },
  {
    "Scenario Name": "NoSignalJunctionCrossing_745",
    "Scenario Description": "The hero vehicle is passing through a junction without traffic lightsAnd encounters another vehicle passing across the junction.",
    "Map": "Map(name=Carla/Maps/Town03)",
    "Other Vehicle Target Velocity": 10,
    "Collision": false,
    "Weather": "HardRainNoon"
  },
  {
    "Scenario Name": "NoSignalJunctionCrossing_748",
    "Scenario Description": "The hero vehicle is passing through a junction without traffic lightsAnd encounters another vehicle passing across the junction.",
    "Map": "Map(name=Carla/Maps/Town03)",
    "Other Vehicle Target Velocity": 7,
    "Collision": false,
    "Weather": "ClearNight"
  },
  {
    "Scenario Name": "NoSignalJunctionCrossing_749",
    "Scenario Description": "The hero vehicle is passing through a junction without traffic lightsAnd encounters another vehicle passing across the junction.",
    "Map": "Map(name=Carla/Maps/Town03)",
    "Other Vehicle Target Velocity": 9,
    "Collision": false,
    "Weather": "HardRainNight"
  },
  {
    "Scenario Name": "NoSignalJunctionCrossing_760",
    "Scenario Description": "The hero vehicle is passing through a junction without traffic lightsAnd encounters another vehicle passing across the junction.",
    "Map": "Map(name=Carla/Maps/Town03)",
    "Other Vehicle Target Velocity": 10,
    "Collision": false,
    "Weather": "ClearNoon"
  },
  {
    "Scenario Name": "NoSignalJunctionCrossing_764",
    "Scenario Description": "The hero vehicle is passing through a junction without traffic lightsAnd encounters another vehicle passing across the junction.",
    "Map": "Map(name=Carla/Maps/Town03)",
    "Other Vehicle Target Velocity": 7,
    "Collision": false,
    "Weather": "HardRainNoon"
  },
  {
    "Scenario Name": "NoSignalJunctionCrossing_792",
    "Scenario Description": "The hero vehicle is passing through a junction without traffic lightsAnd encounters another vehicle passing across the junction.",
    "Map": "Map(name=Carla/Maps/Town03)",
    "Other Vehicle Target Velocity": 7,
    "Collision": false,
    "Weather": "HardRainNoon"
  }
]