[
  {
    "Scenario Name": "NoSignalJunctionCrossing_101",
    "Scenario Description": "The hero vehicle is passing through a junction without traffic lightsAnd encounters another vehicle passing across the junction.",
    "Map": "Map(name=Carla/Maps/Town03)",
    "Other Vehicle Target Velocity": 18,
    "Collision": false,
    "Weather": "ClearNoon"
  },
  {
    "Scenario Name": "NoSignalJunctionCrossing_105",
    "Scenario Description": "The hero vehicle is passing through a junction without traffic lightsAnd encounters another vehicle passing across the junction.",
    "Map": "Map(name=Carla/Maps/Town03)",
    "Other Vehicle Target Velocity": 19,
    "Collision": false,
    "Weather": "HardRainNight"
  },
  {
    "Scenario Name": "NoSignalJunctionCrossing_116",
    "Scenario Description": "The hero vehicle is passing through a junction without traffic lightsAnd encounters another vehicle passing across the junction.",
    "Map": "Map(name=Carla/Maps/Town03)",
    "Other Vehicle Target Velocity": 9,
    "Collision": false,
    "Weather": "HardRainNight"
  },
  {
    "Scenario Name": "NoSignalJunctionCrossing_120",
    "Scenario Description": "The hero vehicle is passing through a junction without traffic lightsAnd encounters another vehicle passing across the junction.",
    "Map": "Map(name=Carla/Maps/Town03)",
    "Other Vehicle Target Velocity": 8,
    "Collision": false,
    "Weather": "HardRainNight"
  },
  {
    "Scenario Name": "NoSignalJunctionCrossing_136",
    "Scenario Description": "The hero vehicle is passing through a junction without traffic lightsAnd encounters another vehicle passing across the junction.",
    "Map": "Map(name=Carla/Maps/Town03)",
    "Other Vehicle Target Velocity": 5,
    "Collision": false,
    "Weather": "ClearNight"
  },
  {
    "Scenario Name": "NoSignalJunctionCrossing_145",
    "Scenario Description": "The hero vehicle is passing through a junction without traffic lightsAnd encounters another vehicle passing across the junction.",
    "Map": "Map(name=Carla/Maps/Town03)",
    "Other Vehicle Target Velocity": 8,
    "Collision": false,
    "Weather": "HardRainNight"
  },
  {
    "Scenario Name": "NoSignalJunctionCrossing_157",
    "Scenario Description": "The hero vehicle is passing through a junction without traffic lightsAnd encounters another vehicle passing across the junction.",
    "Map": "Map(name=Carla/Maps/Town03)",
    "Other Vehicle Target Velocity": 7,
    "Collision": false,
    "Weather": "ClearNight"
  },
  {
    "Scenario Name": "NoSignalJunctionCrossing_158",
    "Scenario Description": "The hero vehicle is passing through a junction without traffic lightsAnd encounters another vehicle passing across the junction.",
    "Map": "Map(name=Carla/Maps/Town03)",
    "Other Vehicle Target Velocity": 16,
    "Collision": false,
    "Weather": "HardRainNight"
  },
  {
    "Scenario Name": "NoSignalJunctionCrossing_182",
    "Scenario Description": "The hero vehicle is passing through a junction without traffic lightsAnd encounters another vehicle passing across the junction.",
    "Map": "Map(name=Carla/Maps/Town03)",
    "Other Vehicle Target Velocity": 11,
    "Collision": false,
    "Weather": "HardRainNight"
  },
  {
    "Scenario Name": "NoSignalJunctionCrossing_196",
    "Scenario Description": "The hero vehicle is passing through a junction without traffic lightsAnd encounters another vehicle passing across the junction.",
    "Map": "Map(name=Carla/Maps/Town03)",
    "Other Vehicle Target Velocity": 7,
    "Collision": false,
    "Weather": "ClearNight"
  },
  {
    "Scenario Name": "NoSignalJunctionCrossing_197",
    "Scenario Description": "The hero vehicle is passing through a junction without traffic lightsAnd encounters another vehicle passing across the junction.",
    "Map": "Map(name=Carla/Maps/Town03)",
    "Other Vehicle Target Velocity": 8,
    "Collision": false,
    "Weather": "ClearNoon"
  }
]