[
  {
    "Scenario Name": "NoSignalJunctionCrossing_224",
    "Scenario Description": "The hero vehicle is passing through a junction without traffic lightsAnd encounters another vehicle passing across the junction.",
    "Map": "Map(name=Carla/Maps/Town03)",
    "Other Vehicle Target Velocity": 6,
    "Collision": false,
    "Weather": "ClearNight"
  },
  {
    "Scenario Name": "NoSignalJunctionCrossing_234",
    "Scenario Description": "The hero vehicle is passing through a junction without traffic lightsAnd encounters another vehicle passing across the junction.",
    "Map": "Map(name=Carla/Maps/Town03)",
    "Other Vehicle Target Velocity": 5,
    "Collision": false,
    "Weather": "ClearNoon"
  },
  {
    "Scenario Name": "NoSignalJunctionCrossing_236",
    "Scenario Description": "The hero vehicle is passing through a junction without traffic lightsAnd encounters another vehicle passing across the junction.",
    "Map": "Map(name=Carla/Maps/Town03)",
    "Other Vehicle Target Velocity": 21,
    "Collision": false,
    "Weather": "HardRainNight"
  },
  {
    "Scenario Name": "NoSignalJunctionCrossing_238",
    "Scenario Description": "The hero vehicle is passing through a junction without traffic lightsAnd encounters another vehicle passing across the junction.",
    "Map": "Map(name=Carla/Maps/Town03)",
    "Other Vehicle Target Velocity": 5,
    "Collision": false,
    "Weather": "ClearNoon"
  },
  {
    "Scenario Name": "NoSignalJunctionCrossing_240",
    "Scenario Description": "The hero vehicle is passing through a junction without traffic lightsAnd encounters another vehicle passing across the junction.",
    "Map": "Map(name=Carla/Maps/Town03)",
    "Other Vehicle Target Velocity": 12,
    "Collision": false,
    "Weather": "HardRainNight"
  },
  {
    "Scenario Name": "NoSignalJunctionCrossing_243",
    "Scenario Description": "The hero vehicle is passing through a junction without traffic lightsAnd encounters another vehicle passing across the junction.",
    "Map": "Map(name=Carla/Maps/Town03)",
    "Other Vehicle Target Velocity": 5,
    "Collision": false,
    "Weather": "ClearNight"
  },
  {
    "Scenario Name": "NoSignalJunctionCrossing_258",
    "Scenario Description": "The hero vehicle is passing through a junction without traffic lightsAnd encounters another vehicle passing across the junction.",
    "Map": "Map(name=Carla/Maps/Town03)",
    "Other Vehicle Target Velocity": 6,
    "Collision": false,
    "Weather": "HardRainNoon"
  },
  {
    "Scenario Name": "NoSignalJunctionCrossing_259",
    "Scenario Description": "The hero vehicle is passing through a junction without traffic lightsAnd encounters another vehicle passing across the junction.",
    "Map": "Map(name=Carla/Maps/Town03)",
    "Other Vehicle Target Velocity": 11,
    "Collision": false,
    "Weather": "ClearNight"
  },
  {
    "Scenario Name": "NoSignalJunctionCrossing_264",
    "Scenario Description": "The hero vehicle is passing through a junction without traffic lightsAnd encounters another vehicle passing across the junction.",
    "Map": "Map(name=Carla/Maps/Town03)",
    "Other Vehicle Target Velocity": 6,
    "Collision": false,
    "Weather": "ClearNoon"
  },
  {
    "Scenario Name": "NoSignalJunctionCrossing_274",
    "Scenario Description": "The hero vehicle is passing through a junction without traffic lightsAnd encounters another vehicle passing across the junction.",
    "Map": "Map(name=Carla/Maps/Town03)",
    "Other Vehicle Target Velocity": 21,
    "Collision": false,
    "Weather": "ClearNoon"
  }
]