[
  {
    "Scenario Name": "NoSignalJunctionCrossing_1",
    "Scenario Description": "The hero vehicle is passing through a junction without traffic lightsAnd encounters another vehicle passing across the junction.",
    "Map": "Map(name=Carla/Maps/Town03)",
    "Other Vehicle Target Velocity": 8,
    "Collision": false,
    "Weather": "HardRainNight"
  },
  {
    "Scenario Name": "NoSignalJunctionCrossing_15",
    "Scenario Description": "The hero vehicle is passing through a junction without traffic lightsAnd encounters another vehicle passing across the junction.",
    "Map": "Map(name=Carla/Maps/Town03)",
    "Other Vehicle Target Velocity": 5,
    "Collision": false,
    "Weather": "ClearNight"
  },
  {
    "Scenario Name": "NoSignalJunctionCrossing_26",
    "Scenario Description": "The hero vehicle is passing through a junction without traffic lightsAnd encounters another vehicle passing across the junction.",
    "Map": "Map(name=Carla/Maps/Town03)",
    "Other Vehicle Target Velocity": 10,
    "Collision": false,
    "Weather": "ClearNoon"
  },
  {
    "Scenario Name": "NoSignalJunctionCrossing_28",
    "Scenario Description": "The hero vehicle is passing through a junction without traffic lightsAnd encounters another vehicle passing across the junction.",
    "Map": "Map(name=Carla/Maps/Town03)",
    "Other Vehicle Target Velocity": 7,
    "Collision": false,
    "Weather": "HardRainNight"
  },
  {
    "Scenario Name": "NoSignalJunctionCrossing_30",
    "Scenario Description": "The hero vehicle is passing through a junction without traffic lightsAnd encounters another vehicle passing across the junction.",
    "Map": "Map(name=Carla/Maps/Town03)",
    "Other Vehicle Target Velocity": 7,
    "Collision": false,
    "Weather": "ClearNight"
  },
  {
    "Scenario Name": "NoSignalJunctionCrossing_35",
    "Scenario Description": "The hero vehicle is passing through a junction without traffic lightsAnd encounters another vehicle passing across the junction.",
    "Map": "Map(name=Carla/Maps/Town03)",
    "Other Vehicle Target Velocity": 22,
    "Collision": false,
    "Weather": "HardRainNight"
  },
  {
    "Scenario Name": "NoSignalJunctionCrossing_37",
    "Scenario Description": "The hero vehicle is passing through a junction without traffic lightsAnd encounters another vehicle passing across the junction.",
    "Map": "Map(name=Carla/Maps/Town03)",
    "Other Vehicle Target Velocity": 17,
    "Collision": false,
    "Weather": "ClearNoon"
  },
  {
    "Scenario Name": "NoSignalJunctionCrossing_63",
    "Scenario Description": "The hero vehicle is passing through a junction without traffic lightsAnd encounters another vehicle passing across the junction.",
    "Map": "Map(name=Carla/Maps/Town03)",
    "Other Vehicle Target Velocity": 6,
    "Collision": false,
    "Weather": "HardRainNoon"
  },
  {
    "Scenario Name": "NoSignalJunctionCrossing_64",
    "Scenario Description": "The hero vehicle is passing through a junction without traffic lightsAnd encounters another vehicle passing across the junction.",
    "Map": "Map(name=Carla/Maps/Town03)",
    "Other Vehicle Target Velocity": 7,
    "Collision": false,
    "Weather": "HardRainNoon"
  },
  {
    "Scenario Name": "NoSignalJunctionCrossing_65",
    "Scenario Description": "The hero vehicle is passing through a junction without traffic lightsAnd encounters another vehicle passing across the junction.",
    "Map": "Map(name=Carla/Maps/Town03)",
    "Other Vehicle Target Velocity": 8,
    "Collision": false,
    "Weather": "HardRainNoon"
  },
  {
    "Scenario Name": "NoSignalJunctionCrossing_67",
    "Scenario Description": "The hero vehicle is passing through a junction without traffic lightsAnd encounters another vehicle passing across the junction.",
    "Map": "Map(name=Carla/Maps/Town03)",
    "Other Vehicle Target Velocity": 8,
    "Collision": false,
    "Weather": "ClearNight"
  },
  {
    "Scenario Name": "NoSignalJunctionCrossing_81",
    "Scenario Description": "The hero vehicle is passing through a junction without traffic lightsAnd encounters another vehicle passing across the junction.",
    "Map": "Map(name=Carla/Maps/Town03)",
    "Other Vehicle Target Velocity": 8,
    "Collision": false,
    "Weather": "HardRainNoon"
  },
  {
    "Scenario Name": "NoSignalJunctionCrossing_85",
    "Scenario Description": "The hero vehicle is passing through a junction without traffic lightsAnd encounters another vehicle passing across the junction.",
    "Map": "Map(name=Carla/Maps/Town03)",
    "Other Vehicle Target Velocity": 6,
    "Collision": false,
    "Weather": "ClearNoon"
  },
  {
    "Scenario Name": "NoSignalJunctionCrossing_90",
    "Scenario Description": "The hero vehicle is passing through a junction without traffic lightsAnd encounters another vehicle passing across the junction.",
    "Map": "Map(name=Carla/Maps/Town03)",
    "Other Vehicle Target Velocity": 5,
    "Collision": false,
    "Weather": "HardRainNight"
  },
  {
    "Scenario Name": "NoSignalJunctionCrossing_91",
    "Scenario Description": "The hero vehicle is passing through a junction without traffic lightsAnd encounters another vehicle passing across the junction.",
    "Map": "Map(name=Carla/Maps/Town03)",
    "Other Vehicle Target Velocity": 7,
    "Collision": false,
    "Weather": "ClearNoon"
  },
  {
    "Scenario Name": "NoSignalJunctionCrossing_96",
    "Scenario Description": "The hero vehicle is passing through a junction without traffic lightsAnd encounters another vehicle passing across the junction.",
    "Map": "Map(name=Carla/Maps/Town03)",
    "Other Vehicle Target Velocity": 8,
    "Collision": false,
    "Weather": "HardRainNoon"
  }
]