[
  {
    "Scenario Name": "OppositeVehicleRunningRedLight_600",
    "Scenario Description": "Scenario in which another (opposite) vehicle illegally takes priority by running a red traffic light.",
    "Map": "Map(name=Carla/Maps/Town04)",
    "Collision": true,
    "Weather": "HardRainNight",
    "Collision Type": "Actor(id=2057, type=vehicle.dodge.charger_police_2020)",
    "Time to Collision": 5.079406261444092,
    "Speed at Collision": 15.853216788158623,
    "Intensity": 15059.087746271134
  },
  {
    "Scenario Name": "OppositeVehicleRunningRedLight_601",
    "Scenario Description": "Scenario in which another (opposite) vehicle illegally takes priority by running a red traffic light.",
    "Map": "Map(name=Carla/Maps/Town04)",
    "Collision": true,
    "Weather": "ClearNight",
    "Collision Type": "Actor(id=2063, type=vehicle.dodge.charger_police_2020)",
    "Time to Collision": 4.0930256843566895,
    "Speed at Collision": 18.92063950556815,
    "Intensity": 22699.91659662125
  },
  {
    "Scenario Name": "OppositeVehicleRunningRedLight_602",
    "Scenario Description": "Scenario in which another (opposite) vehicle illegally takes priority by running a red traffic light.",
    "Map": "Map(name=Carla/Maps/Town04)",
    "Collision": true,
    "Weather": "HardRainNoon",
    "Collision Type": "Actor(id=2069, type=vehicle.dodge.charger_police_2020)",
    "Time to Collision": 4.984581232070923,
    "Speed at Collision": 16.24676715068963,
    "Intensity": 10347.680447377135
  },
  {
    "Scenario Name": "OppositeVehicleRunningRedLight_603",
    "Scenario Description": "Scenario in which another (opposite) vehicle illegally takes priority by running a red traffic light.",
    "Map": "Map(name=Carla/Maps/Town04)",
    "Collision": true,
    "Weather": "HardRainNight",
    "Collision Type": "Actor(id=2075, type=vehicle.dodge.charger_police_2020)",
    "Time to Collision": 7.739020109176636,
    "Speed at Collision": 9.86592389060242,
    "Intensity": 7046.70163116096
  },
  {
    "Scenario Name": "OppositeVehicleRunningRedLight_604",
    "Scenario Description": "Scenario in which another (opposite) vehicle illegally takes priority by running a red traffic light.",
    "Map": "Map(name=Carla/Maps/Town04)",
    "Collision": true,
    "Weather": "HardRainNoon",
    "Collision Type": "Actor(id=2081, type=vehicle.dodge.charger_police_2020)",
    "Time to Collision": 6.381869792938232,
    "Speed at Collision": 13.471522331840928,
    "Intensity": 7139.600214925079
  },
  {
    "Scenario Name": "OppositeVehicleRunningRedLight_605",
    "Scenario Description": "Scenario in which another (opposite) vehicle illegally takes priority by running a red traffic light.",
    "Map": "Map(name=Carla/Maps/Town04)",
    "Collision": true,
    "Weather": "ClearNoon",
    "Collision Type": "Actor(id=2087, type=vehicle.dodge.charger_police_2020)",
    "Time to Collision": 4.191746473312378,
    "Speed at Collision": 18.60478217121217,
    "Intensity": 16654.951676700293
  },
  {
    "Scenario Name": "OppositeVehicleRunningRedLight_606",
    "Scenario Description": "Scenario in which another (opposite) vehicle illegally takes priority by running a red traffic light.",
    "Map": "Map(name=Carla/Maps/Town04)",
    "Collision": true,
    "Weather": "HardRainNoon",
    "Collision Type": "Actor(id=2093, type=vehicle.dodge.charger_police_2020)",
    "Time to Collision": 4.268628120422363,
    "Speed at Collision": 18.35521595632602,
    "Intensity": 17950.152522525084
  },
  {
    "Scenario Name": "OppositeVehicleRunningRedLight_607",
    "Scenario Description": "Scenario in which another (opposite) vehicle illegally takes priority by running a red traffic light.",
    "Map": "Map(name=Carla/Maps/Town04)",
    "Collision": true,
    "Weather": "ClearNight",
    "Collision Type": "Actor(id=2099, type=vehicle.dodge.charger_police_2020)",
    "Time to Collision": 5.171723365783691,
    "Speed at Collision": 16.373220494634268,
    "Intensity": 6685.949905873548
  },
  {
    "Scenario Name": "OppositeVehicleRunningRedLight_608",
    "Scenario Description": "Scenario in which another (opposite) vehicle illegally takes priority by running a red traffic light.",
    "Map": "Map(name=Carla/Maps/Town04)",
    "Collision": true,
    "Weather": "ClearNoon",
    "Collision Type": "Actor(id=2105, type=vehicle.dodge.charger_police_2020)",
    "Time to Collision": 4.0679402351379395,
    "Speed at Collision": 18.749387841337384,
    "Intensity": 19095.061702801937
  },
  {
    "Scenario Name": "OppositeVehicleRunningRedLight_609",
    "Scenario Description": "Scenario in which another (opposite) vehicle illegally takes priority by running a red traffic light.",
    "Map": "Map(name=Carla/Maps/Town04)",
    "Collision": true,
    "Weather": "ClearNoon",
    "Collision Type": "Actor(id=2111, type=vehicle.dodge.charger_police_2020)",
    "Time to Collision": 4.432188272476196,
    "Speed at Collision": 17.725249429538884,
    "Intensity": 12647.116863853606
  },
  {
    "Scenario Name": "OppositeVehicleRunningRedLight_610",
    "Scenario Description": "Scenario in which another (opposite) vehicle illegally takes priority by running a red traffic light.",
    "Map": "Map(name=Carla/Maps/Town04)",
    "Collision": true,
    "Weather": "HardRainNight",
    "Collision Type": "Actor(id=2117, type=vehicle.dodge.charger_police_2020)",
    "Time to Collision": 5.327757120132446,
    "Speed at Collision": 15.217575085452902,
    "Intensity": 17412.316509871413
  },
  {
    "Scenario Name": "OppositeVehicleRunningRedLight_611",
    "Scenario Description": "Scenario in which another (opposite) vehicle illegally takes priority by running a red traffic light.",
    "Map": "Map(name=Carla/Maps/Town04)",
    "Collision": true,
    "Weather": "HardRainNight",
    "Collision Type": "Actor(id=2123, type=vehicle.dodge.charger_police_2020)",
    "Time to Collision": 4.2405314445495605,
    "Speed at Collision": 18.39027412571346,
    "Intensity": 17622.413346333356
  },
  {
    "Scenario Name": "OppositeVehicleRunningRedLight_612",
    "Scenario Description": "Scenario in which another (opposite) vehicle illegally takes priority by running a red traffic light.",
    "Map": "Map(name=Carla/Maps/Town04)",
    "Collision": true,
    "Weather": "HardRainNoon",
    "Collision Type": "Actor(id=2129, type=vehicle.dodge.charger_police_2020)",
    "Time to Collision": 4.734223127365112,
    "Speed at Collision": 16.717567676269624,
    "Intensity": 15702.475641122526
  },
  {
    "Scenario Name": "OppositeVehicleRunningRedLight_613",
    "Scenario Description": "Scenario in which another (opposite) vehicle illegally takes priority by running a red traffic light.",
    "Map": "Map(name=Carla/Maps/Town04)",
    "Collision": true,
    "Weather": "ClearNoon",
    "Collision Type": "Actor(id=2135, type=vehicle.dodge.charger_police_2020)",
    "Time to Collision": 7.803742170333862,
    "Speed at Collision": 8.486905206630103,
    "Intensity": 10058.528052376323
  },
  {
    "Scenario Name": "OppositeVehicleRunningRedLight_614",
    "Scenario Description": "Scenario in which another (opposite) vehicle illegally takes priority by running a red traffic light.",
    "Map": "Map(name=Carla/Maps/Town04)",
    "Collision": true,
    "Weather": "HardRainNoon",
    "Collision Type": "Actor(id=2141, type=vehicle.dodge.charger_police_2020)",
    "Time to Collision": 4.124634027481079,
    "Speed at Collision": 18.942682289709598,
    "Intensity": 21516.498591245625
  },
  {
    "Scenario Name": "OppositeVehicleRunningRedLight_615",
    "Scenario Description": "Scenario in which another (opposite) vehicle illegally takes priority by running a red traffic light.",
    "Map": "Map(name=Carla/Maps/Town04)",
    "Collision": true,
    "Weather": "ClearNoon",
    "Collision Type": "Actor(id=2147, type=vehicle.dodge.charger_police_2020)",
    "Time to Collision": 4.392733097076416,
    "Speed at Collision": 18.027592716956242,
    "Intensity": 10003.027167546132
  },
  {
    "Scenario Name": "OppositeVehicleRunningRedLight_616",
    "Scenario Description": "Scenario in which another (opposite) vehicle illegally takes priority by running a red traffic light.",
    "Map": "Map(name=Carla/Maps/Town04)",
    "Collision": true,
    "Weather": "ClearNoon",
    "Collision Type": "Actor(id=2153, type=vehicle.dodge.charger_police_2020)",
    "Time to Collision": 6.934764623641968,
    "Speed at Collision": 11.51236060520178,
    "Intensity": 10660.347697027486
  },
  {
    "Scenario Name": "OppositeVehicleRunningRedLight_617",
    "Scenario Description": "Scenario in which another (opposite) vehicle illegally takes priority by running a red traffic light.",
    "Map": "Map(name=Carla/Maps/Town04)",
    "Collision": true,
    "Weather": "HardRainNoon",
    "Collision Type": "Actor(id=2159, type=vehicle.dodge.charger_police_2020)",
    "Time to Collision": 4.993109464645386,
    "Speed at Collision": 16.24594127900176,
    "Intensity": 11043.41763704985
  },
  {
    "Scenario Name": "OppositeVehicleRunningRedLight_619",
    "Scenario Description": "Scenario in which another (opposite) vehicle illegally takes priority by running a red traffic light.",
    "Map": "Map(name=Carla/Maps/Town04)",
    "Collision": true,
    "Weather": "ClearNoon",
    "Collision Type": "Actor(id=2171, type=vehicle.dodge.charger_police_2020)",
    "Time to Collision": 5.585139274597168,
    "Speed at Collision": 14.53323400329804,
    "Intensity": 15067.21494535316
  },
  {
    "Scenario Name": "OppositeVehicleRunningRedLight_620",
    "Scenario Description": "Scenario in which another (opposite) vehicle illegally takes priority by running a red traffic light.",
    "Map": "Map(name=Carla/Maps/Town04)",
    "Collision": true,
    "Weather": "ClearNight",
    "Collision Type": "Actor(id=2177, type=vehicle.dodge.charger_police_2020)",
    "Time to Collision": 4.10456657409668,
    "Speed at Collision": 18.691536290819023,
    "Intensity": 21952.847254303702
  },
  {
    "Scenario Name": "OppositeVehicleRunningRedLight_621",
    "Scenario Description": "Scenario in which another (opposite) vehicle illegally takes priority by running a red traffic light.",
    "Map": "Map(name=Carla/Maps/Town04)",
    "Collision": true,
    "Weather": "ClearNoon",
    "Collision Type": "Actor(id=2183, type=vehicle.dodge.charger_police_2020)",
    "Time to Collision": 5.510383367538452,
    "Speed at Collision": 15.153793345756597,
    "Intensity": 10708.072376321119
  },
  {
    "Scenario Name": "OppositeVehicleRunningRedLight_622",
    "Scenario Description": "Scenario in which another (opposite) vehicle illegally takes priority by running a red traffic light.",
    "Map": "Map(name=Carla/Maps/Town04)",
    "Collision": true,
    "Weather": "HardRainNight",
    "Collision Type": "Actor(id=2189, type=vehicle.dodge.charger_police_2020)",
    "Time to Collision": 4.0528881549835205,
    "Speed at Collision": 18.90273383046433,
    "Intensity": 22716.954529708142
  },
  {
    "Scenario Name": "OppositeVehicleRunningRedLight_624",
    "Scenario Description": "Scenario in which another (opposite) vehicle illegally takes priority by running a red traffic light.",
    "Map": "Map(name=Carla/Maps/Town04)",
    "Collision": true,
    "Weather": "ClearNoon",
    "Collision Type": "Actor(id=2201, type=vehicle.dodge.charger_police_2020)",
    "Time to Collision": 4.249060869216919,
    "Speed at Collision": 18.270000552895706,
    "Intensity": 19246.613059784628
  },
  {
    "Scenario Name": "OppositeVehicleRunningRedLight_625",
    "Scenario Description": "Scenario in which another (opposite) vehicle illegally takes priority by running a red traffic light.",
    "Map": "Map(name=Carla/Maps/Town04)",
    "Collision": true,
    "Weather": "ClearNoon",
    "Collision Type": "Actor(id=2207, type=vehicle.dodge.charger_police_2020)",
    "Time to Collision": 7.6707844734191895,
    "Speed at Collision": 10.185771407802127,
    "Intensity": 6025.575997850018
  },
  {
    "Scenario Name": "OppositeVehicleRunningRedLight_626",
    "Scenario Description": "Scenario in which another (opposite) vehicle illegally takes priority by running a red traffic light.",
    "Map": "Map(name=Carla/Maps/Town04)",
    "Collision": true,
    "Weather": "ClearNight",
    "Collision Type": "Actor(id=2213, type=vehicle.dodge.charger_police_2020)",
    "Time to Collision": 4.788910865783691,
    "Speed at Collision": 16.7791214586315,
    "Intensity": 13102.874878979152
  },
  {
    "Scenario Name": "OppositeVehicleRunningRedLight_627",
    "Scenario Description": "Scenario in which another (opposite) vehicle illegally takes priority by running a red traffic light.",
    "Map": "Map(name=Carla/Maps/Town04)",
    "Collision": true,
    "Weather": "ClearNoon",
    "Collision Type": "Actor(id=2219, type=vehicle.dodge.charger_police_2020)",
    "Time to Collision": 4.407604217529297,
    "Speed at Collision": 17.999615888041316,
    "Intensity": 14652.056094002786
  },
  {
    "Scenario Name": "OppositeVehicleRunningRedLight_628",
    "Scenario Description": "Scenario in which another (opposite) vehicle illegally takes priority by running a red traffic light.",
    "Map": "Map(name=Carla/Maps/Town04)",
    "Collision": true,
    "Weather": "HardRainNoon",
    "Collision Type": "Actor(id=2225, type=vehicle.dodge.charger_police_2020)",
    "Time to Collision": 4.797942399978638,
    "Speed at Collision": 16.57705899149668,
    "Intensity": 18866.840900036634
  },
  {
    "Scenario Name": "OppositeVehicleRunningRedLight_629",
    "Scenario Description": "Scenario in which another (opposite) vehicle illegally takes priority by running a red traffic light.",
    "Map": "Map(name=Carla/Maps/Town04)",
    "Collision": true,
    "Weather": "HardRainNight",
    "Collision Type": "Actor(id=2231, type=vehicle.dodge.charger_police_2020)",
    "Time to Collision": 5.6097235679626465,
    "Speed at Collision": 16.019131034909755,
    "Intensity": 384.5760123949841
  },
  {
    "Scenario Name": "OppositeVehicleRunningRedLight_630",
    "Scenario Description": "Scenario in which another (opposite) vehicle illegally takes priority by running a red traffic light.",
    "Map": "Map(name=Carla/Maps/Town04)",
    "Collision": true,
    "Weather": "ClearNight",
    "Collision Type": "Actor(id=2237, type=vehicle.dodge.charger_police_2020)",
    "Time to Collision": 4.2008960247039795,
    "Speed at Collision": 18.629955453296766,
    "Intensity": 19938.9182751907
  },
  {
    "Scenario Name": "OppositeVehicleRunningRedLight_631",
    "Scenario Description": "Scenario in which another (opposite) vehicle illegally takes priority by running a red traffic light.",
    "Map": "Map(name=Carla/Maps/Town04)",
    "Collision": true,
    "Weather": "ClearNight",
    "Collision Type": "Actor(id=2243, type=vehicle.dodge.charger_police_2020)",
    "Time to Collision": 6.124487400054932,
    "Speed at Collision": 13.654444735159734,
    "Intensity": 13081.567699921934
  },
  {
    "Scenario Name": "OppositeVehicleRunningRedLight_632",
    "Scenario Description": "Scenario in which another (opposite) vehicle illegally takes priority by running a red traffic light.",
    "Map": "Map(name=Carla/Maps/Town04)",
    "Collision": true,
    "Weather": "HardRainNoon",
    "Collision Type": "Actor(id=2249, type=vehicle.dodge.charger_police_2020)",
    "Time to Collision": 6.508302450180054,
    "Speed at Collision": 12.077258831069011,
    "Intensity": 11672.954243403
  },
  {
    "Scenario Name": "OppositeVehicleRunningRedLight_633",
    "Scenario Description": "Scenario in which another (opposite) vehicle illegally takes priority by running a red traffic light.",
    "Map": "Map(name=Carla/Maps/Town04)",
    "Collision": true,
    "Weather": "ClearNoon",
    "Collision Type": "Actor(id=2255, type=vehicle.dodge.charger_police_2020)",
    "Time to Collision": 7.089293956756592,
    "Speed at Collision": 11.077963261439232,
    "Intensity": 10572.586921983868
  },
  {
    "Scenario Name": "OppositeVehicleRunningRedLight_634",
    "Scenario Description": "Scenario in which another (opposite) vehicle illegally takes priority by running a red traffic light.",
    "Map": "Map(name=Carla/Maps/Town04)",
    "Collision": true,
    "Weather": "HardRainNight",
    "Collision Type": "Actor(id=2261, type=vehicle.dodge.charger_police_2020)",
    "Time to Collision": 6.273999929428101,
    "Speed at Collision": 13.330410346234697,
    "Intensity": 9230.213671576206
  },
  {
    "Scenario Name": "OppositeVehicleRunningRedLight_635",
    "Scenario Description": "Scenario in which another (opposite) vehicle illegally takes priority by running a red traffic light.",
    "Map": "Map(name=Carla/Maps/Town04)",
    "Collision": true,
    "Weather": "HardRainNoon",
    "Collision Type": "Actor(id=2267, type=vehicle.dodge.charger_police_2020)",
    "Time to Collision": 6.730063199996948,
    "Speed at Collision": 11.926959991464193,
    "Intensity": 8364.455207360143
  },
  {
    "Scenario Name": "OppositeVehicleRunningRedLight_636",
    "Scenario Description": "Scenario in which another (opposite) vehicle illegally takes priority by running a red traffic light.",
    "Map": "Map(name=Carla/Maps/Town04)",
    "Collision": true,
    "Weather": "ClearNoon",
    "Collision Type": "Actor(id=2273, type=vehicle.dodge.charger_police_2020)",
    "Time to Collision": 4.163266897201538,
    "Speed at Collision": 18.67973574300353,
    "Intensity": 17420.165964040014
  },
  {
    "Scenario Name": "OppositeVehicleRunningRedLight_637",
    "Scenario Description": "Scenario in which another (opposite) vehicle illegally takes priority by running a red traffic light.",
    "Map": "Map(name=Carla/Maps/Town04)",
    "Collision": true,
    "Weather": "HardRainNoon",
    "Collision Type": "Actor(id=2279, type=vehicle.dodge.charger_police_2020)",
    "Time to Collision": 4.086002826690674,
    "Speed at Collision": 18.942909460633558,
    "Intensity": 13811.171507353767
  },
  {
    "Scenario Name": "OppositeVehicleRunningRedLight_638",
    "Scenario Description": "Scenario in which another (opposite) vehicle illegally takes priority by running a red traffic light.",
    "Map": "Map(name=Carla/Maps/Town04)",
    "Collision": true,
    "Weather": "ClearNight",
    "Collision Type": "Actor(id=2285, type=vehicle.dodge.charger_police_2020)",
    "Time to Collision": 4.7071311473846436,
    "Speed at Collision": 16.984766680628958,
    "Intensity": 16118.642284162477
  },
  {
    "Scenario Name": "OppositeVehicleRunningRedLight_639",
    "Scenario Description": "Scenario in which another (opposite) vehicle illegally takes priority by running a red traffic light.",
    "Map": "Map(name=Carla/Maps/Town04)",
    "Collision": true,
    "Weather": "HardRainNoon",
    "Collision Type": "Actor(id=2291, type=vehicle.dodge.charger_police_2020)",
    "Time to Collision": 4.82403039932251,
    "Speed at Collision": 16.861192832119013,
    "Intensity": 11249.135806854802
  },
  {
    "Scenario Name": "OppositeVehicleRunningRedLight_640",
    "Scenario Description": "Scenario in which another (opposite) vehicle illegally takes priority by running a red traffic light.",
    "Map": "Map(name=Carla/Maps/Town04)",
    "Collision": true,
    "Weather": "HardRainNight",
    "Collision Type": "Actor(id=2297, type=vehicle.dodge.charger_police_2020)",
    "Time to Collision": 5.877367734909058,
    "Speed at Collision": 15.205922227494764,
    "Intensity": 2477.5936878358834
  },
  {
    "Scenario Name": "OppositeVehicleRunningRedLight_641",
    "Scenario Description": "Scenario in which another (opposite) vehicle illegally takes priority by running a red traffic light.",
    "Map": "Map(name=Carla/Maps/Town04)",
    "Collision": true,
    "Weather": "HardRainNight",
    "Collision Type": "Actor(id=2303, type=vehicle.dodge.charger_police_2020)",
    "Time to Collision": 8.161971092224121,
    "Speed at Collision": 8.317491536975941,
    "Intensity": 5216.832053336962
  },
  {
    "Scenario Name": "OppositeVehicleRunningRedLight_642",
    "Scenario Description": "Scenario in which another (opposite) vehicle illegally takes priority by running a red traffic light.",
    "Map": "Map(name=Carla/Maps/Town04)",
    "Collision": true,
    "Weather": "ClearNoon",
    "Collision Type": "Actor(id=2309, type=vehicle.dodge.charger_police_2020)",
    "Time to Collision": 6.870545148849487,
    "Speed at Collision": 13.245382875189412,
    "Intensity": 2159.209585567647
  },
  {
    "Scenario Name": "OppositeVehicleRunningRedLight_644",
    "Scenario Description": "Scenario in which another (opposite) vehicle illegally takes priority by running a red traffic light.",
    "Map": "Map(name=Carla/Maps/Town04)",
    "Collision": true,
    "Weather": "ClearNight",
    "Collision Type": "Actor(id=2321, type=vehicle.dodge.charger_police_2020)",
    "Time to Collision": 4.6143128871917725,
    "Speed at Collision": 17.226768618472484,
    "Intensity": 16375.108183318553
  },
  {
    "Scenario Name": "OppositeVehicleRunningRedLight_645",
    "Scenario Description": "Scenario in which another (opposite) vehicle illegally takes priority by running a red traffic light.",
    "Map": "Map(name=Carla/Maps/Town04)",
    "Collision": true,
    "Weather": "ClearNight",
    "Collision Type": "Actor(id=2327, type=vehicle.dodge.charger_police_2020)",
    "Time to Collision": 4.126641035079956,
    "Speed at Collision": 18.601785880818866,
    "Intensity": 20261.58952070736
  },
  {
    "Scenario Name": "OppositeVehicleRunningRedLight_646",
    "Scenario Description": "Scenario in which another (opposite) vehicle illegally takes priority by running a red traffic light.",
    "Map": "Map(name=Carla/Maps/Town04)",
    "Collision": true,
    "Weather": "ClearNoon",
    "Collision Type": "Actor(id=2333, type=vehicle.dodge.charger_police_2020)",
    "Time to Collision": 5.642836570739746,
    "Speed at Collision": 14.613920554754978,
    "Intensity": 11740.824777812362
  },
  {
    "Scenario Name": "OppositeVehicleRunningRedLight_647",
    "Scenario Description": "Scenario in which another (opposite) vehicle illegally takes priority by running a red traffic light.",
    "Map": "Map(name=Carla/Maps/Town04)",
    "Collision": true,
    "Weather": "ClearNight",
    "Collision Type": "Actor(id=2339, type=vehicle.dodge.charger_police_2020)",
    "Time to Collision": 7.503212213516235,
    "Speed at Collision": 10.788858731261849,
    "Intensity": 6657.7930904716495
  },
  {
    "Scenario Name": "OppositeVehicleRunningRedLight_648",
    "Scenario Description": "Scenario in which another (opposite) vehicle illegally takes priority by running a red traffic light.",
    "Map": "Map(name=Carla/Maps/Town04)",
    "Collision": true,
    "Weather": "ClearNoon",
    "Collision Type": "Actor(id=2345, type=vehicle.dodge.charger_police_2020)",
    "Time to Collision": 7.467088460922241,
    "Speed at Collision": 11.578640954170144,
    "Intensity": 1580.873736118149
  },
  {
    "Scenario Name": "OppositeVehicleRunningRedLight_649",
    "Scenario Description": "Scenario in which another (opposite) vehicle illegally takes priority by running a red traffic light.",
    "Map": "Map(name=Carla/Maps/Town04)",
    "Collision": true,
    "Weather": "HardRainNoon",
    "Collision Type": "Actor(id=2351, type=vehicle.dodge.charger_police_2020)",
    "Time to Collision": 4.275150537490845,
    "Speed at Collision": 18.593731297274683,
    "Intensity": 8340.18875056172
  },
  {
    "Scenario Name": "OppositeVehicleRunningRedLight_650",
    "Scenario Description": "Scenario in which another (opposite) vehicle illegally takes priority by running a red traffic light.",
    "Map": "Map(name=Carla/Maps/Town04)",
    "Collision": true,
    "Weather": "ClearNight",
    "Collision Type": "Actor(id=2357, type=vehicle.dodge.charger_police_2020)",
    "Time to Collision": 4.81403923034668,
    "Speed at Collision": 17.078311692190727,
    "Intensity": 7406.21125764038
  },
  {
    "Scenario Name": "OppositeVehicleRunningRedLight_652",
    "Scenario Description": "Scenario in which another (opposite) vehicle illegally takes priority by running a red traffic light.",
    "Map": "Map(name=Carla/Maps/Town04)",
    "Collision": true,
    "Weather": "HardRainNight",
    "Collision Type": "Actor(id=2369, type=vehicle.dodge.charger_police_2020)",
    "Time to Collision": 5.404520511627197,
    "Speed at Collision": 15.037495635156294,
    "Intensity": 16464.01457794539
  },
  {
    "Scenario Name": "OppositeVehicleRunningRedLight_653",
    "Scenario Description": "Scenario in which another (opposite) vehicle illegally takes priority by running a red traffic light.",
    "Map": "Map(name=Carla/Maps/Town04)",
    "Collision": true,
    "Weather": "ClearNight",
    "Collision Type": "Actor(id=2375, type=vehicle.dodge.charger_police_2020)",
    "Time to Collision": 5.178245782852173,
    "Speed at Collision": 15.723072070413167,
    "Intensity": 8703.808900783974
  },
  {
    "Scenario Name": "OppositeVehicleRunningRedLight_654",
    "Scenario Description": "Scenario in which another (opposite) vehicle illegally takes priority by running a red traffic light.",
    "Map": "Map(name=Carla/Maps/Town04)",
    "Collision": true,
    "Weather": "ClearNight",
    "Collision Type": "Actor(id=2381, type=vehicle.dodge.charger_police_2020)",
    "Time to Collision": 4.318298101425171,
    "Speed at Collision": 18.110473715087306,
    "Intensity": 11588.489585906904
  },
  {
    "Scenario Name": "OppositeVehicleRunningRedLight_655",
    "Scenario Description": "Scenario in which another (opposite) vehicle illegally takes priority by running a red traffic light.",
    "Map": "Map(name=Carla/Maps/Town04)",
    "Collision": true,
    "Weather": "HardRainNoon",
    "Collision Type": "Actor(id=2387, type=vehicle.dodge.charger_police_2020)",
    "Time to Collision": 5.605208158493042,
    "Speed at Collision": 14.615230670908097,
    "Intensity": 16595.181559813536
  },
  {
    "Scenario Name": "OppositeVehicleRunningRedLight_656",
    "Scenario Description": "Scenario in which another (opposite) vehicle illegally takes priority by running a red traffic light.",
    "Map": "Map(name=Carla/Maps/Town04)",
    "Collision": true,
    "Weather": "HardRainNight",
    "Collision Type": "Actor(id=2393, type=vehicle.dodge.charger_police_2020)",
    "Time to Collision": 4.68706202507019,
    "Speed at Collision": 17.656506162041694,
    "Intensity": 6985.367971713194
  },
  {
    "Scenario Name": "OppositeVehicleRunningRedLight_658",
    "Scenario Description": "Scenario in which another (opposite) vehicle illegally takes priority by running a red traffic light.",
    "Map": "Map(name=Carla/Maps/Town04)",
    "Collision": true,
    "Weather": "ClearNoon",
    "Collision Type": "Actor(id=2405, type=vehicle.dodge.charger_police_2020)",
    "Time to Collision": 7.65573525428772,
    "Speed at Collision": 10.936085857588525,
    "Intensity": 3668.736372046353
  },
  {
    "Scenario Name": "OppositeVehicleRunningRedLight_659",
    "Scenario Description": "Scenario in which another (opposite) vehicle illegally takes priority by running a red traffic light.",
    "Map": "Map(name=Carla/Maps/Town04)",
    "Collision": true,
    "Weather": "HardRainNoon",
    "Collision Type": "Actor(id=2411, type=vehicle.dodge.charger_police_2020)",
    "Time to Collision": 5.232931613922119,
    "Speed at Collision": 17.244659423917433,
    "Intensity": 1625.5754676047493
  },
  {
    "Scenario Name": "OppositeVehicleRunningRedLight_660",
    "Scenario Description": "Scenario in which another (opposite) vehicle illegally takes priority by running a red traffic light.",
    "Map": "Map(name=Carla/Maps/Town04)",
    "Collision": true,
    "Weather": "HardRainNoon",
    "Collision Type": "Actor(id=2417, type=vehicle.dodge.charger_police_2020)",
    "Time to Collision": 7.265397071838379,
    "Speed at Collision": 11.253806192973347,
    "Intensity": 6656.914977524144
  },
  {
    "Scenario Name": "OppositeVehicleRunningRedLight_661",
    "Scenario Description": "Scenario in which another (opposite) vehicle illegally takes priority by running a red traffic light.",
    "Map": "Map(name=Carla/Maps/Town04)",
    "Collision": true,
    "Weather": "ClearNight",
    "Collision Type": "Actor(id=2423, type=vehicle.dodge.charger_police_2020)",
    "Time to Collision": 6.342233896255493,
    "Speed at Collision": 12.949069166218086,
    "Intensity": 12626.665229170698
  },
  {
    "Scenario Name": "OppositeVehicleRunningRedLight_662",
    "Scenario Description": "Scenario in which another (opposite) vehicle illegally takes priority by running a red traffic light.",
    "Map": "Map(name=Carla/Maps/Town04)",
    "Collision": true,
    "Weather": "ClearNoon",
    "Collision Type": "Actor(id=2429, type=vehicle.dodge.charger_police_2020)",
    "Time to Collision": 5.70103645324707,
    "Speed at Collision": 14.365978458554835,
    "Intensity": 16759.14248919279
  },
  {
    "Scenario Name": "OppositeVehicleRunningRedLight_663",
    "Scenario Description": "Scenario in which another (opposite) vehicle illegally takes priority by running a red traffic light.",
    "Map": "Map(name=Carla/Maps/Town04)",
    "Collision": true,
    "Weather": "ClearNoon",
    "Collision Type": "Actor(id=2435, type=vehicle.dodge.charger_police_2020)",
    "Time to Collision": 8.502135992050171,
    "Speed at Collision": 7.674356963063075,
    "Intensity": 7625.756180547999
  },
  {
    "Scenario Name": "OppositeVehicleRunningRedLight_664",
    "Scenario Description": "Scenario in which another (opposite) vehicle illegally takes priority by running a red traffic light.",
    "Map": "Map(name=Carla/Maps/Town04)",
    "Collision": true,
    "Weather": "ClearNoon",
    "Collision Type": "Actor(id=2441, type=vehicle.dodge.charger_police_2020)",
    "Time to Collision": 4.2756524085998535,
    "Speed at Collision": 18.145341382660522,
    "Intensity": 19109.078085556423
  },
  {
    "Scenario Name": "OppositeVehicleRunningRedLight_665",
    "Scenario Description": "Scenario in which another (opposite) vehicle illegally takes priority by running a red traffic light.",
    "Map": "Map(name=Carla/Maps/Town04)",
    "Collision": true,
    "Weather": "HardRainNight",
    "Collision Type": "Actor(id=2447, type=vehicle.dodge.charger_police_2020)",
    "Time to Collision": 4.32649302482605,
    "Speed at Collision": 18.05071484362843,
    "Intensity": 18107.150120805964
  },
  {
    "Scenario Name": "OppositeVehicleRunningRedLight_666",
    "Scenario Description": "Scenario in which another (opposite) vehicle illegally takes priority by running a red traffic light.",
    "Map": "Map(name=Carla/Maps/Town04)",
    "Collision": true,
    "Weather": "HardRainNoon",
    "Collision Type": "Actor(id=2453, type=vehicle.dodge.charger_police_2020)",
    "Time to Collision": 6.685911655426025,
    "Speed at Collision": 11.842634466160128,
    "Intensity": 11399.289697749658
  },
  {
    "Scenario Name": "OppositeVehicleRunningRedLight_667",
    "Scenario Description": "Scenario in which another (opposite) vehicle illegally takes priority by running a red traffic light.",
    "Map": "Map(name=Carla/Maps/Town04)",
    "Collision": true,
    "Weather": "HardRainNight",
    "Collision Type": "Actor(id=2459, type=vehicle.dodge.charger_police_2020)",
    "Time to Collision": 5.223902463912964,
    "Speed at Collision": 15.43543394881833,
    "Intensity": 16532.761480115663
  },
  {
    "Scenario Name": "OppositeVehicleRunningRedLight_668",
    "Scenario Description": "Scenario in which another (opposite) vehicle illegally takes priority by running a red traffic light.",
    "Map": "Map(name=Carla/Maps/Town04)",
    "Collision": true,
    "Weather": "ClearNoon",
    "Collision Type": "Actor(id=2465, type=vehicle.dodge.charger_police_2020)",
    "Time to Collision": 4.387033700942993,
    "Speed at Collision": 17.798398974842108,
    "Intensity": 12971.64189805647
  },
  {
    "Scenario Name": "OppositeVehicleRunningRedLight_669",
    "Scenario Description": "Scenario in which another (opposite) vehicle illegally takes priority by running a red traffic light.",
    "Map": "Map(name=Carla/Maps/Town04)",
    "Collision": true,
    "Weather": "HardRainNight",
    "Collision Type": "Actor(id=2471, type=vehicle.dodge.charger_police_2020)",
    "Time to Collision": 5.606211423873901,
    "Speed at Collision": 14.937410104753665,
    "Intensity": 10175.411189281387
  },
  {
    "Scenario Name": "OppositeVehicleRunningRedLight_670",
    "Scenario Description": "Scenario in which another (opposite) vehicle illegally takes priority by running a red traffic light.",
    "Map": "Map(name=Carla/Maps/Town04)",
    "Collision": true,
    "Weather": "HardRainNight",
    "Collision Type": "Actor(id=2477, type=vehicle.dodge.charger_police_2020)",
    "Time to Collision": 5.14853835105896,
    "Speed at Collision": 16.30693252753642,
    "Intensity": 7435.276223480894
  },
  {
    "Scenario Name": "OppositeVehicleRunningRedLight_672",
    "Scenario Description": "Scenario in which another (opposite) vehicle illegally takes priority by running a red traffic light.",
    "Map": "Map(name=Carla/Maps/Town04)",
    "Collision": true,
    "Weather": "HardRainNoon",
    "Collision Type": "Actor(id=2489, type=vehicle.dodge.charger_police_2020)",
    "Time to Collision": 4.077974081039429,
    "Speed at Collision": 18.825315491889228,
    "Intensity": 22297.166514686058
  },
  {
    "Scenario Name": "OppositeVehicleRunningRedLight_673",
    "Scenario Description": "Scenario in which another (opposite) vehicle illegally takes priority by running a red traffic light.",
    "Map": "Map(name=Carla/Maps/Town04)",
    "Collision": true,
    "Weather": "ClearNoon",
    "Collision Type": "Actor(id=2495, type=vehicle.dodge.charger_police_2020)",
    "Time to Collision": 4.266119003295898,
    "Speed at Collision": 18.353527595248448,
    "Intensity": 13944.622790184454
  },
  {
    "Scenario Name": "OppositeVehicleRunningRedLight_675",
    "Scenario Description": "Scenario in which another (opposite) vehicle illegally takes priority by running a red traffic light.",
    "Map": "Map(name=Carla/Maps/Town04)",
    "Collision": true,
    "Weather": "ClearNight",
    "Collision Type": "Actor(id=2507, type=vehicle.dodge.charger_police_2020)",
    "Time to Collision": 5.556977987289429,
    "Speed at Collision": 14.643251530898697,
    "Intensity": 13062.308783321529
  },
  {
    "Scenario Name": "OppositeVehicleRunningRedLight_676",
    "Scenario Description": "Scenario in which another (opposite) vehicle illegally takes priority by running a red traffic light.",
    "Map": "Map(name=Carla/Maps/Town04)",
    "Collision": true,
    "Weather": "ClearNight",
    "Collision Type": "Actor(id=2513, type=vehicle.dodge.charger_police_2020)",
    "Time to Collision": 7.457054615020752,
    "Speed at Collision": 10.584771172175419,
    "Intensity": 7848.249590395044
  },
  {
    "Scenario Name": "OppositeVehicleRunningRedLight_677",
    "Scenario Description": "Scenario in which another (opposite) vehicle illegally takes priority by running a red traffic light.",
    "Map": "Map(name=Carla/Maps/Town04)",
    "Collision": true,
    "Weather": "HardRainNight",
    "Collision Type": "Actor(id=2519, type=vehicle.dodge.charger_police_2020)",
    "Time to Collision": 5.67896032333374,
    "Speed at Collision": 16.01801689197983,
    "Intensity": 163.90135276859021
  },
  {
    "Scenario Name": "OppositeVehicleRunningRedLight_678",
    "Scenario Description": "Scenario in which another (opposite) vehicle illegally takes priority by running a red traffic light.",
    "Map": "Map(name=Carla/Maps/Town04)",
    "Collision": true,
    "Weather": "ClearNoon",
    "Collision Type": "Actor(id=2525, type=vehicle.dodge.charger_police_2020)",
    "Time to Collision": 4.593239784240723,
    "Speed at Collision": 17.158314641870636,
    "Intensity": 17801.718745608425
  },
  {
    "Scenario Name": "OppositeVehicleRunningRedLight_679",
    "Scenario Description": "Scenario in which another (opposite) vehicle illegally takes priority by running a red traffic light.",
    "Map": "Map(name=Carla/Maps/Town04)",
    "Collision": true,
    "Weather": "HardRainNight",
    "Collision Type": "Actor(id=2531, type=vehicle.dodge.charger_police_2020)",
    "Time to Collision": 8.093735933303833,
    "Speed at Collision": 10.2832870627073,
    "Intensity": 4585.252075695083
  },
  {
    "Scenario Name": "OppositeVehicleRunningRedLight_680",
    "Scenario Description": "Scenario in which another (opposite) vehicle illegally takes priority by running a red traffic light.",
    "Map": "Map(name=Carla/Maps/Town04)",
    "Collision": true,
    "Weather": "HardRainNight",
    "Collision Type": "Actor(id=2537, type=vehicle.dodge.charger_police_2020)",
    "Time to Collision": 5.789840459823608,
    "Speed at Collision": 14.487593549974623,
    "Intensity": 8894.906927769296
  },
  {
    "Scenario Name": "OppositeVehicleRunningRedLight_681",
    "Scenario Description": "Scenario in which another (opposite) vehicle illegally takes priority by running a red traffic light.",
    "Map": "Map(name=Carla/Maps/Town04)",
    "Collision": true,
    "Weather": "ClearNight",
    "Collision Type": "Actor(id=2543, type=vehicle.dodge.charger_police_2020)",
    "Time to Collision": 4.210930585861206,
    "Speed at Collision": 18.64487478388705,
    "Intensity": 21639.886763011713
  },
  {
    "Scenario Name": "OppositeVehicleRunningRedLight_682",
    "Scenario Description": "Scenario in which another (opposite) vehicle illegally takes priority by running a red traffic light.",
    "Map": "Map(name=Carla/Maps/Town04)",
    "Collision": true,
    "Weather": "HardRainNoon",
    "Collision Type": "Actor(id=2549, type=vehicle.dodge.charger_police_2020)",
    "Time to Collision": 5.243970155715942,
    "Speed at Collision": 15.481602844515418,
    "Intensity": 18040.099533728528
  },
  {
    "Scenario Name": "OppositeVehicleRunningRedLight_683",
    "Scenario Description": "Scenario in which another (opposite) vehicle illegally takes priority by running a red traffic light.",
    "Map": "Map(name=Carla/Maps/Town04)",
    "Collision": true,
    "Weather": "ClearNight",
    "Collision Type": "Actor(id=2555, type=vehicle.dodge.charger_police_2020)",
    "Time to Collision": 4.498916864395142,
    "Speed at Collision": 17.413316732882976,
    "Intensity": 19202.706578018275
  },
  {
    "Scenario Name": "OppositeVehicleRunningRedLight_684",
    "Scenario Description": "Scenario in which another (opposite) vehicle illegally takes priority by running a red traffic light.",
    "Map": "Map(name=Carla/Maps/Town04)",
    "Collision": true,
    "Weather": "HardRainNoon",
    "Collision Type": "Actor(id=2561, type=vehicle.dodge.charger_police_2020)",
    "Time to Collision": 5.870616912841797,
    "Speed at Collision": 14.01973293511855,
    "Intensity": 17077.635045525854
  },
  {
    "Scenario Name": "OppositeVehicleRunningRedLight_685",
    "Scenario Description": "Scenario in which another (opposite) vehicle illegally takes priority by running a red traffic light.",
    "Map": "Map(name=Carla/Maps/Town04)",
    "Collision": true,
    "Weather": "ClearNoon",
    "Collision Type": "Actor(id=2567, type=vehicle.dodge.charger_police_2020)",
    "Time to Collision": 3.9672558307647705,
    "Speed at Collision": 19.280084858115302,
    "Intensity": 16125.443041428933
  },
  {
    "Scenario Name": "OppositeVehicleRunningRedLight_686",
    "Scenario Description": "Scenario in which another (opposite) vehicle illegally takes priority by running a red traffic light.",
    "Map": "Map(name=Carla/Maps/Town04)",
    "Collision": true,
    "Weather": "ClearNight",
    "Collision Type": "Actor(id=2573, type=vehicle.dodge.charger_police_2020)",
    "Time to Collision": 4.957488298416138,
    "Speed at Collision": 16.332514550124785,
    "Intensity": 12003.207361965062
  },
  {
    "Scenario Name": "OppositeVehicleRunningRedLight_687",
    "Scenario Description": "Scenario in which another (opposite) vehicle illegally takes priority by running a red traffic light.",
    "Map": "Map(name=Carla/Maps/Town04)",
    "Collision": true,
    "Weather": "HardRainNight",
    "Collision Type": "Actor(id=2579, type=vehicle.dodge.charger_police_2020)",
    "Time to Collision": 4.291205167770386,
    "Speed at Collision": 18.529059535258508,
    "Intensity": 11162.027201354429
  },
  {
    "Scenario Name": "OppositeVehicleRunningRedLight_688",
    "Scenario Description": "Scenario in which another (opposite) vehicle illegally takes priority by running a red traffic light.",
    "Map": "Map(name=Carla/Maps/Town04)",
    "Collision": true,
    "Weather": "HardRainNoon",
    "Collision Type": "Actor(id=2585, type=vehicle.dodge.charger_police_2020)",
    "Time to Collision": 5.901724338531494,
    "Speed at Collision": 14.722769160029582,
    "Intensity": 6471.01037011185
  },
  {
    "Scenario Name": "OppositeVehicleRunningRedLight_689",
    "Scenario Description": "Scenario in which another (opposite) vehicle illegally takes priority by running a red traffic light.",
    "Map": "Map(name=Carla/Maps/Town04)",
    "Collision": true,
    "Weather": "ClearNoon",
    "Collision Type": "Actor(id=2591, type=vehicle.dodge.charger_police_2020)",
    "Time to Collision": 5.585139274597168,
    "Speed at Collision": 14.520348714272426,
    "Intensity": 13918.15019561762
  },
  {
    "Scenario Name": "OppositeVehicleRunningRedLight_690",
    "Scenario Description": "Scenario in which another (opposite) vehicle illegally takes priority by running a red traffic light.",
    "Map": "Map(name=Carla/Maps/Town04)",
    "Collision": true,
    "Weather": "HardRainNoon",
    "Collision Type": "Actor(id=2597, type=vehicle.dodge.charger_police_2020)",
    "Time to Collision": 5.377530336380005,
    "Speed at Collision": 15.387998535030174,
    "Intensity": 10902.819090601242
  },
  {
    "Scenario Name": "OppositeVehicleRunningRedLight_691",
    "Scenario Description": "Scenario in which another (opposite) vehicle illegally takes priority by running a red traffic light.",
    "Map": "Map(name=Carla/Maps/Town04)",
    "Collision": true,
    "Weather": "HardRainNoon",
    "Collision Type": "Actor(id=2603, type=vehicle.dodge.charger_police_2020)",
    "Time to Collision": 5.5148985385894775,
    "Speed at Collision": 14.817431507507166,
    "Intensity": 17565.895677619144
  },
  {
    "Scenario Name": "OppositeVehicleRunningRedLight_692",
    "Scenario Description": "Scenario in which another (opposite) vehicle illegally takes priority by running a red traffic light.",
    "Map": "Map(name=Carla/Maps/Town04)",
    "Collision": true,
    "Weather": "ClearNoon",
    "Collision Type": "Actor(id=2609, type=vehicle.dodge.charger_police_2020)",
    "Time to Collision": 4.797439813613892,
    "Speed at Collision": 16.647870515069037,
    "Intensity": 19456.110829665704
  },
  {
    "Scenario Name": "OppositeVehicleRunningRedLight_693",
    "Scenario Description": "Scenario in which another (opposite) vehicle illegally takes priority by running a red traffic light.",
    "Map": "Map(name=Carla/Maps/Town04)",
    "Collision": true,
    "Weather": "ClearNight",
    "Collision Type": "Actor(id=2615, type=vehicle.dodge.charger_police_2020)",
    "Time to Collision": 7.3301191329956055,
    "Speed at Collision": 10.555266844675362,
    "Intensity": 11574.806047788945
  },
  {
    "Scenario Name": "OppositeVehicleRunningRedLight_694",
    "Scenario Description": "Scenario in which another (opposite) vehicle illegally takes priority by running a red traffic light.",
    "Map": "Map(name=Carla/Maps/Town04)",
    "Collision": true,
    "Weather": "ClearNoon",
    "Collision Type": "Actor(id=2621, type=vehicle.dodge.charger_police_2020)",
    "Time to Collision": 6.367820739746094,
    "Speed at Collision": 13.042306965420938,
    "Intensity": 12401.863212884336
  },
  {
    "Scenario Name": "OppositeVehicleRunningRedLight_695",
    "Scenario Description": "Scenario in which another (opposite) vehicle illegally takes priority by running a red traffic light.",
    "Map": "Map(name=Carla/Maps/Town04)",
    "Collision": true,
    "Weather": "HardRainNoon",
    "Collision Type": "Actor(id=2627, type=vehicle.dodge.charger_police_2020)",
    "Time to Collision": 5.025110483169556,
    "Speed at Collision": 17.612759876594374,
    "Intensity": 1452.8728852212516
  },
  {
    "Scenario Name": "OppositeVehicleRunningRedLight_696",
    "Scenario Description": "Scenario in which another (opposite) vehicle illegally takes priority by running a red traffic light.",
    "Map": "Map(name=Carla/Maps/Town04)",
    "Collision": true,
    "Weather": "ClearNight",
    "Collision Type": "Actor(id=2633, type=vehicle.dodge.charger_police_2020)",
    "Time to Collision": 5.799875974655151,
    "Speed at Collision": 14.161962512490286,
    "Intensity": 16824.71528830128
  },
  {
    "Scenario Name": "OppositeVehicleRunningRedLight_699",
    "Scenario Description": "Scenario in which another (opposite) vehicle illegally takes priority by running a red traffic light.",
    "Map": "Map(name=Carla/Maps/Town04)",
    "Collision": true,
    "Weather": "HardRainNight",
    "Collision Type": "Actor(id=2651, type=vehicle.dodge.charger_police_2020)",
    "Time to Collision": 8.475042819976807,
    "Speed at Collision": 7.76103942696304,
    "Intensity": 4931.759826507917
  }
]