[
  {
    "Scenario Name": "OppositeVehicleRunningRedLight_500",
    "Scenario Description": "Scenario in which another (opposite) vehicle illegally takes priority by running a red traffic light.",
    "Map": "Map(name=Carla/Maps/Town04)",
    "Collision": true,
    "Weather": "ClearNight",
    "Collision Type": "Actor(id=1457, type=vehicle.dodge.charger_police_2020)",
    "Time to Collision": 4.528518438339233,
    "Speed at Collision": 17.32977885728821,
    "Intensity": 16441.428975760267
  },
  {
    "Scenario Name": "OppositeVehicleRunningRedLight_501",
    "Scenario Description": "Scenario in which another (opposite) vehicle illegally takes priority by running a red traffic light.",
    "Map": "Map(name=Carla/Maps/Town04)",
    "Collision": true,
    "Weather": "HardRainNoon",
    "Collision Type": "Actor(id=1463, type=vehicle.dodge.charger_police_2020)",
    "Time to Collision": 8.30245065689087,
    "Speed at Collision": 7.880865125217177,
    "Intensity": 7579.185046938924
  },
  {
    "Scenario Name": "OppositeVehicleRunningRedLight_502",
    "Scenario Description": "Scenario in which another (opposite) vehicle illegally takes priority by running a red traffic light.",
    "Map": "Map(name=Carla/Maps/Town04)",
    "Collision": true,
    "Weather": "HardRainNight",
    "Collision Type": "Actor(id=1469, type=vehicle.dodge.charger_police_2020)",
    "Time to Collision": 8.108787536621094,
    "Speed at Collision": 8.229329409389718,
    "Intensity": 8355.027282881028
  },
  {
    "Scenario Name": "OppositeVehicleRunningRedLight_503",
    "Scenario Description": "Scenario in which another (opposite) vehicle illegally takes priority by running a red traffic light.",
    "Map": "Map(name=Carla/Maps/Town04)",
    "Collision": true,
    "Weather": "ClearNight",
    "Collision Type": "Actor(id=1475, type=vehicle.dodge.charger_police_2020)",
    "Time to Collision": 5.032745361328125,
    "Speed at Collision": 15.745899408209459,
    "Intensity": 18714.912648093854
  },
  {
    "Scenario Name": "OppositeVehicleRunningRedLight_504",
    "Scenario Description": "Scenario in which another (opposite) vehicle illegally takes priority by running a red traffic light.",
    "Map": "Map(name=Carla/Maps/Town04)",
    "Collision": true,
    "Weather": "HardRainNoon",
    "Collision Type": "Actor(id=1481, type=vehicle.dodge.charger_police_2020)",
    "Time to Collision": 5.050807952880859,
    "Speed at Collision": 15.745168253299779,
    "Intensity": 16051.352979965939
  },
  {
    "Scenario Name": "OppositeVehicleRunningRedLight_505",
    "Scenario Description": "Scenario in which another (opposite) vehicle illegally takes priority by running a red traffic light.",
    "Map": "Map(name=Carla/Maps/Town04)",
    "Collision": true,
    "Weather": "ClearNight",
    "Collision Type": "Actor(id=1487, type=vehicle.dodge.charger_police_2020)",
    "Time to Collision": 7.020133972167969,
    "Speed at Collision": 11.097919454791848,
    "Intensity": 12181.746068267264
  },
  {
    "Scenario Name": "OppositeVehicleRunningRedLight_506",
    "Scenario Description": "Scenario in which another (opposite) vehicle illegally takes priority by running a red traffic light.",
    "Map": "Map(name=Carla/Maps/Town04)",
    "Collision": true,
    "Weather": "HardRainNoon",
    "Collision Type": "Actor(id=1493, type=vehicle.dodge.charger_police_2020)",
    "Time to Collision": 4.526010274887085,
    "Speed at Collision": 17.4569131312601,
    "Intensity": 20241.632263358402
  },
  {
    "Scenario Name": "OppositeVehicleRunningRedLight_508",
    "Scenario Description": "Scenario in which another (opposite) vehicle illegally takes priority by running a red traffic light.",
    "Map": "Map(name=Carla/Maps/Town04)",
    "Collision": true,
    "Weather": "HardRainNight",
    "Collision Type": "Actor(id=1505, type=vehicle.dodge.charger_police_2020)",
    "Time to Collision": 4.868182420730591,
    "Speed at Collision": 16.381044055505264,
    "Intensity": 15695.92864062035
  },
  {
    "Scenario Name": "OppositeVehicleRunningRedLight_509",
    "Scenario Description": "Scenario in which another (opposite) vehicle illegally takes priority by running a red traffic light.",
    "Map": "Map(name=Carla/Maps/Town04)",
    "Collision": true,
    "Weather": "ClearNight",
    "Collision Type": "Actor(id=1511, type=vehicle.dodge.charger_police_2020)",
    "Time to Collision": 4.498371124267578,
    "Speed at Collision": 17.823950647880963,
    "Intensity": 11832.70608441282
  },
  {
    "Scenario Name": "OppositeVehicleRunningRedLight_510",
    "Scenario Description": "Scenario in which another (opposite) vehicle illegally takes priority by running a red traffic light.",
    "Map": "Map(name=Carla/Maps/Town04)",
    "Collision": true,
    "Weather": "ClearNight",
    "Collision Type": "Actor(id=1517, type=vehicle.dodge.charger_police_2020)",
    "Time to Collision": 4.693083047866821,
    "Speed at Collision": 17.019897512338435,
    "Intensity": 10875.8308364904
  },
  {
    "Scenario Name": "OppositeVehicleRunningRedLight_511",
    "Scenario Description": "Scenario in which another (opposite) vehicle illegally takes priority by running a red traffic light.",
    "Map": "Map(name=Carla/Maps/Town04)",
    "Collision": true,
    "Weather": "ClearNoon",
    "Collision Type": "Actor(id=1523, type=vehicle.dodge.charger_police_2020)",
    "Time to Collision": 6.012604475021362,
    "Speed at Collision": 14.000898537239419,
    "Intensity": 9321.73748899441
  },
  {
    "Scenario Name": "OppositeVehicleRunningRedLight_512",
    "Scenario Description": "Scenario in which another (opposite) vehicle illegally takes priority by running a red traffic light.",
    "Map": "Map(name=Carla/Maps/Town04)",
    "Collision": true,
    "Weather": "ClearNight",
    "Collision Type": "Actor(id=1529, type=vehicle.dodge.charger_police_2020)",
    "Time to Collision": 4.057404279708862,
    "Speed at Collision": 19.02713865244998,
    "Intensity": 21112.677093712337
  },
  {
    "Scenario Name": "OppositeVehicleRunningRedLight_513",
    "Scenario Description": "Scenario in which another (opposite) vehicle illegally takes priority by running a red traffic light.",
    "Map": "Map(name=Carla/Maps/Town04)",
    "Collision": true,
    "Weather": "ClearNight",
    "Collision Type": "Actor(id=1535, type=vehicle.dodge.charger_police_2020)",
    "Time to Collision": 7.658626079559326,
    "Speed at Collision": 9.874710927262656,
    "Intensity": 8132.551284124577
  },
  {
    "Scenario Name": "OppositeVehicleRunningRedLight_514",
    "Scenario Description": "Scenario in which another (opposite) vehicle illegally takes priority by running a red traffic light.",
    "Map": "Map(name=Carla/Maps/Town04)",
    "Collision": true,
    "Weather": "ClearNoon",
    "Collision Type": "Actor(id=1541, type=vehicle.dodge.charger_police_2020)",
    "Time to Collision": 4.298730850219727,
    "Speed at Collision": 18.829157161944966,
    "Intensity": 5766.72353358326
  },
  {
    "Scenario Name": "OppositeVehicleRunningRedLight_515",
    "Scenario Description": "Scenario in which another (opposite) vehicle illegally takes priority by running a red traffic light.",
    "Map": "Map(name=Carla/Maps/Town04)",
    "Collision": true,
    "Weather": "HardRainNoon",
    "Collision Type": "Actor(id=1547, type=vehicle.dodge.charger_police_2020)",
    "Time to Collision": 5.713579177856445,
    "Speed at Collision": 15.724117368056946,
    "Intensity": 2149.633263731348
  },
  {
    "Scenario Name": "OppositeVehicleRunningRedLight_516",
    "Scenario Description": "Scenario in which another (opposite) vehicle illegally takes priority by running a red traffic light.",
    "Map": "Map(name=Carla/Maps/Town04)",
    "Collision": true,
    "Weather": "ClearNight",
    "Collision Type": "Actor(id=1553, type=vehicle.dodge.charger_police_2020)",
    "Time to Collision": 5.48931097984314,
    "Speed at Collision": 14.82384967839586,
    "Intensity": 15830.583254610707
  },
  {
    "Scenario Name": "OppositeVehicleRunningRedLight_517",
    "Scenario Description": "Scenario in which another (opposite) vehicle illegally takes priority by running a red traffic light.",
    "Map": "Map(name=Carla/Maps/Town04)",
    "Collision": true,
    "Weather": "HardRainNoon",
    "Collision Type": "Actor(id=1559, type=vehicle.dodge.charger_police_2020)",
    "Time to Collision": 4.589730739593506,
    "Speed at Collision": 17.436611035134792,
    "Intensity": 10228.960651704325
  },
  {
    "Scenario Name": "OppositeVehicleRunningRedLight_519",
    "Scenario Description": "Scenario in which another (opposite) vehicle illegally takes priority by running a red traffic light.",
    "Map": "Map(name=Carla/Maps/Town04)",
    "Collision": true,
    "Weather": "HardRainNoon",
    "Collision Type": "Actor(id=1571, type=vehicle.dodge.charger_police_2020)",
    "Time to Collision": 5.0282299518585205,
    "Speed at Collision": 15.754574831769737,
    "Intensity": 14726.868664046697
  },
  {
    "Scenario Name": "OppositeVehicleRunningRedLight_520",
    "Scenario Description": "Scenario in which another (opposite) vehicle illegally takes priority by running a red traffic light.",
    "Map": "Map(name=Carla/Maps/Town04)",
    "Collision": true,
    "Weather": "ClearNight",
    "Collision Type": "Actor(id=1577, type=vehicle.dodge.charger_police_2020)",
    "Time to Collision": 6.051738739013672,
    "Speed at Collision": 14.68489691101959,
    "Intensity": 2703.1321870532856
  },
  {
    "Scenario Name": "OppositeVehicleRunningRedLight_521",
    "Scenario Description": "Scenario in which another (opposite) vehicle illegally takes priority by running a red traffic light.",
    "Map": "Map(name=Carla/Maps/Town04)",
    "Collision": true,
    "Weather": "ClearNight",
    "Collision Type": "Actor(id=1583, type=vehicle.dodge.charger_police_2020)",
    "Time to Collision": 7.679316282272339,
    "Speed at Collision": 9.929944068612341,
    "Intensity": 10700.714696618328
  },
  {
    "Scenario Name": "OppositeVehicleRunningRedLight_523",
    "Scenario Description": "Scenario in which another (opposite) vehicle illegally takes priority by running a red traffic light.",
    "Map": "Map(name=Carla/Maps/Town04)",
    "Collision": true,
    "Weather": "ClearNight",
    "Collision Type": "Actor(id=1595, type=vehicle.dodge.charger_police_2020)",
    "Time to Collision": 7.850402593612671,
    "Speed at Collision": 8.485830312962655,
    "Intensity": 8598.461504192514
  },
  {
    "Scenario Name": "OppositeVehicleRunningRedLight_524",
    "Scenario Description": "Scenario in which another (opposite) vehicle illegally takes priority by running a red traffic light.",
    "Map": "Map(name=Carla/Maps/Town04)",
    "Collision": true,
    "Weather": "HardRainNoon",
    "Collision Type": "Actor(id=1601, type=vehicle.dodge.charger_police_2020)",
    "Time to Collision": 4.274147033691406,
    "Speed at Collision": 18.118206184233006,
    "Intensity": 16940.21231936423
  },
  {
    "Scenario Name": "OppositeVehicleRunningRedLight_525",
    "Scenario Description": "Scenario in which another (opposite) vehicle illegally takes priority by running a red traffic light.",
    "Map": "Map(name=Carla/Maps/Town04)",
    "Collision": true,
    "Weather": "HardRainNoon",
    "Collision Type": "Actor(id=1607, type=vehicle.dodge.charger_police_2020)",
    "Time to Collision": 6.665340900421143,
    "Speed at Collision": 11.86262075167766,
    "Intensity": 12948.747561056016
  },
  {
    "Scenario Name": "OppositeVehicleRunningRedLight_526",
    "Scenario Description": "Scenario in which another (opposite) vehicle illegally takes priority by running a red traffic light.",
    "Map": "Map(name=Carla/Maps/Town04)",
    "Collision": true,
    "Weather": "HardRainNoon",
    "Collision Type": "Actor(id=1613, type=vehicle.dodge.charger_police_2020)",
    "Time to Collision": 8.803166389465332,
    "Speed at Collision": 8.083878605868511,
    "Intensity": 3076.18721543553
  },
  {
    "Scenario Name": "OppositeVehicleRunningRedLight_527",
    "Scenario Description": "Scenario in which another (opposite) vehicle illegally takes priority by running a red traffic light.",
    "Map": "Map(name=Carla/Maps/Town04)",
    "Collision": true,
    "Weather": "HardRainNoon",
    "Collision Type": "Actor(id=1619, type=vehicle.dodge.charger_police_2020)",
    "Time to Collision": 4.408105373382568,
    "Speed at Collision": 17.875208439069254,
    "Intensity": 14277.12938603322
  },
  {
    "Scenario Name": "OppositeVehicleRunningRedLight_528",
    "Scenario Description": "Scenario in which another (opposite) vehicle illegally takes priority by running a red traffic light.",
    "Map": "Map(name=Carla/Maps/Town04)",
    "Collision": true,
    "Weather": "HardRainNoon",
    "Collision Type": "Actor(id=1625, type=vehicle.dodge.charger_police_2020)",
    "Time to Collision": 4.789412498474121,
    "Speed at Collision": 16.5886518113493,
    "Intensity": 18261.52281277181
  },
  {
    "Scenario Name": "OppositeVehicleRunningRedLight_529",
    "Scenario Description": "Scenario in which another (opposite) vehicle illegally takes priority by running a red traffic light.",
    "Map": "Map(name=Carla/Maps/Town04)",
    "Collision": true,
    "Weather": "HardRainNoon",
    "Collision Type": "Actor(id=1631, type=vehicle.dodge.charger_police_2020)",
    "Time to Collision": 4.555611610412598,
    "Speed at Collision": 17.170855103148757,
    "Intensity": 16457.421101800315
  },
  {
    "Scenario Name": "OppositeVehicleRunningRedLight_530",
    "Scenario Description": "Scenario in which another (opposite) vehicle illegally takes priority by running a red traffic light.",
    "Map": "Map(name=Carla/Maps/Town04)",
    "Collision": true,
    "Weather": "HardRainNoon",
    "Collision Type": "Actor(id=1637, type=vehicle.dodge.charger_police_2020)",
    "Time to Collision": 5.605709791183472,
    "Speed at Collision": 14.662158619434035,
    "Intensity": 9297.25607307275
  },
  {
    "Scenario Name": "OppositeVehicleRunningRedLight_531",
    "Scenario Description": "Scenario in which another (opposite) vehicle illegally takes priority by running a red traffic light.",
    "Map": "Map(name=Carla/Maps/Town04)",
    "Collision": true,
    "Weather": "HardRainNight",
    "Collision Type": "Actor(id=1643, type=vehicle.dodge.charger_police_2020)",
    "Time to Collision": 4.907818078994751,
    "Speed at Collision": 16.341428756762273,
    "Intensity": 18861.95390290847
  },
  {
    "Scenario Name": "OppositeVehicleRunningRedLight_532",
    "Scenario Description": "Scenario in which another (opposite) vehicle illegally takes priority by running a red traffic light.",
    "Map": "Map(name=Carla/Maps/Town04)",
    "Collision": true,
    "Weather": "ClearNoon",
    "Collision Type": "Actor(id=1649, type=vehicle.dodge.charger_police_2020)",
    "Time to Collision": 5.559049129486084,
    "Speed at Collision": 14.949813897023434,
    "Intensity": 9195.247031609095
  },
  {
    "Scenario Name": "OppositeVehicleRunningRedLight_533",
    "Scenario Description": "Scenario in which another (opposite) vehicle illegally takes priority by running a red traffic light.",
    "Map": "Map(name=Carla/Maps/Town04)",
    "Collision": true,
    "Weather": "HardRainNoon",
    "Collision Type": "Actor(id=1655, type=vehicle.dodge.charger_police_2020)",
    "Time to Collision": 7.10484766960144,
    "Speed at Collision": 11.046113261674117,
    "Intensity": 11799.655489373234
  },
  {
    "Scenario Name": "OppositeVehicleRunningRedLight_534",
    "Scenario Description": "Scenario in which another (opposite) vehicle illegally takes priority by running a red traffic light.",
    "Map": "Map(name=Carla/Maps/Town04)",
    "Collision": true,
    "Weather": "HardRainNoon",
    "Collision Type": "Actor(id=1661, type=vehicle.dodge.charger_police_2020)",
    "Time to Collision": 5.289125204086304,
    "Speed at Collision": 15.649767933804153,
    "Intensity": 6678.447643162728
  },
  {
    "Scenario Name": "OppositeVehicleRunningRedLight_535",
    "Scenario Description": "Scenario in which another (opposite) vehicle illegally takes priority by running a red traffic light.",
    "Map": "Map(name=Carla/Maps/Town04)",
    "Collision": true,
    "Weather": "HardRainNoon",
    "Collision Type": "Actor(id=1667, type=vehicle.dodge.charger_police_2020)",
    "Time to Collision": 4.475793838500977,
    "Speed at Collision": 18.9576684662174,
    "Intensity": 3332.4245536171616
  },
  {
    "Scenario Name": "OppositeVehicleRunningRedLight_536",
    "Scenario Description": "Scenario in which another (opposite) vehicle illegally takes priority by running a red traffic light.",
    "Map": "Map(name=Carla/Maps/Town04)",
    "Collision": true,
    "Weather": "ClearNight",
    "Collision Type": "Actor(id=1673, type=vehicle.dodge.charger_police_2020)",
    "Time to Collision": 4.291205406188965,
    "Speed at Collision": 18.53408829377458,
    "Intensity": 11744.854663202175
  },
  {
    "Scenario Name": "OppositeVehicleRunningRedLight_537",
    "Scenario Description": "Scenario in which another (opposite) vehicle illegally takes priority by running a red traffic light.",
    "Map": "Map(name=Carla/Maps/Town04)",
    "Collision": true,
    "Weather": "ClearNight",
    "Collision Type": "Actor(id=1679, type=vehicle.dodge.charger_police_2020)",
    "Time to Collision": 4.079478979110718,
    "Speed at Collision": 19.34232555677672,
    "Intensity": 5665.623899108259
  },
  {
    "Scenario Name": "OppositeVehicleRunningRedLight_538",
    "Scenario Description": "Scenario in which another (opposite) vehicle illegally takes priority by running a red traffic light.",
    "Map": "Map(name=Carla/Maps/Town04)",
    "Collision": true,
    "Weather": "ClearNight",
    "Collision Type": "Actor(id=1685, type=vehicle.dodge.charger_police_2020)",
    "Time to Collision": 5.240458011627197,
    "Speed at Collision": 15.367720911228872,
    "Intensity": 18367.412437100596
  },
  {
    "Scenario Name": "OppositeVehicleRunningRedLight_539",
    "Scenario Description": "Scenario in which another (opposite) vehicle illegally takes priority by running a red traffic light.",
    "Map": "Map(name=Carla/Maps/Town04)",
    "Collision": true,
    "Weather": "ClearNoon",
    "Collision Type": "Actor(id=1691, type=vehicle.dodge.charger_police_2020)",
    "Time to Collision": 4.041850328445435,
    "Speed at Collision": 19.059148933385767,
    "Intensity": 18346.692680109656
  },
  {
    "Scenario Name": "OppositeVehicleRunningRedLight_540",
    "Scenario Description": "Scenario in which another (opposite) vehicle illegally takes priority by running a red traffic light.",
    "Map": "Map(name=Carla/Maps/Town04)",
    "Collision": true,
    "Weather": "ClearNight",
    "Collision Type": "Actor(id=1697, type=vehicle.dodge.charger_police_2020)",
    "Time to Collision": 6.307113170623779,
    "Speed at Collision": 13.06814292176101,
    "Intensity": 13901.683908381212
  },
  {
    "Scenario Name": "OppositeVehicleRunningRedLight_541",
    "Scenario Description": "Scenario in which another (opposite) vehicle illegally takes priority by running a red traffic light.",
    "Map": "Map(name=Carla/Maps/Town04)",
    "Collision": true,
    "Weather": "ClearNoon",
    "Collision Type": "Actor(id=1703, type=vehicle.dodge.charger_police_2020)",
    "Time to Collision": 5.450176477432251,
    "Speed at Collision": 15.0538139414051,
    "Intensity": 14983.682515403485
  },
  {
    "Scenario Name": "OppositeVehicleRunningRedLight_542",
    "Scenario Description": "Scenario in which another (opposite) vehicle illegally takes priority by running a red traffic light.",
    "Map": "Map(name=Carla/Maps/Town04)",
    "Collision": true,
    "Weather": "HardRainNoon",
    "Collision Type": "Actor(id=1709, type=vehicle.dodge.charger_police_2020)",
    "Time to Collision": 4.678030490875244,
    "Speed at Collision": 16.877086639411807,
    "Intensity": 20344.617720827893
  },
  {
    "Scenario Name": "OppositeVehicleRunningRedLight_543",
    "Scenario Description": "Scenario in which another (opposite) vehicle illegally takes priority by running a red traffic light.",
    "Map": "Map(name=Carla/Maps/Town04)",
    "Collision": true,
    "Weather": "ClearNoon",
    "Collision Type": "Actor(id=1715, type=vehicle.dodge.charger_police_2020)",
    "Time to Collision": 7.061698913574219,
    "Speed at Collision": 11.033316174516449,
    "Intensity": 11893.532997082753
  },
  {
    "Scenario Name": "OppositeVehicleRunningRedLight_544",
    "Scenario Description": "Scenario in which another (opposite) vehicle illegally takes priority by running a red traffic light.",
    "Map": "Map(name=Carla/Maps/Town04)",
    "Collision": true,
    "Weather": "HardRainNoon",
    "Collision Type": "Actor(id=1721, type=vehicle.dodge.charger_police_2020)",
    "Time to Collision": 4.97003173828125,
    "Speed at Collision": 16.388683914745304,
    "Intensity": 17788.65746719488
  },
  {
    "Scenario Name": "OppositeVehicleRunningRedLight_545",
    "Scenario Description": "Scenario in which another (opposite) vehicle illegally takes priority by running a red traffic light.",
    "Map": "Map(name=Carla/Maps/Town04)",
    "Collision": true,
    "Weather": "ClearNight",
    "Collision Type": "Actor(id=1727, type=vehicle.dodge.charger_police_2020)",
    "Time to Collision": 5.474240779876709,
    "Speed at Collision": 14.842203147230792,
    "Intensity": 14120.96359703845
  },
  {
    "Scenario Name": "OppositeVehicleRunningRedLight_546",
    "Scenario Description": "Scenario in which another (opposite) vehicle illegally takes priority by running a red traffic light.",
    "Map": "Map(name=Carla/Maps/Town04)",
    "Collision": true,
    "Weather": "ClearNoon",
    "Collision Type": "Actor(id=1733, type=vehicle.dodge.charger_police_2020)",
    "Time to Collision": 4.2425377368927,
    "Speed at Collision": 18.55955712274648,
    "Intensity": 21738.168941844793
  },
  {
    "Scenario Name": "OppositeVehicleRunningRedLight_547",
    "Scenario Description": "Scenario in which another (opposite) vehicle illegally takes priority by running a red traffic light.",
    "Map": "Map(name=Carla/Maps/Town04)",
    "Collision": true,
    "Weather": "ClearNight",
    "Collision Type": "Actor(id=1739, type=vehicle.dodge.charger_police_2020)",
    "Time to Collision": 7.444008827209473,
    "Speed at Collision": 11.515713694113767,
    "Intensity": 3133.177974538388
  },
  {
    "Scenario Name": "OppositeVehicleRunningRedLight_548",
    "Scenario Description": "Scenario in which another (opposite) vehicle illegally takes priority by running a red traffic light.",
    "Map": "Map(name=Carla/Maps/Town04)",
    "Collision": true,
    "Weather": "HardRainNight",
    "Collision Type": "Actor(id=1745, type=vehicle.dodge.charger_police_2020)",
    "Time to Collision": 4.64341139793396,
    "Speed at Collision": 17.223707228277892,
    "Intensity": 17315.616229353695
  },
  {
    "Scenario Name": "OppositeVehicleRunningRedLight_549",
    "Scenario Description": "Scenario in which another (opposite) vehicle illegally takes priority by running a red traffic light.",
    "Map": "Map(name=Carla/Maps/Town04)",
    "Collision": true,
    "Weather": "HardRainNoon",
    "Collision Type": "Actor(id=1751, type=vehicle.dodge.charger_police_2020)",
    "Time to Collision": 5.879647731781006,
    "Speed at Collision": 14.152444130066316,
    "Intensity": 16603.680257994023
  },
  {
    "Scenario Name": "OppositeVehicleRunningRedLight_550",
    "Scenario Description": "Scenario in which another (opposite) vehicle illegally takes priority by running a red traffic light.",
    "Map": "Map(name=Carla/Maps/Town04)",
    "Collision": true,
    "Weather": "HardRainNight",
    "Collision Type": "Actor(id=1757, type=vehicle.dodge.charger_police_2020)",
    "Time to Collision": 5.309424877166748,
    "Speed at Collision": 15.290286096094775,
    "Intensity": 11692.98139529353
  },
  {
    "Scenario Name": "OppositeVehicleRunningRedLight_551",
    "Scenario Description": "Scenario in which another (opposite) vehicle illegally takes priority by running a red traffic light.",
    "Map": "Map(name=Carla/Maps/Town04)",
    "Collision": true,
    "Weather": "ClearNight",
    "Collision Type": "Actor(id=1763, type=vehicle.dodge.charger_police_2020)",
    "Time to Collision": 7.502208709716797,
    "Speed at Collision": 10.55525403180182,
    "Intensity": 7860.100744647476
  },
  {
    "Scenario Name": "OppositeVehicleRunningRedLight_552",
    "Scenario Description": "Scenario in which another (opposite) vehicle illegally takes priority by running a red traffic light.",
    "Map": "Map(name=Carla/Maps/Town04)",
    "Collision": true,
    "Weather": "ClearNight",
    "Collision Type": "Actor(id=1769, type=vehicle.dodge.charger_police_2020)",
    "Time to Collision": 5.847537994384766,
    "Speed at Collision": 14.192167740136245,
    "Intensity": 11927.966258103312
  },
  {
    "Scenario Name": "OppositeVehicleRunningRedLight_553",
    "Scenario Description": "Scenario in which another (opposite) vehicle illegally takes priority by running a red traffic light.",
    "Map": "Map(name=Carla/Maps/Town04)",
    "Collision": true,
    "Weather": "HardRainNoon",
    "Collision Type": "Actor(id=1775, type=vehicle.dodge.charger_police_2020)",
    "Time to Collision": 4.387535572052002,
    "Speed at Collision": 17.81476112346576,
    "Intensity": 18986.191252393284
  },
  {
    "Scenario Name": "OppositeVehicleRunningRedLight_554",
    "Scenario Description": "Scenario in which another (opposite) vehicle illegally takes priority by running a red traffic light.",
    "Map": "Map(name=Carla/Maps/Town04)",
    "Collision": true,
    "Weather": "ClearNoon",
    "Collision Type": "Actor(id=1781, type=vehicle.dodge.charger_police_2020)",
    "Time to Collision": 4.566148281097412,
    "Speed at Collision": 17.18955812711148,
    "Intensity": 12751.009306687782
  },
  {
    "Scenario Name": "OppositeVehicleRunningRedLight_555",
    "Scenario Description": "Scenario in which another (opposite) vehicle illegally takes priority by running a red traffic light.",
    "Map": "Map(name=Carla/Maps/Town04)",
    "Collision": true,
    "Weather": "ClearNight",
    "Collision Type": "Actor(id=1787, type=vehicle.dodge.charger_police_2020)",
    "Time to Collision": 5.288544654846191,
    "Speed at Collision": 15.267541402903188,
    "Intensity": 14896.432424139593
  },
  {
    "Scenario Name": "OppositeVehicleRunningRedLight_556",
    "Scenario Description": "Scenario in which another (opposite) vehicle illegally takes priority by running a red traffic light.",
    "Map": "Map(name=Carla/Maps/Town04)",
    "Collision": true,
    "Weather": "ClearNight",
    "Collision Type": "Actor(id=1793, type=vehicle.dodge.charger_police_2020)",
    "Time to Collision": 5.137605428695679,
    "Speed at Collision": 15.842390487765591,
    "Intensity": 13713.629427413389
  },
  {
    "Scenario Name": "OppositeVehicleRunningRedLight_557",
    "Scenario Description": "Scenario in which another (opposite) vehicle illegally takes priority by running a red traffic light.",
    "Map": "Map(name=Carla/Maps/Town04)",
    "Collision": true,
    "Weather": "HardRainNight",
    "Collision Type": "Actor(id=1799, type=vehicle.dodge.charger_police_2020)",
    "Time to Collision": 4.5490882396698,
    "Speed at Collision": 18.849552788524335,
    "Intensity": 2509.6940665674033
  },
  {
    "Scenario Name": "OppositeVehicleRunningRedLight_558",
    "Scenario Description": "Scenario in which another (opposite) vehicle illegally takes priority by running a red traffic light.",
    "Map": "Map(name=Carla/Maps/Town04)",
    "Collision": true,
    "Weather": "HardRainNight",
    "Collision Type": "Actor(id=1805, type=vehicle.dodge.charger_police_2020)",
    "Time to Collision": 9.150357484817505,
    "Speed at Collision": 6.913420022320994,
    "Intensity": 5739.229961749635
  },
  {
    "Scenario Name": "OppositeVehicleRunningRedLight_559",
    "Scenario Description": "Scenario in which another (opposite) vehicle illegally takes priority by running a red traffic light.",
    "Map": "Map(name=Carla/Maps/Town04)",
    "Collision": true,
    "Weather": "HardRainNight",
    "Collision Type": "Actor(id=1811, type=vehicle.dodge.charger_police_2020)",
    "Time to Collision": 4.885741949081421,
    "Speed at Collision": 16.409730911392252,
    "Intensity": 15091.857008531342
  },
  {
    "Scenario Name": "OppositeVehicleRunningRedLight_560",
    "Scenario Description": "Scenario in which another (opposite) vehicle illegally takes priority by running a red traffic light.",
    "Map": "Map(name=Carla/Maps/Town04)",
    "Collision": true,
    "Weather": "HardRainNoon",
    "Collision Type": "Actor(id=1817, type=vehicle.dodge.charger_police_2020)",
    "Time to Collision": 4.083493232727051,
    "Speed at Collision": 18.81817064851873,
    "Intensity": 17021.313573653188
  },
  {
    "Scenario Name": "OppositeVehicleRunningRedLight_561",
    "Scenario Description": "Scenario in which another (opposite) vehicle illegally takes priority by running a red traffic light.",
    "Map": "Map(name=Carla/Maps/Town04)",
    "Collision": true,
    "Weather": "ClearNight",
    "Collision Type": "Actor(id=1823, type=vehicle.dodge.charger_police_2020)",
    "Time to Collision": 4.914340972900391,
    "Speed at Collision": 17.10614824531602,
    "Intensity": 7665.545717877143
  },
  {
    "Scenario Name": "OppositeVehicleRunningRedLight_562",
    "Scenario Description": "Scenario in which another (opposite) vehicle illegally takes priority by running a red traffic light.",
    "Map": "Map(name=Carla/Maps/Town04)",
    "Collision": true,
    "Weather": "HardRainNoon",
    "Collision Type": "Actor(id=1829, type=vehicle.dodge.charger_police_2020)",
    "Time to Collision": 4.0569024085998535,
    "Speed at Collision": 19.031837830068007,
    "Intensity": 22806.74622564947
  },
  {
    "Scenario Name": "OppositeVehicleRunningRedLight_563",
    "Scenario Description": "Scenario in which another (opposite) vehicle illegally takes priority by running a red traffic light.",
    "Map": "Map(name=Carla/Maps/Town04)",
    "Collision": true,
    "Weather": "ClearNight",
    "Collision Type": "Actor(id=1835, type=vehicle.dodge.charger_police_2020)",
    "Time to Collision": 4.723687171936035,
    "Speed at Collision": 16.97652332284937,
    "Intensity": 10952.87963344503
  },
  {
    "Scenario Name": "OppositeVehicleRunningRedLight_564",
    "Scenario Description": "Scenario in which another (opposite) vehicle illegally takes priority by running a red traffic light.",
    "Map": "Map(name=Carla/Maps/Town04)",
    "Collision": true,
    "Weather": "ClearNight",
    "Collision Type": "Actor(id=1841, type=vehicle.dodge.charger_police_2020)",
    "Time to Collision": 7.3807923793792725,
    "Speed at Collision": 10.623592610513164,
    "Intensity": 8728.002144276381
  },
  {
    "Scenario Name": "OppositeVehicleRunningRedLight_565",
    "Scenario Description": "Scenario in which another (opposite) vehicle illegally takes priority by running a red traffic light.",
    "Map": "Map(name=Carla/Maps/Town04)",
    "Collision": true,
    "Weather": "ClearNight",
    "Collision Type": "Actor(id=1847, type=vehicle.dodge.charger_police_2020)",
    "Time to Collision": 7.102837562561035,
    "Speed at Collision": 11.198710444259047,
    "Intensity": 8993.461273048995
  },
  {
    "Scenario Name": "OppositeVehicleRunningRedLight_566",
    "Scenario Description": "Scenario in which another (opposite) vehicle illegally takes priority by running a red traffic light.",
    "Map": "Map(name=Carla/Maps/Town04)",
    "Collision": true,
    "Weather": "ClearNight",
    "Collision Type": "Actor(id=1853, type=vehicle.dodge.charger_police_2020)",
    "Time to Collision": 4.930898666381836,
    "Speed at Collision": 16.323232503832095,
    "Intensity": 15465.547357521295
  },
  {
    "Scenario Name": "OppositeVehicleRunningRedLight_567",
    "Scenario Description": "Scenario in which another (opposite) vehicle illegally takes priority by running a red traffic light.",
    "Map": "Map(name=Carla/Maps/Town04)",
    "Collision": true,
    "Weather": "HardRainNight",
    "Collision Type": "Actor(id=1859, type=vehicle.dodge.charger_police_2020)",
    "Time to Collision": 5.410541534423828,
    "Speed at Collision": 14.972764457821386,
    "Intensity": 16184.844708451415
  },
  {
    "Scenario Name": "OppositeVehicleRunningRedLight_569",
    "Scenario Description": "Scenario in which another (opposite) vehicle illegally takes priority by running a red traffic light.",
    "Map": "Map(name=Carla/Maps/Town04)",
    "Collision": true,
    "Weather": "ClearNight",
    "Collision Type": "Actor(id=1871, type=vehicle.dodge.charger_police_2020)",
    "Time to Collision": 4.383521556854248,
    "Speed at Collision": 17.906772838253495,
    "Intensity": 12401.2360100918
  },
  {
    "Scenario Name": "OppositeVehicleRunningRedLight_570",
    "Scenario Description": "Scenario in which another (opposite) vehicle illegally takes priority by running a red traffic light.",
    "Map": "Map(name=Carla/Maps/Town04)",
    "Collision": true,
    "Weather": "ClearNoon",
    "Collision Type": "Actor(id=1877, type=vehicle.dodge.charger_police_2020)",
    "Time to Collision": 6.296993255615234,
    "Speed at Collision": 13.064054505459474,
    "Intensity": 12576.188004596244
  },
  {
    "Scenario Name": "OppositeVehicleRunningRedLight_571",
    "Scenario Description": "Scenario in which another (opposite) vehicle illegally takes priority by running a red traffic light.",
    "Map": "Map(name=Carla/Maps/Town04)",
    "Collision": true,
    "Weather": "ClearNight",
    "Collision Type": "Actor(id=1883, type=vehicle.dodge.charger_police_2020)",
    "Time to Collision": 4.819013833999634,
    "Speed at Collision": 16.67385745626165,
    "Intensity": 17738.699480922252
  },
  {
    "Scenario Name": "OppositeVehicleRunningRedLight_572",
    "Scenario Description": "Scenario in which another (opposite) vehicle illegally takes priority by running a red traffic light.",
    "Map": "Map(name=Carla/Maps/Town04)",
    "Collision": true,
    "Weather": "ClearNight",
    "Collision Type": "Actor(id=1889, type=vehicle.dodge.charger_police_2020)",
    "Time to Collision": 4.585714340209961,
    "Speed at Collision": 17.342081111425184,
    "Intensity": 13900.245422058433
  },
  {
    "Scenario Name": "OppositeVehicleRunningRedLight_573",
    "Scenario Description": "Scenario in which another (opposite) vehicle illegally takes priority by running a red traffic light.",
    "Map": "Map(name=Carla/Maps/Town04)",
    "Collision": true,
    "Weather": "ClearNight",
    "Collision Type": "Actor(id=1895, type=vehicle.dodge.charger_police_2020)",
    "Time to Collision": 5.899716854095459,
    "Speed at Collision": 14.41491703733839,
    "Intensity": 7035.363660886867
  },
  {
    "Scenario Name": "OppositeVehicleRunningRedLight_576",
    "Scenario Description": "Scenario in which another (opposite) vehicle illegally takes priority by running a red traffic light.",
    "Map": "Map(name=Carla/Maps/Town04)",
    "Collision": true,
    "Weather": "ClearNoon",
    "Collision Type": "Actor(id=1913, type=vehicle.dodge.charger_police_2020)",
    "Time to Collision": 8.735936641693115,
    "Speed at Collision": 7.478717105437308,
    "Intensity": 7017.243048106036
  },
  {
    "Scenario Name": "OppositeVehicleRunningRedLight_577",
    "Scenario Description": "Scenario in which another (opposite) vehicle illegally takes priority by running a red traffic light.",
    "Map": "Map(name=Carla/Maps/Town04)",
    "Collision": true,
    "Weather": "ClearNight",
    "Collision Type": "Actor(id=1919, type=vehicle.dodge.charger_police_2020)",
    "Time to Collision": 8.592444896697998,
    "Speed at Collision": 7.590343011269874,
    "Intensity": 7051.835673820294
  },
  {
    "Scenario Name": "OppositeVehicleRunningRedLight_578",
    "Scenario Description": "Scenario in which another (opposite) vehicle illegally takes priority by running a red traffic light.",
    "Map": "Map(name=Carla/Maps/Town04)",
    "Collision": true,
    "Weather": "HardRainNight",
    "Collision Type": "Actor(id=1925, type=vehicle.dodge.charger_police_2020)",
    "Time to Collision": 8.095741748809814,
    "Speed at Collision": 8.36746722637293,
    "Intensity": 7150.43666807878
  },
  {
    "Scenario Name": "OppositeVehicleRunningRedLight_579",
    "Scenario Description": "Scenario in which another (opposite) vehicle illegally takes priority by running a red traffic light.",
    "Map": "Map(name=Carla/Maps/Town04)",
    "Collision": true,
    "Weather": "ClearNoon",
    "Collision Type": "Actor(id=1931, type=vehicle.dodge.charger_police_2020)",
    "Time to Collision": 4.517480134963989,
    "Speed at Collision": 17.46888822123472,
    "Intensity": 15991.26042685729
  },
  {
    "Scenario Name": "OppositeVehicleRunningRedLight_580",
    "Scenario Description": "Scenario in which another (opposite) vehicle illegally takes priority by running a red traffic light.",
    "Map": "Map(name=Carla/Maps/Town04)",
    "Collision": true,
    "Weather": "ClearNoon",
    "Collision Type": "Actor(id=1937, type=vehicle.dodge.charger_police_2020)",
    "Time to Collision": 4.542064666748047,
    "Speed at Collision": 17.96168937054049,
    "Intensity": 7528.669757348223
  },
  {
    "Scenario Name": "OppositeVehicleRunningRedLight_581",
    "Scenario Description": "Scenario in which another (opposite) vehicle illegally takes priority by running a red traffic light.",
    "Map": "Map(name=Carla/Maps/Town04)",
    "Collision": true,
    "Weather": "HardRainNoon",
    "Collision Type": "Actor(id=1943, type=vehicle.dodge.charger_police_2020)",
    "Time to Collision": 6.347752571105957,
    "Speed at Collision": 12.985528549639229,
    "Intensity": 15484.08023572351
  },
  {
    "Scenario Name": "OppositeVehicleRunningRedLight_582",
    "Scenario Description": "Scenario in which another (opposite) vehicle illegally takes priority by running a red traffic light.",
    "Map": "Map(name=Carla/Maps/Town04)",
    "Collision": true,
    "Weather": "ClearNoon",
    "Collision Type": "Actor(id=1949, type=vehicle.dodge.charger_police_2020)",
    "Time to Collision": 5.783318281173706,
    "Speed at Collision": 14.986756370461679,
    "Intensity": 5271.037393054778
  },
  {
    "Scenario Name": "OppositeVehicleRunningRedLight_583",
    "Scenario Description": "Scenario in which another (opposite) vehicle illegally takes priority by running a red traffic light.",
    "Map": "Map(name=Carla/Maps/Town04)",
    "Collision": true,
    "Weather": "HardRainNoon",
    "Collision Type": "Actor(id=1955, type=vehicle.dodge.charger_police_2020)",
    "Time to Collision": 7.739020347595215,
    "Speed at Collision": 9.781043727002917,
    "Intensity": 10229.460659991113
  },
  {
    "Scenario Name": "OppositeVehicleRunningRedLight_584",
    "Scenario Description": "Scenario in which another (opposite) vehicle illegally takes priority by running a red traffic light.",
    "Map": "Map(name=Carla/Maps/Town04)",
    "Collision": true,
    "Weather": "HardRainNoon",
    "Collision Type": "Actor(id=1961, type=vehicle.dodge.charger_police_2020)",
    "Time to Collision": 4.322311162948608,
    "Speed at Collision": 17.805837792283402,
    "Intensity": 21366.10847305716
  },
  {
    "Scenario Name": "OppositeVehicleRunningRedLight_585",
    "Scenario Description": "Scenario in which another (opposite) vehicle illegally takes priority by running a red traffic light.",
    "Map": "Map(name=Carla/Maps/Town04)",
    "Collision": true,
    "Weather": "ClearNoon",
    "Collision Type": "Actor(id=1967, type=vehicle.dodge.charger_police_2020)",
    "Time to Collision": 5.608988523483276,
    "Speed at Collision": 14.732717160193708,
    "Intensity": 9341.07033281793
  },
  {
    "Scenario Name": "OppositeVehicleRunningRedLight_586",
    "Scenario Description": "Scenario in which another (opposite) vehicle illegally takes priority by running a red traffic light.",
    "Map": "Map(name=Carla/Maps/Town04)",
    "Collision": true,
    "Weather": "HardRainNight",
    "Collision Type": "Actor(id=1973, type=vehicle.dodge.charger_police_2020)",
    "Time to Collision": 5.609222888946533,
    "Speed at Collision": 14.634888707922514,
    "Intensity": 9933.057070966555
  },
  {
    "Scenario Name": "OppositeVehicleRunningRedLight_587",
    "Scenario Description": "Scenario in which another (opposite) vehicle illegally takes priority by running a red traffic light.",
    "Map": "Map(name=Carla/Maps/Town04)",
    "Collision": true,
    "Weather": "HardRainNoon",
    "Collision Type": "Actor(id=1979, type=vehicle.dodge.charger_police_2020)",
    "Time to Collision": 4.177816390991211,
    "Speed at Collision": 18.700647934773905,
    "Intensity": 19964.3751688209
  },
  {
    "Scenario Name": "OppositeVehicleRunningRedLight_588",
    "Scenario Description": "Scenario in which another (opposite) vehicle illegally takes priority by running a red traffic light.",
    "Map": "Map(name=Carla/Maps/Town04)",
    "Collision": true,
    "Weather": "HardRainNoon",
    "Collision Type": "Actor(id=1985, type=vehicle.dodge.charger_police_2020)",
    "Time to Collision": 4.348902463912964,
    "Speed at Collision": 17.870115288971647,
    "Intensity": 19042.42693699227
  },
  {
    "Scenario Name": "OppositeVehicleRunningRedLight_589",
    "Scenario Description": "Scenario in which another (opposite) vehicle illegally takes priority by running a red traffic light.",
    "Map": "Map(name=Carla/Maps/Town04)",
    "Collision": true,
    "Weather": "HardRainNoon",
    "Collision Type": "Actor(id=1991, type=vehicle.dodge.charger_police_2020)",
    "Time to Collision": 4.681542634963989,
    "Speed at Collision": 17.01348405061615,
    "Intensity": 15657.010819315816
  },
  {
    "Scenario Name": "OppositeVehicleRunningRedLight_590",
    "Scenario Description": "Scenario in which another (opposite) vehicle illegally takes priority by running a red traffic light.",
    "Map": "Map(name=Carla/Maps/Town04)",
    "Collision": true,
    "Weather": "ClearNight",
    "Collision Type": "Actor(id=1997, type=vehicle.dodge.charger_police_2020)",
    "Time to Collision": 4.714154243469238,
    "Speed at Collision": 16.825721741753977,
    "Intensity": 18389.999843946658
  },
  {
    "Scenario Name": "OppositeVehicleRunningRedLight_591",
    "Scenario Description": "Scenario in which another (opposite) vehicle illegally takes priority by running a red traffic light.",
    "Map": "Map(name=Carla/Maps/Town04)",
    "Collision": true,
    "Weather": "HardRainNight",
    "Collision Type": "Actor(id=2003, type=vehicle.dodge.charger_police_2020)",
    "Time to Collision": 4.167280197143555,
    "Speed at Collision": 18.700206844528715,
    "Intensity": 12136.23259699494
  },
  {
    "Scenario Name": "OppositeVehicleRunningRedLight_592",
    "Scenario Description": "Scenario in which another (opposite) vehicle illegally takes priority by running a red traffic light.",
    "Map": "Map(name=Carla/Maps/Town04)",
    "Collision": true,
    "Weather": "ClearNoon",
    "Collision Type": "Actor(id=2009, type=vehicle.dodge.charger_police_2020)",
    "Time to Collision": 7.420429706573486,
    "Speed at Collision": 11.458276958712194,
    "Intensity": 3462.051967562883
  },
  {
    "Scenario Name": "OppositeVehicleRunningRedLight_593",
    "Scenario Description": "Scenario in which another (opposite) vehicle illegally takes priority by running a red traffic light.",
    "Map": "Map(name=Carla/Maps/Town04)",
    "Collision": true,
    "Weather": "HardRainNight",
    "Collision Type": "Actor(id=2015, type=vehicle.dodge.charger_police_2020)",
    "Time to Collision": 4.163768291473389,
    "Speed at Collision": 18.637764086652627,
    "Intensity": 10714.814067567178
  },
  {
    "Scenario Name": "OppositeVehicleRunningRedLight_594",
    "Scenario Description": "Scenario in which another (opposite) vehicle illegally takes priority by running a red traffic light.",
    "Map": "Map(name=Carla/Maps/Town04)",
    "Collision": true,
    "Weather": "HardRainNoon",
    "Collision Type": "Actor(id=2021, type=vehicle.dodge.charger_police_2020)",
    "Time to Collision": 4.150723934173584,
    "Speed at Collision": 18.513534597503195,
    "Intensity": 15582.574556186182
  },
  {
    "Scenario Name": "OppositeVehicleRunningRedLight_595",
    "Scenario Description": "Scenario in which another (opposite) vehicle illegally takes priority by running a red traffic light.",
    "Map": "Map(name=Carla/Maps/Town04)",
    "Collision": true,
    "Weather": "ClearNoon",
    "Collision Type": "Actor(id=2027, type=vehicle.dodge.charger_police_2020)",
    "Time to Collision": 4.41159725189209,
    "Speed at Collision": 17.82026439104681,
    "Intensity": 12186.846823371618
  },
  {
    "Scenario Name": "OppositeVehicleRunningRedLight_597",
    "Scenario Description": "Scenario in which another (opposite) vehicle illegally takes priority by running a red traffic light.",
    "Map": "Map(name=Carla/Maps/Town04)",
    "Collision": true,
    "Weather": "ClearNight",
    "Collision Type": "Actor(id=2039, type=vehicle.dodge.charger_police_2020)",
    "Time to Collision": 6.586069583892822,
    "Speed at Collision": 12.069642474395948,
    "Intensity": 10239.184939657276
  },
  {
    "Scenario Name": "OppositeVehicleRunningRedLight_598",
    "Scenario Description": "Scenario in which another (opposite) vehicle illegally takes priority by running a red traffic light.",
    "Map": "Map(name=Carla/Maps/Town04)",
    "Collision": true,
    "Weather": "ClearNoon",
    "Collision Type": "Actor(id=2045, type=vehicle.dodge.charger_police_2020)",
    "Time to Collision": 5.120045900344849,
    "Speed at Collision": 15.8219090267838,
    "Intensity": 17038.820699285345
  },
  {
    "Scenario Name": "OppositeVehicleRunningRedLight_599",
    "Scenario Description": "Scenario in which another (opposite) vehicle illegally takes priority by running a red traffic light.",
    "Map": "Map(name=Carla/Maps/Town04)",
    "Collision": true,
    "Weather": "HardRainNoon",
    "Collision Type": "Actor(id=2051, type=vehicle.dodge.charger_police_2020)",
    "Time to Collision": 4.0343241691589355,
    "Speed at Collision": 18.819187203068278,
    "Intensity": 16693.987860750076
  }
]