[
  {
    "Scenario Name": "OppositeVehicleRunningRedLight_404",
    "Scenario Description": "Scenario in which another (opposite) vehicle illegally takes priority by running a red traffic light.",
    "Map": "Map(name=Carla/Maps/Town04)",
    "Collision": false,
    "Weather": "ClearNight"
  },
  {
    "Scenario Name": "OppositeVehicleRunningRedLight_427",
    "Scenario Description": "Scenario in which another (opposite) vehicle illegally takes priority by running a red traffic light.",
    "Map": "Map(name=Carla/Maps/Town04)",
    "Collision": false,
    "Weather": "HardRainNight"
  },
  {
    "Scenario Name": "OppositeVehicleRunningRedLight_428",
    "Scenario Description": "Scenario in which another (opposite) vehicle illegally takes priority by running a red traffic light.",
    "Map": "Map(name=Carla/Maps/Town04)",
    "Collision": false,
    "Weather": "HardRainNoon"
  },
  {
    "Scenario Name": "OppositeVehicleRunningRedLight_431",
    "Scenario Description": "Scenario in which another (opposite) vehicle illegally takes priority by running a red traffic light.",
    "Map": "Map(name=Carla/Maps/Town04)",
    "Collision": false,
    "Weather": "ClearNight"
  },
  {
    "Scenario Name": "OppositeVehicleRunningRedLight_433",
    "Scenario Description": "Scenario in which another (opposite) vehicle illegally takes priority by running a red traffic light.",
    "Map": "Map(name=Carla/Maps/Town04)",
    "Collision": false,
    "Weather": "HardRainNoon"
  },
  {
    "Scenario Name": "OppositeVehicleRunningRedLight_437",
    "Scenario Description": "Scenario in which another (opposite) vehicle illegally takes priority by running a red traffic light.",
    "Map": "Map(name=Carla/Maps/Town04)",
    "Collision": false,
    "Weather": "ClearNoon"
  },
  {
    "Scenario Name": "OppositeVehicleRunningRedLight_448",
    "Scenario Description": "Scenario in which another (opposite) vehicle illegally takes priority by running a red traffic light.",
    "Map": "Map(name=Carla/Maps/Town04)",
    "Collision": false,
    "Weather": "ClearNoon"
  },
  {
    "Scenario Name": "OppositeVehicleRunningRedLight_451",
    "Scenario Description": "Scenario in which another (opposite) vehicle illegally takes priority by running a red traffic light.",
    "Map": "Map(name=Carla/Maps/Town04)",
    "Collision": false,
    "Weather": "ClearNight"
  },
  {
    "Scenario Name": "OppositeVehicleRunningRedLight_471",
    "Scenario Description": "Scenario in which another (opposite) vehicle illegally takes priority by running a red traffic light.",
    "Map": "Map(name=Carla/Maps/Town04)",
    "Collision": false,
    "Weather": "ClearNight"
  },
  {
    "Scenario Name": "OppositeVehicleRunningRedLight_483",
    "Scenario Description": "Scenario in which another (opposite) vehicle illegally takes priority by running a red traffic light.",
    "Map": "Map(name=Carla/Maps/Town04)",
    "Collision": false,
    "Weather": "ClearNight"
  },
  {
    "Scenario Name": "OppositeVehicleRunningRedLight_488",
    "Scenario Description": "Scenario in which another (opposite) vehicle illegally takes priority by running a red traffic light.",
    "Map": "Map(name=Carla/Maps/Town04)",
    "Collision": false,
    "Weather": "ClearNoon"
  }
]