[
  {
    "Scenario Name": "OppositeVehicleRunningRedLight_804",
    "Scenario Description": "Scenario in which another (opposite) vehicle illegally takes priority by running a red traffic light.",
    "Map": "Map(name=Carla/Maps/Town04)",
    "Collision": false,
    "Weather": "HardRainNight"
  },
  {
    "Scenario Name": "OppositeVehicleRunningRedLight_808",
    "Scenario Description": "Scenario in which another (opposite) vehicle illegally takes priority by running a red traffic light.",
    "Map": "Map(name=Carla/Maps/Town04)",
    "Collision": false,
    "Weather": "ClearNoon"
  },
  {
    "Scenario Name": "OppositeVehicleRunningRedLight_826",
    "Scenario Description": "Scenario in which another (opposite) vehicle illegally takes priority by running a red traffic light.",
    "Map": "Map(name=Carla/Maps/Town04)",
    "Collision": false,
    "Weather": "HardRainNight"
  },
  {
    "Scenario Name": "OppositeVehicleRunningRedLight_829",
    "Scenario Description": "Scenario in which another (opposite) vehicle illegally takes priority by running a red traffic light.",
    "Map": "Map(name=Carla/Maps/Town04)",
    "Collision": false,
    "Weather": "HardRainNoon"
  },
  {
    "Scenario Name": "OppositeVehicleRunningRedLight_832",
    "Scenario Description": "Scenario in which another (opposite) vehicle illegally takes priority by running a red traffic light.",
    "Map": "Map(name=Carla/Maps/Town04)",
    "Collision": false,
    "Weather": "ClearNoon"
  },
  {
    "Scenario Name": "OppositeVehicleRunningRedLight_841",
    "Scenario Description": "Scenario in which another (opposite) vehicle illegally takes priority by running a red traffic light.",
    "Map": "Map(name=Carla/Maps/Town04)",
    "Collision": false,
    "Weather": "HardRainNight"
  },
  {
    "Scenario Name": "OppositeVehicleRunningRedLight_848",
    "Scenario Description": "Scenario in which another (opposite) vehicle illegally takes priority by running a red traffic light.",
    "Map": "Map(name=Carla/Maps/Town04)",
    "Collision": false,
    "Weather": "ClearNoon"
  },
  {
    "Scenario Name": "OppositeVehicleRunningRedLight_852",
    "Scenario Description": "Scenario in which another (opposite) vehicle illegally takes priority by running a red traffic light.",
    "Map": "Map(name=Carla/Maps/Town04)",
    "Collision": false,
    "Weather": "ClearNoon"
  },
  {
    "Scenario Name": "OppositeVehicleRunningRedLight_854",
    "Scenario Description": "Scenario in which another (opposite) vehicle illegally takes priority by running a red traffic light.",
    "Map": "Map(name=Carla/Maps/Town04)",
    "Collision": false,
    "Weather": "ClearNight"
  },
  {
    "Scenario Name": "OppositeVehicleRunningRedLight_883",
    "Scenario Description": "Scenario in which another (opposite) vehicle illegally takes priority by running a red traffic light.",
    "Map": "Map(name=Carla/Maps/Town04)",
    "Collision": false,
    "Weather": "HardRainNight"
  },
  {
    "Scenario Name": "OppositeVehicleRunningRedLight_886",
    "Scenario Description": "Scenario in which another (opposite) vehicle illegally takes priority by running a red traffic light.",
    "Map": "Map(name=Carla/Maps/Town04)",
    "Collision": false,
    "Weather": "ClearNight"
  },
  {
    "Scenario Name": "OppositeVehicleRunningRedLight_889",
    "Scenario Description": "Scenario in which another (opposite) vehicle illegally takes priority by running a red traffic light.",
    "Map": "Map(name=Carla/Maps/Town04)",
    "Collision": false,
    "Weather": "HardRainNoon"
  }
]