[
  {
    "Scenario Name": "OppositeVehicleRunningRedLight_200",
    "Scenario Description": "Scenario in which another (opposite) vehicle illegally takes priority by running a red traffic light.",
    "Map": "Map(name=Carla/Maps/Town04)",
    "Collision": false,
    "Weather": "HardRainNoon"
  },
  {
    "Scenario Name": "OppositeVehicleRunningRedLight_204",
    "Scenario Description": "Scenario in which another (opposite) vehicle illegally takes priority by running a red traffic light.",
    "Map": "Map(name=Carla/Maps/Town04)",
    "Collision": false,
    "Weather": "ClearNoon"
  },
  {
    "Scenario Name": "OppositeVehicleRunningRedLight_216",
    "Scenario Description": "Scenario in which another (opposite) vehicle illegally takes priority by running a red traffic light.",
    "Map": "Map(name=Carla/Maps/Town04)",
    "Collision": false,
    "Weather": "HardRainNoon"
  },
  {
    "Scenario Name": "OppositeVehicleRunningRedLight_219",
    "Scenario Description": "Scenario in which another (opposite) vehicle illegally takes priority by running a red traffic light.",
    "Map": "Map(name=Carla/Maps/Town04)",
    "Collision": false,
    "Weather": "HardRainNoon"
  },
  {
    "Scenario Name": "OppositeVehicleRunningRedLight_220",
    "Scenario Description": "Scenario in which another (opposite) vehicle illegally takes priority by running a red traffic light.",
    "Map": "Map(name=Carla/Maps/Town04)",
    "Collision": false,
    "Weather": "HardRainNoon"
  },
  {
    "Scenario Name": "OppositeVehicleRunningRedLight_232",
    "Scenario Description": "Scenario in which another (opposite) vehicle illegally takes priority by running a red traffic light.",
    "Map": "Map(name=Carla/Maps/Town04)",
    "Collision": false,
    "Weather": "HardRainNoon"
  },
  {
    "Scenario Name": "OppositeVehicleRunningRedLight_238",
    "Scenario Description": "Scenario in which another (opposite) vehicle illegally takes priority by running a red traffic light.",
    "Map": "Map(name=Carla/Maps/Town04)",
    "Collision": false,
    "Weather": "ClearNight"
  },
  {
    "Scenario Name": "OppositeVehicleRunningRedLight_249",
    "Scenario Description": "Scenario in which another (opposite) vehicle illegally takes priority by running a red traffic light.",
    "Map": "Map(name=Carla/Maps/Town04)",
    "Collision": false,
    "Weather": "ClearNight"
  },
  {
    "Scenario Name": "OppositeVehicleRunningRedLight_250",
    "Scenario Description": "Scenario in which another (opposite) vehicle illegally takes priority by running a red traffic light.",
    "Map": "Map(name=Carla/Maps/Town04)",
    "Collision": false,
    "Weather": "ClearNight"
  },
  {
    "Scenario Name": "OppositeVehicleRunningRedLight_264",
    "Scenario Description": "Scenario in which another (opposite) vehicle illegally takes priority by running a red traffic light.",
    "Map": "Map(name=Carla/Maps/Town04)",
    "Collision": false,
    "Weather": "HardRainNight"
  },
  {
    "Scenario Name": "OppositeVehicleRunningRedLight_276",
    "Scenario Description": "Scenario in which another (opposite) vehicle illegally takes priority by running a red traffic light.",
    "Map": "Map(name=Carla/Maps/Town04)",
    "Collision": false,
    "Weather": "HardRainNight"
  },
  {
    "Scenario Name": "OppositeVehicleRunningRedLight_284",
    "Scenario Description": "Scenario in which another (opposite) vehicle illegally takes priority by running a red traffic light.",
    "Map": "Map(name=Carla/Maps/Town04)",
    "Collision": false,
    "Weather": "HardRainNight"
  },
  {
    "Scenario Name": "OppositeVehicleRunningRedLight_285",
    "Scenario Description": "Scenario in which another (opposite) vehicle illegally takes priority by running a red traffic light.",
    "Map": "Map(name=Carla/Maps/Town04)",
    "Collision": false,
    "Weather": "HardRainNoon"
  },
  {
    "Scenario Name": "OppositeVehicleRunningRedLight_288",
    "Scenario Description": "Scenario in which another (opposite) vehicle illegally takes priority by running a red traffic light.",
    "Map": "Map(name=Carla/Maps/Town04)",
    "Collision": false,
    "Weather": "ClearNoon"
  },
  {
    "Scenario Name": "OppositeVehicleRunningRedLight_294",
    "Scenario Description": "Scenario in which another (opposite) vehicle illegally takes priority by running a red traffic light.",
    "Map": "Map(name=Carla/Maps/Town04)",
    "Collision": false,
    "Weather": "ClearNoon"
  }
]