[
  {
    "Scenario Name": "VehicleOpensDoor_555",
    "Scenario Description": "Scenario in which another vehicle parked at the side lane opens the door, forcing the ego to lane change, invading the opposite lane",
    "Map": "Map(name=Carla/Maps/Town10HD_Opt)",
    "Adversary Distance": 22,
    "Collision": true,
    "Weather": "HardRainNoon",
    "Collision Type": "Actor(id=536, type=vehicle.dodge.charger_police_2020)",
    "Time to Collision": 6.894628286361694,
    "Speed at Collision": 5.0620628670113765,
    "Intensity": 757.2983954572004
  },
  {
    "Scenario Name": "VehicleOpensDoor_556",
    "Scenario Description": "Scenario in which another vehicle parked at the side lane opens the door, forcing the ego to lane change, invading the opposite lane",
    "Map": "Map(name=Carla/Maps/Town10HD_Opt)",
    "Adversary Distance": 39,
    "Collision": true,
    "Weather": "HardRainNight",
    "Collision Type": "Actor(id=542, type=vehicle.dodge.charger_police_2020)",
    "Time to Collision": 12.239343881607056,
    "Speed at Collision": 4.825810594277874,
    "Intensity": 833.4945424344054
  },
  {
    "Scenario Name": "VehicleOpensDoor_557",
    "Scenario Description": "Scenario in which another vehicle parked at the side lane opens the door, forcing the ego to lane change, invading the opposite lane",
    "Map": "Map(name=Carla/Maps/Town10HD_Opt)",
    "Adversary Distance": 89,
    "Collision": true,
    "Weather": "ClearNight",
    "Collision Type": "Actor(id=548, type=vehicle.dodge.charger_police_2020)",
    "Time to Collision": 6.309084892272949,
    "Speed at Collision": 24.983297422756873,
    "Intensity": 4879.785207525389
  },
  {
    "Scenario Name": "VehicleOpensDoor_558",
    "Scenario Description": "Scenario in which another vehicle parked at the side lane opens the door, forcing the ego to lane change, invading the opposite lane",
    "Map": "Map(name=Carla/Maps/Town10HD_Opt)",
    "Adversary Distance": 73,
    "Collision": true,
    "Weather": "ClearNoon",
    "Collision Type": "Actor(id=553, type=vehicle.dodge.charger_police_2020)",
    "Time to Collision": 8.399284362792969,
    "Speed at Collision": 16.697542232320803,
    "Intensity": 4213.539571791094
  },
  {
    "Scenario Name": "VehicleOpensDoor_559",
    "Scenario Description": "Scenario in which another vehicle parked at the side lane opens the door, forcing the ego to lane change, invading the opposite lane",
    "Map": "Map(name=Carla/Maps/Town10HD_Opt)",
    "Adversary Distance": 71,
    "Collision": true,
    "Weather": "ClearNight",
    "Collision Type": "Actor(id=558, type=vehicle.dodge.charger_police_2020)",
    "Time to Collision": 5.837505578994751,
    "Speed at Collision": 22.012123287035195,
    "Intensity": 4216.439018591383
  },
  {
    "Scenario Name": "VehicleOpensDoor_560",
    "Scenario Description": "Scenario in which another vehicle parked at the side lane opens the door, forcing the ego to lane change, invading the opposite lane",
    "Map": "Map(name=Carla/Maps/Town10HD_Opt)",
    "Adversary Distance": 83,
    "Collision": true,
    "Weather": "HardRainNoon",
    "Collision Type": "Actor(id=563, type=vehicle.dodge.charger_police_2020)",
    "Time to Collision": 7.290367126464844,
    "Speed at Collision": 20.970399965826978,
    "Intensity": 5057.08654439008
  },
  {
    "Scenario Name": "VehicleOpensDoor_561",
    "Scenario Description": "Scenario in which another vehicle parked at the side lane opens the door, forcing the ego to lane change, invading the opposite lane",
    "Map": "Map(name=Carla/Maps/Town10HD_Opt)",
    "Adversary Distance": 34,
    "Collision": true,
    "Weather": "ClearNoon",
    "Collision Type": "Actor(id=568, type=vehicle.dodge.charger_police_2020)",
    "Time to Collision": 3.9204351902008057,
    "Speed at Collision": 17.39730565788888,
    "Intensity": 4370.638748696819
  },
  {
    "Scenario Name": "VehicleOpensDoor_562",
    "Scenario Description": "Scenario in which another vehicle parked at the side lane opens the door, forcing the ego to lane change, invading the opposite lane",
    "Map": "Map(name=Carla/Maps/Town10HD_Opt)",
    "Adversary Distance": 17,
    "Collision": true,
    "Weather": "ClearNoon",
    "Collision Type": "Actor(id=573, type=vehicle.dodge.charger_police_2020)",
    "Time to Collision": 4.836073637008667,
    "Speed at Collision": 6.020667553993699,
    "Intensity": 873.9780889268275
  },
  {
    "Scenario Name": "VehicleOpensDoor_563",
    "Scenario Description": "Scenario in which another vehicle parked at the side lane opens the door, forcing the ego to lane change, invading the opposite lane",
    "Map": "Map(name=Carla/Maps/Town10HD_Opt)",
    "Adversary Distance": 44,
    "Collision": true,
    "Weather": "ClearNight",
    "Collision Type": "Actor(id=579, type=vehicle.dodge.charger_police_2020)",
    "Time to Collision": 5.4281017780303955,
    "Speed at Collision": 16.084341055050764,
    "Intensity": 2662.0590334959547
  },
  {
    "Scenario Name": "VehicleOpensDoor_564",
    "Scenario Description": "Scenario in which another vehicle parked at the side lane opens the door, forcing the ego to lane change, invading the opposite lane",
    "Map": "Map(name=Carla/Maps/Town10HD_Opt)",
    "Adversary Distance": 94,
    "Collision": true,
    "Weather": "ClearNight",
    "Collision Type": "Actor(id=584, type=vehicle.dodge.charger_police_2020)",
    "Time to Collision": 6.791221857070923,
    "Speed at Collision": 24.509579237869886,
    "Intensity": 4817.389289352559
  },
  {
    "Scenario Name": "VehicleOpensDoor_565",
    "Scenario Description": "Scenario in which another vehicle parked at the side lane opens the door, forcing the ego to lane change, invading the opposite lane",
    "Map": "Map(name=Carla/Maps/Town10HD_Opt)",
    "Adversary Distance": 73,
    "Collision": true,
    "Weather": "HardRainNoon",
    "Collision Type": "Actor(id=589, type=vehicle.dodge.charger_police_2020)",
    "Time to Collision": 6.24590539932251,
    "Speed at Collision": 21.490330306077443,
    "Intensity": 3805.6765693653524
  },
  {
    "Scenario Name": "VehicleOpensDoor_566",
    "Scenario Description": "Scenario in which another vehicle parked at the side lane opens the door, forcing the ego to lane change, invading the opposite lane",
    "Map": "Map(name=Carla/Maps/Town10HD_Opt)",
    "Adversary Distance": 21,
    "Collision": true,
    "Weather": "ClearNight",
    "Collision Type": "Actor(id=594, type=vehicle.dodge.charger_police_2020)",
    "Time to Collision": 3.8868215084075928,
    "Speed at Collision": 11.388117799174035,
    "Intensity": 2843.892219247398
  },
  {
    "Scenario Name": "VehicleOpensDoor_567",
    "Scenario Description": "Scenario in which another vehicle parked at the side lane opens the door, forcing the ego to lane change, invading the opposite lane",
    "Map": "Map(name=Carla/Maps/Town10HD_Opt)",
    "Adversary Distance": 67,
    "Collision": true,
    "Weather": "ClearNight",
    "Collision Type": "Actor(id=599, type=vehicle.dodge.charger_police_2020)",
    "Time to Collision": 6.0457165241241455,
    "Speed at Collision": 20.875899129186656,
    "Intensity": 3838.134464633441
  },
  {
    "Scenario Name": "VehicleOpensDoor_568",
    "Scenario Description": "Scenario in which another vehicle parked at the side lane opens the door, forcing the ego to lane change, invading the opposite lane",
    "Map": "Map(name=Carla/Maps/Town10HD_Opt)",
    "Adversary Distance": 48,
    "Collision": true,
    "Weather": "HardRainNight",
    "Collision Type": "Actor(id=604, type=vehicle.dodge.charger_police_2020)",
    "Time to Collision": 4.976694345474243,
    "Speed at Collision": 18.552699996112217,
    "Intensity": 3253.1007354556045
  },
  {
    "Scenario Name": "VehicleOpensDoor_569",
    "Scenario Description": "Scenario in which another vehicle parked at the side lane opens the door, forcing the ego to lane change, invading the opposite lane",
    "Map": "Map(name=Carla/Maps/Town10HD_Opt)",
    "Adversary Distance": 27,
    "Collision": true,
    "Weather": "ClearNoon",
    "Collision Type": "Actor(id=609, type=vehicle.dodge.charger_police_2020)",
    "Time to Collision": 6.222325086593628,
    "Speed at Collision": 7.666382790472049,
    "Intensity": 1941.470848915829
  },
  {
    "Scenario Name": "VehicleOpensDoor_570",
    "Scenario Description": "Scenario in which another vehicle parked at the side lane opens the door, forcing the ego to lane change, invading the opposite lane",
    "Map": "Map(name=Carla/Maps/Town10HD_Opt)",
    "Adversary Distance": 42,
    "Collision": true,
    "Weather": "ClearNoon",
    "Collision Type": "Actor(id=615, type=vehicle.dodge.charger_police_2020)",
    "Time to Collision": 6.789267301559448,
    "Speed at Collision": 12.102498313371116,
    "Intensity": 3065.2397212188225
  },
  {
    "Scenario Name": "VehicleOpensDoor_571",
    "Scenario Description": "Scenario in which another vehicle parked at the side lane opens the door, forcing the ego to lane change, invading the opposite lane",
    "Map": "Map(name=Carla/Maps/Town10HD_Opt)",
    "Adversary Distance": 25,
    "Collision": true,
    "Weather": "HardRainNight",
    "Collision Type": "Actor(id=620, type=vehicle.dodge.charger_police_2020)",
    "Time to Collision": 3.7217531204223633,
    "Speed at Collision": 14.14387134920702,
    "Intensity": 2103.603673177019
  },
  {
    "Scenario Name": "VehicleOpensDoor_572",
    "Scenario Description": "Scenario in which another vehicle parked at the side lane opens the door, forcing the ego to lane change, invading the opposite lane",
    "Map": "Map(name=Carla/Maps/Town10HD_Opt)",
    "Adversary Distance": 42,
    "Collision": true,
    "Weather": "ClearNoon",
    "Collision Type": "Actor(id=625, type=vehicle.dodge.charger_police_2020)",
    "Time to Collision": 5.826467990875244,
    "Speed at Collision": 14.836907510635928,
    "Intensity": 2463.2925431464214
  },
  {
    "Scenario Name": "VehicleOpensDoor_573",
    "Scenario Description": "Scenario in which another vehicle parked at the side lane opens the door, forcing the ego to lane change, invading the opposite lane",
    "Map": "Map(name=Carla/Maps/Town10HD_Opt)",
    "Adversary Distance": 94,
    "Collision": true,
    "Weather": "HardRainNight",
    "Collision Type": "Actor(id=630, type=vehicle.dodge.charger_police_2020)",
    "Time to Collision": 7.572953462600708,
    "Speed at Collision": 22.384106604171773,
    "Intensity": 4475.097401039041
  },
  {
    "Scenario Name": "VehicleOpensDoor_574",
    "Scenario Description": "Scenario in which another vehicle parked at the side lane opens the door, forcing the ego to lane change, invading the opposite lane",
    "Map": "Map(name=Carla/Maps/Town10HD_Opt)",
    "Adversary Distance": 18,
    "Collision": true,
    "Weather": "ClearNight",
    "Collision Type": "Actor(id=635, type=vehicle.dodge.charger_police_2020)",
    "Time to Collision": 3.7262697219848633,
    "Speed at Collision": 10.251227391961622,
    "Intensity": 2609.6066111768173
  },
  {
    "Scenario Name": "VehicleOpensDoor_575",
    "Scenario Description": "Scenario in which another vehicle parked at the side lane opens the door, forcing the ego to lane change, invading the opposite lane",
    "Map": "Map(name=Carla/Maps/Town10HD_Opt)",
    "Adversary Distance": 53,
    "Collision": true,
    "Weather": "HardRainNoon",
    "Collision Type": "Actor(id=640, type=vehicle.dodge.charger_police_2020)",
    "Time to Collision": 11.271472930908203,
    "Speed at Collision": 7.032351094319389,
    "Intensity": 1783.961141629155
  },
  {
    "Scenario Name": "VehicleOpensDoor_577",
    "Scenario Description": "Scenario in which another vehicle parked at the side lane opens the door, forcing the ego to lane change, invading the opposite lane",
    "Map": "Map(name=Carla/Maps/Town10HD_Opt)",
    "Adversary Distance": 11,
    "Collision": true,
    "Weather": "ClearNoon",
    "Collision Type": "Actor(id=650, type=vehicle.dodge.charger_police_2020)",
    "Time to Collision": 3.8968539237976074,
    "Speed at Collision": 5.060429516035772,
    "Intensity": 686.5610131186326
  },
  {
    "Scenario Name": "VehicleOpensDoor_578",
    "Scenario Description": "Scenario in which another vehicle parked at the side lane opens the door, forcing the ego to lane change, invading the opposite lane",
    "Map": "Map(name=Carla/Maps/Town10HD_Opt)",
    "Adversary Distance": 94,
    "Collision": true,
    "Weather": "ClearNight",
    "Collision Type": "Actor(id=656, type=vehicle.dodge.charger_police_2020)",
    "Time to Collision": 8.061800956726074,
    "Speed at Collision": 21.5217841455513,
    "Intensity": 4991.282900780276
  },
  {
    "Scenario Name": "VehicleOpensDoor_579",
    "Scenario Description": "Scenario in which another vehicle parked at the side lane opens the door, forcing the ego to lane change, invading the opposite lane",
    "Map": "Map(name=Carla/Maps/Town10HD_Opt)",
    "Adversary Distance": 51,
    "Collision": true,
    "Weather": "HardRainNight",
    "Collision Type": "Actor(id=661, type=vehicle.dodge.charger_police_2020)",
    "Time to Collision": 5.791363716125488,
    "Speed at Collision": 17.260778735654082,
    "Intensity": 4348.484610334678
  },
  {
    "Scenario Name": "VehicleOpensDoor_581",
    "Scenario Description": "Scenario in which another vehicle parked at the side lane opens the door, forcing the ego to lane change, invading the opposite lane",
    "Map": "Map(name=Carla/Maps/Town10HD_Opt)",
    "Adversary Distance": 34,
    "Collision": true,
    "Weather": "HardRainNoon",
    "Collision Type": "Actor(id=671, type=vehicle.dodge.charger_police_2020)",
    "Time to Collision": 7.479132175445557,
    "Speed at Collision": 7.722050406031817,
    "Intensity": 1946.9246823666977
  },
  {
    "Scenario Name": "VehicleOpensDoor_582",
    "Scenario Description": "Scenario in which another vehicle parked at the side lane opens the door, forcing the ego to lane change, invading the opposite lane",
    "Map": "Map(name=Carla/Maps/Town10HD_Opt)",
    "Adversary Distance": 47,
    "Collision": true,
    "Weather": "HardRainNight",
    "Collision Type": "Actor(id=676, type=vehicle.dodge.charger_police_2020)",
    "Time to Collision": 4.657461404800415,
    "Speed at Collision": 19.14944090820189,
    "Intensity": 3114.6165233958036
  },
  {
    "Scenario Name": "VehicleOpensDoor_583",
    "Scenario Description": "Scenario in which another vehicle parked at the side lane opens the door, forcing the ego to lane change, invading the opposite lane",
    "Map": "Map(name=Carla/Maps/Town10HD_Opt)",
    "Adversary Distance": 46,
    "Collision": true,
    "Weather": "ClearNoon",
    "Collision Type": "Actor(id=681, type=vehicle.dodge.charger_police_2020)",
    "Time to Collision": 5.121048927307129,
    "Speed at Collision": 17.6760127686808,
    "Intensity": 4477.994751277608
  },
  {
    "Scenario Name": "VehicleOpensDoor_584",
    "Scenario Description": "Scenario in which another vehicle parked at the side lane opens the door, forcing the ego to lane change, invading the opposite lane",
    "Map": "Map(name=Carla/Maps/Town10HD_Opt)",
    "Adversary Distance": 11,
    "Collision": true,
    "Weather": "ClearNoon",
    "Collision Type": "Actor(id=686, type=vehicle.dodge.charger_police_2020)",
    "Time to Collision": 2.2532224655151367,
    "Speed at Collision": 10.011960114350114,
    "Intensity": 2557.3566842027194
  },
  {
    "Scenario Name": "VehicleOpensDoor_585",
    "Scenario Description": "Scenario in which another vehicle parked at the side lane opens the door, forcing the ego to lane change, invading the opposite lane",
    "Map": "Map(name=Carla/Maps/Town10HD_Opt)",
    "Adversary Distance": 94,
    "Collision": true,
    "Weather": "HardRainNight",
    "Collision Type": "Actor(id=691, type=vehicle.dodge.charger_police_2020)",
    "Time to Collision": 6.8710479736328125,
    "Speed at Collision": 24.08248768548096,
    "Intensity": 6072.355120399307
  },
  {
    "Scenario Name": "VehicleOpensDoor_586",
    "Scenario Description": "Scenario in which another vehicle parked at the side lane opens the door, forcing the ego to lane change, invading the opposite lane",
    "Map": "Map(name=Carla/Maps/Town10HD_Opt)",
    "Adversary Distance": 95,
    "Collision": true,
    "Weather": "ClearNoon",
    "Collision Type": "Actor(id=696, type=vehicle.dodge.charger_police_2020)",
    "Time to Collision": 7.828064441680908,
    "Speed at Collision": 22.202484295272658,
    "Intensity": 3867.719382304097
  },
  {
    "Scenario Name": "VehicleOpensDoor_587",
    "Scenario Description": "Scenario in which another vehicle parked at the side lane opens the door, forcing the ego to lane change, invading the opposite lane",
    "Map": "Map(name=Carla/Maps/Town10HD_Opt)",
    "Adversary Distance": 21,
    "Collision": true,
    "Weather": "ClearNoon",
    "Collision Type": "Actor(id=701, type=vehicle.dodge.charger_police_2020)",
    "Time to Collision": 7.908604621887207,
    "Speed at Collision": 4.29157414164116,
    "Intensity": 644.5895034711396
  },
  {
    "Scenario Name": "VehicleOpensDoor_588",
    "Scenario Description": "Scenario in which another vehicle parked at the side lane opens the door, forcing the ego to lane change, invading the opposite lane",
    "Map": "Map(name=Carla/Maps/Town10HD_Opt)",
    "Adversary Distance": 58,
    "Collision": true,
    "Weather": "ClearNoon",
    "Collision Type": "Actor(id=707, type=vehicle.dodge.charger_police_2020)",
    "Time to Collision": 6.540916204452515,
    "Speed at Collision": 17.434172636277378,
    "Intensity": 3581.7927069154334
  },
  {
    "Scenario Name": "VehicleOpensDoor_589",
    "Scenario Description": "Scenario in which another vehicle parked at the side lane opens the door, forcing the ego to lane change, invading the opposite lane",
    "Map": "Map(name=Carla/Maps/Town10HD_Opt)",
    "Adversary Distance": 90,
    "Collision": true,
    "Weather": "ClearNoon",
    "Collision Type": "Actor(id=712, type=vehicle.dodge.charger_police_2020)",
    "Time to Collision": 8.416845321655273,
    "Speed at Collision": 20.001581529379646,
    "Intensity": 4588.5745274837345
  },
  {
    "Scenario Name": "VehicleOpensDoor_590",
    "Scenario Description": "Scenario in which another vehicle parked at the side lane opens the door, forcing the ego to lane change, invading the opposite lane",
    "Map": "Map(name=Carla/Maps/Town10HD_Opt)",
    "Adversary Distance": 27,
    "Collision": true,
    "Weather": "ClearNoon",
    "Collision Type": "Actor(id=717, type=vehicle.dodge.charger_police_2020)",
    "Time to Collision": 8.47905945777893,
    "Speed at Collision": 5.0294313444049505,
    "Intensity": 735.9290444173002
  },
  {
    "Scenario Name": "VehicleOpensDoor_591",
    "Scenario Description": "Scenario in which another vehicle parked at the side lane opens the door, forcing the ego to lane change, invading the opposite lane",
    "Map": "Map(name=Carla/Maps/Town10HD_Opt)",
    "Adversary Distance": 92,
    "Collision": true,
    "Weather": "HardRainNoon",
    "Collision Type": "Actor(id=723, type=vehicle.dodge.charger_police_2020)",
    "Time to Collision": 9.16162657737732,
    "Speed at Collision": 18.948713374977885,
    "Intensity": 3931.989782583602
  },
  {
    "Scenario Name": "VehicleOpensDoor_592",
    "Scenario Description": "Scenario in which another vehicle parked at the side lane opens the door, forcing the ego to lane change, invading the opposite lane",
    "Map": "Map(name=Carla/Maps/Town10HD_Opt)",
    "Adversary Distance": 10,
    "Collision": true,
    "Weather": "HardRainNight",
    "Collision Type": "Actor(id=728, type=vehicle.dodge.charger_police_2020)",
    "Time to Collision": 2.7255873680114746,
    "Speed at Collision": 6.693347098290386,
    "Intensity": 945.1870463735519
  },
  {
    "Scenario Name": "VehicleOpensDoor_593",
    "Scenario Description": "Scenario in which another vehicle parked at the side lane opens the door, forcing the ego to lane change, invading the opposite lane",
    "Map": "Map(name=Carla/Maps/Town10HD_Opt)",
    "Adversary Distance": 36,
    "Collision": true,
    "Weather": "HardRainNoon",
    "Collision Type": "Actor(id=734, type=vehicle.dodge.charger_police_2020)",
    "Time to Collision": 5.131586313247681,
    "Speed at Collision": 14.5520340253082,
    "Intensity": 3700.6256625047645
  },
  {
    "Scenario Name": "VehicleOpensDoor_594",
    "Scenario Description": "Scenario in which another vehicle parked at the side lane opens the door, forcing the ego to lane change, invading the opposite lane",
    "Map": "Map(name=Carla/Maps/Town10HD_Opt)",
    "Adversary Distance": 58,
    "Collision": true,
    "Weather": "HardRainNight",
    "Collision Type": "Actor(id=739, type=vehicle.dodge.charger_police_2020)",
    "Time to Collision": 5.000638008117676,
    "Speed at Collision": 21.273185767309755,
    "Intensity": 4202.915339807696
  },
  {
    "Scenario Name": "VehicleOpensDoor_595",
    "Scenario Description": "Scenario in which another vehicle parked at the side lane opens the door, forcing the ego to lane change, invading the opposite lane",
    "Map": "Map(name=Carla/Maps/Town10HD_Opt)",
    "Adversary Distance": 60,
    "Collision": true,
    "Weather": "ClearNoon",
    "Collision Type": "Actor(id=744, type=vehicle.dodge.charger_police_2020)",
    "Time to Collision": 5.180754899978638,
    "Speed at Collision": 21.295028894350143,
    "Intensity": 3926.7340467723766
  },
  {
    "Scenario Name": "VehicleOpensDoor_596",
    "Scenario Description": "Scenario in which another vehicle parked at the side lane opens the door, forcing the ego to lane change, invading the opposite lane",
    "Map": "Map(name=Carla/Maps/Town10HD_Opt)",
    "Adversary Distance": 37,
    "Collision": true,
    "Weather": "ClearNoon",
    "Collision Type": "Actor(id=749, type=vehicle.dodge.charger_police_2020)",
    "Time to Collision": 4.119618654251099,
    "Speed at Collision": 17.835578561858313,
    "Intensity": 4493.18958646408
  },
  {
    "Scenario Name": "VehicleOpensDoor_597",
    "Scenario Description": "Scenario in which another vehicle parked at the side lane opens the door, forcing the ego to lane change, invading the opposite lane",
    "Map": "Map(name=Carla/Maps/Town10HD_Opt)",
    "Adversary Distance": 85,
    "Collision": true,
    "Weather": "HardRainNight",
    "Collision Type": "Actor(id=754, type=vehicle.dodge.charger_police_2020)",
    "Time to Collision": 6.890614748001099,
    "Speed at Collision": 22.36076946188111,
    "Intensity": 5359.420049641985
  },
  {
    "Scenario Name": "VehicleOpensDoor_598",
    "Scenario Description": "Scenario in which another vehicle parked at the side lane opens the door, forcing the ego to lane change, invading the opposite lane",
    "Map": "Map(name=Carla/Maps/Town10HD_Opt)",
    "Adversary Distance": 73,
    "Collision": true,
    "Weather": "ClearNight",
    "Collision Type": "Actor(id=759, type=vehicle.dodge.charger_police_2020)",
    "Time to Collision": 5.588150978088379,
    "Speed at Collision": 23.384678229701734,
    "Intensity": 5700.537229485529
  },
  {
    "Scenario Name": "VehicleOpensDoor_599",
    "Scenario Description": "Scenario in which another vehicle parked at the side lane opens the door, forcing the ego to lane change, invading the opposite lane",
    "Map": "Map(name=Carla/Maps/Town10HD_Opt)",
    "Adversary Distance": 68,
    "Collision": true,
    "Weather": "HardRainNoon",
    "Collision Type": "Actor(id=764, type=vehicle.dodge.charger_police_2020)",
    "Time to Collision": 6.584064483642578,
    "Speed at Collision": 19.6596034203328,
    "Intensity": 4278.3584079259235
  },
  {
    "Scenario Name": "VehicleOpensDoor_600",
    "Scenario Description": "Scenario in which another vehicle parked at the side lane opens the door, forcing the ego to lane change, invading the opposite lane",
    "Map": "Map(name=Carla/Maps/Town10HD_Opt)",
    "Adversary Distance": 99,
    "Collision": true,
    "Weather": "ClearNight",
    "Collision Type": "Actor(id=769, type=vehicle.dodge.charger_police_2020)",
    "Time to Collision": 9.355562210083008,
    "Speed at Collision": 19.43444684176248,
    "Intensity": 4073.754244869662
  },
  {
    "Scenario Name": "VehicleOpensDoor_601",
    "Scenario Description": "Scenario in which another vehicle parked at the side lane opens the door, forcing the ego to lane change, invading the opposite lane",
    "Map": "Map(name=Carla/Maps/Town10HD_Opt)",
    "Adversary Distance": 88,
    "Collision": true,
    "Weather": "ClearNoon",
    "Collision Type": "Actor(id=774, type=vehicle.dodge.charger_police_2020)",
    "Time to Collision": 8.146418571472168,
    "Speed at Collision": 20.183085409496297,
    "Intensity": 3839.542884697681
  },
  {
    "Scenario Name": "VehicleOpensDoor_602",
    "Scenario Description": "Scenario in which another vehicle parked at the side lane opens the door, forcing the ego to lane change, invading the opposite lane",
    "Map": "Map(name=Carla/Maps/Town10HD_Opt)",
    "Adversary Distance": 85,
    "Collision": true,
    "Weather": "ClearNoon",
    "Collision Type": "Actor(id=779, type=vehicle.dodge.charger_police_2020)",
    "Time to Collision": 9.93942928314209,
    "Speed at Collision": 16.35909278527603,
    "Intensity": 3099.4976533557615
  },
  {
    "Scenario Name": "VehicleOpensDoor_603",
    "Scenario Description": "Scenario in which another vehicle parked at the side lane opens the door, forcing the ego to lane change, invading the opposite lane",
    "Map": "Map(name=Carla/Maps/Town10HD_Opt)",
    "Adversary Distance": 41,
    "Collision": true,
    "Weather": "ClearNight",
    "Collision Type": "Actor(id=784, type=vehicle.dodge.charger_police_2020)",
    "Time to Collision": 10.978624820709229,
    "Speed at Collision": 5.297638445677477,
    "Intensity": 859.8674852091691
  },
  {
    "Scenario Name": "VehicleOpensDoor_604",
    "Scenario Description": "Scenario in which another vehicle parked at the side lane opens the door, forcing the ego to lane change, invading the opposite lane",
    "Map": "Map(name=Carla/Maps/Town10HD_Opt)",
    "Adversary Distance": 29,
    "Collision": true,
    "Weather": "HardRainNight",
    "Collision Type": "Actor(id=789, type=vehicle.dodge.charger_police_2020)",
    "Time to Collision": 6.900453805923462,
    "Speed at Collision": 7.059566023532876,
    "Intensity": 1094.9478681939925
  },
  {
    "Scenario Name": "VehicleOpensDoor_605",
    "Scenario Description": "Scenario in which another vehicle parked at the side lane opens the door, forcing the ego to lane change, invading the opposite lane",
    "Map": "Map(name=Carla/Maps/Town10HD_Opt)",
    "Adversary Distance": 42,
    "Collision": true,
    "Weather": "HardRainNight",
    "Collision Type": "Actor(id=795, type=vehicle.dodge.charger_police_2020)",
    "Time to Collision": 8.005937814712524,
    "Speed at Collision": 8.661444664457994,
    "Intensity": 1416.6721898317608
  },
  {
    "Scenario Name": "VehicleOpensDoor_606",
    "Scenario Description": "Scenario in which another vehicle parked at the side lane opens the door, forcing the ego to lane change, invading the opposite lane",
    "Map": "Map(name=Carla/Maps/Town10HD_Opt)",
    "Adversary Distance": 20,
    "Collision": true,
    "Weather": "HardRainNight",
    "Collision Type": "Actor(id=800, type=vehicle.dodge.charger_police_2020)",
    "Time to Collision": 4.5975611209869385,
    "Speed at Collision": 8.930602114086174,
    "Intensity": 2282.501451806995
  },
  {
    "Scenario Name": "VehicleOpensDoor_607",
    "Scenario Description": "Scenario in which another vehicle parked at the side lane opens the door, forcing the ego to lane change, invading the opposite lane",
    "Map": "Map(name=Carla/Maps/Town10HD_Opt)",
    "Adversary Distance": 40,
    "Collision": true,
    "Weather": "HardRainNoon",
    "Collision Type": "Actor(id=805, type=vehicle.dodge.charger_police_2020)",
    "Time to Collision": 4.067439079284668,
    "Speed at Collision": 18.97665407115245,
    "Intensity": 3151.730596605174
  },
  {
    "Scenario Name": "VehicleOpensDoor_608",
    "Scenario Description": "Scenario in which another vehicle parked at the side lane opens the door, forcing the ego to lane change, invading the opposite lane",
    "Map": "Map(name=Carla/Maps/Town10HD_Opt)",
    "Adversary Distance": 30,
    "Collision": true,
    "Weather": "HardRainNoon",
    "Collision Type": "Actor(id=810, type=vehicle.dodge.charger_police_2020)",
    "Time to Collision": 11.239017486572266,
    "Speed at Collision": 4.112904077581394,
    "Intensity": 623.0131493011523
  },
  {
    "Scenario Name": "VehicleOpensDoor_609",
    "Scenario Description": "Scenario in which another vehicle parked at the side lane opens the door, forcing the ego to lane change, invading the opposite lane",
    "Map": "Map(name=Carla/Maps/Town10HD_Opt)",
    "Adversary Distance": 43,
    "Collision": true,
    "Weather": "HardRainNight",
    "Collision Type": "Actor(id=816, type=vehicle.dodge.charger_police_2020)",
    "Time to Collision": 6.768584966659546,
    "Speed at Collision": 12.96378031631732,
    "Intensity": 3288.0072741585423
  },
  {
    "Scenario Name": "VehicleOpensDoor_610",
    "Scenario Description": "Scenario in which another vehicle parked at the side lane opens the door, forcing the ego to lane change, invading the opposite lane",
    "Map": "Map(name=Carla/Maps/Town10HD_Opt)",
    "Adversary Distance": 56,
    "Collision": true,
    "Weather": "ClearNoon",
    "Collision Type": "Actor(id=821, type=vehicle.dodge.charger_police_2020)",
    "Time to Collision": 6.351267337799072,
    "Speed at Collision": 17.230825482884608,
    "Intensity": 4375.762119963637
  },
  {
    "Scenario Name": "VehicleOpensDoor_611",
    "Scenario Description": "Scenario in which another vehicle parked at the side lane opens the door, forcing the ego to lane change, invading the opposite lane",
    "Map": "Map(name=Carla/Maps/Town10HD_Opt)",
    "Adversary Distance": 72,
    "Collision": true,
    "Weather": "HardRainNight",
    "Collision Type": "Actor(id=826, type=vehicle.dodge.charger_police_2020)",
    "Time to Collision": 15.106270790100098,
    "Speed at Collision": 6.555574874114782,
    "Intensity": 910.3377898614029
  },
  {
    "Scenario Name": "VehicleOpensDoor_612",
    "Scenario Description": "Scenario in which another vehicle parked at the side lane opens the door, forcing the ego to lane change, invading the opposite lane",
    "Map": "Map(name=Carla/Maps/Town10HD_Opt)",
    "Adversary Distance": 29,
    "Collision": true,
    "Weather": "ClearNoon",
    "Collision Type": "Actor(id=831, type=vehicle.dodge.charger_police_2020)",
    "Time to Collision": 10.361948490142822,
    "Speed at Collision": 4.474459696729636,
    "Intensity": 672.6178658205431
  },
  {
    "Scenario Name": "VehicleOpensDoor_613",
    "Scenario Description": "Scenario in which another vehicle parked at the side lane opens the door, forcing the ego to lane change, invading the opposite lane",
    "Map": "Map(name=Carla/Maps/Town10HD_Opt)",
    "Adversary Distance": 39,
    "Collision": true,
    "Weather": "ClearNoon",
    "Collision Type": "Actor(id=837, type=vehicle.dodge.charger_police_2020)",
    "Time to Collision": 4.997627258300781,
    "Speed at Collision": 15.749067323969655,
    "Intensity": 2590.1950548675736
  },
  {
    "Scenario Name": "VehicleOpensDoor_615",
    "Scenario Description": "Scenario in which another vehicle parked at the side lane opens the door, forcing the ego to lane change, invading the opposite lane",
    "Map": "Map(name=Carla/Maps/Town10HD_Opt)",
    "Adversary Distance": 77,
    "Collision": true,
    "Weather": "HardRainNight",
    "Collision Type": "Actor(id=847, type=vehicle.dodge.charger_police_2020)",
    "Time to Collision": 5.700812816619873,
    "Speed at Collision": 23.84157827951176,
    "Intensity": 4287.895768776905
  },
  {
    "Scenario Name": "VehicleOpensDoor_616",
    "Scenario Description": "Scenario in which another vehicle parked at the side lane opens the door, forcing the ego to lane change, invading the opposite lane",
    "Map": "Map(name=Carla/Maps/Town10HD_Opt)",
    "Adversary Distance": 26,
    "Collision": true,
    "Weather": "HardRainNoon",
    "Collision Type": "Actor(id=852, type=vehicle.dodge.charger_police_2020)",
    "Time to Collision": 5.637821912765503,
    "Speed at Collision": 8.718805628582862,
    "Intensity": 2235.0977481316672
  },
  {
    "Scenario Name": "VehicleOpensDoor_617",
    "Scenario Description": "Scenario in which another vehicle parked at the side lane opens the door, forcing the ego to lane change, invading the opposite lane",
    "Map": "Map(name=Carla/Maps/Town10HD_Opt)",
    "Adversary Distance": 97,
    "Collision": true,
    "Weather": "HardRainNight",
    "Collision Type": "Actor(id=857, type=vehicle.dodge.charger_police_2020)",
    "Time to Collision": 7.2814483642578125,
    "Speed at Collision": 23.636417456521375,
    "Intensity": 5823.020386214068
  },
  {
    "Scenario Name": "VehicleOpensDoor_618",
    "Scenario Description": "Scenario in which another vehicle parked at the side lane opens the door, forcing the ego to lane change, invading the opposite lane",
    "Map": "Map(name=Carla/Maps/Town10HD_Opt)",
    "Adversary Distance": 83,
    "Collision": true,
    "Weather": "HardRainNight",
    "Collision Type": "Actor(id=862, type=vehicle.dodge.charger_police_2020)",
    "Time to Collision": 7.079261302947998,
    "Speed at Collision": 21.591676726424733,
    "Intensity": 4373.628744106281
  },
  {
    "Scenario Name": "VehicleOpensDoor_619",
    "Scenario Description": "Scenario in which another vehicle parked at the side lane opens the door, forcing the ego to lane change, invading the opposite lane",
    "Map": "Map(name=Carla/Maps/Town10HD_Opt)",
    "Adversary Distance": 85,
    "Collision": true,
    "Weather": "HardRainNight",
    "Collision Type": "Actor(id=867, type=vehicle.dodge.charger_police_2020)",
    "Time to Collision": 10.602334976196289,
    "Speed at Collision": 15.293351047251118,
    "Intensity": 2610.8073889253055
  },
  {
    "Scenario Name": "VehicleOpensDoor_620",
    "Scenario Description": "Scenario in which another vehicle parked at the side lane opens the door, forcing the ego to lane change, invading the opposite lane",
    "Map": "Map(name=Carla/Maps/Town10HD_Opt)",
    "Adversary Distance": 54,
    "Collision": true,
    "Weather": "ClearNight",
    "Collision Type": "Actor(id=872, type=vehicle.dodge.charger_police_2020)",
    "Time to Collision": 5.44465970993042,
    "Speed at Collision": 18.85376126047879,
    "Intensity": 2933.6009762742715
  },
  {
    "Scenario Name": "VehicleOpensDoor_621",
    "Scenario Description": "Scenario in which another vehicle parked at the side lane opens the door, forcing the ego to lane change, invading the opposite lane",
    "Map": "Map(name=Carla/Maps/Town10HD_Opt)",
    "Adversary Distance": 14,
    "Collision": true,
    "Weather": "HardRainNight",
    "Collision Type": "Actor(id=877, type=vehicle.dodge.charger_police_2020)",
    "Time to Collision": 3.9374942779541016,
    "Speed at Collision": 6.159157765708444,
    "Intensity": 894.253841267047
  },
  {
    "Scenario Name": "VehicleOpensDoor_623",
    "Scenario Description": "Scenario in which another vehicle parked at the side lane opens the door, forcing the ego to lane change, invading the opposite lane",
    "Map": "Map(name=Carla/Maps/Town10HD_Opt)",
    "Adversary Distance": 84,
    "Collision": true,
    "Weather": "HardRainNoon",
    "Collision Type": "Actor(id=888, type=vehicle.dodge.charger_police_2020)",
    "Time to Collision": 7.454547643661499,
    "Speed at Collision": 20.912077167902517,
    "Intensity": 4750.877404310634
  },
  {
    "Scenario Name": "VehicleOpensDoor_624",
    "Scenario Description": "Scenario in which another vehicle parked at the side lane opens the door, forcing the ego to lane change, invading the opposite lane",
    "Map": "Map(name=Carla/Maps/Town10HD_Opt)",
    "Adversary Distance": 26,
    "Collision": true,
    "Weather": "HardRainNoon",
    "Collision Type": "Actor(id=893, type=vehicle.dodge.charger_police_2020)",
    "Time to Collision": 3.5622081756591797,
    "Speed at Collision": 14.739155278147726,
    "Intensity": 3679.3933699854206
  },
  {
    "Scenario Name": "VehicleOpensDoor_625",
    "Scenario Description": "Scenario in which another vehicle parked at the side lane opens the door, forcing the ego to lane change, invading the opposite lane",
    "Map": "Map(name=Carla/Maps/Town10HD_Opt)",
    "Adversary Distance": 44,
    "Collision": true,
    "Weather": "ClearNight",
    "Collision Type": "Actor(id=898, type=vehicle.dodge.charger_police_2020)",
    "Time to Collision": 15.11774730682373,
    "Speed at Collision": 4.130434339976574,
    "Intensity": 700.4888157667414
  },
  {
    "Scenario Name": "VehicleOpensDoor_626",
    "Scenario Description": "Scenario in which another vehicle parked at the side lane opens the door, forcing the ego to lane change, invading the opposite lane",
    "Map": "Map(name=Carla/Maps/Town10HD_Opt)",
    "Adversary Distance": 87,
    "Collision": true,
    "Weather": "HardRainNoon",
    "Collision Type": "Actor(id=904, type=vehicle.dodge.charger_police_2020)",
    "Time to Collision": 7.403874158859253,
    "Speed at Collision": 21.778062719633727,
    "Intensity": 4286.395461298406
  },
  {
    "Scenario Name": "VehicleOpensDoor_627",
    "Scenario Description": "Scenario in which another vehicle parked at the side lane opens the door, forcing the ego to lane change, invading the opposite lane",
    "Map": "Map(name=Carla/Maps/Town10HD_Opt)",
    "Adversary Distance": 10,
    "Collision": true,
    "Weather": "HardRainNoon",
    "Collision Type": "Actor(id=909, type=vehicle.dodge.charger_police_2020)",
    "Time to Collision": 2.2005417346954346,
    "Speed at Collision": 9.765293121419411,
    "Intensity": 2499.8016228685183
  },
  {
    "Scenario Name": "VehicleOpensDoor_628",
    "Scenario Description": "Scenario in which another vehicle parked at the side lane opens the door, forcing the ego to lane change, invading the opposite lane",
    "Map": "Map(name=Carla/Maps/Town10HD_Opt)",
    "Adversary Distance": 78,
    "Collision": true,
    "Weather": "HardRainNoon",
    "Collision Type": "Actor(id=914, type=vehicle.dodge.charger_police_2020)",
    "Time to Collision": 5.983505964279175,
    "Speed at Collision": 23.473605270158288,
    "Intensity": 4426.607723141222
  },
  {
    "Scenario Name": "VehicleOpensDoor_629",
    "Scenario Description": "Scenario in which another vehicle parked at the side lane opens the door, forcing the ego to lane change, invading the opposite lane",
    "Map": "Map(name=Carla/Maps/Town10HD_Opt)",
    "Adversary Distance": 82,
    "Collision": true,
    "Weather": "HardRainNoon",
    "Collision Type": "Actor(id=919, type=vehicle.dodge.charger_police_2020)",
    "Time to Collision": 7.839867830276489,
    "Speed at Collision": 19.61854787630819,
    "Intensity": 3700.4787210504546
  },
  {
    "Scenario Name": "VehicleOpensDoor_630",
    "Scenario Description": "Scenario in which another vehicle parked at the side lane opens the door, forcing the ego to lane change, invading the opposite lane",
    "Map": "Map(name=Carla/Maps/Town10HD_Opt)",
    "Adversary Distance": 37,
    "Collision": true,
    "Weather": "HardRainNoon",
    "Collision Type": "Actor(id=924, type=vehicle.dodge.charger_police_2020)",
    "Time to Collision": 4.630368709564209,
    "Speed at Collision": 16.16647754044616,
    "Intensity": 4085.9417568817157
  },
  {
    "Scenario Name": "VehicleOpensDoor_631",
    "Scenario Description": "Scenario in which another vehicle parked at the side lane opens the door, forcing the ego to lane change, invading the opposite lane",
    "Map": "Map(name=Carla/Maps/Town10HD_Opt)",
    "Adversary Distance": 31,
    "Collision": true,
    "Weather": "ClearNight",
    "Collision Type": "Actor(id=929, type=vehicle.dodge.charger_police_2020)",
    "Time to Collision": 4.111668109893799,
    "Speed at Collision": 15.206975393148152,
    "Intensity": 3861.071337434686
  },
  {
    "Scenario Name": "VehicleOpensDoor_632",
    "Scenario Description": "Scenario in which another vehicle parked at the side lane opens the door, forcing the ego to lane change, invading the opposite lane",
    "Map": "Map(name=Carla/Maps/Town10HD_Opt)",
    "Adversary Distance": 52,
    "Collision": true,
    "Weather": "ClearNoon",
    "Collision Type": "Actor(id=934, type=vehicle.dodge.charger_police_2020)",
    "Time to Collision": 14.227045059204102,
    "Speed at Collision": 5.033452315090005,
    "Intensity": 1247.2550862514076
  },
  {
    "Scenario Name": "VehicleOpensDoor_633",
    "Scenario Description": "Scenario in which another vehicle parked at the side lane opens the door, forcing the ego to lane change, invading the opposite lane",
    "Map": "Map(name=Carla/Maps/Town10HD_Opt)",
    "Adversary Distance": 58,
    "Collision": true,
    "Weather": "HardRainNight",
    "Collision Type": "Actor(id=939, type=vehicle.dodge.charger_police_2020)",
    "Time to Collision": 5.0753936767578125,
    "Speed at Collision": 21.025889507064637,
    "Intensity": 4694.069547307916
  },
  {
    "Scenario Name": "VehicleOpensDoor_634",
    "Scenario Description": "Scenario in which another vehicle parked at the side lane opens the door, forcing the ego to lane change, invading the opposite lane",
    "Map": "Map(name=Carla/Maps/Town10HD_Opt)",
    "Adversary Distance": 52,
    "Collision": true,
    "Weather": "HardRainNight",
    "Collision Type": "Actor(id=944, type=vehicle.dodge.charger_police_2020)",
    "Time to Collision": 7.0617005825042725,
    "Speed at Collision": 14.66780683785503,
    "Intensity": 2189.8255520037774
  },
  {
    "Scenario Name": "VehicleOpensDoor_635",
    "Scenario Description": "Scenario in which another vehicle parked at the side lane opens the door, forcing the ego to lane change, invading the opposite lane",
    "Map": "Map(name=Carla/Maps/Town10HD_Opt)",
    "Adversary Distance": 82,
    "Collision": true,
    "Weather": "ClearNoon",
    "Collision Type": "Actor(id=949, type=vehicle.dodge.charger_police_2020)",
    "Time to Collision": 6.922453165054321,
    "Speed at Collision": 21.72395569170835,
    "Intensity": 4431.291030644769
  },
  {
    "Scenario Name": "VehicleOpensDoor_636",
    "Scenario Description": "Scenario in which another vehicle parked at the side lane opens the door, forcing the ego to lane change, invading the opposite lane",
    "Map": "Map(name=Carla/Maps/Town10HD_Opt)",
    "Adversary Distance": 74,
    "Collision": true,
    "Weather": "HardRainNoon",
    "Collision Type": "Actor(id=954, type=vehicle.dodge.charger_police_2020)",
    "Time to Collision": 8.01195764541626,
    "Speed at Collision": 17.943853382455423,
    "Intensity": 3479.9004056823437
  },
  {
    "Scenario Name": "VehicleOpensDoor_637",
    "Scenario Description": "Scenario in which another vehicle parked at the side lane opens the door, forcing the ego to lane change, invading the opposite lane",
    "Map": "Map(name=Carla/Maps/Town10HD_Opt)",
    "Adversary Distance": 18,
    "Collision": true,
    "Weather": "HardRainNight",
    "Collision Type": "Actor(id=959, type=vehicle.dodge.charger_police_2020)",
    "Time to Collision": 3.6861913204193115,
    "Speed at Collision": 10.427321457937541,
    "Intensity": 2629.857599099175
  },
  {
    "Scenario Name": "VehicleOpensDoor_638",
    "Scenario Description": "Scenario in which another vehicle parked at the side lane opens the door, forcing the ego to lane change, invading the opposite lane",
    "Map": "Map(name=Carla/Maps/Town10HD_Opt)",
    "Adversary Distance": 42,
    "Collision": true,
    "Weather": "HardRainNight",
    "Collision Type": "Actor(id=964, type=vehicle.dodge.charger_police_2020)",
    "Time to Collision": 8.527697324752808,
    "Speed at Collision": 10.081454279162223,
    "Intensity": 2542.8461443345163
  },
  {
    "Scenario Name": "VehicleOpensDoor_639",
    "Scenario Description": "Scenario in which another vehicle parked at the side lane opens the door, forcing the ego to lane change, invading the opposite lane",
    "Map": "Map(name=Carla/Maps/Town10HD_Opt)",
    "Adversary Distance": 17,
    "Collision": true,
    "Weather": "ClearNoon",
    "Collision Type": "Actor(id=969, type=vehicle.dodge.charger_police_2020)",
    "Time to Collision": 4.508451223373413,
    "Speed at Collision": 6.788723256973844,
    "Intensity": 1691.557766715861
  },
  {
    "Scenario Name": "VehicleOpensDoor_640",
    "Scenario Description": "Scenario in which another vehicle parked at the side lane opens the door, forcing the ego to lane change, invading the opposite lane",
    "Map": "Map(name=Carla/Maps/Town10HD_Opt)",
    "Adversary Distance": 65,
    "Collision": true,
    "Weather": "ClearNight",
    "Collision Type": "Actor(id=975, type=vehicle.dodge.charger_police_2020)",
    "Time to Collision": 14.83701229095459,
    "Speed at Collision": 5.965918065592893,
    "Intensity": 1111.266895475036
  },
  {
    "Scenario Name": "VehicleOpensDoor_641",
    "Scenario Description": "Scenario in which another vehicle parked at the side lane opens the door, forcing the ego to lane change, invading the opposite lane",
    "Map": "Map(name=Carla/Maps/Town10HD_Opt)",
    "Adversary Distance": 81,
    "Collision": true,
    "Weather": "ClearNoon",
    "Collision Type": "Actor(id=980, type=vehicle.dodge.charger_police_2020)",
    "Time to Collision": 9.116519451141357,
    "Speed at Collision": 16.905552072775418,
    "Intensity": 2950.536624158913
  },
  {
    "Scenario Name": "VehicleOpensDoor_642",
    "Scenario Description": "Scenario in which another vehicle parked at the side lane opens the door, forcing the ego to lane change, invading the opposite lane",
    "Map": "Map(name=Carla/Maps/Town10HD_Opt)",
    "Adversary Distance": 72,
    "Collision": true,
    "Weather": "HardRainNoon",
    "Collision Type": "Actor(id=985, type=vehicle.dodge.charger_police_2020)",
    "Time to Collision": 6.311630010604858,
    "Speed at Collision": 21.322846515995558,
    "Intensity": 4308.164967379717
  },
  {
    "Scenario Name": "VehicleOpensDoor_643",
    "Scenario Description": "Scenario in which another vehicle parked at the side lane opens the door, forcing the ego to lane change, invading the opposite lane",
    "Map": "Map(name=Carla/Maps/Town10HD_Opt)",
    "Adversary Distance": 58,
    "Collision": true,
    "Weather": "ClearNoon",
    "Collision Type": "Actor(id=990, type=vehicle.dodge.charger_police_2020)",
    "Time to Collision": 5.1210503578186035,
    "Speed at Collision": 20.974136020902623,
    "Intensity": 5291.395414800667
  },
  {
    "Scenario Name": "VehicleOpensDoor_644",
    "Scenario Description": "Scenario in which another vehicle parked at the side lane opens the door, forcing the ego to lane change, invading the opposite lane",
    "Map": "Map(name=Carla/Maps/Town10HD_Opt)",
    "Adversary Distance": 55,
    "Collision": true,
    "Weather": "HardRainNoon",
    "Collision Type": "Actor(id=995, type=vehicle.dodge.charger_police_2020)",
    "Time to Collision": 6.1249918937683105,
    "Speed at Collision": 17.587289156848286,
    "Intensity": 3059.033283998907
  },
  {
    "Scenario Name": "VehicleOpensDoor_645",
    "Scenario Description": "Scenario in which another vehicle parked at the side lane opens the door, forcing the ego to lane change, invading the opposite lane",
    "Map": "Map(name=Carla/Maps/Town10HD_Opt)",
    "Adversary Distance": 95,
    "Collision": true,
    "Weather": "ClearNight",
    "Collision Type": "Actor(id=1000, type=vehicle.dodge.charger_police_2020)",
    "Time to Collision": 7.4224371910095215,
    "Speed at Collision": 22.880088099932458,
    "Intensity": 4945.971122189772
  },
  {
    "Scenario Name": "VehicleOpensDoor_646",
    "Scenario Description": "Scenario in which another vehicle parked at the side lane opens the door, forcing the ego to lane change, invading the opposite lane",
    "Map": "Map(name=Carla/Maps/Town10HD_Opt)",
    "Adversary Distance": 71,
    "Collision": true,
    "Weather": "ClearNight",
    "Collision Type": "Actor(id=1005, type=vehicle.dodge.charger_police_2020)",
    "Time to Collision": 6.696449041366577,
    "Speed at Collision": 20.098397060475595,
    "Intensity": 5054.540732918943
  },
  {
    "Scenario Name": "VehicleOpensDoor_647",
    "Scenario Description": "Scenario in which another vehicle parked at the side lane opens the door, forcing the ego to lane change, invading the opposite lane",
    "Map": "Map(name=Carla/Maps/Town10HD_Opt)",
    "Adversary Distance": 64,
    "Collision": true,
    "Weather": "HardRainNoon",
    "Collision Type": "Actor(id=1010, type=vehicle.dodge.charger_police_2020)",
    "Time to Collision": 5.561560392379761,
    "Speed at Collision": 21.322163947846132,
    "Intensity": 4226.554927970406
  },
  {
    "Scenario Name": "VehicleOpensDoor_648",
    "Scenario Description": "Scenario in which another vehicle parked at the side lane opens the door, forcing the ego to lane change, invading the opposite lane",
    "Map": "Map(name=Carla/Maps/Town10HD_Opt)",
    "Adversary Distance": 61,
    "Collision": true,
    "Weather": "ClearNoon",
    "Collision Type": "Actor(id=1015, type=vehicle.dodge.charger_police_2020)",
    "Time to Collision": 6.5940985679626465,
    "Speed at Collision": 17.929534921190143,
    "Intensity": 3560.3016404937302
  },
  {
    "Scenario Name": "VehicleOpensDoor_649",
    "Scenario Description": "Scenario in which another vehicle parked at the side lane opens the door, forcing the ego to lane change, invading the opposite lane",
    "Map": "Map(name=Carla/Maps/Town10HD_Opt)",
    "Adversary Distance": 70,
    "Collision": true,
    "Weather": "HardRainNoon",
    "Collision Type": "Actor(id=1020, type=vehicle.dodge.charger_police_2020)",
    "Time to Collision": 6.7797300815582275,
    "Speed at Collision": 19.68623193120754,
    "Intensity": 4070.4996635754214
  },
  {
    "Scenario Name": "VehicleOpensDoor_650",
    "Scenario Description": "Scenario in which another vehicle parked at the side lane opens the door, forcing the ego to lane change, invading the opposite lane",
    "Map": "Map(name=Carla/Maps/Town10HD_Opt)",
    "Adversary Distance": 52,
    "Collision": true,
    "Weather": "HardRainNoon",
    "Collision Type": "Actor(id=1025, type=vehicle.dodge.charger_police_2020)",
    "Time to Collision": 5.874850511550903,
    "Speed at Collision": 17.449403826270952,
    "Intensity": 3102.4662797228293
  },
  {
    "Scenario Name": "VehicleOpensDoor_651",
    "Scenario Description": "Scenario in which another vehicle parked at the side lane opens the door, forcing the ego to lane change, invading the opposite lane",
    "Map": "Map(name=Carla/Maps/Town10HD_Opt)",
    "Adversary Distance": 10,
    "Collision": true,
    "Weather": "ClearNoon",
    "Collision Type": "Actor(id=1030, type=vehicle.dodge.charger_police_2020)",
    "Time to Collision": 2.520136833190918,
    "Speed at Collision": 8.2997283969669,
    "Intensity": 1155.7352156320087
  },
  {
    "Scenario Name": "VehicleOpensDoor_652",
    "Scenario Description": "Scenario in which another vehicle parked at the side lane opens the door, forcing the ego to lane change, invading the opposite lane",
    "Map": "Map(name=Carla/Maps/Town10HD_Opt)",
    "Adversary Distance": 80,
    "Collision": true,
    "Weather": "HardRainNight",
    "Collision Type": "Actor(id=1036, type=vehicle.dodge.charger_police_2020)",
    "Time to Collision": 7.88124418258667,
    "Speed at Collision": 19.174097346961737,
    "Intensity": 3610.337685421323
  },
  {
    "Scenario Name": "VehicleOpensDoor_653",
    "Scenario Description": "Scenario in which another vehicle parked at the side lane opens the door, forcing the ego to lane change, invading the opposite lane",
    "Map": "Map(name=Carla/Maps/Town10HD_Opt)",
    "Adversary Distance": 92,
    "Collision": true,
    "Weather": "HardRainNoon",
    "Collision Type": "Actor(id=1041, type=vehicle.dodge.charger_police_2020)",
    "Time to Collision": 6.479706764221191,
    "Speed at Collision": 25.334365822579496,
    "Intensity": 6085.57861140616
  },
  {
    "Scenario Name": "VehicleOpensDoor_654",
    "Scenario Description": "Scenario in which another vehicle parked at the side lane opens the door, forcing the ego to lane change, invading the opposite lane",
    "Map": "Map(name=Carla/Maps/Town10HD_Opt)",
    "Adversary Distance": 99,
    "Collision": true,
    "Weather": "ClearNoon",
    "Collision Type": "Actor(id=1046, type=vehicle.dodge.charger_police_2020)",
    "Time to Collision": 7.552382707595825,
    "Speed at Collision": 23.431527210966475,
    "Intensity": 4985.992199761989
  }
]