[
  {
    "Scenario Name": "VehicleOpensDoor_859",
    "Scenario Description": "Scenario in which another vehicle parked at the side lane opens the door, forcing the ego to lane change, invading the opposite lane",
    "Map": "Map(name=Carla/Maps/Town10HD_Opt)",
    "Adversary Distance": 95,
    "Collision": false,
    "Weather": "HardRainNight"
  },
  {
    "Scenario Name": "VehicleOpensDoor_900",
    "Scenario Description": "Scenario in which another vehicle parked at the side lane opens the door, forcing the ego to lane change, invading the opposite lane",
    "Map": "Map(name=Carla/Maps/Town10HD_Opt)",
    "Adversary Distance": 84,
    "Collision": false,
    "Weather": "ClearNoon"
  },
  {
    "Scenario Name": "VehicleOpensDoor_925",
    "Scenario Description": "Scenario in which another vehicle parked at the side lane opens the door, forcing the ego to lane change, invading the opposite lane",
    "Map": "Map(name=Carla/Maps/Town10HD_Opt)",
    "Adversary Distance": 90,
    "Collision": false,
    "Weather": "HardRainNight"
  }
]