[
  {
    "Scenario Name": "VehicleOpensDoor_855",
    "Scenario Description": "Scenario in which another vehicle parked at the side lane opens the door, forcing the ego to lane change, invading the opposite lane",
    "Map": "Map(name=Carla/Maps/Town10HD_Opt)",
    "Adversary Distance": 58,
    "Collision": true,
    "Weather": "ClearNight",
    "Collision Type": "Actor(id=2070, type=vehicle.dodge.charger_police_2020)",
    "Time to Collision": 15.11931562423706,
    "Speed at Collision": 5.075663090725961,
    "Intensity": 1288.574742873492
  },
  {
    "Scenario Name": "VehicleOpensDoor_856",
    "Scenario Description": "Scenario in which another vehicle parked at the side lane opens the door, forcing the ego to lane change, invading the opposite lane",
    "Map": "Map(name=Carla/Maps/Town10HD_Opt)",
    "Adversary Distance": 51,
    "Collision": true,
    "Weather": "ClearNoon",
    "Collision Type": "Actor(id=2075, type=vehicle.dodge.charger_police_2020)",
    "Time to Collision": 11.026790142059326,
    "Speed at Collision": 7.004469108747994,
    "Intensity": 1169.7628374149858
  },
  {
    "Scenario Name": "VehicleOpensDoor_857",
    "Scenario Description": "Scenario in which another vehicle parked at the side lane opens the door, forcing the ego to lane change, invading the opposite lane",
    "Map": "Map(name=Carla/Maps/Town10HD_Opt)",
    "Adversary Distance": 34,
    "Collision": true,
    "Weather": "HardRainNight",
    "Collision Type": "Actor(id=2080, type=vehicle.dodge.charger_police_2020)",
    "Time to Collision": 4.222469806671143,
    "Speed at Collision": 16.08507061389472,
    "Intensity": 2478.7195338469455
  },
  {
    "Scenario Name": "VehicleOpensDoor_858",
    "Scenario Description": "Scenario in which another vehicle parked at the side lane opens the door, forcing the ego to lane change, invading the opposite lane",
    "Map": "Map(name=Carla/Maps/Town10HD_Opt)",
    "Adversary Distance": 81,
    "Collision": true,
    "Weather": "ClearNoon",
    "Collision Type": "Actor(id=2085, type=vehicle.dodge.charger_police_2020)",
    "Time to Collision": 15.170992851257324,
    "Speed at Collision": 7.409118721713055,
    "Intensity": 1526.4580312580013
  },
  {
    "Scenario Name": "VehicleOpensDoor_860",
    "Scenario Description": "Scenario in which another vehicle parked at the side lane opens the door, forcing the ego to lane change, invading the opposite lane",
    "Map": "Map(name=Carla/Maps/Town10HD_Opt)",
    "Adversary Distance": 22,
    "Collision": true,
    "Weather": "ClearNoon",
    "Collision Type": "Actor(id=2096, type=vehicle.dodge.charger_police_2020)",
    "Time to Collision": 4.708132028579712,
    "Speed at Collision": 9.354238851045524,
    "Intensity": 2374.213975114604
  },
  {
    "Scenario Name": "VehicleOpensDoor_861",
    "Scenario Description": "Scenario in which another vehicle parked at the side lane opens the door, forcing the ego to lane change, invading the opposite lane",
    "Map": "Map(name=Carla/Maps/Town10HD_Opt)",
    "Adversary Distance": 88,
    "Collision": true,
    "Weather": "HardRainNight",
    "Collision Type": "Actor(id=2101, type=vehicle.dodge.charger_police_2020)",
    "Time to Collision": 6.444586992263794,
    "Speed at Collision": 24.290981888769355,
    "Intensity": 5436.854231677305
  },
  {
    "Scenario Name": "VehicleOpensDoor_862",
    "Scenario Description": "Scenario in which another vehicle parked at the side lane opens the door, forcing the ego to lane change, invading the opposite lane",
    "Map": "Map(name=Carla/Maps/Town10HD_Opt)",
    "Adversary Distance": 25,
    "Collision": true,
    "Weather": "HardRainNoon",
    "Collision Type": "Actor(id=2106, type=vehicle.dodge.charger_police_2020)",
    "Time to Collision": 5.885670900344849,
    "Speed at Collision": 7.6368026993553935,
    "Intensity": 1108.2520923884206
  },
  {
    "Scenario Name": "VehicleOpensDoor_863",
    "Scenario Description": "Scenario in which another vehicle parked at the side lane opens the door, forcing the ego to lane change, invading the opposite lane",
    "Map": "Map(name=Carla/Maps/Town10HD_Opt)",
    "Adversary Distance": 86,
    "Collision": true,
    "Weather": "HardRainNoon",
    "Collision Type": "Actor(id=2112, type=vehicle.dodge.charger_police_2020)",
    "Time to Collision": 6.688421249389648,
    "Speed at Collision": 23.170019421154873,
    "Intensity": 4796.602096762739
  },
  {
    "Scenario Name": "VehicleOpensDoor_864",
    "Scenario Description": "Scenario in which another vehicle parked at the side lane opens the door, forcing the ego to lane change, invading the opposite lane",
    "Map": "Map(name=Carla/Maps/Town10HD_Opt)",
    "Adversary Distance": 61,
    "Collision": true,
    "Weather": "HardRainNoon",
    "Collision Type": "Actor(id=2117, type=vehicle.dodge.charger_police_2020)",
    "Time to Collision": 7.89906907081604,
    "Speed at Collision": 15.240897249469517,
    "Intensity": 2761.5713341999635
  },
  {
    "Scenario Name": "VehicleOpensDoor_865",
    "Scenario Description": "Scenario in which another vehicle parked at the side lane opens the door, forcing the ego to lane change, invading the opposite lane",
    "Map": "Map(name=Carla/Maps/Town10HD_Opt)",
    "Adversary Distance": 40,
    "Collision": true,
    "Weather": "ClearNoon",
    "Collision Type": "Actor(id=2122, type=vehicle.dodge.charger_police_2020)",
    "Time to Collision": 5.302659034729004,
    "Speed at Collision": 15.305927580373256,
    "Intensity": 2393.8192177063347
  },
  {
    "Scenario Name": "VehicleOpensDoor_866",
    "Scenario Description": "Scenario in which another vehicle parked at the side lane opens the door, forcing the ego to lane change, invading the opposite lane",
    "Map": "Map(name=Carla/Maps/Town10HD_Opt)",
    "Adversary Distance": 17,
    "Collision": true,
    "Weather": "HardRainNoon",
    "Collision Type": "Actor(id=2127, type=vehicle.dodge.charger_police_2020)",
    "Time to Collision": 6.642263412475586,
    "Speed at Collision": 4.192117831610916,
    "Intensity": 606.2141234753867
  },
  {
    "Scenario Name": "VehicleOpensDoor_867",
    "Scenario Description": "Scenario in which another vehicle parked at the side lane opens the door, forcing the ego to lane change, invading the opposite lane",
    "Map": "Map(name=Carla/Maps/Town10HD_Opt)",
    "Adversary Distance": 68,
    "Collision": true,
    "Weather": "HardRainNoon",
    "Collision Type": "Actor(id=2133, type=vehicle.dodge.charger_police_2020)",
    "Time to Collision": 12.011162996292114,
    "Speed at Collision": 8.339526438431626,
    "Intensity": 2113.5420634594507
  },
  {
    "Scenario Name": "VehicleOpensDoor_868",
    "Scenario Description": "Scenario in which another vehicle parked at the side lane opens the door, forcing the ego to lane change, invading the opposite lane",
    "Map": "Map(name=Carla/Maps/Town10HD_Opt)",
    "Adversary Distance": 68,
    "Collision": true,
    "Weather": "HardRainNight",
    "Collision Type": "Actor(id=2138, type=vehicle.dodge.charger_police_2020)",
    "Time to Collision": 6.083347797393799,
    "Speed at Collision": 20.822110535722434,
    "Intensity": 3821.399426813262
  },
  {
    "Scenario Name": "VehicleOpensDoor_869",
    "Scenario Description": "Scenario in which another vehicle parked at the side lane opens the door, forcing the ego to lane change, invading the opposite lane",
    "Map": "Map(name=Carla/Maps/Town10HD_Opt)",
    "Adversary Distance": 87,
    "Collision": true,
    "Weather": "HardRainNoon",
    "Collision Type": "Actor(id=2143, type=vehicle.dodge.charger_police_2020)",
    "Time to Collision": 9.701247453689575,
    "Speed at Collision": 16.924040400910865,
    "Intensity": 3569.074177939461
  },
  {
    "Scenario Name": "VehicleOpensDoor_870",
    "Scenario Description": "Scenario in which another vehicle parked at the side lane opens the door, forcing the ego to lane change, invading the opposite lane",
    "Map": "Map(name=Carla/Maps/Town10HD_Opt)",
    "Adversary Distance": 10,
    "Collision": true,
    "Weather": "HardRainNight",
    "Collision Type": "Actor(id=2148, type=vehicle.dodge.charger_police_2020)",
    "Time to Collision": 5.158679008483887,
    "Speed at Collision": 2.445241209487021,
    "Intensity": 105.1315754733549
  },
  {
    "Scenario Name": "VehicleOpensDoor_871",
    "Scenario Description": "Scenario in which another vehicle parked at the side lane opens the door, forcing the ego to lane change, invading the opposite lane",
    "Map": "Map(name=Carla/Maps/Town10HD_Opt)",
    "Adversary Distance": 50,
    "Collision": true,
    "Weather": "ClearNoon",
    "Collision Type": "Actor(id=2154, type=vehicle.dodge.charger_police_2020)",
    "Time to Collision": 14.58998966217041,
    "Speed at Collision": 5.007153625889404,
    "Intensity": 1265.6713636175266
  },
  {
    "Scenario Name": "VehicleOpensDoor_872",
    "Scenario Description": "Scenario in which another vehicle parked at the side lane opens the door, forcing the ego to lane change, invading the opposite lane",
    "Map": "Map(name=Carla/Maps/Town10HD_Opt)",
    "Adversary Distance": 89,
    "Collision": true,
    "Weather": "ClearNight",
    "Collision Type": "Actor(id=2159, type=vehicle.dodge.charger_police_2020)",
    "Time to Collision": 17.72437810897827,
    "Speed at Collision": 6.4900210295109835,
    "Intensity": 1234.8750196322487
  },
  {
    "Scenario Name": "VehicleOpensDoor_873",
    "Scenario Description": "Scenario in which another vehicle parked at the side lane opens the door, forcing the ego to lane change, invading the opposite lane",
    "Map": "Map(name=Carla/Maps/Town10HD_Opt)",
    "Adversary Distance": 99,
    "Collision": true,
    "Weather": "ClearNoon",
    "Collision Type": "Actor(id=2165, type=vehicle.dodge.charger_police_2020)",
    "Time to Collision": 11.429101467132568,
    "Speed at Collision": 16.24384890800713,
    "Intensity": 3222.401473421409
  },
  {
    "Scenario Name": "VehicleOpensDoor_874",
    "Scenario Description": "Scenario in which another vehicle parked at the side lane opens the door, forcing the ego to lane change, invading the opposite lane",
    "Map": "Map(name=Carla/Maps/Town10HD_Opt)",
    "Adversary Distance": 65,
    "Collision": true,
    "Weather": "HardRainNight",
    "Collision Type": "Actor(id=2170, type=vehicle.dodge.charger_police_2020)",
    "Time to Collision": 13.970879793167114,
    "Speed at Collision": 6.396481038695577,
    "Intensity": 1199.8480070905246
  },
  {
    "Scenario Name": "VehicleOpensDoor_875",
    "Scenario Description": "Scenario in which another vehicle parked at the side lane opens the door, forcing the ego to lane change, invading the opposite lane",
    "Map": "Map(name=Carla/Maps/Town10HD_Opt)",
    "Adversary Distance": 92,
    "Collision": true,
    "Weather": "HardRainNight",
    "Collision Type": "Actor(id=2175, type=vehicle.dodge.charger_police_2020)",
    "Time to Collision": 6.806325674057007,
    "Speed at Collision": 23.832218616411595,
    "Intensity": 5115.682273703899
  },
  {
    "Scenario Name": "VehicleOpensDoor_876",
    "Scenario Description": "Scenario in which another vehicle parked at the side lane opens the door, forcing the ego to lane change, invading the opposite lane",
    "Map": "Map(name=Carla/Maps/Town10HD_Opt)",
    "Adversary Distance": 83,
    "Collision": true,
    "Weather": "HardRainNoon",
    "Collision Type": "Actor(id=2180, type=vehicle.dodge.charger_police_2020)",
    "Time to Collision": 6.044715404510498,
    "Speed at Collision": 24.58593034575094,
    "Intensity": 5837.931916295611
  },
  {
    "Scenario Name": "VehicleOpensDoor_877",
    "Scenario Description": "Scenario in which another vehicle parked at the side lane opens the door, forcing the ego to lane change, invading the opposite lane",
    "Map": "Map(name=Carla/Maps/Town10HD_Opt)",
    "Adversary Distance": 28,
    "Collision": true,
    "Weather": "ClearNoon",
    "Collision Type": "Actor(id=2185, type=vehicle.dodge.charger_police_2020)",
    "Time to Collision": 4.431675434112549,
    "Speed at Collision": 13.511507053322735,
    "Intensity": 2058.6862442071188
  },
  {
    "Scenario Name": "VehicleOpensDoor_878",
    "Scenario Description": "Scenario in which another vehicle parked at the side lane opens the door, forcing the ego to lane change, invading the opposite lane",
    "Map": "Map(name=Carla/Maps/Town10HD_Opt)",
    "Adversary Distance": 94,
    "Collision": true,
    "Weather": "ClearNoon",
    "Collision Type": "Actor(id=2190, type=vehicle.dodge.charger_police_2020)",
    "Time to Collision": 6.7272443771362305,
    "Speed at Collision": 24.779314366450368,
    "Intensity": 5360.043860370114
  },
  {
    "Scenario Name": "VehicleOpensDoor_879",
    "Scenario Description": "Scenario in which another vehicle parked at the side lane opens the door, forcing the ego to lane change, invading the opposite lane",
    "Map": "Map(name=Carla/Maps/Town10HD_Opt)",
    "Adversary Distance": 57,
    "Collision": true,
    "Weather": "HardRainNight",
    "Collision Type": "Actor(id=2195, type=vehicle.dodge.charger_police_2020)",
    "Time to Collision": 5.257015943527222,
    "Speed at Collision": 20.31227588684973,
    "Intensity": 5117.293417487612
  },
  {
    "Scenario Name": "VehicleOpensDoor_880",
    "Scenario Description": "Scenario in which another vehicle parked at the side lane opens the door, forcing the ego to lane change, invading the opposite lane",
    "Map": "Map(name=Carla/Maps/Town10HD_Opt)",
    "Adversary Distance": 82,
    "Collision": true,
    "Weather": "ClearNight",
    "Collision Type": "Actor(id=2200, type=vehicle.dodge.charger_police_2020)",
    "Time to Collision": 6.834923982620239,
    "Speed at Collision": 21.854574429717886,
    "Intensity": 3870.39190311812
  },
  {
    "Scenario Name": "VehicleOpensDoor_881",
    "Scenario Description": "Scenario in which another vehicle parked at the side lane opens the door, forcing the ego to lane change, invading the opposite lane",
    "Map": "Map(name=Carla/Maps/Town10HD_Opt)",
    "Adversary Distance": 56,
    "Collision": true,
    "Weather": "ClearNoon",
    "Collision Type": "Actor(id=2205, type=vehicle.dodge.charger_police_2020)",
    "Time to Collision": 5.831860065460205,
    "Speed at Collision": 18.558096122754066,
    "Intensity": 4691.009489277704
  },
  {
    "Scenario Name": "VehicleOpensDoor_882",
    "Scenario Description": "Scenario in which another vehicle parked at the side lane opens the door, forcing the ego to lane change, invading the opposite lane",
    "Map": "Map(name=Carla/Maps/Town10HD_Opt)",
    "Adversary Distance": 64,
    "Collision": true,
    "Weather": "ClearNoon",
    "Collision Type": "Actor(id=2210, type=vehicle.dodge.charger_police_2020)",
    "Time to Collision": 8.653656721115112,
    "Speed at Collision": 14.7397081622582,
    "Intensity": 3757.5842676351363
  },
  {
    "Scenario Name": "VehicleOpensDoor_883",
    "Scenario Description": "Scenario in which another vehicle parked at the side lane opens the door, forcing the ego to lane change, invading the opposite lane",
    "Map": "Map(name=Carla/Maps/Town10HD_Opt)",
    "Adversary Distance": 38,
    "Collision": true,
    "Weather": "HardRainNight",
    "Collision Type": "Actor(id=2215, type=vehicle.dodge.charger_police_2020)",
    "Time to Collision": 4.122007131576538,
    "Speed at Collision": 18.131488800246895,
    "Intensity": 4573.270379508077
  },
  {
    "Scenario Name": "VehicleOpensDoor_884",
    "Scenario Description": "Scenario in which another vehicle parked at the side lane opens the door, forcing the ego to lane change, invading the opposite lane",
    "Map": "Map(name=Carla/Maps/Town10HD_Opt)",
    "Adversary Distance": 97,
    "Collision": true,
    "Weather": "HardRainNight",
    "Collision Type": "Actor(id=2220, type=vehicle.dodge.charger_police_2020)",
    "Time to Collision": 8.687626123428345,
    "Speed at Collision": 20.528999472505394,
    "Intensity": 3883.160750788291
  },
  {
    "Scenario Name": "VehicleOpensDoor_885",
    "Scenario Description": "Scenario in which another vehicle parked at the side lane opens the door, forcing the ego to lane change, invading the opposite lane",
    "Map": "Map(name=Carla/Maps/Town10HD_Opt)",
    "Adversary Distance": 41,
    "Collision": true,
    "Weather": "HardRainNight",
    "Collision Type": "Actor(id=2225, type=vehicle.dodge.charger_police_2020)",
    "Time to Collision": 4.019776105880737,
    "Speed at Collision": 19.186085375070846,
    "Intensity": 3335.3033199380634
  },
  {
    "Scenario Name": "VehicleOpensDoor_886",
    "Scenario Description": "Scenario in which another vehicle parked at the side lane opens the door, forcing the ego to lane change, invading the opposite lane",
    "Map": "Map(name=Carla/Maps/Town10HD_Opt)",
    "Adversary Distance": 18,
    "Collision": true,
    "Weather": "HardRainNight",
    "Collision Type": "Actor(id=2230, type=vehicle.dodge.charger_police_2020)",
    "Time to Collision": 6.690428018569946,
    "Speed at Collision": 4.281648900234794,
    "Intensity": 621.2277237726861
  },
  {
    "Scenario Name": "VehicleOpensDoor_887",
    "Scenario Description": "Scenario in which another vehicle parked at the side lane opens the door, forcing the ego to lane change, invading the opposite lane",
    "Map": "Map(name=Carla/Maps/Town10HD_Opt)",
    "Adversary Distance": 66,
    "Collision": true,
    "Weather": "ClearNight",
    "Collision Type": "Actor(id=2236, type=vehicle.dodge.charger_police_2020)",
    "Time to Collision": 7.467090368270874,
    "Speed at Collision": 17.229827906051103,
    "Intensity": 3051.4173970622583
  },
  {
    "Scenario Name": "VehicleOpensDoor_888",
    "Scenario Description": "Scenario in which another vehicle parked at the side lane opens the door, forcing the ego to lane change, invading the opposite lane",
    "Map": "Map(name=Carla/Maps/Town10HD_Opt)",
    "Adversary Distance": 94,
    "Collision": true,
    "Weather": "HardRainNoon",
    "Collision Type": "Actor(id=2241, type=vehicle.dodge.charger_police_2020)",
    "Time to Collision": 6.822380781173706,
    "Speed at Collision": 24.459835391121924,
    "Intensity": 5772.543885264943
  },
  {
    "Scenario Name": "VehicleOpensDoor_889",
    "Scenario Description": "Scenario in which another vehicle parked at the side lane opens the door, forcing the ego to lane change, invading the opposite lane",
    "Map": "Map(name=Carla/Maps/Town10HD_Opt)",
    "Adversary Distance": 94,
    "Collision": true,
    "Weather": "ClearNight",
    "Collision Type": "Actor(id=2246, type=vehicle.dodge.charger_police_2020)",
    "Time to Collision": 11.216439962387085,
    "Speed at Collision": 15.87774289320208,
    "Intensity": 2987.120309741418
  },
  {
    "Scenario Name": "VehicleOpensDoor_890",
    "Scenario Description": "Scenario in which another vehicle parked at the side lane opens the door, forcing the ego to lane change, invading the opposite lane",
    "Map": "Map(name=Carla/Maps/Town10HD_Opt)",
    "Adversary Distance": 73,
    "Collision": true,
    "Weather": "ClearNight",
    "Collision Type": "Actor(id=2251, type=vehicle.dodge.charger_police_2020)",
    "Time to Collision": 5.7461934089660645,
    "Speed at Collision": 22.666090046702518,
    "Intensity": 4390.105969996913
  },
  {
    "Scenario Name": "VehicleOpensDoor_891",
    "Scenario Description": "Scenario in which another vehicle parked at the side lane opens the door, forcing the ego to lane change, invading the opposite lane",
    "Map": "Map(name=Carla/Maps/Town10HD_Opt)",
    "Adversary Distance": 93,
    "Collision": true,
    "Weather": "HardRainNight",
    "Collision Type": "Actor(id=2256, type=vehicle.dodge.charger_police_2020)",
    "Time to Collision": 7.177096128463745,
    "Speed at Collision": 23.125440908700813,
    "Intensity": 4717.279496451893
  },
  {
    "Scenario Name": "VehicleOpensDoor_892",
    "Scenario Description": "Scenario in which another vehicle parked at the side lane opens the door, forcing the ego to lane change, invading the opposite lane",
    "Map": "Map(name=Carla/Maps/Town10HD_Opt)",
    "Adversary Distance": 50,
    "Collision": true,
    "Weather": "HardRainNoon",
    "Collision Type": "Actor(id=2261, type=vehicle.dodge.charger_police_2020)",
    "Time to Collision": 5.621790647506714,
    "Speed at Collision": 17.43707980212083,
    "Intensity": 3225.580998451492
  },
  {
    "Scenario Name": "VehicleOpensDoor_893",
    "Scenario Description": "Scenario in which another vehicle parked at the side lane opens the door, forcing the ego to lane change, invading the opposite lane",
    "Map": "Map(name=Carla/Maps/Town10HD_Opt)",
    "Adversary Distance": 49,
    "Collision": true,
    "Weather": "HardRainNight",
    "Collision Type": "Actor(id=2266, type=vehicle.dodge.charger_police_2020)",
    "Time to Collision": 5.846721887588501,
    "Speed at Collision": 16.621585885418042,
    "Intensity": 2793.05822492506
  },
  {
    "Scenario Name": "VehicleOpensDoor_894",
    "Scenario Description": "Scenario in which another vehicle parked at the side lane opens the door, forcing the ego to lane change, invading the opposite lane",
    "Map": "Map(name=Carla/Maps/Town10HD_Opt)",
    "Adversary Distance": 89,
    "Collision": true,
    "Weather": "HardRainNoon",
    "Collision Type": "Actor(id=2271, type=vehicle.dodge.charger_police_2020)",
    "Time to Collision": 7.306540489196777,
    "Speed at Collision": 22.21080623210237,
    "Intensity": 5177.8762547248525
  },
  {
    "Scenario Name": "VehicleOpensDoor_895",
    "Scenario Description": "Scenario in which another vehicle parked at the side lane opens the door, forcing the ego to lane change, invading the opposite lane",
    "Map": "Map(name=Carla/Maps/Town10HD_Opt)",
    "Adversary Distance": 46,
    "Collision": true,
    "Weather": "HardRainNoon",
    "Collision Type": "Actor(id=2276, type=vehicle.dodge.charger_police_2020)",
    "Time to Collision": 13.593586683273315,
    "Speed at Collision": 4.97686104034873,
    "Intensity": 865.5989599650462
  },
  {
    "Scenario Name": "VehicleOpensDoor_896",
    "Scenario Description": "Scenario in which another vehicle parked at the side lane opens the door, forcing the ego to lane change, invading the opposite lane",
    "Map": "Map(name=Carla/Maps/Town10HD_Opt)",
    "Adversary Distance": 27,
    "Collision": true,
    "Weather": "ClearNoon",
    "Collision Type": "Actor(id=2281, type=vehicle.dodge.charger_police_2020)",
    "Time to Collision": 3.3852999210357666,
    "Speed at Collision": 16.21425828734779,
    "Intensity": 4090.7291690138413
  },
  {
    "Scenario Name": "VehicleOpensDoor_897",
    "Scenario Description": "Scenario in which another vehicle parked at the side lane opens the door, forcing the ego to lane change, invading the opposite lane",
    "Map": "Map(name=Carla/Maps/Town10HD_Opt)",
    "Adversary Distance": 100,
    "Collision": true,
    "Weather": "ClearNight",
    "Collision Type": "Actor(id=2286, type=vehicle.dodge.charger_police_2020)",
    "Time to Collision": 7.830237865447998,
    "Speed at Collision": 22.90613184640981,
    "Intensity": 4673.443348092247
  },
  {
    "Scenario Name": "VehicleOpensDoor_898",
    "Scenario Description": "Scenario in which another vehicle parked at the side lane opens the door, forcing the ego to lane change, invading the opposite lane",
    "Map": "Map(name=Carla/Maps/Town10HD_Opt)",
    "Adversary Distance": 12,
    "Collision": true,
    "Weather": "ClearNoon",
    "Collision Type": "Actor(id=2291, type=vehicle.dodge.charger_police_2020)",
    "Time to Collision": 2.765460968017578,
    "Speed at Collision": 9.216043534112426,
    "Intensity": 2374.3298900260356
  },
  {
    "Scenario Name": "VehicleOpensDoor_899",
    "Scenario Description": "Scenario in which another vehicle parked at the side lane opens the door, forcing the ego to lane change, invading the opposite lane",
    "Map": "Map(name=Carla/Maps/Town10HD_Opt)",
    "Adversary Distance": 28,
    "Collision": true,
    "Weather": "HardRainNight",
    "Collision Type": "Actor(id=2296, type=vehicle.dodge.charger_police_2020)",
    "Time to Collision": 7.811269521713257,
    "Speed at Collision": 5.17077984099695,
    "Intensity": 793.7671299077923
  },
  {
    "Scenario Name": "VehicleOpensDoor_901",
    "Scenario Description": "Scenario in which another vehicle parked at the side lane opens the door, forcing the ego to lane change, invading the opposite lane",
    "Map": "Map(name=Carla/Maps/Town10HD_Opt)",
    "Adversary Distance": 100,
    "Collision": true,
    "Weather": "HardRainNight",
    "Collision Type": "Actor(id=2307, type=vehicle.dodge.charger_police_2020)",
    "Time to Collision": 6.811845064163208,
    "Speed at Collision": 25.879338079928086,
    "Intensity": 6465.454310458292
  },
  {
    "Scenario Name": "VehicleOpensDoor_902",
    "Scenario Description": "Scenario in which another vehicle parked at the side lane opens the door, forcing the ego to lane change, invading the opposite lane",
    "Map": "Map(name=Carla/Maps/Town10HD_Opt)",
    "Adversary Distance": 10,
    "Collision": true,
    "Weather": "ClearNight",
    "Collision Type": "Actor(id=2312, type=vehicle.dodge.charger_police_2020)",
    "Time to Collision": 2.3319926261901855,
    "Speed at Collision": 8.967553142695651,
    "Intensity": 1251.0710326621042
  },
  {
    "Scenario Name": "VehicleOpensDoor_903",
    "Scenario Description": "Scenario in which another vehicle parked at the side lane opens the door, forcing the ego to lane change, invading the opposite lane",
    "Map": "Map(name=Carla/Maps/Town10HD_Opt)",
    "Adversary Distance": 87,
    "Collision": true,
    "Weather": "ClearNight",
    "Collision Type": "Actor(id=2317, type=vehicle.dodge.charger_police_2020)",
    "Time to Collision": 7.829678058624268,
    "Speed at Collision": 20.662666587129944,
    "Intensity": 4382.95150053583
  },
  {
    "Scenario Name": "VehicleOpensDoor_904",
    "Scenario Description": "Scenario in which another vehicle parked at the side lane opens the door, forcing the ego to lane change, invading the opposite lane",
    "Map": "Map(name=Carla/Maps/Town10HD_Opt)",
    "Adversary Distance": 87,
    "Collision": true,
    "Weather": "HardRainNoon",
    "Collision Type": "Actor(id=2322, type=vehicle.dodge.charger_police_2020)",
    "Time to Collision": 11.698090553283691,
    "Speed at Collision": 14.172402609713375,
    "Intensity": 2907.0370099326924
  },
  {
    "Scenario Name": "VehicleOpensDoor_905",
    "Scenario Description": "Scenario in which another vehicle parked at the side lane opens the door, forcing the ego to lane change, invading the opposite lane",
    "Map": "Map(name=Carla/Maps/Town10HD_Opt)",
    "Adversary Distance": 86,
    "Collision": true,
    "Weather": "HardRainNight",
    "Collision Type": "Actor(id=2327, type=vehicle.dodge.charger_police_2020)",
    "Time to Collision": 7.4384918212890625,
    "Speed at Collision": 21.330269141450337,
    "Intensity": 4704.131379216198
  },
  {
    "Scenario Name": "VehicleOpensDoor_906",
    "Scenario Description": "Scenario in which another vehicle parked at the side lane opens the door, forcing the ego to lane change, invading the opposite lane",
    "Map": "Map(name=Carla/Maps/Town10HD_Opt)",
    "Adversary Distance": 49,
    "Collision": true,
    "Weather": "HardRainNoon",
    "Collision Type": "Actor(id=2332, type=vehicle.dodge.charger_police_2020)",
    "Time to Collision": 12.432605266571045,
    "Speed at Collision": 5.0548658433894955,
    "Intensity": 1272.77778295107
  },
  {
    "Scenario Name": "VehicleOpensDoor_907",
    "Scenario Description": "Scenario in which another vehicle parked at the side lane opens the door, forcing the ego to lane change, invading the opposite lane",
    "Map": "Map(name=Carla/Maps/Town10HD_Opt)",
    "Adversary Distance": 22,
    "Collision": true,
    "Weather": "ClearNight",
    "Collision Type": "Actor(id=2337, type=vehicle.dodge.charger_police_2020)",
    "Time to Collision": 3.7322914600372314,
    "Speed at Collision": 12.631735828151813,
    "Intensity": 3200.371662806254
  },
  {
    "Scenario Name": "VehicleOpensDoor_908",
    "Scenario Description": "Scenario in which another vehicle parked at the side lane opens the door, forcing the ego to lane change, invading the opposite lane",
    "Map": "Map(name=Carla/Maps/Town10HD_Opt)",
    "Adversary Distance": 77,
    "Collision": true,
    "Weather": "HardRainNoon",
    "Collision Type": "Actor(id=2342, type=vehicle.dodge.charger_police_2020)",
    "Time to Collision": 8.957699298858643,
    "Speed at Collision": 16.564462350363083,
    "Intensity": 3187.275648557638
  },
  {
    "Scenario Name": "VehicleOpensDoor_909",
    "Scenario Description": "Scenario in which another vehicle parked at the side lane opens the door, forcing the ego to lane change, invading the opposite lane",
    "Map": "Map(name=Carla/Maps/Town10HD_Opt)",
    "Adversary Distance": 39,
    "Collision": true,
    "Weather": "ClearNight",
    "Collision Type": "Actor(id=2347, type=vehicle.dodge.charger_police_2020)",
    "Time to Collision": 5.7411723136901855,
    "Speed at Collision": 13.969296463303834,
    "Intensity": 2304.705326479906
  },
  {
    "Scenario Name": "VehicleOpensDoor_910",
    "Scenario Description": "Scenario in which another vehicle parked at the side lane opens the door, forcing the ego to lane change, invading the opposite lane",
    "Map": "Map(name=Carla/Maps/Town10HD_Opt)",
    "Adversary Distance": 90,
    "Collision": true,
    "Weather": "HardRainNight",
    "Collision Type": "Actor(id=2352, type=vehicle.dodge.charger_police_2020)",
    "Time to Collision": 6.1766674518585205,
    "Speed at Collision": 25.795573342783328,
    "Intensity": 6213.25901127105
  },
  {
    "Scenario Name": "VehicleOpensDoor_911",
    "Scenario Description": "Scenario in which another vehicle parked at the side lane opens the door, forcing the ego to lane change, invading the opposite lane",
    "Map": "Map(name=Carla/Maps/Town10HD_Opt)",
    "Adversary Distance": 33,
    "Collision": true,
    "Weather": "HardRainNight",
    "Collision Type": "Actor(id=2357, type=vehicle.dodge.charger_police_2020)",
    "Time to Collision": 9.886169910430908,
    "Speed at Collision": 5.096318250614139,
    "Intensity": 1237.058936767136
  },
  {
    "Scenario Name": "VehicleOpensDoor_912",
    "Scenario Description": "Scenario in which another vehicle parked at the side lane opens the door, forcing the ego to lane change, invading the opposite lane",
    "Map": "Map(name=Carla/Maps/Town10HD_Opt)",
    "Adversary Distance": 80,
    "Collision": true,
    "Weather": "ClearNoon",
    "Collision Type": "Actor(id=2363, type=vehicle.dodge.charger_police_2020)",
    "Time to Collision": 6.405452013015747,
    "Speed at Collision": 22.749237752647446,
    "Intensity": 4392.355748692854
  },
  {
    "Scenario Name": "VehicleOpensDoor_913",
    "Scenario Description": "Scenario in which another vehicle parked at the side lane opens the door, forcing the ego to lane change, invading the opposite lane",
    "Map": "Map(name=Carla/Maps/Town10HD_Opt)",
    "Adversary Distance": 69,
    "Collision": true,
    "Weather": "HardRainNight",
    "Collision Type": "Actor(id=2368, type=vehicle.dodge.charger_police_2020)",
    "Time to Collision": 8.422311067581177,
    "Speed at Collision": 15.935840608572551,
    "Intensity": 4039.7796732053366
  },
  {
    "Scenario Name": "VehicleOpensDoor_915",
    "Scenario Description": "Scenario in which another vehicle parked at the side lane opens the door, forcing the ego to lane change, invading the opposite lane",
    "Map": "Map(name=Carla/Maps/Town10HD_Opt)",
    "Adversary Distance": 53,
    "Collision": true,
    "Weather": "ClearNight",
    "Collision Type": "Actor(id=2378, type=vehicle.dodge.charger_police_2020)",
    "Time to Collision": 7.054175853729248,
    "Speed at Collision": 14.90600879555263,
    "Intensity": 3755.832697764187
  },
  {
    "Scenario Name": "VehicleOpensDoor_916",
    "Scenario Description": "Scenario in which another vehicle parked at the side lane opens the door, forcing the ego to lane change, invading the opposite lane",
    "Map": "Map(name=Carla/Maps/Town10HD_Opt)",
    "Adversary Distance": 33,
    "Collision": true,
    "Weather": "HardRainNoon",
    "Collision Type": "Actor(id=2383, type=vehicle.dodge.charger_police_2020)",
    "Time to Collision": 4.214443683624268,
    "Speed at Collision": 15.811489997955308,
    "Intensity": 2642.0646289129504
  },
  {
    "Scenario Name": "VehicleOpensDoor_917",
    "Scenario Description": "Scenario in which another vehicle parked at the side lane opens the door, forcing the ego to lane change, invading the opposite lane",
    "Map": "Map(name=Carla/Maps/Town10HD_Opt)",
    "Adversary Distance": 80,
    "Collision": true,
    "Weather": "ClearNight",
    "Collision Type": "Actor(id=2388, type=vehicle.dodge.charger_police_2020)",
    "Time to Collision": 8.102243661880493,
    "Speed at Collision": 18.693315800540987,
    "Intensity": 3204.2234148641724
  },
  {
    "Scenario Name": "VehicleOpensDoor_918",
    "Scenario Description": "Scenario in which another vehicle parked at the side lane opens the door, forcing the ego to lane change, invading the opposite lane",
    "Map": "Map(name=Carla/Maps/Town10HD_Opt)",
    "Adversary Distance": 21,
    "Collision": true,
    "Weather": "ClearNoon",
    "Collision Type": "Actor(id=2393, type=vehicle.dodge.charger_police_2020)",
    "Time to Collision": 4.164450407028198,
    "Speed at Collision": 10.907732038157283,
    "Intensity": 1613.2506754359226
  },
  {
    "Scenario Name": "VehicleOpensDoor_919",
    "Scenario Description": "Scenario in which another vehicle parked at the side lane opens the door, forcing the ego to lane change, invading the opposite lane",
    "Map": "Map(name=Carla/Maps/Town10HD_Opt)",
    "Adversary Distance": 97,
    "Collision": true,
    "Weather": "ClearNoon",
    "Collision Type": "Actor(id=2398, type=vehicle.dodge.charger_police_2020)",
    "Time to Collision": 8.752496480941772,
    "Speed at Collision": 20.52937556599477,
    "Intensity": 4553.183470330817
  },
  {
    "Scenario Name": "VehicleOpensDoor_920",
    "Scenario Description": "Scenario in which another vehicle parked at the side lane opens the door, forcing the ego to lane change, invading the opposite lane",
    "Map": "Map(name=Carla/Maps/Town10HD_Opt)",
    "Adversary Distance": 87,
    "Collision": true,
    "Weather": "ClearNight",
    "Collision Type": "Actor(id=2403, type=vehicle.dodge.charger_police_2020)",
    "Time to Collision": 6.350262403488159,
    "Speed at Collision": 24.14687545940242,
    "Intensity": 4998.075071871145
  },
  {
    "Scenario Name": "VehicleOpensDoor_921",
    "Scenario Description": "Scenario in which another vehicle parked at the side lane opens the door, forcing the ego to lane change, invading the opposite lane",
    "Map": "Map(name=Carla/Maps/Town10HD_Opt)",
    "Adversary Distance": 67,
    "Collision": true,
    "Weather": "ClearNight",
    "Collision Type": "Actor(id=2408, type=vehicle.dodge.charger_police_2020)",
    "Time to Collision": 6.654305934906006,
    "Speed at Collision": 19.17299468563061,
    "Intensity": 3542.228302416107
  },
  {
    "Scenario Name": "VehicleOpensDoor_922",
    "Scenario Description": "Scenario in which another vehicle parked at the side lane opens the door, forcing the ego to lane change, invading the opposite lane",
    "Map": "Map(name=Carla/Maps/Town10HD_Opt)",
    "Adversary Distance": 89,
    "Collision": true,
    "Weather": "ClearNight",
    "Collision Type": "Actor(id=2413, type=vehicle.dodge.charger_police_2020)",
    "Time to Collision": 9.105203628540039,
    "Speed at Collision": 18.404949260088234,
    "Intensity": 3321.888688231803
  },
  {
    "Scenario Name": "VehicleOpensDoor_923",
    "Scenario Description": "Scenario in which another vehicle parked at the side lane opens the door, forcing the ego to lane change, invading the opposite lane",
    "Map": "Map(name=Carla/Maps/Town10HD_Opt)",
    "Adversary Distance": 14,
    "Collision": true,
    "Weather": "ClearNight",
    "Collision Type": "Actor(id=2418, type=vehicle.dodge.charger_police_2020)",
    "Time to Collision": 2.7735042572021484,
    "Speed at Collision": 10.69244533222028,
    "Intensity": 2673.2445831780674
  },
  {
    "Scenario Name": "VehicleOpensDoor_924",
    "Scenario Description": "Scenario in which another vehicle parked at the side lane opens the door, forcing the ego to lane change, invading the opposite lane",
    "Map": "Map(name=Carla/Maps/Town10HD_Opt)",
    "Adversary Distance": 12,
    "Collision": true,
    "Weather": "HardRainNoon",
    "Collision Type": "Actor(id=2423, type=vehicle.dodge.charger_police_2020)",
    "Time to Collision": 3.9415080547332764,
    "Speed at Collision": 5.057259990680997,
    "Intensity": 881.7812002346772
  },
  {
    "Scenario Name": "VehicleOpensDoor_926",
    "Scenario Description": "Scenario in which another vehicle parked at the side lane opens the door, forcing the ego to lane change, invading the opposite lane",
    "Map": "Map(name=Carla/Maps/Town10HD_Opt)",
    "Adversary Distance": 37,
    "Collision": true,
    "Weather": "ClearNoon",
    "Collision Type": "Actor(id=2434, type=vehicle.dodge.charger_police_2020)",
    "Time to Collision": 10.681105613708496,
    "Speed at Collision": 5.0346632101977695,
    "Intensity": 791.4004652555351
  },
  {
    "Scenario Name": "VehicleOpensDoor_927",
    "Scenario Description": "Scenario in which another vehicle parked at the side lane opens the door, forcing the ego to lane change, invading the opposite lane",
    "Map": "Map(name=Carla/Maps/Town10HD_Opt)",
    "Adversary Distance": 16,
    "Collision": true,
    "Weather": "HardRainNoon",
    "Collision Type": "Actor(id=2440, type=vehicle.dodge.charger_police_2020)",
    "Time to Collision": 6.0731189250946045,
    "Speed at Collision": 4.332520491953411,
    "Intensity": 617.7951547495098
  },
  {
    "Scenario Name": "VehicleOpensDoor_928",
    "Scenario Description": "Scenario in which another vehicle parked at the side lane opens the door, forcing the ego to lane change, invading the opposite lane",
    "Map": "Map(name=Carla/Maps/Town10HD_Opt)",
    "Adversary Distance": 28,
    "Collision": true,
    "Weather": "ClearNight",
    "Collision Type": "Actor(id=2446, type=vehicle.dodge.charger_police_2020)",
    "Time to Collision": 6.156042814254761,
    "Speed at Collision": 8.081874903939312,
    "Intensity": 2039.8700014339777
  },
  {
    "Scenario Name": "VehicleOpensDoor_929",
    "Scenario Description": "Scenario in which another vehicle parked at the side lane opens the door, forcing the ego to lane change, invading the opposite lane",
    "Map": "Map(name=Carla/Maps/Town10HD_Opt)",
    "Adversary Distance": 77,
    "Collision": true,
    "Weather": "ClearNoon",
    "Collision Type": "Actor(id=2451, type=vehicle.dodge.charger_police_2020)",
    "Time to Collision": 5.874130725860596,
    "Speed at Collision": 23.513562689319585,
    "Intensity": 5907.903489236047
  },
  {
    "Scenario Name": "VehicleOpensDoor_930",
    "Scenario Description": "Scenario in which another vehicle parked at the side lane opens the door, forcing the ego to lane change, invading the opposite lane",
    "Map": "Map(name=Carla/Maps/Town10HD_Opt)",
    "Adversary Distance": 33,
    "Collision": true,
    "Weather": "ClearNight",
    "Collision Type": "Actor(id=2456, type=vehicle.dodge.charger_police_2020)",
    "Time to Collision": 3.607865333557129,
    "Speed at Collision": 17.898584379986875,
    "Intensity": 4523.2851617638535
  },
  {
    "Scenario Name": "VehicleOpensDoor_931",
    "Scenario Description": "Scenario in which another vehicle parked at the side lane opens the door, forcing the ego to lane change, invading the opposite lane",
    "Map": "Map(name=Carla/Maps/Town10HD_Opt)",
    "Adversary Distance": 72,
    "Collision": true,
    "Weather": "HardRainNight",
    "Collision Type": "Actor(id=2461, type=vehicle.dodge.charger_police_2020)",
    "Time to Collision": 6.1516523361206055,
    "Speed at Collision": 21.473286011407914,
    "Intensity": 5436.539758530842
  },
  {
    "Scenario Name": "VehicleOpensDoor_932",
    "Scenario Description": "Scenario in which another vehicle parked at the side lane opens the door, forcing the ego to lane change, invading the opposite lane",
    "Map": "Map(name=Carla/Maps/Town10HD_Opt)",
    "Adversary Distance": 55,
    "Collision": true,
    "Weather": "ClearNight",
    "Collision Type": "Actor(id=2466, type=vehicle.dodge.charger_police_2020)",
    "Time to Collision": 6.544428110122681,
    "Speed at Collision": 16.36197863889554,
    "Intensity": 3061.276215467287
  },
  {
    "Scenario Name": "VehicleOpensDoor_933",
    "Scenario Description": "Scenario in which another vehicle parked at the side lane opens the door, forcing the ego to lane change, invading the opposite lane",
    "Map": "Map(name=Carla/Maps/Town10HD_Opt)",
    "Adversary Distance": 72,
    "Collision": true,
    "Weather": "ClearNoon",
    "Collision Type": "Actor(id=2471, type=vehicle.dodge.charger_police_2020)",
    "Time to Collision": 14.676297426223755,
    "Speed at Collision": 6.835501041281625,
    "Intensity": 1206.287042242922
  },
  {
    "Scenario Name": "VehicleOpensDoor_934",
    "Scenario Description": "Scenario in which another vehicle parked at the side lane opens the door, forcing the ego to lane change, invading the opposite lane",
    "Map": "Map(name=Carla/Maps/Town10HD_Opt)",
    "Adversary Distance": 88,
    "Collision": true,
    "Weather": "HardRainNight",
    "Collision Type": "Actor(id=2476, type=vehicle.dodge.charger_police_2020)",
    "Time to Collision": 6.715801000595093,
    "Speed at Collision": 23.268267125290897,
    "Intensity": 4742.909810640483
  },
  {
    "Scenario Name": "VehicleOpensDoor_935",
    "Scenario Description": "Scenario in which another vehicle parked at the side lane opens the door, forcing the ego to lane change, invading the opposite lane",
    "Map": "Map(name=Carla/Maps/Town10HD_Opt)",
    "Adversary Distance": 21,
    "Collision": true,
    "Weather": "HardRainNight",
    "Collision Type": "Actor(id=2481, type=vehicle.dodge.charger_police_2020)",
    "Time to Collision": 9.249699831008911,
    "Speed at Collision": 3.045882435074924,
    "Intensity": 459.3604032490157
  },
  {
    "Scenario Name": "VehicleOpensDoor_936",
    "Scenario Description": "Scenario in which another vehicle parked at the side lane opens the door, forcing the ego to lane change, invading the opposite lane",
    "Map": "Map(name=Carla/Maps/Town10HD_Opt)",
    "Adversary Distance": 25,
    "Collision": true,
    "Weather": "HardRainNight",
    "Collision Type": "Actor(id=2487, type=vehicle.dodge.charger_police_2020)",
    "Time to Collision": 4.4527599811553955,
    "Speed at Collision": 11.644980477857889,
    "Intensity": 2912.7944042963427
  },
  {
    "Scenario Name": "VehicleOpensDoor_937",
    "Scenario Description": "Scenario in which another vehicle parked at the side lane opens the door, forcing the ego to lane change, invading the opposite lane",
    "Map": "Map(name=Carla/Maps/Town10HD_Opt)",
    "Adversary Distance": 72,
    "Collision": true,
    "Weather": "HardRainNoon",
    "Collision Type": "Actor(id=2492, type=vehicle.dodge.charger_police_2020)",
    "Time to Collision": 6.148571491241455,
    "Speed at Collision": 21.600962313500986,
    "Intensity": 3783.5133869566935
  },
  {
    "Scenario Name": "VehicleOpensDoor_938",
    "Scenario Description": "Scenario in which another vehicle parked at the side lane opens the door, forcing the ego to lane change, invading the opposite lane",
    "Map": "Map(name=Carla/Maps/Town10HD_Opt)",
    "Adversary Distance": 74,
    "Collision": true,
    "Weather": "HardRainNoon",
    "Collision Type": "Actor(id=2497, type=vehicle.dodge.charger_police_2020)",
    "Time to Collision": 6.92222261428833,
    "Speed at Collision": 20.114258050571706,
    "Intensity": 4192.468951202746
  },
  {
    "Scenario Name": "VehicleOpensDoor_939",
    "Scenario Description": "Scenario in which another vehicle parked at the side lane opens the door, forcing the ego to lane change, invading the opposite lane",
    "Map": "Map(name=Carla/Maps/Town10HD_Opt)",
    "Adversary Distance": 90,
    "Collision": true,
    "Weather": "ClearNight",
    "Collision Type": "Actor(id=2502, type=vehicle.dodge.charger_police_2020)",
    "Time to Collision": 8.382728338241577,
    "Speed at Collision": 19.97280360442966,
    "Intensity": 3733.1238857408757
  },
  {
    "Scenario Name": "VehicleOpensDoor_940",
    "Scenario Description": "Scenario in which another vehicle parked at the side lane opens the door, forcing the ego to lane change, invading the opposite lane",
    "Map": "Map(name=Carla/Maps/Town10HD_Opt)",
    "Adversary Distance": 44,
    "Collision": true,
    "Weather": "HardRainNoon",
    "Collision Type": "Actor(id=2507, type=vehicle.dodge.charger_police_2020)",
    "Time to Collision": 4.639399766921997,
    "Speed at Collision": 18.40178532601544,
    "Intensity": 4653.000977564097
  },
  {
    "Scenario Name": "VehicleOpensDoor_941",
    "Scenario Description": "Scenario in which another vehicle parked at the side lane opens the door, forcing the ego to lane change, invading the opposite lane",
    "Map": "Map(name=Carla/Maps/Town10HD_Opt)",
    "Adversary Distance": 90,
    "Collision": true,
    "Weather": "ClearNoon",
    "Collision Type": "Actor(id=2512, type=vehicle.dodge.charger_police_2020)",
    "Time to Collision": 15.18102741241455,
    "Speed at Collision": 8.118611975234652,
    "Intensity": 1711.2712048376602
  },
  {
    "Scenario Name": "VehicleOpensDoor_942",
    "Scenario Description": "Scenario in which another vehicle parked at the side lane opens the door, forcing the ego to lane change, invading the opposite lane",
    "Map": "Map(name=Carla/Maps/Town10HD_Opt)",
    "Adversary Distance": 16,
    "Collision": true,
    "Weather": "ClearNight",
    "Collision Type": "Actor(id=2518, type=vehicle.dodge.charger_police_2020)",
    "Time to Collision": 2.6026687622070312,
    "Speed at Collision": 12.897616027508809,
    "Intensity": 1869.3663963831257
  },
  {
    "Scenario Name": "VehicleOpensDoor_943",
    "Scenario Description": "Scenario in which another vehicle parked at the side lane opens the door, forcing the ego to lane change, invading the opposite lane",
    "Map": "Map(name=Carla/Maps/Town10HD_Opt)",
    "Adversary Distance": 82,
    "Collision": true,
    "Weather": "ClearNight",
    "Collision Type": "Actor(id=2523, type=vehicle.dodge.charger_police_2020)",
    "Time to Collision": 6.443078994750977,
    "Speed at Collision": 22.947301890469145,
    "Intensity": 4820.363897117024
  },
  {
    "Scenario Name": "VehicleOpensDoor_944",
    "Scenario Description": "Scenario in which another vehicle parked at the side lane opens the door, forcing the ego to lane change, invading the opposite lane",
    "Map": "Map(name=Carla/Maps/Town10HD_Opt)",
    "Adversary Distance": 64,
    "Collision": true,
    "Weather": "ClearNight",
    "Collision Type": "Actor(id=2528, type=vehicle.dodge.charger_police_2020)",
    "Time to Collision": 6.04349946975708,
    "Speed at Collision": 20.045116424594802,
    "Intensity": 3591.1595561121303
  },
  {
    "Scenario Name": "VehicleOpensDoor_945",
    "Scenario Description": "Scenario in which another vehicle parked at the side lane opens the door, forcing the ego to lane change, invading the opposite lane",
    "Map": "Map(name=Carla/Maps/Town10HD_Opt)",
    "Adversary Distance": 46,
    "Collision": true,
    "Weather": "ClearNoon",
    "Collision Type": "Actor(id=2533, type=vehicle.dodge.charger_police_2020)",
    "Time to Collision": 7.546361923217773,
    "Speed at Collision": 11.750050889477977,
    "Intensity": 2978.362695860575
  },
  {
    "Scenario Name": "VehicleOpensDoor_946",
    "Scenario Description": "Scenario in which another vehicle parked at the side lane opens the door, forcing the ego to lane change, invading the opposite lane",
    "Map": "Map(name=Carla/Maps/Town10HD_Opt)",
    "Adversary Distance": 91,
    "Collision": true,
    "Weather": "ClearNoon",
    "Collision Type": "Actor(id=2538, type=vehicle.dodge.charger_police_2020)",
    "Time to Collision": 7.275934457778931,
    "Speed at Collision": 22.707332768674977,
    "Intensity": 4570.777113833059
  },
  {
    "Scenario Name": "VehicleOpensDoor_947",
    "Scenario Description": "Scenario in which another vehicle parked at the side lane opens the door, forcing the ego to lane change, invading the opposite lane",
    "Map": "Map(name=Carla/Maps/Town10HD_Opt)",
    "Adversary Distance": 17,
    "Collision": true,
    "Weather": "HardRainNoon",
    "Collision Type": "Actor(id=2543, type=vehicle.dodge.charger_police_2020)",
    "Time to Collision": 3.768770933151245,
    "Speed at Collision": 9.689881343877815,
    "Intensity": 1407.7188371600853
  },
  {
    "Scenario Name": "VehicleOpensDoor_948",
    "Scenario Description": "Scenario in which another vehicle parked at the side lane opens the door, forcing the ego to lane change, invading the opposite lane",
    "Map": "Map(name=Carla/Maps/Town10HD_Opt)",
    "Adversary Distance": 38,
    "Collision": true,
    "Weather": "HardRainNight",
    "Collision Type": "Actor(id=2548, type=vehicle.dodge.charger_police_2020)",
    "Time to Collision": 4.7571070194244385,
    "Speed at Collision": 15.7824460447596,
    "Intensity": 4022.124500500813
  },
  {
    "Scenario Name": "VehicleOpensDoor_949",
    "Scenario Description": "Scenario in which another vehicle parked at the side lane opens the door, forcing the ego to lane change, invading the opposite lane",
    "Map": "Map(name=Carla/Maps/Town10HD_Opt)",
    "Adversary Distance": 64,
    "Collision": true,
    "Weather": "ClearNoon",
    "Collision Type": "Actor(id=2553, type=vehicle.dodge.charger_police_2020)",
    "Time to Collision": 6.918711185455322,
    "Speed at Collision": 17.921516459867707,
    "Intensity": 3251.4927872257144
  },
  {
    "Scenario Name": "VehicleOpensDoor_950",
    "Scenario Description": "Scenario in which another vehicle parked at the side lane opens the door, forcing the ego to lane change, invading the opposite lane",
    "Map": "Map(name=Carla/Maps/Town10HD_Opt)",
    "Adversary Distance": 70,
    "Collision": true,
    "Weather": "ClearNight",
    "Collision Type": "Actor(id=2558, type=vehicle.dodge.charger_police_2020)",
    "Time to Collision": 6.210784912109375,
    "Speed at Collision": 20.975621592409528,
    "Intensity": 4406.664992115439
  },
  {
    "Scenario Name": "VehicleOpensDoor_951",
    "Scenario Description": "Scenario in which another vehicle parked at the side lane opens the door, forcing the ego to lane change, invading the opposite lane",
    "Map": "Map(name=Carla/Maps/Town10HD_Opt)",
    "Adversary Distance": 85,
    "Collision": true,
    "Weather": "HardRainNoon",
    "Collision Type": "Actor(id=2563, type=vehicle.dodge.charger_police_2020)",
    "Time to Collision": 10.19293212890625,
    "Speed at Collision": 15.93395242030116,
    "Intensity": 3224.4662074512557
  },
  {
    "Scenario Name": "VehicleOpensDoor_952",
    "Scenario Description": "Scenario in which another vehicle parked at the side lane opens the door, forcing the ego to lane change, invading the opposite lane",
    "Map": "Map(name=Carla/Maps/Town10HD_Opt)",
    "Adversary Distance": 32,
    "Collision": true,
    "Weather": "ClearNight",
    "Collision Type": "Actor(id=2568, type=vehicle.dodge.charger_police_2020)",
    "Time to Collision": 9.310805082321167,
    "Speed at Collision": 5.041481388897682,
    "Intensity": 736.3394351529814
  },
  {
    "Scenario Name": "VehicleOpensDoor_953",
    "Scenario Description": "Scenario in which another vehicle parked at the side lane opens the door, forcing the ego to lane change, invading the opposite lane",
    "Map": "Map(name=Carla/Maps/Town10HD_Opt)",
    "Adversary Distance": 55,
    "Collision": true,
    "Weather": "HardRainNoon",
    "Collision Type": "Actor(id=2574, type=vehicle.dodge.charger_police_2020)",
    "Time to Collision": 4.788912057876587,
    "Speed at Collision": 21.106138029318537,
    "Intensity": 3603.2576552071414
  },
  {
    "Scenario Name": "VehicleOpensDoor_954",
    "Scenario Description": "Scenario in which another vehicle parked at the side lane opens the door, forcing the ego to lane change, invading the opposite lane",
    "Map": "Map(name=Carla/Maps/Town10HD_Opt)",
    "Adversary Distance": 32,
    "Collision": true,
    "Weather": "HardRainNight",
    "Collision Type": "Actor(id=2579, type=vehicle.dodge.charger_police_2020)",
    "Time to Collision": 7.528802156448364,
    "Speed at Collision": 6.939029279466896,
    "Intensity": 1751.0122446529558
  }
]