[
  {
    "Scenario Name": "VehicleOpensDoor_200",
    "Scenario Description": "Scenario in which another vehicle parked at the side lane opens the door, forcing the ego to lane change, invading the opposite lane",
    "Map": "Map(name=Carla/Maps/Town10HD_Opt)",
    "Adversary Distance": 60,
    "Collision": true,
    "Weather": "HardRainNoon",
    "Collision Type": "Actor(id=1048, type=vehicle.dodge.charger_police_2020)",
    "Time to Collision": 5.0737693309783936,
    "Speed at Collision": 21.517395024632435,
    "Intensity": 5430.735038460626
  },
  {
    "Scenario Name": "VehicleOpensDoor_201",
    "Scenario Description": "Scenario in which another vehicle parked at the side lane opens the door, forcing the ego to lane change, invading the opposite lane",
    "Map": "Map(name=Carla/Maps/Town10HD_Opt)",
    "Adversary Distance": 49,
    "Collision": true,
    "Weather": "HardRainNoon",
    "Collision Type": "Actor(id=1053, type=vehicle.dodge.charger_police_2020)",
    "Time to Collision": 4.552294492721558,
    "Speed at Collision": 20.217998654614494,
    "Intensity": 5128.099914392599
  },
  {
    "Scenario Name": "VehicleOpensDoor_202",
    "Scenario Description": "Scenario in which another vehicle parked at the side lane opens the door, forcing the ego to lane change, invading the opposite lane",
    "Map": "Map(name=Carla/Maps/Town10HD_Opt)",
    "Adversary Distance": 99,
    "Collision": true,
    "Weather": "ClearNoon",
    "Collision Type": "Actor(id=1058, type=vehicle.dodge.charger_police_2020)",
    "Time to Collision": 7.164042949676514,
    "Speed at Collision": 24.426374510124145,
    "Intensity": 5258.273515659512
  },
  {
    "Scenario Name": "VehicleOpensDoor_203",
    "Scenario Description": "Scenario in which another vehicle parked at the side lane opens the door, forcing the ego to lane change, invading the opposite lane",
    "Map": "Map(name=Carla/Maps/Town10HD_Opt)",
    "Adversary Distance": 92,
    "Collision": true,
    "Weather": "HardRainNight",
    "Collision Type": "Actor(id=1063, type=vehicle.dodge.charger_police_2020)",
    "Time to Collision": 9.87611985206604,
    "Speed at Collision": 18.81458027462902,
    "Intensity": 4469.593433400816
  },
  {
    "Scenario Name": "VehicleOpensDoor_204",
    "Scenario Description": "Scenario in which another vehicle parked at the side lane opens the door, forcing the ego to lane change, invading the opposite lane",
    "Map": "Map(name=Carla/Maps/Town10HD_Opt)",
    "Adversary Distance": 62,
    "Collision": true,
    "Weather": "ClearNight",
    "Collision Type": "Actor(id=1068, type=vehicle.dodge.charger_police_2020)",
    "Time to Collision": 10.22399115562439,
    "Speed at Collision": 13.662733078903075,
    "Intensity": 2435.194151785057
  },
  {
    "Scenario Name": "VehicleOpensDoor_205",
    "Scenario Description": "Scenario in which another vehicle parked at the side lane opens the door, forcing the ego to lane change, invading the opposite lane",
    "Map": "Map(name=Carla/Maps/Town10HD_Opt)",
    "Adversary Distance": 86,
    "Collision": true,
    "Weather": "ClearNoon",
    "Collision Type": "Actor(id=1073, type=vehicle.dodge.charger_police_2020)",
    "Time to Collision": 7.708664655685425,
    "Speed at Collision": 20.578083145879567,
    "Intensity": 3820.921145793069
  },
  {
    "Scenario Name": "VehicleOpensDoor_206",
    "Scenario Description": "Scenario in which another vehicle parked at the side lane opens the door, forcing the ego to lane change, invading the opposite lane",
    "Map": "Map(name=Carla/Maps/Town10HD_Opt)",
    "Adversary Distance": 98,
    "Collision": true,
    "Weather": "HardRainNoon",
    "Collision Type": "Actor(id=1078, type=vehicle.dodge.charger_police_2020)",
    "Time to Collision": 7.79170298576355,
    "Speed at Collision": 22.733810862914734,
    "Intensity": 5119.209666665736
  },
  {
    "Scenario Name": "VehicleOpensDoor_207",
    "Scenario Description": "Scenario in which another vehicle parked at the side lane opens the door, forcing the ego to lane change, invading the opposite lane",
    "Map": "Map(name=Carla/Maps/Town10HD_Opt)",
    "Adversary Distance": 64,
    "Collision": true,
    "Weather": "ClearNoon",
    "Collision Type": "Actor(id=1083, type=vehicle.dodge.charger_police_2020)",
    "Time to Collision": 6.1018993854522705,
    "Speed at Collision": 19.836158768403077,
    "Intensity": 2197.997813980582
  },
  {
    "Scenario Name": "VehicleOpensDoor_208",
    "Scenario Description": "Scenario in which another vehicle parked at the side lane opens the door, forcing the ego to lane change, invading the opposite lane",
    "Map": "Map(name=Carla/Maps/Town10HD_Opt)",
    "Adversary Distance": 49,
    "Collision": true,
    "Weather": "ClearNoon",
    "Collision Type": "Actor(id=1088, type=vehicle.dodge.charger_police_2020)",
    "Time to Collision": 12.490187883377075,
    "Speed at Collision": 4.988471387083152,
    "Intensity": 911.2996352860673
  },
  {
    "Scenario Name": "VehicleOpensDoor_209",
    "Scenario Description": "Scenario in which another vehicle parked at the side lane opens the door, forcing the ego to lane change, invading the opposite lane",
    "Map": "Map(name=Carla/Maps/Town10HD_Opt)",
    "Adversary Distance": 29,
    "Collision": true,
    "Weather": "ClearNight",
    "Collision Type": "Actor(id=1093, type=vehicle.dodge.charger_police_2020)",
    "Time to Collision": 7.061569690704346,
    "Speed at Collision": 8.520669356602157,
    "Intensity": 1270.0010419403145
  },
  {
    "Scenario Name": "VehicleOpensDoor_210",
    "Scenario Description": "Scenario in which another vehicle parked at the side lane opens the door, forcing the ego to lane change, invading the opposite lane",
    "Map": "Map(name=Carla/Maps/Town10HD_Opt)",
    "Adversary Distance": 69,
    "Collision": true,
    "Weather": "ClearNight",
    "Collision Type": "Actor(id=1098, type=vehicle.dodge.charger_police_2020)",
    "Time to Collision": 9.051999807357788,
    "Speed at Collision": 14.802378714773896,
    "Intensity": 3743.9878411508266
  },
  {
    "Scenario Name": "VehicleOpensDoor_211",
    "Scenario Description": "Scenario in which another vehicle parked at the side lane opens the door, forcing the ego to lane change, invading the opposite lane",
    "Map": "Map(name=Carla/Maps/Town10HD_Opt)",
    "Adversary Distance": 25,
    "Collision": true,
    "Weather": "ClearNoon",
    "Collision Type": "Actor(id=1103, type=vehicle.dodge.charger_police_2020)",
    "Time to Collision": 3.2228126525878906,
    "Speed at Collision": 15.57223960519487,
    "Intensity": 3969.3588872258774
  },
  {
    "Scenario Name": "VehicleOpensDoor_212",
    "Scenario Description": "Scenario in which another vehicle parked at the side lane opens the door, forcing the ego to lane change, invading the opposite lane",
    "Map": "Map(name=Carla/Maps/Town10HD_Opt)",
    "Adversary Distance": 15,
    "Collision": true,
    "Weather": "ClearNoon",
    "Collision Type": "Actor(id=1108, type=vehicle.dodge.charger_police_2020)",
    "Time to Collision": 7.124241590499878,
    "Speed at Collision": 2.933893920947436,
    "Intensity": 423.1056141085704
  },
  {
    "Scenario Name": "VehicleOpensDoor_213",
    "Scenario Description": "Scenario in which another vehicle parked at the side lane opens the door, forcing the ego to lane change, invading the opposite lane",
    "Map": "Map(name=Carla/Maps/Town10HD_Opt)",
    "Adversary Distance": 96,
    "Collision": true,
    "Weather": "ClearNoon",
    "Collision Type": "Actor(id=1114, type=vehicle.dodge.charger_police_2020)",
    "Time to Collision": 7.265399217605591,
    "Speed at Collision": 23.33217717480386,
    "Intensity": 5881.7524645983995
  },
  {
    "Scenario Name": "VehicleOpensDoor_214",
    "Scenario Description": "Scenario in which another vehicle parked at the side lane opens the door, forcing the ego to lane change, invading the opposite lane",
    "Map": "Map(name=Carla/Maps/Town10HD_Opt)",
    "Adversary Distance": 74,
    "Collision": true,
    "Weather": "HardRainNoon",
    "Collision Type": "Actor(id=1119, type=vehicle.dodge.charger_police_2020)",
    "Time to Collision": 13.155691146850586,
    "Speed at Collision": 9.907124527012463,
    "Intensity": 1899.974467584124
  },
  {
    "Scenario Name": "VehicleOpensDoor_215",
    "Scenario Description": "Scenario in which another vehicle parked at the side lane opens the door, forcing the ego to lane change, invading the opposite lane",
    "Map": "Map(name=Carla/Maps/Town10HD_Opt)",
    "Adversary Distance": 40,
    "Collision": true,
    "Weather": "HardRainNoon",
    "Collision Type": "Actor(id=1124, type=vehicle.dodge.charger_police_2020)",
    "Time to Collision": 4.796433210372925,
    "Speed at Collision": 16.52917509594435,
    "Intensity": 4171.297863769245
  },
  {
    "Scenario Name": "VehicleOpensDoor_216",
    "Scenario Description": "Scenario in which another vehicle parked at the side lane opens the door, forcing the ego to lane change, invading the opposite lane",
    "Map": "Map(name=Carla/Maps/Town10HD_Opt)",
    "Adversary Distance": 11,
    "Collision": true,
    "Weather": "HardRainNoon",
    "Collision Type": "Actor(id=1129, type=vehicle.dodge.charger_police_2020)",
    "Time to Collision": 2.7629103660583496,
    "Speed at Collision": 8.244192235908526,
    "Intensity": 2132.6328343393157
  },
  {
    "Scenario Name": "VehicleOpensDoor_217",
    "Scenario Description": "Scenario in which another vehicle parked at the side lane opens the door, forcing the ego to lane change, invading the opposite lane",
    "Map": "Map(name=Carla/Maps/Town10HD_Opt)",
    "Adversary Distance": 61,
    "Collision": true,
    "Weather": "HardRainNight",
    "Collision Type": "Actor(id=1134, type=vehicle.dodge.charger_police_2020)",
    "Time to Collision": 5.58101487159729,
    "Speed at Collision": 20.994392395897776,
    "Intensity": 4132.111988052946
  },
  {
    "Scenario Name": "VehicleOpensDoor_218",
    "Scenario Description": "Scenario in which another vehicle parked at the side lane opens the door, forcing the ego to lane change, invading the opposite lane",
    "Map": "Map(name=Carla/Maps/Town10HD_Opt)",
    "Adversary Distance": 69,
    "Collision": true,
    "Weather": "ClearNight",
    "Collision Type": "Actor(id=1139, type=vehicle.dodge.charger_police_2020)",
    "Time to Collision": 8.501787424087524,
    "Speed at Collision": 17.250986129818376,
    "Intensity": 3446.871283162016
  },
  {
    "Scenario Name": "VehicleOpensDoor_219",
    "Scenario Description": "Scenario in which another vehicle parked at the side lane opens the door, forcing the ego to lane change, invading the opposite lane",
    "Map": "Map(name=Carla/Maps/Town10HD_Opt)",
    "Adversary Distance": 68,
    "Collision": true,
    "Weather": "HardRainNoon",
    "Collision Type": "Actor(id=1144, type=vehicle.dodge.charger_police_2020)",
    "Time to Collision": 6.159466743469238,
    "Speed at Collision": 21.72527513719769,
    "Intensity": 3791.7268831694387
  },
  {
    "Scenario Name": "VehicleOpensDoor_220",
    "Scenario Description": "Scenario in which another vehicle parked at the side lane opens the door, forcing the ego to lane change, invading the opposite lane",
    "Map": "Map(name=Carla/Maps/Town10HD_Opt)",
    "Adversary Distance": 75,
    "Collision": true,
    "Weather": "ClearNight",
    "Collision Type": "Actor(id=1149, type=vehicle.dodge.charger_police_2020)",
    "Time to Collision": 6.254418134689331,
    "Speed at Collision": 21.787306530937105,
    "Intensity": 4969.354374780852
  },
  {
    "Scenario Name": "VehicleOpensDoor_221",
    "Scenario Description": "Scenario in which another vehicle parked at the side lane opens the door, forcing the ego to lane change, invading the opposite lane",
    "Map": "Map(name=Carla/Maps/Town10HD_Opt)",
    "Adversary Distance": 93,
    "Collision": true,
    "Weather": "ClearNight",
    "Collision Type": "Actor(id=1154, type=vehicle.dodge.charger_police_2020)",
    "Time to Collision": 12.141101598739624,
    "Speed at Collision": 14.551348855471813,
    "Intensity": 2850.9534645333183
  },
  {
    "Scenario Name": "VehicleOpensDoor_222",
    "Scenario Description": "Scenario in which another vehicle parked at the side lane opens the door, forcing the ego to lane change, invading the opposite lane",
    "Map": "Map(name=Carla/Maps/Town10HD_Opt)",
    "Adversary Distance": 92,
    "Collision": true,
    "Weather": "HardRainNight",
    "Collision Type": "Actor(id=1159, type=vehicle.dodge.charger_police_2020)",
    "Time to Collision": 7.001983404159546,
    "Speed at Collision": 23.284453212384573,
    "Intensity": 5734.381127919949
  },
  {
    "Scenario Name": "VehicleOpensDoor_223",
    "Scenario Description": "Scenario in which another vehicle parked at the side lane opens the door, forcing the ego to lane change, invading the opposite lane",
    "Map": "Map(name=Carla/Maps/Town10HD_Opt)",
    "Adversary Distance": 78,
    "Collision": true,
    "Weather": "ClearNight",
    "Collision Type": "Actor(id=1164, type=vehicle.dodge.charger_police_2020)",
    "Time to Collision": 6.081741571426392,
    "Speed at Collision": 22.79240743267729,
    "Intensity": 4265.802618790638
  },
  {
    "Scenario Name": "VehicleOpensDoor_224",
    "Scenario Description": "Scenario in which another vehicle parked at the side lane opens the door, forcing the ego to lane change, invading the opposite lane",
    "Map": "Map(name=Carla/Maps/Town10HD_Opt)",
    "Adversary Distance": 69,
    "Collision": true,
    "Weather": "ClearNight",
    "Collision Type": "Actor(id=1169, type=vehicle.dodge.charger_police_2020)",
    "Time to Collision": 6.52084755897522,
    "Speed at Collision": 19.803421385783693,
    "Intensity": 3813.990642186222
  },
  {
    "Scenario Name": "VehicleOpensDoor_225",
    "Scenario Description": "Scenario in which another vehicle parked at the side lane opens the door, forcing the ego to lane change, invading the opposite lane",
    "Map": "Map(name=Carla/Maps/Town10HD_Opt)",
    "Adversary Distance": 24,
    "Collision": true,
    "Weather": "ClearNight",
    "Collision Type": "Actor(id=1174, type=vehicle.dodge.charger_police_2020)",
    "Time to Collision": 4.95051383972168,
    "Speed at Collision": 8.765031850237841,
    "Intensity": 2275.3836158051267
  },
  {
    "Scenario Name": "VehicleOpensDoor_226",
    "Scenario Description": "Scenario in which another vehicle parked at the side lane opens the door, forcing the ego to lane change, invading the opposite lane",
    "Map": "Map(name=Carla/Maps/Town10HD_Opt)",
    "Adversary Distance": 42,
    "Collision": true,
    "Weather": "ClearNight",
    "Collision Type": "Actor(id=1179, type=vehicle.dodge.charger_police_2020)",
    "Time to Collision": 6.562863111495972,
    "Speed at Collision": 13.097425588766985,
    "Intensity": 3357.13005086821
  }
]