[
  {
    "Scenario Name": "VehicleOpensDoor",
    "Scenario Description": "Scenario in which another vehicle parked at the side lane opens the door, forcing the ego to lane change, invading the opposite lane",
    "Map": "Map(name=Carla/Maps/Town10HD_Opt)",
    "Adversary Distance": 100,
    "Collision": true,
    "Weather": "ClearNoon",
    "Collision Type": "Actor(id=26, type=vehicle.dodge.charger_police_2020)",
    "Time to Collision": 6.093378305435181,
    "Speed at Collision": 26.717265138656618,
    "Intensity": 6348.46562763675
  },
  {
    "Scenario Name": "VehicleOpensDoor_1",
    "Scenario Description": "Scenario in which another vehicle parked at the side lane opens the door, forcing the ego to lane change, invading the opposite lane",
    "Map": "Map(name=Carla/Maps/Town10HD_Opt)",
    "Adversary Distance": 29,
    "Collision": true,
    "Weather": "HardRainNoon",
    "Collision Type": "Actor(id=31, type=vehicle.dodge.charger_police_2020)",
    "Time to Collision": 4.415632724761963,
    "Speed at Collision": 13.84503010129881,
    "Intensity": 3509.2479522732033
  },
  {
    "Scenario Name": "VehicleOpensDoor_2",
    "Scenario Description": "Scenario in which another vehicle parked at the side lane opens the door, forcing the ego to lane change, invading the opposite lane",
    "Map": "Map(name=Carla/Maps/Town10HD_Opt)",
    "Adversary Distance": 50,
    "Collision": true,
    "Weather": "HardRainNight",
    "Collision Type": "Actor(id=36, type=vehicle.dodge.charger_police_2020)",
    "Time to Collision": 11.843733549118042,
    "Speed at Collision": 5.777985259431548,
    "Intensity": 1038.4253168943408
  },
  {
    "Scenario Name": "VehicleOpensDoor_3",
    "Scenario Description": "Scenario in which another vehicle parked at the side lane opens the door, forcing the ego to lane change, invading the opposite lane",
    "Map": "Map(name=Carla/Maps/Town10HD_Opt)",
    "Adversary Distance": 77,
    "Collision": true,
    "Weather": "ClearNoon",
    "Collision Type": "Actor(id=41, type=vehicle.dodge.charger_police_2020)",
    "Time to Collision": 11.238001585006714,
    "Speed at Collision": 13.493527602392394,
    "Intensity": 2806.2194930843602
  },
  {
    "Scenario Name": "VehicleOpensDoor_4",
    "Scenario Description": "Scenario in which another vehicle parked at the side lane opens the door, forcing the ego to lane change, invading the opposite lane",
    "Map": "Map(name=Carla/Maps/Town10HD_Opt)",
    "Adversary Distance": 16,
    "Collision": true,
    "Weather": "ClearNight",
    "Collision Type": "Actor(id=46, type=vehicle.dodge.charger_police_2020)",
    "Time to Collision": 4.456770181655884,
    "Speed at Collision": 8.214129932915613,
    "Intensity": 1163.5989209421916
  },
  {
    "Scenario Name": "VehicleOpensDoor_5",
    "Scenario Description": "Scenario in which another vehicle parked at the side lane opens the door, forcing the ego to lane change, invading the opposite lane",
    "Map": "Map(name=Carla/Maps/Town10HD_Opt)",
    "Adversary Distance": 23,
    "Collision": true,
    "Weather": "ClearNight",
    "Collision Type": "Actor(id=52, type=vehicle.dodge.charger_police_2020)",
    "Time to Collision": 3.2524354457855225,
    "Speed at Collision": 14.135785868954832,
    "Intensity": 2300.616367755141
  },
  {
    "Scenario Name": "VehicleOpensDoor_6",
    "Scenario Description": "Scenario in which another vehicle parked at the side lane opens the door, forcing the ego to lane change, invading the opposite lane",
    "Map": "Map(name=Carla/Maps/Town10HD_Opt)",
    "Adversary Distance": 17,
    "Collision": true,
    "Weather": "ClearNoon",
    "Collision Type": "Actor(id=57, type=vehicle.dodge.charger_police_2020)",
    "Time to Collision": 7.295450210571289,
    "Speed at Collision": 3.5240092589218426,
    "Intensity": 502.9381294316065
  },
  {
    "Scenario Name": "VehicleOpensDoor_7",
    "Scenario Description": "Scenario in which another vehicle parked at the side lane opens the door, forcing the ego to lane change, invading the opposite lane",
    "Map": "Map(name=Carla/Maps/Town10HD_Opt)",
    "Adversary Distance": 34,
    "Collision": true,
    "Weather": "ClearNight",
    "Collision Type": "Actor(id=63, type=vehicle.dodge.charger_police_2020)",
    "Time to Collision": 4.986373424530029,
    "Speed at Collision": 14.203884143864235,
    "Intensity": 3633.7500010321965
  },
  {
    "Scenario Name": "VehicleOpensDoor_8",
    "Scenario Description": "Scenario in which another vehicle parked at the side lane opens the door, forcing the ego to lane change, invading the opposite lane",
    "Map": "Map(name=Carla/Maps/Town10HD_Opt)",
    "Adversary Distance": 49,
    "Collision": true,
    "Weather": "ClearNoon",
    "Collision Type": "Actor(id=68, type=vehicle.dodge.charger_police_2020)",
    "Time to Collision": 11.709317207336426,
    "Speed at Collision": 5.736345786178756,
    "Intensity": 983.7842226518445
  },
  {
    "Scenario Name": "VehicleOpensDoor_10",
    "Scenario Description": "Scenario in which another vehicle parked at the side lane opens the door, forcing the ego to lane change, invading the opposite lane",
    "Map": "Map(name=Carla/Maps/Town10HD_Opt)",
    "Adversary Distance": 57,
    "Collision": true,
    "Weather": "ClearNight",
    "Collision Type": "Actor(id=78, type=vehicle.dodge.charger_police_2020)",
    "Time to Collision": 8.219269752502441,
    "Speed at Collision": 13.780558897746534,
    "Intensity": 2587.5231329049784
  },
  {
    "Scenario Name": "VehicleOpensDoor_11",
    "Scenario Description": "Scenario in which another vehicle parked at the side lane opens the door, forcing the ego to lane change, invading the opposite lane",
    "Map": "Map(name=Carla/Maps/Town10HD_Opt)",
    "Adversary Distance": 34,
    "Collision": true,
    "Weather": "ClearNoon",
    "Collision Type": "Actor(id=83, type=vehicle.dodge.charger_police_2020)",
    "Time to Collision": 9.531575202941895,
    "Speed at Collision": 5.125620208030275,
    "Intensity": 678.2996566750744
  },
  {
    "Scenario Name": "VehicleOpensDoor_12",
    "Scenario Description": "Scenario in which another vehicle parked at the side lane opens the door, forcing the ego to lane change, invading the opposite lane",
    "Map": "Map(name=Carla/Maps/Town10HD_Opt)",
    "Adversary Distance": 68,
    "Collision": true,
    "Weather": "ClearNight",
    "Collision Type": "Actor(id=89, type=vehicle.dodge.charger_police_2020)",
    "Time to Collision": 5.678343296051025,
    "Speed at Collision": 22.16906283128881,
    "Intensity": 5017.399542253138
  },
  {
    "Scenario Name": "VehicleOpensDoor_13",
    "Scenario Description": "Scenario in which another vehicle parked at the side lane opens the door, forcing the ego to lane change, invading the opposite lane",
    "Map": "Map(name=Carla/Maps/Town10HD_Opt)",
    "Adversary Distance": 85,
    "Collision": true,
    "Weather": "HardRainNight",
    "Collision Type": "Actor(id=94, type=vehicle.dodge.charger_police_2020)",
    "Time to Collision": 13.563190460205078,
    "Speed at Collision": 12.314362531229584,
    "Intensity": 3149.0350314732223
  },
  {
    "Scenario Name": "VehicleOpensDoor_14",
    "Scenario Description": "Scenario in which another vehicle parked at the side lane opens the door, forcing the ego to lane change, invading the opposite lane",
    "Map": "Map(name=Carla/Maps/Town10HD_Opt)",
    "Adversary Distance": 37,
    "Collision": true,
    "Weather": "HardRainNight",
    "Collision Type": "Actor(id=99, type=vehicle.dodge.charger_police_2020)",
    "Time to Collision": 5.300863027572632,
    "Speed at Collision": 15.615352166725696,
    "Intensity": 4015.663295652507
  },
  {
    "Scenario Name": "VehicleOpensDoor_15",
    "Scenario Description": "Scenario in which another vehicle parked at the side lane opens the door, forcing the ego to lane change, invading the opposite lane",
    "Map": "Map(name=Carla/Maps/Town10HD_Opt)",
    "Adversary Distance": 66,
    "Collision": true,
    "Weather": "HardRainNoon",
    "Collision Type": "Actor(id=104, type=vehicle.dodge.charger_police_2020)",
    "Time to Collision": 16.847280025482178,
    "Speed at Collision": 5.0839077772504995,
    "Intensity": 1275.8090784436235
  },
  {
    "Scenario Name": "VehicleOpensDoor_16",
    "Scenario Description": "Scenario in which another vehicle parked at the side lane opens the door, forcing the ego to lane change, invading the opposite lane",
    "Map": "Map(name=Carla/Maps/Town10HD_Opt)",
    "Adversary Distance": 33,
    "Collision": true,
    "Weather": "HardRainNight",
    "Collision Type": "Actor(id=109, type=vehicle.dodge.charger_police_2020)",
    "Time to Collision": 6.356743574142456,
    "Speed at Collision": 10.475111012878505,
    "Intensity": 1625.851370315682
  },
  {
    "Scenario Name": "VehicleOpensDoor_17",
    "Scenario Description": "Scenario in which another vehicle parked at the side lane opens the door, forcing the ego to lane change, invading the opposite lane",
    "Map": "Map(name=Carla/Maps/Town10HD_Opt)",
    "Adversary Distance": 19,
    "Collision": true,
    "Weather": "ClearNight",
    "Collision Type": "Actor(id=114, type=vehicle.dodge.charger_police_2020)",
    "Time to Collision": 2.876856803894043,
    "Speed at Collision": 13.576047988484616,
    "Intensity": 3500.465755084861
  },
  {
    "Scenario Name": "VehicleOpensDoor_18",
    "Scenario Description": "Scenario in which another vehicle parked at the side lane opens the door, forcing the ego to lane change, invading the opposite lane",
    "Map": "Map(name=Carla/Maps/Town10HD_Opt)",
    "Adversary Distance": 27,
    "Collision": true,
    "Weather": "HardRainNoon",
    "Collision Type": "Actor(id=119, type=vehicle.dodge.charger_police_2020)",
    "Time to Collision": 3.70920729637146,
    "Speed at Collision": 14.818697929904936,
    "Intensity": 2207.0775462401534
  },
  {
    "Scenario Name": "VehicleOpensDoor_19",
    "Scenario Description": "Scenario in which another vehicle parked at the side lane opens the door, forcing the ego to lane change, invading the opposite lane",
    "Map": "Map(name=Carla/Maps/Town10HD_Opt)",
    "Adversary Distance": 57,
    "Collision": true,
    "Weather": "ClearNoon",
    "Collision Type": "Actor(id=124, type=vehicle.dodge.charger_police_2020)",
    "Time to Collision": 5.277085065841675,
    "Speed at Collision": 20.347564787937397,
    "Intensity": 4413.967206595769
  },
  {
    "Scenario Name": "VehicleOpensDoor_20",
    "Scenario Description": "Scenario in which another vehicle parked at the side lane opens the door, forcing the ego to lane change, invading the opposite lane",
    "Map": "Map(name=Carla/Maps/Town10HD_Opt)",
    "Adversary Distance": 91,
    "Collision": true,
    "Weather": "HardRainNight",
    "Collision Type": "Actor(id=129, type=vehicle.dodge.charger_police_2020)",
    "Time to Collision": 6.4449450969696045,
    "Speed at Collision": 24.853760177134788,
    "Intensity": 6116.1742157697545
  },
  {
    "Scenario Name": "VehicleOpensDoor_21",
    "Scenario Description": "Scenario in which another vehicle parked at the side lane opens the door, forcing the ego to lane change, invading the opposite lane",
    "Map": "Map(name=Carla/Maps/Town10HD_Opt)",
    "Adversary Distance": 16,
    "Collision": true,
    "Weather": "ClearNight",
    "Collision Type": "Actor(id=134, type=vehicle.dodge.charger_police_2020)",
    "Time to Collision": 3.0364630222320557,
    "Speed at Collision": 10.899690642423556,
    "Intensity": 2816.264314278717
  },
  {
    "Scenario Name": "VehicleOpensDoor_22",
    "Scenario Description": "Scenario in which another vehicle parked at the side lane opens the door, forcing the ego to lane change, invading the opposite lane",
    "Map": "Map(name=Carla/Maps/Town10HD_Opt)",
    "Adversary Distance": 83,
    "Collision": true,
    "Weather": "HardRainNoon",
    "Collision Type": "Actor(id=139, type=vehicle.dodge.charger_police_2020)",
    "Time to Collision": 7.586727857589722,
    "Speed at Collision": 20.51225135160905,
    "Intensity": 3695.441725216258
  },
  {
    "Scenario Name": "VehicleOpensDoor_23",
    "Scenario Description": "Scenario in which another vehicle parked at the side lane opens the door, forcing the ego to lane change, invading the opposite lane",
    "Map": "Map(name=Carla/Maps/Town10HD_Opt)",
    "Adversary Distance": 34,
    "Collision": true,
    "Weather": "HardRainNight",
    "Collision Type": "Actor(id=144, type=vehicle.dodge.charger_police_2020)",
    "Time to Collision": 9.439933061599731,
    "Speed at Collision": 5.240174796387079,
    "Intensity": 762.4233917880783
  },
  {
    "Scenario Name": "VehicleOpensDoor_24",
    "Scenario Description": "Scenario in which another vehicle parked at the side lane opens the door, forcing the ego to lane change, invading the opposite lane",
    "Map": "Map(name=Carla/Maps/Town10HD_Opt)",
    "Adversary Distance": 44,
    "Collision": true,
    "Weather": "ClearNight",
    "Collision Type": "Actor(id=150, type=vehicle.dodge.charger_police_2020)",
    "Time to Collision": 8.413833141326904,
    "Speed at Collision": 11.75766787155612,
    "Intensity": 2099.8929196425997
  },
  {
    "Scenario Name": "VehicleOpensDoor_25",
    "Scenario Description": "Scenario in which another vehicle parked at the side lane opens the door, forcing the ego to lane change, invading the opposite lane",
    "Map": "Map(name=Carla/Maps/Town10HD_Opt)",
    "Adversary Distance": 89,
    "Collision": true,
    "Weather": "HardRainNight",
    "Collision Type": "Actor(id=155, type=vehicle.dodge.charger_police_2020)",
    "Time to Collision": 8.861151218414307,
    "Speed at Collision": 18.707320111417683,
    "Intensity": 3978.513220687979
  },
  {
    "Scenario Name": "VehicleOpensDoor_26",
    "Scenario Description": "Scenario in which another vehicle parked at the side lane opens the door, forcing the ego to lane change, invading the opposite lane",
    "Map": "Map(name=Carla/Maps/Town10HD_Opt)",
    "Adversary Distance": 48,
    "Collision": true,
    "Weather": "ClearNoon",
    "Collision Type": "Actor(id=160, type=vehicle.dodge.charger_police_2020)",
    "Time to Collision": 4.512464761734009,
    "Speed at Collision": 20.007722078726072,
    "Intensity": 3989.384103992606
  },
  {
    "Scenario Name": "VehicleOpensDoor_27",
    "Scenario Description": "Scenario in which another vehicle parked at the side lane opens the door, forcing the ego to lane change, invading the opposite lane",
    "Map": "Map(name=Carla/Maps/Town10HD_Opt)",
    "Adversary Distance": 56,
    "Collision": true,
    "Weather": "HardRainNoon",
    "Collision Type": "Actor(id=165, type=vehicle.dodge.charger_police_2020)",
    "Time to Collision": 5.0431437492370605,
    "Speed at Collision": 20.564340708438824,
    "Intensity": 3793.473396792908
  },
  {
    "Scenario Name": "VehicleOpensDoor_28",
    "Scenario Description": "Scenario in which another vehicle parked at the side lane opens the door, forcing the ego to lane change, invading the opposite lane",
    "Map": "Map(name=Carla/Maps/Town10HD_Opt)",
    "Adversary Distance": 52,
    "Collision": true,
    "Weather": "ClearNight",
    "Collision Type": "Actor(id=170, type=vehicle.dodge.charger_police_2020)",
    "Time to Collision": 5.256151437759399,
    "Speed at Collision": 19.78005456579324,
    "Intensity": 5030.329747140094
  },
  {
    "Scenario Name": "VehicleOpensDoor_29",
    "Scenario Description": "Scenario in which another vehicle parked at the side lane opens the door, forcing the ego to lane change, invading the opposite lane",
    "Map": "Map(name=Carla/Maps/Town10HD_Opt)",
    "Adversary Distance": 16,
    "Collision": true,
    "Weather": "ClearNight",
    "Collision Type": "Actor(id=175, type=vehicle.dodge.charger_police_2020)",
    "Time to Collision": 3.9349491596221924,
    "Speed at Collision": 9.761594952816946,
    "Intensity": 1445.193709103224
  },
  {
    "Scenario Name": "VehicleOpensDoor_30",
    "Scenario Description": "Scenario in which another vehicle parked at the side lane opens the door, forcing the ego to lane change, invading the opposite lane",
    "Map": "Map(name=Carla/Maps/Town10HD_Opt)",
    "Adversary Distance": 71,
    "Collision": true,
    "Weather": "HardRainNoon",
    "Collision Type": "Actor(id=180, type=vehicle.dodge.charger_police_2020)",
    "Time to Collision": 6.9708898067474365,
    "Speed at Collision": 19.151053540734434,
    "Intensity": 3566.331644987349
  },
  {
    "Scenario Name": "VehicleOpensDoor_31",
    "Scenario Description": "Scenario in which another vehicle parked at the side lane opens the door, forcing the ego to lane change, invading the opposite lane",
    "Map": "Map(name=Carla/Maps/Town10HD_Opt)",
    "Adversary Distance": 31,
    "Collision": true,
    "Weather": "ClearNight",
    "Collision Type": "Actor(id=185, type=vehicle.dodge.charger_police_2020)",
    "Time to Collision": 4.604534149169922,
    "Speed at Collision": 13.980309561113396,
    "Intensity": 2188.1171982393557
  },
  {
    "Scenario Name": "VehicleOpensDoor_32",
    "Scenario Description": "Scenario in which another vehicle parked at the side lane opens the door, forcing the ego to lane change, invading the opposite lane",
    "Map": "Map(name=Carla/Maps/Town10HD_Opt)",
    "Adversary Distance": 56,
    "Collision": true,
    "Weather": "ClearNight",
    "Collision Type": "Actor(id=190, type=vehicle.dodge.charger_police_2020)",
    "Time to Collision": 5.04471230506897,
    "Speed at Collision": 20.612924009869285,
    "Intensity": 3662.1171382036396
  },
  {
    "Scenario Name": "VehicleOpensDoor_33",
    "Scenario Description": "Scenario in which another vehicle parked at the side lane opens the door, forcing the ego to lane change, invading the opposite lane",
    "Map": "Map(name=Carla/Maps/Town10HD_Opt)",
    "Adversary Distance": 54,
    "Collision": true,
    "Weather": "ClearNight",
    "Collision Type": "Actor(id=195, type=vehicle.dodge.charger_police_2020)",
    "Time to Collision": 18.105544567108154,
    "Speed at Collision": 4.6911914160249575,
    "Intensity": 896.4600782932134
  },
  {
    "Scenario Name": "VehicleOpensDoor_34",
    "Scenario Description": "Scenario in which another vehicle parked at the side lane opens the door, forcing the ego to lane change, invading the opposite lane",
    "Map": "Map(name=Carla/Maps/Town10HD_Opt)",
    "Adversary Distance": 87,
    "Collision": true,
    "Weather": "HardRainNoon",
    "Collision Type": "Actor(id=200, type=vehicle.dodge.charger_police_2020)",
    "Time to Collision": 8.989307165145874,
    "Speed at Collision": 19.142246724630567,
    "Intensity": 4648.17238602467
  },
  {
    "Scenario Name": "VehicleOpensDoor_35",
    "Scenario Description": "Scenario in which another vehicle parked at the side lane opens the door, forcing the ego to lane change, invading the opposite lane",
    "Map": "Map(name=Carla/Maps/Town10HD_Opt)",
    "Adversary Distance": 47,
    "Collision": true,
    "Weather": "HardRainNoon",
    "Collision Type": "Actor(id=205, type=vehicle.dodge.charger_police_2020)",
    "Time to Collision": 5.010107040405273,
    "Speed at Collision": 18.145971789094748,
    "Intensity": 4576.259252814172
  },
  {
    "Scenario Name": "VehicleOpensDoor_36",
    "Scenario Description": "Scenario in which another vehicle parked at the side lane opens the door, forcing the ego to lane change, invading the opposite lane",
    "Map": "Map(name=Carla/Maps/Town10HD_Opt)",
    "Adversary Distance": 31,
    "Collision": true,
    "Weather": "HardRainNight",
    "Collision Type": "Actor(id=210, type=vehicle.dodge.charger_police_2020)",
    "Time to Collision": 7.411284685134888,
    "Speed at Collision": 6.804037726430335,
    "Intensity": 1737.7170892178956
  },
  {
    "Scenario Name": "VehicleOpensDoor_37",
    "Scenario Description": "Scenario in which another vehicle parked at the side lane opens the door, forcing the ego to lane change, invading the opposite lane",
    "Map": "Map(name=Carla/Maps/Town10HD_Opt)",
    "Adversary Distance": 31,
    "Collision": true,
    "Weather": "HardRainNoon",
    "Collision Type": "Actor(id=216, type=vehicle.dodge.charger_police_2020)",
    "Time to Collision": 3.8182950019836426,
    "Speed at Collision": 16.321506757239007,
    "Intensity": 4147.184486541978
  },
  {
    "Scenario Name": "VehicleOpensDoor_38",
    "Scenario Description": "Scenario in which another vehicle parked at the side lane opens the door, forcing the ego to lane change, invading the opposite lane",
    "Map": "Map(name=Carla/Maps/Town10HD_Opt)",
    "Adversary Distance": 48,
    "Collision": true,
    "Weather": "ClearNight",
    "Collision Type": "Actor(id=221, type=vehicle.dodge.charger_police_2020)",
    "Time to Collision": 8.738945484161377,
    "Speed at Collision": 11.676880910949059,
    "Intensity": 2989.601642764562
  },
  {
    "Scenario Name": "VehicleOpensDoor_39",
    "Scenario Description": "Scenario in which another vehicle parked at the side lane opens the door, forcing the ego to lane change, invading the opposite lane",
    "Map": "Map(name=Carla/Maps/Town10HD_Opt)",
    "Adversary Distance": 100,
    "Collision": true,
    "Weather": "HardRainNight",
    "Collision Type": "Actor(id=226, type=vehicle.dodge.charger_police_2020)",
    "Time to Collision": 8.221945762634277,
    "Speed at Collision": 25.264965097032913,
    "Intensity": 5519.749029675605
  },
  {
    "Scenario Name": "VehicleOpensDoor_40",
    "Scenario Description": "Scenario in which another vehicle parked at the side lane opens the door, forcing the ego to lane change, invading the opposite lane",
    "Map": "Map(name=Carla/Maps/Town10HD_Opt)",
    "Adversary Distance": 13,
    "Collision": true,
    "Weather": "HardRainNight",
    "Collision Type": "Actor(id=231, type=vehicle.dodge.charger_police_2020)",
    "Time to Collision": 3.750335216522217,
    "Speed at Collision": 5.538211002251823,
    "Intensity": 892.4686164684994
  },
  {
    "Scenario Name": "VehicleOpensDoor_41",
    "Scenario Description": "Scenario in which another vehicle parked at the side lane opens the door, forcing the ego to lane change, invading the opposite lane",
    "Map": "Map(name=Carla/Maps/Town10HD_Opt)",
    "Adversary Distance": 86,
    "Collision": true,
    "Weather": "HardRainNight",
    "Collision Type": "Actor(id=237, type=vehicle.dodge.charger_police_2020)",
    "Time to Collision": 9.210046291351318,
    "Speed at Collision": 17.786677604334606,
    "Intensity": 3374.060274354565
  },
  {
    "Scenario Name": "VehicleOpensDoor_42",
    "Scenario Description": "Scenario in which another vehicle parked at the side lane opens the door, forcing the ego to lane change, invading the opposite lane",
    "Map": "Map(name=Carla/Maps/Town10HD_Opt)",
    "Adversary Distance": 48,
    "Collision": true,
    "Weather": "ClearNoon",
    "Collision Type": "Actor(id=242, type=vehicle.dodge.charger_police_2020)",
    "Time to Collision": 7.020052909851074,
    "Speed at Collision": 13.991835763824817,
    "Intensity": 3542.3512389983034
  },
  {
    "Scenario Name": "VehicleOpensDoor_43",
    "Scenario Description": "Scenario in which another vehicle parked at the side lane opens the door, forcing the ego to lane change, invading the opposite lane",
    "Map": "Map(name=Carla/Maps/Town10HD_Opt)",
    "Adversary Distance": 33,
    "Collision": true,
    "Weather": "ClearNoon",
    "Collision Type": "Actor(id=247, type=vehicle.dodge.charger_police_2020)",
    "Time to Collision": 3.99977445602417,
    "Speed at Collision": 16.47336008650453,
    "Intensity": 4180.154025047861
  },
  {
    "Scenario Name": "VehicleOpensDoor_44",
    "Scenario Description": "Scenario in which another vehicle parked at the side lane opens the door, forcing the ego to lane change, invading the opposite lane",
    "Map": "Map(name=Carla/Maps/Town10HD_Opt)",
    "Adversary Distance": 67,
    "Collision": true,
    "Weather": "HardRainNight",
    "Collision Type": "Actor(id=252, type=vehicle.dodge.charger_police_2020)",
    "Time to Collision": 6.877068042755127,
    "Speed at Collision": 20.488559968251863,
    "Intensity": 4119.074737803095
  },
  {
    "Scenario Name": "VehicleOpensDoor_45",
    "Scenario Description": "Scenario in which another vehicle parked at the side lane opens the door, forcing the ego to lane change, invading the opposite lane",
    "Map": "Map(name=Carla/Maps/Town10HD_Opt)",
    "Adversary Distance": 61,
    "Collision": true,
    "Weather": "HardRainNoon",
    "Collision Type": "Actor(id=257, type=vehicle.dodge.charger_police_2020)",
    "Time to Collision": 5.0136473178863525,
    "Speed at Collision": 21.8682769065722,
    "Intensity": 4233.917689185044
  },
  {
    "Scenario Name": "VehicleOpensDoor_46",
    "Scenario Description": "Scenario in which another vehicle parked at the side lane opens the door, forcing the ego to lane change, invading the opposite lane",
    "Map": "Map(name=Carla/Maps/Town10HD_Opt)",
    "Adversary Distance": 77,
    "Collision": true,
    "Weather": "HardRainNight",
    "Collision Type": "Actor(id=262, type=vehicle.dodge.charger_police_2020)",
    "Time to Collision": 6.751137018203735,
    "Speed at Collision": 20.80371325484911,
    "Intensity": 5110.0599946306465
  },
  {
    "Scenario Name": "VehicleOpensDoor_47",
    "Scenario Description": "Scenario in which another vehicle parked at the side lane opens the door, forcing the ego to lane change, invading the opposite lane",
    "Map": "Map(name=Carla/Maps/Town10HD_Opt)",
    "Adversary Distance": 58,
    "Collision": true,
    "Weather": "HardRainNoon",
    "Collision Type": "Actor(id=267, type=vehicle.dodge.charger_police_2020)",
    "Time to Collision": 5.778749704360962,
    "Speed at Collision": 19.345381054155315,
    "Intensity": 3809.2316266686616
  },
  {
    "Scenario Name": "VehicleOpensDoor_48",
    "Scenario Description": "Scenario in which another vehicle parked at the side lane opens the door, forcing the ego to lane change, invading the opposite lane",
    "Map": "Map(name=Carla/Maps/Town10HD_Opt)",
    "Adversary Distance": 81,
    "Collision": true,
    "Weather": "ClearNoon",
    "Collision Type": "Actor(id=272, type=vehicle.dodge.charger_police_2020)",
    "Time to Collision": 6.644270658493042,
    "Speed at Collision": 22.176237329567137,
    "Intensity": 4541.173809637909
  },
  {
    "Scenario Name": "VehicleOpensDoor_49",
    "Scenario Description": "Scenario in which another vehicle parked at the side lane opens the door, forcing the ego to lane change, invading the opposite lane",
    "Map": "Map(name=Carla/Maps/Town10HD_Opt)",
    "Adversary Distance": 10,
    "Collision": true,
    "Weather": "ClearNoon",
    "Collision Type": "Actor(id=277, type=vehicle.dodge.charger_police_2020)",
    "Time to Collision": 2.4503979682922363,
    "Speed at Collision": 8.5931367890617,
    "Intensity": 2204.8997984674183
  },
  {
    "Scenario Name": "VehicleOpensDoor_50",
    "Scenario Description": "Scenario in which another vehicle parked at the side lane opens the door, forcing the ego to lane change, invading the opposite lane",
    "Map": "Map(name=Carla/Maps/Town10HD_Opt)",
    "Adversary Distance": 26,
    "Collision": true,
    "Weather": "ClearNight",
    "Collision Type": "Actor(id=283, type=vehicle.dodge.charger_police_2020)",
    "Time to Collision": 3.5426406860351562,
    "Speed at Collision": 14.728523585980083,
    "Intensity": 3745.6590134743055
  },
  {
    "Scenario Name": "VehicleOpensDoor_51",
    "Scenario Description": "Scenario in which another vehicle parked at the side lane opens the door, forcing the ego to lane change, invading the opposite lane",
    "Map": "Map(name=Carla/Maps/Town10HD_Opt)",
    "Adversary Distance": 58,
    "Collision": true,
    "Weather": "ClearNight",
    "Collision Type": "Actor(id=288, type=vehicle.dodge.charger_police_2020)",
    "Time to Collision": 5.7807605266571045,
    "Speed at Collision": 19.040613894108077,
    "Intensity": 4769.651451833193
  },
  {
    "Scenario Name": "VehicleOpensDoor_52",
    "Scenario Description": "Scenario in which another vehicle parked at the side lane opens the door, forcing the ego to lane change, invading the opposite lane",
    "Map": "Map(name=Carla/Maps/Town10HD_Opt)",
    "Adversary Distance": 81,
    "Collision": true,
    "Weather": "HardRainNoon",
    "Collision Type": "Actor(id=293, type=vehicle.dodge.charger_police_2020)",
    "Time to Collision": 10.41292119026184,
    "Speed at Collision": 15.097521911301744,
    "Intensity": 3080.2344273377007
  },
  {
    "Scenario Name": "VehicleOpensDoor_53",
    "Scenario Description": "Scenario in which another vehicle parked at the side lane opens the door, forcing the ego to lane change, invading the opposite lane",
    "Map": "Map(name=Carla/Maps/Town10HD_Opt)",
    "Adversary Distance": 92,
    "Collision": true,
    "Weather": "ClearNight",
    "Collision Type": "Actor(id=298, type=vehicle.dodge.charger_police_2020)",
    "Time to Collision": 8.091606140136719,
    "Speed at Collision": 22.252594021337266,
    "Intensity": 4740.751155512346
  },
  {
    "Scenario Name": "VehicleOpensDoor_54",
    "Scenario Description": "Scenario in which another vehicle parked at the side lane opens the door, forcing the ego to lane change, invading the opposite lane",
    "Map": "Map(name=Carla/Maps/Town10HD_Opt)",
    "Adversary Distance": 63,
    "Collision": true,
    "Weather": "ClearNight",
    "Collision Type": "Actor(id=303, type=vehicle.dodge.charger_police_2020)",
    "Time to Collision": 16.90019464492798,
    "Speed at Collision": 5.11639930895234,
    "Intensity": 1320.63622553033
  },
  {
    "Scenario Name": "VehicleOpensDoor_55",
    "Scenario Description": "Scenario in which another vehicle parked at the side lane opens the door, forcing the ego to lane change, invading the opposite lane",
    "Map": "Map(name=Carla/Maps/Town10HD_Opt)",
    "Adversary Distance": 57,
    "Collision": true,
    "Weather": "ClearNoon",
    "Collision Type": "Actor(id=308, type=vehicle.dodge.charger_police_2020)",
    "Time to Collision": 5.816072940826416,
    "Speed at Collision": 18.68764541283818,
    "Intensity": 3466.09873136119
  },
  {
    "Scenario Name": "VehicleOpensDoor_56",
    "Scenario Description": "Scenario in which another vehicle parked at the side lane opens the door, forcing the ego to lane change, invading the opposite lane",
    "Map": "Map(name=Carla/Maps/Town10HD_Opt)",
    "Adversary Distance": 86,
    "Collision": true,
    "Weather": "HardRainNoon",
    "Collision Type": "Actor(id=313, type=vehicle.dodge.charger_police_2020)",
    "Time to Collision": 6.641260147094727,
    "Speed at Collision": 23.474789117369944,
    "Intensity": 4942.555553984326
  },
  {
    "Scenario Name": "VehicleOpensDoor_57",
    "Scenario Description": "Scenario in which another vehicle parked at the side lane opens the door, forcing the ego to lane change, invading the opposite lane",
    "Map": "Map(name=Carla/Maps/Town10HD_Opt)",
    "Adversary Distance": 15,
    "Collision": true,
    "Weather": "HardRainNoon",
    "Collision Type": "Actor(id=318, type=vehicle.dodge.charger_police_2020)",
    "Time to Collision": 3.018089771270752,
    "Speed at Collision": 10.935622224369459,
    "Intensity": 2742.250851549298
  },
  {
    "Scenario Name": "VehicleOpensDoor_58",
    "Scenario Description": "Scenario in which another vehicle parked at the side lane opens the door, forcing the ego to lane change, invading the opposite lane",
    "Map": "Map(name=Carla/Maps/Town10HD_Opt)",
    "Adversary Distance": 50,
    "Collision": true,
    "Weather": "ClearNoon",
    "Collision Type": "Actor(id=323, type=vehicle.dodge.charger_police_2020)",
    "Time to Collision": 7.418925762176514,
    "Speed at Collision": 13.676740757802778,
    "Intensity": 3492.635223084881
  },
  {
    "Scenario Name": "VehicleOpensDoor_59",
    "Scenario Description": "Scenario in which another vehicle parked at the side lane opens the door, forcing the ego to lane change, invading the opposite lane",
    "Map": "Map(name=Carla/Maps/Town10HD_Opt)",
    "Adversary Distance": 92,
    "Collision": true,
    "Weather": "ClearNoon",
    "Collision Type": "Actor(id=328, type=vehicle.dodge.charger_police_2020)",
    "Time to Collision": 6.559981822967529,
    "Speed at Collision": 24.687185647862716,
    "Intensity": 5743.484313246463
  },
  {
    "Scenario Name": "VehicleOpensDoor_60",
    "Scenario Description": "Scenario in which another vehicle parked at the side lane opens the door, forcing the ego to lane change, invading the opposite lane",
    "Map": "Map(name=Carla/Maps/Town10HD_Opt)",
    "Adversary Distance": 45,
    "Collision": true,
    "Weather": "ClearNoon",
    "Collision Type": "Actor(id=333, type=vehicle.dodge.charger_police_2020)",
    "Time to Collision": 4.723308801651001,
    "Speed at Collision": 18.321458898259845,
    "Intensity": 4626.034457136921
  },
  {
    "Scenario Name": "VehicleOpensDoor_61",
    "Scenario Description": "Scenario in which another vehicle parked at the side lane opens the door, forcing the ego to lane change, invading the opposite lane",
    "Map": "Map(name=Carla/Maps/Town10HD_Opt)",
    "Adversary Distance": 67,
    "Collision": true,
    "Weather": "HardRainNoon",
    "Collision Type": "Actor(id=338, type=vehicle.dodge.charger_police_2020)",
    "Time to Collision": 6.295148611068726,
    "Speed at Collision": 20.310335398685734,
    "Intensity": 4357.98000996028
  },
  {
    "Scenario Name": "VehicleOpensDoor_62",
    "Scenario Description": "Scenario in which another vehicle parked at the side lane opens the door, forcing the ego to lane change, invading the opposite lane",
    "Map": "Map(name=Carla/Maps/Town10HD_Opt)",
    "Adversary Distance": 71,
    "Collision": true,
    "Weather": "HardRainNight",
    "Collision Type": "Actor(id=343, type=vehicle.dodge.charger_police_2020)",
    "Time to Collision": 13.841933965682983,
    "Speed at Collision": 7.398856783615767,
    "Intensity": 1872.9339590800284
  },
  {
    "Scenario Name": "VehicleOpensDoor_63",
    "Scenario Description": "Scenario in which another vehicle parked at the side lane opens the door, forcing the ego to lane change, invading the opposite lane",
    "Map": "Map(name=Carla/Maps/Town10HD_Opt)",
    "Adversary Distance": 40,
    "Collision": true,
    "Weather": "HardRainNoon",
    "Collision Type": "Actor(id=348, type=vehicle.dodge.charger_police_2020)",
    "Time to Collision": 6.6327221393585205,
    "Speed at Collision": 11.994630050940968,
    "Intensity": 3030.9840848561967
  },
  {
    "Scenario Name": "VehicleOpensDoor_64",
    "Scenario Description": "Scenario in which another vehicle parked at the side lane opens the door, forcing the ego to lane change, invading the opposite lane",
    "Map": "Map(name=Carla/Maps/Town10HD_Opt)",
    "Adversary Distance": 15,
    "Collision": true,
    "Weather": "ClearNoon",
    "Collision Type": "Actor(id=353, type=vehicle.dodge.charger_police_2020)",
    "Time to Collision": 2.6104462146759033,
    "Speed at Collision": 12.077912727672219,
    "Intensity": 3043.177011323018
  },
  {
    "Scenario Name": "VehicleOpensDoor_65",
    "Scenario Description": "Scenario in which another vehicle parked at the side lane opens the door, forcing the ego to lane change, invading the opposite lane",
    "Map": "Map(name=Carla/Maps/Town10HD_Opt)",
    "Adversary Distance": 55,
    "Collision": true,
    "Weather": "HardRainNight",
    "Collision Type": "Actor(id=358, type=vehicle.dodge.charger_police_2020)",
    "Time to Collision": 5.198314905166626,
    "Speed at Collision": 19.8167862871442,
    "Intensity": 5016.857955261468
  },
  {
    "Scenario Name": "VehicleOpensDoor_66",
    "Scenario Description": "Scenario in which another vehicle parked at the side lane opens the door, forcing the ego to lane change, invading the opposite lane",
    "Map": "Map(name=Carla/Maps/Town10HD_Opt)",
    "Adversary Distance": 19,
    "Collision": true,
    "Weather": "ClearNoon",
    "Collision Type": "Actor(id=363, type=vehicle.dodge.charger_police_2020)",
    "Time to Collision": 2.9074642658233643,
    "Speed at Collision": 13.927662342895713,
    "Intensity": 3477.9356453384953
  },
  {
    "Scenario Name": "VehicleOpensDoor_67",
    "Scenario Description": "Scenario in which another vehicle parked at the side lane opens the door, forcing the ego to lane change, invading the opposite lane",
    "Map": "Map(name=Carla/Maps/Town10HD_Opt)",
    "Adversary Distance": 83,
    "Collision": true,
    "Weather": "ClearNoon",
    "Collision Type": "Actor(id=368, type=vehicle.dodge.charger_police_2020)",
    "Time to Collision": 8.31650161743164,
    "Speed at Collision": 18.758443878258472,
    "Intensity": 3922.39361849796
  },
  {
    "Scenario Name": "VehicleOpensDoor_68",
    "Scenario Description": "Scenario in which another vehicle parked at the side lane opens the door, forcing the ego to lane change, invading the opposite lane",
    "Map": "Map(name=Carla/Maps/Town10HD_Opt)",
    "Adversary Distance": 60,
    "Collision": true,
    "Weather": "HardRainNoon",
    "Collision Type": "Actor(id=373, type=vehicle.dodge.charger_police_2020)",
    "Time to Collision": 10.927449226379395,
    "Speed at Collision": 8.196905152166128,
    "Intensity": 2065.2438687608515
  },
  {
    "Scenario Name": "VehicleOpensDoor_69",
    "Scenario Description": "Scenario in which another vehicle parked at the side lane opens the door, forcing the ego to lane change, invading the opposite lane",
    "Map": "Map(name=Carla/Maps/Town10HD_Opt)",
    "Adversary Distance": 71,
    "Collision": true,
    "Weather": "HardRainNoon",
    "Collision Type": "Actor(id=378, type=vehicle.dodge.charger_police_2020)",
    "Time to Collision": 6.753143548965454,
    "Speed at Collision": 19.988667014041418,
    "Intensity": 4480.631509195005
  },
  {
    "Scenario Name": "VehicleOpensDoor_70",
    "Scenario Description": "Scenario in which another vehicle parked at the side lane opens the door, forcing the ego to lane change, invading the opposite lane",
    "Map": "Map(name=Carla/Maps/Town10HD_Opt)",
    "Adversary Distance": 81,
    "Collision": true,
    "Weather": "HardRainNight",
    "Collision Type": "Actor(id=383, type=vehicle.dodge.charger_police_2020)",
    "Time to Collision": 14.584481954574585,
    "Speed at Collision": 7.4363751826634035,
    "Intensity": 1891.2547883370119
  },
  {
    "Scenario Name": "VehicleOpensDoor_71",
    "Scenario Description": "Scenario in which another vehicle parked at the side lane opens the door, forcing the ego to lane change, invading the opposite lane",
    "Map": "Map(name=Carla/Maps/Town10HD_Opt)",
    "Adversary Distance": 15,
    "Collision": true,
    "Weather": "ClearNight",
    "Collision Type": "Actor(id=389, type=vehicle.dodge.charger_police_2020)",
    "Time to Collision": 6.375849962234497,
    "Speed at Collision": 3.6217001297424076,
    "Intensity": 511.2566134957318
  },
  {
    "Scenario Name": "VehicleOpensDoor_72",
    "Scenario Description": "Scenario in which another vehicle parked at the side lane opens the door, forcing the ego to lane change, invading the opposite lane",
    "Map": "Map(name=Carla/Maps/Town10HD_Opt)",
    "Adversary Distance": 17,
    "Collision": true,
    "Weather": "ClearNight",
    "Collision Type": "Actor(id=395, type=vehicle.dodge.charger_police_2020)",
    "Time to Collision": 5.554535388946533,
    "Speed at Collision": 5.111558951340398,
    "Intensity": 750.049521642356
  },
  {
    "Scenario Name": "VehicleOpensDoor_74",
    "Scenario Description": "Scenario in which another vehicle parked at the side lane opens the door, forcing the ego to lane change, invading the opposite lane",
    "Map": "Map(name=Carla/Maps/Town10HD_Opt)",
    "Adversary Distance": 69,
    "Collision": true,
    "Weather": "HardRainNight",
    "Collision Type": "Actor(id=406, type=vehicle.dodge.charger_police_2020)",
    "Time to Collision": 15.787104606628418,
    "Speed at Collision": 6.850201137364155,
    "Intensity": 1721.5203052340826
  },
  {
    "Scenario Name": "VehicleOpensDoor_75",
    "Scenario Description": "Scenario in which another vehicle parked at the side lane opens the door, forcing the ego to lane change, invading the opposite lane",
    "Map": "Map(name=Carla/Maps/Town10HD_Opt)",
    "Adversary Distance": 57,
    "Collision": true,
    "Weather": "ClearNoon",
    "Collision Type": "Actor(id=411, type=vehicle.dodge.charger_police_2020)",
    "Time to Collision": 7.136457443237305,
    "Speed at Collision": 15.552809755985308,
    "Intensity": 2153.5211318432
  },
  {
    "Scenario Name": "VehicleOpensDoor_76",
    "Scenario Description": "Scenario in which another vehicle parked at the side lane opens the door, forcing the ego to lane change, invading the opposite lane",
    "Map": "Map(name=Carla/Maps/Town10HD_Opt)",
    "Adversary Distance": 80,
    "Collision": true,
    "Weather": "ClearNight",
    "Collision Type": "Actor(id=416, type=vehicle.dodge.charger_police_2020)",
    "Time to Collision": 6.234867572784424,
    "Speed at Collision": 22.952218902510268,
    "Intensity": 4720.209359016409
  },
  {
    "Scenario Name": "VehicleOpensDoor_77",
    "Scenario Description": "Scenario in which another vehicle parked at the side lane opens the door, forcing the ego to lane change, invading the opposite lane",
    "Map": "Map(name=Carla/Maps/Town10HD_Opt)",
    "Adversary Distance": 59,
    "Collision": true,
    "Weather": "ClearNight",
    "Collision Type": "Actor(id=421, type=vehicle.dodge.charger_police_2020)",
    "Time to Collision": 9.268765449523926,
    "Speed at Collision": 12.203941366004967,
    "Intensity": 3080.904806153977
  },
  {
    "Scenario Name": "VehicleOpensDoor_78",
    "Scenario Description": "Scenario in which another vehicle parked at the side lane opens the door, forcing the ego to lane change, invading the opposite lane",
    "Map": "Map(name=Carla/Maps/Town10HD_Opt)",
    "Adversary Distance": 13,
    "Collision": true,
    "Weather": "HardRainNight",
    "Collision Type": "Actor(id=426, type=vehicle.dodge.charger_police_2020)",
    "Time to Collision": 2.728349447250366,
    "Speed at Collision": 10.269609484620428,
    "Intensity": 2802.889712179994
  },
  {
    "Scenario Name": "VehicleOpensDoor_79",
    "Scenario Description": "Scenario in which another vehicle parked at the side lane opens the door, forcing the ego to lane change, invading the opposite lane",
    "Map": "Map(name=Carla/Maps/Town10HD_Opt)",
    "Adversary Distance": 67,
    "Collision": true,
    "Weather": "ClearNight",
    "Collision Type": "Actor(id=431, type=vehicle.dodge.charger_police_2020)",
    "Time to Collision": 8.140899658203125,
    "Speed at Collision": 17.373071989108976,
    "Intensity": 105.95189762810102
  },
  {
    "Scenario Name": "VehicleOpensDoor_80",
    "Scenario Description": "Scenario in which another vehicle parked at the side lane opens the door, forcing the ego to lane change, invading the opposite lane",
    "Map": "Map(name=Carla/Maps/Town10HD_Opt)",
    "Adversary Distance": 34,
    "Collision": true,
    "Weather": "HardRainNoon",
    "Collision Type": "Actor(id=436, type=vehicle.dodge.charger_police_2020)",
    "Time to Collision": 4.945950508117676,
    "Speed at Collision": 14.129209525412858,
    "Intensity": 3565.915892959379
  },
  {
    "Scenario Name": "VehicleOpensDoor_81",
    "Scenario Description": "Scenario in which another vehicle parked at the side lane opens the door, forcing the ego to lane change, invading the opposite lane",
    "Map": "Map(name=Carla/Maps/Town10HD_Opt)",
    "Adversary Distance": 10,
    "Collision": true,
    "Weather": "ClearNoon",
    "Collision Type": "Actor(id=441, type=vehicle.dodge.charger_police_2020)",
    "Time to Collision": 2.2015459537506104,
    "Speed at Collision": 9.721967856397463,
    "Intensity": 1395.9260481244537
  },
  {
    "Scenario Name": "VehicleOpensDoor_82",
    "Scenario Description": "Scenario in which another vehicle parked at the side lane opens the door, forcing the ego to lane change, invading the opposite lane",
    "Map": "Map(name=Carla/Maps/Town10HD_Opt)",
    "Adversary Distance": 42,
    "Collision": true,
    "Weather": "HardRainNight",
    "Collision Type": "Actor(id=446, type=vehicle.dodge.charger_police_2020)",
    "Time to Collision": 5.9162757396698,
    "Speed at Collision": 15.094563569381814,
    "Intensity": 2961.5460339370643
  },
  {
    "Scenario Name": "VehicleOpensDoor_83",
    "Scenario Description": "Scenario in which another vehicle parked at the side lane opens the door, forcing the ego to lane change, invading the opposite lane",
    "Map": "Map(name=Carla/Maps/Town10HD_Opt)",
    "Adversary Distance": 13,
    "Collision": true,
    "Weather": "HardRainNoon",
    "Collision Type": "Actor(id=451, type=vehicle.dodge.charger_police_2020)",
    "Time to Collision": 3.1006171703338623,
    "Speed at Collision": 8.80999088632784,
    "Intensity": 1261.8682405572895
  },
  {
    "Scenario Name": "VehicleOpensDoor_84",
    "Scenario Description": "Scenario in which another vehicle parked at the side lane opens the door, forcing the ego to lane change, invading the opposite lane",
    "Map": "Map(name=Carla/Maps/Town10HD_Opt)",
    "Adversary Distance": 25,
    "Collision": true,
    "Weather": "HardRainNight",
    "Collision Type": "Actor(id=456, type=vehicle.dodge.charger_police_2020)",
    "Time to Collision": 3.7478437423706055,
    "Speed at Collision": 14.495330813682505,
    "Intensity": 3868.7765669372634
  },
  {
    "Scenario Name": "VehicleOpensDoor_85",
    "Scenario Description": "Scenario in which another vehicle parked at the side lane opens the door, forcing the ego to lane change, invading the opposite lane",
    "Map": "Map(name=Carla/Maps/Town10HD_Opt)",
    "Adversary Distance": 59,
    "Collision": true,
    "Weather": "ClearNoon",
    "Collision Type": "Actor(id=461, type=vehicle.dodge.charger_police_2020)",
    "Time to Collision": 5.6975257396698,
    "Speed at Collision": 19.50140203326076,
    "Intensity": 4924.968457120672
  },
  {
    "Scenario Name": "VehicleOpensDoor_86",
    "Scenario Description": "Scenario in which another vehicle parked at the side lane opens the door, forcing the ego to lane change, invading the opposite lane",
    "Map": "Map(name=Carla/Maps/Town10HD_Opt)",
    "Adversary Distance": 70,
    "Collision": true,
    "Weather": "HardRainNight",
    "Collision Type": "Actor(id=466, type=vehicle.dodge.charger_police_2020)",
    "Time to Collision": 7.356712579727173,
    "Speed at Collision": 18.234199599323187,
    "Intensity": 3698.882569156478
  },
  {
    "Scenario Name": "VehicleOpensDoor_87",
    "Scenario Description": "Scenario in which another vehicle parked at the side lane opens the door, forcing the ego to lane change, invading the opposite lane",
    "Map": "Map(name=Carla/Maps/Town10HD_Opt)",
    "Adversary Distance": 28,
    "Collision": true,
    "Weather": "ClearNight",
    "Collision Type": "Actor(id=471, type=vehicle.dodge.charger_police_2020)",
    "Time to Collision": 4.173302412033081,
    "Speed at Collision": 13.820862393740859,
    "Intensity": 3528.1598788685455
  },
  {
    "Scenario Name": "VehicleOpensDoor_88",
    "Scenario Description": "Scenario in which another vehicle parked at the side lane opens the door, forcing the ego to lane change, invading the opposite lane",
    "Map": "Map(name=Carla/Maps/Town10HD_Opt)",
    "Adversary Distance": 31,
    "Collision": true,
    "Weather": "HardRainNight",
    "Collision Type": "Actor(id=476, type=vehicle.dodge.charger_police_2020)",
    "Time to Collision": 7.463578939437866,
    "Speed at Collision": 7.531800797018318,
    "Intensity": 1919.5808706038215
  },
  {
    "Scenario Name": "VehicleOpensDoor_89",
    "Scenario Description": "Scenario in which another vehicle parked at the side lane opens the door, forcing the ego to lane change, invading the opposite lane",
    "Map": "Map(name=Carla/Maps/Town10HD_Opt)",
    "Adversary Distance": 16,
    "Collision": true,
    "Weather": "ClearNight",
    "Collision Type": "Actor(id=482, type=vehicle.dodge.charger_police_2020)",
    "Time to Collision": 3.96207857131958,
    "Speed at Collision": 9.142862393665869,
    "Intensity": 2438.0774298138117
  },
  {
    "Scenario Name": "VehicleOpensDoor_90",
    "Scenario Description": "Scenario in which another vehicle parked at the side lane opens the door, forcing the ego to lane change, invading the opposite lane",
    "Map": "Map(name=Carla/Maps/Town10HD_Opt)",
    "Adversary Distance": 99,
    "Collision": true,
    "Weather": "ClearNoon",
    "Collision Type": "Actor(id=488, type=vehicle.dodge.charger_police_2020)",
    "Time to Collision": 7.650219440460205,
    "Speed at Collision": 23.0036468238669,
    "Intensity": 5460.986760914932
  },
  {
    "Scenario Name": "VehicleOpensDoor_91",
    "Scenario Description": "Scenario in which another vehicle parked at the side lane opens the door, forcing the ego to lane change, invading the opposite lane",
    "Map": "Map(name=Carla/Maps/Town10HD_Opt)",
    "Adversary Distance": 94,
    "Collision": true,
    "Weather": "ClearNoon",
    "Collision Type": "Actor(id=493, type=vehicle.dodge.charger_police_2020)",
    "Time to Collision": 6.439067363739014,
    "Speed at Collision": 26.12596909012566,
    "Intensity": 5515.478981710497
  },
  {
    "Scenario Name": "VehicleOpensDoor_92",
    "Scenario Description": "Scenario in which another vehicle parked at the side lane opens the door, forcing the ego to lane change, invading the opposite lane",
    "Map": "Map(name=Carla/Maps/Town10HD_Opt)",
    "Adversary Distance": 50,
    "Collision": true,
    "Weather": "ClearNoon",
    "Collision Type": "Actor(id=498, type=vehicle.dodge.charger_police_2020)",
    "Time to Collision": 8.696303129196167,
    "Speed at Collision": 10.955337750147734,
    "Intensity": 2773.178499183881
  },
  {
    "Scenario Name": "VehicleOpensDoor_93",
    "Scenario Description": "Scenario in which another vehicle parked at the side lane opens the door, forcing the ego to lane change, invading the opposite lane",
    "Map": "Map(name=Carla/Maps/Town10HD_Opt)",
    "Adversary Distance": 23,
    "Collision": true,
    "Weather": "HardRainNoon",
    "Collision Type": "Actor(id=503, type=vehicle.dodge.charger_police_2020)",
    "Time to Collision": 8.87441372871399,
    "Speed at Collision": 4.079971361764503,
    "Intensity": 569.0692351680492
  },
  {
    "Scenario Name": "VehicleOpensDoor_94",
    "Scenario Description": "Scenario in which another vehicle parked at the side lane opens the door, forcing the ego to lane change, invading the opposite lane",
    "Map": "Map(name=Carla/Maps/Town10HD_Opt)",
    "Adversary Distance": 23,
    "Collision": true,
    "Weather": "ClearNight",
    "Collision Type": "Actor(id=509, type=vehicle.dodge.charger_police_2020)",
    "Time to Collision": 4.0724568367004395,
    "Speed at Collision": 13.66655765752129,
    "Intensity": 3431.8375359282754
  },
  {
    "Scenario Name": "VehicleOpensDoor_95",
    "Scenario Description": "Scenario in which another vehicle parked at the side lane opens the door, forcing the ego to lane change, invading the opposite lane",
    "Map": "Map(name=Carla/Maps/Town10HD_Opt)",
    "Adversary Distance": 70,
    "Collision": true,
    "Weather": "HardRainNight",
    "Collision Type": "Actor(id=514, type=vehicle.dodge.charger_police_2020)",
    "Time to Collision": 5.5580480098724365,
    "Speed at Collision": 22.570720859112427,
    "Intensity": 4482.810861656674
  },
  {
    "Scenario Name": "VehicleOpensDoor_96",
    "Scenario Description": "Scenario in which another vehicle parked at the side lane opens the door, forcing the ego to lane change, invading the opposite lane",
    "Map": "Map(name=Carla/Maps/Town10HD_Opt)",
    "Adversary Distance": 12,
    "Collision": true,
    "Weather": "HardRainNight",
    "Collision Type": "Actor(id=519, type=vehicle.dodge.charger_police_2020)",
    "Time to Collision": 2.5437169075012207,
    "Speed at Collision": 10.442556395782393,
    "Intensity": 1499.514738147847
  },
  {
    "Scenario Name": "VehicleOpensDoor_98",
    "Scenario Description": "Scenario in which another vehicle parked at the side lane opens the door, forcing the ego to lane change, invading the opposite lane",
    "Map": "Map(name=Carla/Maps/Town10HD_Opt)",
    "Adversary Distance": 53,
    "Collision": true,
    "Weather": "ClearNight",
    "Collision Type": "Actor(id=529, type=vehicle.dodge.charger_police_2020)",
    "Time to Collision": 6.041705369949341,
    "Speed at Collision": 18.040014418483604,
    "Intensity": 4579.207553940377
  },
  {
    "Scenario Name": "VehicleOpensDoor_99",
    "Scenario Description": "Scenario in which another vehicle parked at the side lane opens the door, forcing the ego to lane change, invading the opposite lane",
    "Map": "Map(name=Carla/Maps/Town10HD_Opt)",
    "Adversary Distance": 60,
    "Collision": true,
    "Weather": "HardRainNoon",
    "Collision Type": "Actor(id=534, type=vehicle.dodge.charger_police_2020)",
    "Time to Collision": 7.62864351272583,
    "Speed at Collision": 16.030712154749395,
    "Intensity": 4076.3548715525153
  }
]