[
  {
    "Scenario Name": "VehicleOpensDoor_655",
    "Scenario Description": "Scenario in which another vehicle parked at the side lane opens the door, forcing the ego to lane change, invading the opposite lane",
    "Map": "Map(name=Carla/Maps/Town10HD_Opt)",
    "Adversary Distance": 10,
    "Collision": true,
    "Weather": "HardRainNoon",
    "Collision Type": "Actor(id=1051, type=vehicle.dodge.charger_police_2020)",
    "Time to Collision": 2.1443490982055664,
    "Speed at Collision": 9.851181030431235,
    "Intensity": 1417.254159116808
  },
  {
    "Scenario Name": "VehicleOpensDoor_656",
    "Scenario Description": "Scenario in which another vehicle parked at the side lane opens the door, forcing the ego to lane change, invading the opposite lane",
    "Map": "Map(name=Carla/Maps/Town10HD_Opt)",
    "Adversary Distance": 75,
    "Collision": true,
    "Weather": "ClearNoon",
    "Collision Type": "Actor(id=1056, type=vehicle.dodge.charger_police_2020)",
    "Time to Collision": 5.662907600402832,
    "Speed at Collision": 23.986932942452835,
    "Intensity": 6060.567291811711
  },
  {
    "Scenario Name": "VehicleOpensDoor_657",
    "Scenario Description": "Scenario in which another vehicle parked at the side lane opens the door, forcing the ego to lane change, invading the opposite lane",
    "Map": "Map(name=Carla/Maps/Town10HD_Opt)",
    "Adversary Distance": 59,
    "Collision": true,
    "Weather": "HardRainNoon",
    "Collision Type": "Actor(id=1061, type=vehicle.dodge.charger_police_2020)",
    "Time to Collision": 6.702469825744629,
    "Speed at Collision": 17.29686198736748,
    "Intensity": 3276.6903277048214
  },
  {
    "Scenario Name": "VehicleOpensDoor_658",
    "Scenario Description": "Scenario in which another vehicle parked at the side lane opens the door, forcing the ego to lane change, invading the opposite lane",
    "Map": "Map(name=Carla/Maps/Town10HD_Opt)",
    "Adversary Distance": 77,
    "Collision": true,
    "Weather": "HardRainNight",
    "Collision Type": "Actor(id=1066, type=vehicle.dodge.charger_police_2020)",
    "Time to Collision": 16.888758420944214,
    "Speed at Collision": 5.884094769362836,
    "Intensity": 1032.80698211665
  },
  {
    "Scenario Name": "VehicleOpensDoor_659",
    "Scenario Description": "Scenario in which another vehicle parked at the side lane opens the door, forcing the ego to lane change, invading the opposite lane",
    "Map": "Map(name=Carla/Maps/Town10HD_Opt)",
    "Adversary Distance": 50,
    "Collision": true,
    "Weather": "HardRainNoon",
    "Collision Type": "Actor(id=1071, type=vehicle.dodge.charger_police_2020)",
    "Time to Collision": 6.414984941482544,
    "Speed at Collision": 15.537630173994925,
    "Intensity": 2737.9671653775426
  },
  {
    "Scenario Name": "VehicleOpensDoor_660",
    "Scenario Description": "Scenario in which another vehicle parked at the side lane opens the door, forcing the ego to lane change, invading the opposite lane",
    "Map": "Map(name=Carla/Maps/Town10HD_Opt)",
    "Adversary Distance": 86,
    "Collision": true,
    "Weather": "HardRainNoon",
    "Collision Type": "Actor(id=1076, type=vehicle.dodge.charger_police_2020)",
    "Time to Collision": 6.239883899688721,
    "Speed at Collision": 24.468946540336933,
    "Intensity": 6237.32053755636
  },
  {
    "Scenario Name": "VehicleOpensDoor_661",
    "Scenario Description": "Scenario in which another vehicle parked at the side lane opens the door, forcing the ego to lane change, invading the opposite lane",
    "Map": "Map(name=Carla/Maps/Town10HD_Opt)",
    "Adversary Distance": 53,
    "Collision": true,
    "Weather": "HardRainNoon",
    "Collision Type": "Actor(id=1081, type=vehicle.dodge.charger_police_2020)",
    "Time to Collision": 5.491319417953491,
    "Speed at Collision": 18.75268368335565,
    "Intensity": 3278.751192919856
  },
  {
    "Scenario Name": "VehicleOpensDoor_662",
    "Scenario Description": "Scenario in which another vehicle parked at the side lane opens the door, forcing the ego to lane change, invading the opposite lane",
    "Map": "Map(name=Carla/Maps/Town10HD_Opt)",
    "Adversary Distance": 60,
    "Collision": true,
    "Weather": "HardRainNight",
    "Collision Type": "Actor(id=1086, type=vehicle.dodge.charger_police_2020)",
    "Time to Collision": 5.101152181625366,
    "Speed at Collision": 21.5302824330734,
    "Intensity": 4461.1118835709785
  },
  {
    "Scenario Name": "VehicleOpensDoor_663",
    "Scenario Description": "Scenario in which another vehicle parked at the side lane opens the door, forcing the ego to lane change, invading the opposite lane",
    "Map": "Map(name=Carla/Maps/Town10HD_Opt)",
    "Adversary Distance": 53,
    "Collision": true,
    "Weather": "HardRainNoon",
    "Collision Type": "Actor(id=1091, type=vehicle.dodge.charger_police_2020)",
    "Time to Collision": 6.841947317123413,
    "Speed at Collision": 15.443422388999041,
    "Intensity": 2769.707557602599
  },
  {
    "Scenario Name": "VehicleOpensDoor_664",
    "Scenario Description": "Scenario in which another vehicle parked at the side lane opens the door, forcing the ego to lane change, invading the opposite lane",
    "Map": "Map(name=Carla/Maps/Town10HD_Opt)",
    "Adversary Distance": 76,
    "Collision": true,
    "Weather": "ClearNoon",
    "Collision Type": "Actor(id=1096, type=vehicle.dodge.charger_police_2020)",
    "Time to Collision": 9.41576862335205,
    "Speed at Collision": 15.658421612292178,
    "Intensity": 2740.8942596057177
  },
  {
    "Scenario Name": "VehicleOpensDoor_665",
    "Scenario Description": "Scenario in which another vehicle parked at the side lane opens the door, forcing the ego to lane change, invading the opposite lane",
    "Map": "Map(name=Carla/Maps/Town10HD_Opt)",
    "Adversary Distance": 92,
    "Collision": true,
    "Weather": "ClearNight",
    "Collision Type": "Actor(id=1101, type=vehicle.dodge.charger_police_2020)",
    "Time to Collision": 14.80724573135376,
    "Speed at Collision": 8.344867787222373,
    "Intensity": 2118.4417038851548
  },
  {
    "Scenario Name": "VehicleOpensDoor_666",
    "Scenario Description": "Scenario in which another vehicle parked at the side lane opens the door, forcing the ego to lane change, invading the opposite lane",
    "Map": "Map(name=Carla/Maps/Town10HD_Opt)",
    "Adversary Distance": 20,
    "Collision": true,
    "Weather": "HardRainNoon",
    "Collision Type": "Actor(id=1106, type=vehicle.dodge.charger_police_2020)",
    "Time to Collision": 3.5220699310302734,
    "Speed at Collision": 12.377303168215082,
    "Intensity": 3126.9064141162035
  },
  {
    "Scenario Name": "VehicleOpensDoor_667",
    "Scenario Description": "Scenario in which another vehicle parked at the side lane opens the door, forcing the ego to lane change, invading the opposite lane",
    "Map": "Map(name=Carla/Maps/Town10HD_Opt)",
    "Adversary Distance": 24,
    "Collision": true,
    "Weather": "HardRainNight",
    "Collision Type": "Actor(id=1111, type=vehicle.dodge.charger_police_2020)",
    "Time to Collision": 3.9154186248779297,
    "Speed at Collision": 13.092731539711906,
    "Intensity": 1986.8635673696263
  },
  {
    "Scenario Name": "VehicleOpensDoor_668",
    "Scenario Description": "Scenario in which another vehicle parked at the side lane opens the door, forcing the ego to lane change, invading the opposite lane",
    "Map": "Map(name=Carla/Maps/Town10HD_Opt)",
    "Adversary Distance": 76,
    "Collision": true,
    "Weather": "HardRainNight",
    "Collision Type": "Actor(id=1116, type=vehicle.dodge.charger_police_2020)",
    "Time to Collision": 5.748464584350586,
    "Speed at Collision": 23.58819972225549,
    "Intensity": 4300.712837937629
  },
  {
    "Scenario Name": "VehicleOpensDoor_669",
    "Scenario Description": "Scenario in which another vehicle parked at the side lane opens the door, forcing the ego to lane change, invading the opposite lane",
    "Map": "Map(name=Carla/Maps/Town10HD_Opt)",
    "Adversary Distance": 76,
    "Collision": true,
    "Weather": "ClearNoon",
    "Collision Type": "Actor(id=1121, type=vehicle.dodge.charger_police_2020)",
    "Time to Collision": 7.129171133041382,
    "Speed at Collision": 20.05754017487312,
    "Intensity": 5079.993080266259
  },
  {
    "Scenario Name": "VehicleOpensDoor_670",
    "Scenario Description": "Scenario in which another vehicle parked at the side lane opens the door, forcing the ego to lane change, invading the opposite lane",
    "Map": "Map(name=Carla/Maps/Town10HD_Opt)",
    "Adversary Distance": 74,
    "Collision": true,
    "Weather": "HardRainNoon",
    "Collision Type": "Actor(id=1126, type=vehicle.dodge.charger_police_2020)",
    "Time to Collision": 6.138238191604614,
    "Speed at Collision": 21.94816176122169,
    "Intensity": 4117.2907748156
  },
  {
    "Scenario Name": "VehicleOpensDoor_671",
    "Scenario Description": "Scenario in which another vehicle parked at the side lane opens the door, forcing the ego to lane change, invading the opposite lane",
    "Map": "Map(name=Carla/Maps/Town10HD_Opt)",
    "Adversary Distance": 13,
    "Collision": true,
    "Weather": "HardRainNight",
    "Collision Type": "Actor(id=1131, type=vehicle.dodge.charger_police_2020)",
    "Time to Collision": 2.4458770751953125,
    "Speed at Collision": 11.054156303860763,
    "Intensity": 1609.457304296312
  },
  {
    "Scenario Name": "VehicleOpensDoor_672",
    "Scenario Description": "Scenario in which another vehicle parked at the side lane opens the door, forcing the ego to lane change, invading the opposite lane",
    "Map": "Map(name=Carla/Maps/Town10HD_Opt)",
    "Adversary Distance": 24,
    "Collision": true,
    "Weather": "HardRainNoon",
    "Collision Type": "Actor(id=1136, type=vehicle.dodge.charger_police_2020)",
    "Time to Collision": 3.776442527770996,
    "Speed at Collision": 13.383274096162078,
    "Intensity": 2042.1835208399693
  },
  {
    "Scenario Name": "VehicleOpensDoor_673",
    "Scenario Description": "Scenario in which another vehicle parked at the side lane opens the door, forcing the ego to lane change, invading the opposite lane",
    "Map": "Map(name=Carla/Maps/Town10HD_Opt)",
    "Adversary Distance": 72,
    "Collision": true,
    "Weather": "HardRainNoon",
    "Collision Type": "Actor(id=1141, type=vehicle.dodge.charger_police_2020)",
    "Time to Collision": 5.604206800460815,
    "Speed at Collision": 23.08790971211655,
    "Intensity": 4105.06711212395
  },
  {
    "Scenario Name": "VehicleOpensDoor_674",
    "Scenario Description": "Scenario in which another vehicle parked at the side lane opens the door, forcing the ego to lane change, invading the opposite lane",
    "Map": "Map(name=Carla/Maps/Town10HD_Opt)",
    "Adversary Distance": 20,
    "Collision": true,
    "Weather": "HardRainNoon",
    "Collision Type": "Actor(id=1146, type=vehicle.dodge.charger_police_2020)",
    "Time to Collision": 4.081989765167236,
    "Speed at Collision": 10.350582993033157,
    "Intensity": 1580.2687240548448
  },
  {
    "Scenario Name": "VehicleOpensDoor_675",
    "Scenario Description": "Scenario in which another vehicle parked at the side lane opens the door, forcing the ego to lane change, invading the opposite lane",
    "Map": "Map(name=Carla/Maps/Town10HD_Opt)",
    "Adversary Distance": 41,
    "Collision": true,
    "Weather": "HardRainNight",
    "Collision Type": "Actor(id=1151, type=vehicle.dodge.charger_police_2020)",
    "Time to Collision": 4.633572578430176,
    "Speed at Collision": 17.328280137147058,
    "Intensity": 4376.996593481322
  },
  {
    "Scenario Name": "VehicleOpensDoor_676",
    "Scenario Description": "Scenario in which another vehicle parked at the side lane opens the door, forcing the ego to lane change, invading the opposite lane",
    "Map": "Map(name=Carla/Maps/Town10HD_Opt)",
    "Adversary Distance": 48,
    "Collision": true,
    "Weather": "ClearNight",
    "Collision Type": "Actor(id=1156, type=vehicle.dodge.charger_police_2020)",
    "Time to Collision": 9.373379945755005,
    "Speed at Collision": 8.216840866911795,
    "Intensity": 2078.977298860846
  },
  {
    "Scenario Name": "VehicleOpensDoor_677",
    "Scenario Description": "Scenario in which another vehicle parked at the side lane opens the door, forcing the ego to lane change, invading the opposite lane",
    "Map": "Map(name=Carla/Maps/Town10HD_Opt)",
    "Adversary Distance": 75,
    "Collision": true,
    "Weather": "HardRainNoon",
    "Collision Type": "Actor(id=1161, type=vehicle.dodge.charger_police_2020)",
    "Time to Collision": 6.7977964878082275,
    "Speed at Collision": 20.623200437188032,
    "Intensity": 4350.253163934878
  },
  {
    "Scenario Name": "VehicleOpensDoor_678",
    "Scenario Description": "Scenario in which another vehicle parked at the side lane opens the door, forcing the ego to lane change, invading the opposite lane",
    "Map": "Map(name=Carla/Maps/Town10HD_Opt)",
    "Adversary Distance": 19,
    "Collision": true,
    "Weather": "HardRainNight",
    "Collision Type": "Actor(id=1166, type=vehicle.dodge.charger_police_2020)",
    "Time to Collision": 2.9365642070770264,
    "Speed at Collision": 13.541234971248663,
    "Intensity": 3415.244215007483
  },
  {
    "Scenario Name": "VehicleOpensDoor_679",
    "Scenario Description": "Scenario in which another vehicle parked at the side lane opens the door, forcing the ego to lane change, invading the opposite lane",
    "Map": "Map(name=Carla/Maps/Town10HD_Opt)",
    "Adversary Distance": 31,
    "Collision": true,
    "Weather": "ClearNoon",
    "Collision Type": "Actor(id=1171, type=vehicle.dodge.charger_police_2020)",
    "Time to Collision": 4.697096586227417,
    "Speed at Collision": 13.963280120304802,
    "Intensity": 3522.711133388993
  },
  {
    "Scenario Name": "VehicleOpensDoor_680",
    "Scenario Description": "Scenario in which another vehicle parked at the side lane opens the door, forcing the ego to lane change, invading the opposite lane",
    "Map": "Map(name=Carla/Maps/Town10HD_Opt)",
    "Adversary Distance": 45,
    "Collision": true,
    "Weather": "HardRainNoon",
    "Collision Type": "Actor(id=1176, type=vehicle.dodge.charger_police_2020)",
    "Time to Collision": 5.18155312538147,
    "Speed at Collision": 17.1915989978853,
    "Intensity": 2917.724482074591
  },
  {
    "Scenario Name": "VehicleOpensDoor_681",
    "Scenario Description": "Scenario in which another vehicle parked at the side lane opens the door, forcing the ego to lane change, invading the opposite lane",
    "Map": "Map(name=Carla/Maps/Town10HD_Opt)",
    "Adversary Distance": 59,
    "Collision": true,
    "Weather": "ClearNoon",
    "Collision Type": "Actor(id=1181, type=vehicle.dodge.charger_police_2020)",
    "Time to Collision": 6.856497526168823,
    "Speed at Collision": 17.023622619043238,
    "Intensity": 4306.6694146384625
  },
  {
    "Scenario Name": "VehicleOpensDoor_682",
    "Scenario Description": "Scenario in which another vehicle parked at the side lane opens the door, forcing the ego to lane change, invading the opposite lane",
    "Map": "Map(name=Carla/Maps/Town10HD_Opt)",
    "Adversary Distance": 99,
    "Collision": true,
    "Weather": "HardRainNight",
    "Collision Type": "Actor(id=1186, type=vehicle.dodge.charger_police_2020)",
    "Time to Collision": 6.710494756698608,
    "Speed at Collision": 26.01297732129697,
    "Intensity": 5701.40955918095
  },
  {
    "Scenario Name": "VehicleOpensDoor_683",
    "Scenario Description": "Scenario in which another vehicle parked at the side lane opens the door, forcing the ego to lane change, invading the opposite lane",
    "Map": "Map(name=Carla/Maps/Town10HD_Opt)",
    "Adversary Distance": 28,
    "Collision": true,
    "Weather": "HardRainNight",
    "Collision Type": "Actor(id=1191, type=vehicle.dodge.charger_police_2020)",
    "Time to Collision": 3.7584848403930664,
    "Speed at Collision": 14.878841414093944,
    "Intensity": 3790.779369807918
  },
  {
    "Scenario Name": "VehicleOpensDoor_684",
    "Scenario Description": "Scenario in which another vehicle parked at the side lane opens the door, forcing the ego to lane change, invading the opposite lane",
    "Map": "Map(name=Carla/Maps/Town10HD_Opt)",
    "Adversary Distance": 52,
    "Collision": true,
    "Weather": "HardRainNoon",
    "Collision Type": "Actor(id=1196, type=vehicle.dodge.charger_police_2020)",
    "Time to Collision": 4.767337799072266,
    "Speed at Collision": 20.387110512872912,
    "Intensity": 4108.299529372879
  },
  {
    "Scenario Name": "VehicleOpensDoor_685",
    "Scenario Description": "Scenario in which another vehicle parked at the side lane opens the door, forcing the ego to lane change, invading the opposite lane",
    "Map": "Map(name=Carla/Maps/Town10HD_Opt)",
    "Adversary Distance": 88,
    "Collision": true,
    "Weather": "HardRainNight",
    "Collision Type": "Actor(id=1201, type=vehicle.dodge.charger_police_2020)",
    "Time to Collision": 6.460624933242798,
    "Speed at Collision": 24.073422027658797,
    "Intensity": 4853.515344097367
  },
  {
    "Scenario Name": "VehicleOpensDoor_686",
    "Scenario Description": "Scenario in which another vehicle parked at the side lane opens the door, forcing the ego to lane change, invading the opposite lane",
    "Map": "Map(name=Carla/Maps/Town10HD_Opt)",
    "Adversary Distance": 76,
    "Collision": true,
    "Weather": "ClearNoon",
    "Collision Type": "Actor(id=1206, type=vehicle.dodge.charger_police_2020)",
    "Time to Collision": 13.235859632492065,
    "Speed at Collision": 8.20863155015046,
    "Intensity": 2088.797675808838
  },
  {
    "Scenario Name": "VehicleOpensDoor_687",
    "Scenario Description": "Scenario in which another vehicle parked at the side lane opens the door, forcing the ego to lane change, invading the opposite lane",
    "Map": "Map(name=Carla/Maps/Town10HD_Opt)",
    "Adversary Distance": 21,
    "Collision": true,
    "Weather": "HardRainNoon",
    "Collision Type": "Actor(id=1211, type=vehicle.dodge.charger_police_2020)",
    "Time to Collision": 3.933480739593506,
    "Speed at Collision": 11.358407991467367,
    "Intensity": 2837.5574753522205
  },
  {
    "Scenario Name": "VehicleOpensDoor_688",
    "Scenario Description": "Scenario in which another vehicle parked at the side lane opens the door, forcing the ego to lane change, invading the opposite lane",
    "Map": "Map(name=Carla/Maps/Town10HD_Opt)",
    "Adversary Distance": 35,
    "Collision": true,
    "Weather": "HardRainNoon",
    "Collision Type": "Actor(id=1216, type=vehicle.dodge.charger_police_2020)",
    "Time to Collision": 9.638030052185059,
    "Speed at Collision": 5.169033262815203,
    "Intensity": 786.6252483031866
  },
  {
    "Scenario Name": "VehicleOpensDoor_689",
    "Scenario Description": "Scenario in which another vehicle parked at the side lane opens the door, forcing the ego to lane change, invading the opposite lane",
    "Map": "Map(name=Carla/Maps/Town10HD_Opt)",
    "Adversary Distance": 37,
    "Collision": true,
    "Weather": "HardRainNoon",
    "Collision Type": "Actor(id=1222, type=vehicle.dodge.charger_police_2020)",
    "Time to Collision": 5.094459772109985,
    "Speed at Collision": 14.840909027734027,
    "Intensity": 3761.0941914864943
  },
  {
    "Scenario Name": "VehicleOpensDoor_690",
    "Scenario Description": "Scenario in which another vehicle parked at the side lane opens the door, forcing the ego to lane change, invading the opposite lane",
    "Map": "Map(name=Carla/Maps/Town10HD_Opt)",
    "Adversary Distance": 92,
    "Collision": true,
    "Weather": "ClearNight",
    "Collision Type": "Actor(id=1227, type=vehicle.dodge.charger_police_2020)",
    "Time to Collision": 7.213175296783447,
    "Speed at Collision": 22.81085271521046,
    "Intensity": 4599.118183109191
  },
  {
    "Scenario Name": "VehicleOpensDoor_691",
    "Scenario Description": "Scenario in which another vehicle parked at the side lane opens the door, forcing the ego to lane change, invading the opposite lane",
    "Map": "Map(name=Carla/Maps/Town10HD_Opt)",
    "Adversary Distance": 44,
    "Collision": true,
    "Weather": "ClearNoon",
    "Collision Type": "Actor(id=1232, type=vehicle.dodge.charger_police_2020)",
    "Time to Collision": 4.9048097133636475,
    "Speed at Collision": 17.723156341005627,
    "Intensity": 2682.546786735653
  },
  {
    "Scenario Name": "VehicleOpensDoor_692",
    "Scenario Description": "Scenario in which another vehicle parked at the side lane opens the door, forcing the ego to lane change, invading the opposite lane",
    "Map": "Map(name=Carla/Maps/Town10HD_Opt)",
    "Adversary Distance": 11,
    "Collision": true,
    "Weather": "HardRainNight",
    "Collision Type": "Actor(id=1237, type=vehicle.dodge.charger_police_2020)",
    "Time to Collision": 2.8798696994781494,
    "Speed at Collision": 7.277377426695388,
    "Intensity": 1865.6920553231027
  },
  {
    "Scenario Name": "VehicleOpensDoor_693",
    "Scenario Description": "Scenario in which another vehicle parked at the side lane opens the door, forcing the ego to lane change, invading the opposite lane",
    "Map": "Map(name=Carla/Maps/Town10HD_Opt)",
    "Adversary Distance": 16,
    "Collision": true,
    "Weather": "ClearNoon",
    "Collision Type": "Actor(id=1242, type=vehicle.dodge.charger_police_2020)",
    "Time to Collision": 2.6294448375701904,
    "Speed at Collision": 12.946962403271057,
    "Intensity": 3289.4249495337185
  },
  {
    "Scenario Name": "VehicleOpensDoor_694",
    "Scenario Description": "Scenario in which another vehicle parked at the side lane opens the door, forcing the ego to lane change, invading the opposite lane",
    "Map": "Map(name=Carla/Maps/Town10HD_Opt)",
    "Adversary Distance": 92,
    "Collision": true,
    "Weather": "HardRainNight",
    "Collision Type": "Actor(id=1247, type=vehicle.dodge.charger_police_2020)",
    "Time to Collision": 6.559900522232056,
    "Speed at Collision": 24.783965544512444,
    "Intensity": 5632.554815022774
  },
  {
    "Scenario Name": "VehicleOpensDoor_695",
    "Scenario Description": "Scenario in which another vehicle parked at the side lane opens the door, forcing the ego to lane change, invading the opposite lane",
    "Map": "Map(name=Carla/Maps/Town10HD_Opt)",
    "Adversary Distance": 37,
    "Collision": true,
    "Weather": "ClearNight",
    "Collision Type": "Actor(id=1252, type=vehicle.dodge.charger_police_2020)",
    "Time to Collision": 11.556104183197021,
    "Speed at Collision": 4.773433596651006,
    "Intensity": 683.6463306757092
  },
  {
    "Scenario Name": "VehicleOpensDoor_696",
    "Scenario Description": "Scenario in which another vehicle parked at the side lane opens the door, forcing the ego to lane change, invading the opposite lane",
    "Map": "Map(name=Carla/Maps/Town10HD_Opt)",
    "Adversary Distance": 26,
    "Collision": true,
    "Weather": "ClearNight",
    "Collision Type": "Actor(id=1258, type=vehicle.dodge.charger_police_2020)",
    "Time to Collision": 3.391623020172119,
    "Speed at Collision": 15.616713091617564,
    "Intensity": 3909.5073409468455
  },
  {
    "Scenario Name": "VehicleOpensDoor_697",
    "Scenario Description": "Scenario in which another vehicle parked at the side lane opens the door, forcing the ego to lane change, invading the opposite lane",
    "Map": "Map(name=Carla/Maps/Town10HD_Opt)",
    "Adversary Distance": 29,
    "Collision": true,
    "Weather": "ClearNight",
    "Collision Type": "Actor(id=1263, type=vehicle.dodge.charger_police_2020)",
    "Time to Collision": 7.931620836257935,
    "Speed at Collision": 5.545097479826721,
    "Intensity": 1382.4394184085054
  },
  {
    "Scenario Name": "VehicleOpensDoor_698",
    "Scenario Description": "Scenario in which another vehicle parked at the side lane opens the door, forcing the ego to lane change, invading the opposite lane",
    "Map": "Map(name=Carla/Maps/Town10HD_Opt)",
    "Adversary Distance": 26,
    "Collision": true,
    "Weather": "ClearNoon",
    "Collision Type": "Actor(id=1269, type=vehicle.dodge.charger_police_2020)",
    "Time to Collision": 3.621398448944092,
    "Speed at Collision": 14.72861864346988,
    "Intensity": 3709.137740610607
  },
  {
    "Scenario Name": "VehicleOpensDoor_699",
    "Scenario Description": "Scenario in which another vehicle parked at the side lane opens the door, forcing the ego to lane change, invading the opposite lane",
    "Map": "Map(name=Carla/Maps/Town10HD_Opt)",
    "Adversary Distance": 88,
    "Collision": true,
    "Weather": "ClearNight",
    "Collision Type": "Actor(id=1274, type=vehicle.dodge.charger_police_2020)",
    "Time to Collision": 7.061398267745972,
    "Speed at Collision": 22.57603912669396,
    "Intensity": 5680.175478710087
  },
  {
    "Scenario Name": "VehicleOpensDoor_700",
    "Scenario Description": "Scenario in which another vehicle parked at the side lane opens the door, forcing the ego to lane change, invading the opposite lane",
    "Map": "Map(name=Carla/Maps/Town10HD_Opt)",
    "Adversary Distance": 38,
    "Collision": true,
    "Weather": "ClearNoon",
    "Collision Type": "Actor(id=1279, type=vehicle.dodge.charger_police_2020)",
    "Time to Collision": 7.698884725570679,
    "Speed at Collision": 8.260126385844783,
    "Intensity": 2073.40674608237
  },
  {
    "Scenario Name": "VehicleOpensDoor_701",
    "Scenario Description": "Scenario in which another vehicle parked at the side lane opens the door, forcing the ego to lane change, invading the opposite lane",
    "Map": "Map(name=Carla/Maps/Town10HD_Opt)",
    "Adversary Distance": 33,
    "Collision": true,
    "Weather": "HardRainNight",
    "Collision Type": "Actor(id=1284, type=vehicle.dodge.charger_police_2020)",
    "Time to Collision": 4.572905778884888,
    "Speed at Collision": 14.94333938953055,
    "Intensity": 2403.686610814429
  },
  {
    "Scenario Name": "VehicleOpensDoor_702",
    "Scenario Description": "Scenario in which another vehicle parked at the side lane opens the door, forcing the ego to lane change, invading the opposite lane",
    "Map": "Map(name=Carla/Maps/Town10HD_Opt)",
    "Adversary Distance": 85,
    "Collision": true,
    "Weather": "HardRainNight",
    "Collision Type": "Actor(id=1289, type=vehicle.dodge.charger_police_2020)",
    "Time to Collision": 6.310709238052368,
    "Speed at Collision": 23.875116484339518,
    "Intensity": 5274.246061213278
  },
  {
    "Scenario Name": "VehicleOpensDoor_703",
    "Scenario Description": "Scenario in which another vehicle parked at the side lane opens the door, forcing the ego to lane change, invading the opposite lane",
    "Map": "Map(name=Carla/Maps/Town10HD_Opt)",
    "Adversary Distance": 67,
    "Collision": true,
    "Weather": "ClearNight",
    "Collision Type": "Actor(id=1294, type=vehicle.dodge.charger_police_2020)",
    "Time to Collision": 5.411393880844116,
    "Speed at Collision": 22.27016672959424,
    "Intensity": 5656.923689859881
  },
  {
    "Scenario Name": "VehicleOpensDoor_704",
    "Scenario Description": "Scenario in which another vehicle parked at the side lane opens the door, forcing the ego to lane change, invading the opposite lane",
    "Map": "Map(name=Carla/Maps/Town10HD_Opt)",
    "Adversary Distance": 57,
    "Collision": true,
    "Weather": "ClearNight",
    "Collision Type": "Actor(id=1299, type=vehicle.dodge.charger_police_2020)",
    "Time to Collision": 11.792466878890991,
    "Speed at Collision": 7.04586234520555,
    "Intensity": 1190.085878540157
  },
  {
    "Scenario Name": "VehicleOpensDoor_705",
    "Scenario Description": "Scenario in which another vehicle parked at the side lane opens the door, forcing the ego to lane change, invading the opposite lane",
    "Map": "Map(name=Carla/Maps/Town10HD_Opt)",
    "Adversary Distance": 73,
    "Collision": true,
    "Weather": "HardRainNoon",
    "Collision Type": "Actor(id=1304, type=vehicle.dodge.charger_police_2020)",
    "Time to Collision": 7.572952508926392,
    "Speed at Collision": 18.384917112599982,
    "Intensity": 3763.319304347258
  },
  {
    "Scenario Name": "VehicleOpensDoor_706",
    "Scenario Description": "Scenario in which another vehicle parked at the side lane opens the door, forcing the ego to lane change, invading the opposite lane",
    "Map": "Map(name=Carla/Maps/Town10HD_Opt)",
    "Adversary Distance": 69,
    "Collision": true,
    "Weather": "ClearNight",
    "Collision Type": "Actor(id=1309, type=vehicle.dodge.charger_police_2020)",
    "Time to Collision": 9.165912866592407,
    "Speed at Collision": 14.770021488953995,
    "Intensity": 3727.7803497411082
  },
  {
    "Scenario Name": "VehicleOpensDoor_707",
    "Scenario Description": "Scenario in which another vehicle parked at the side lane opens the door, forcing the ego to lane change, invading the opposite lane",
    "Map": "Map(name=Carla/Maps/Town10HD_Opt)",
    "Adversary Distance": 69,
    "Collision": true,
    "Weather": "HardRainNoon",
    "Collision Type": "Actor(id=1314, type=vehicle.dodge.charger_police_2020)",
    "Time to Collision": 19.46119499206543,
    "Speed at Collision": 4.792779932815937,
    "Intensity": 931.5558158968613
  },
  {
    "Scenario Name": "VehicleOpensDoor_708",
    "Scenario Description": "Scenario in which another vehicle parked at the side lane opens the door, forcing the ego to lane change, invading the opposite lane",
    "Map": "Map(name=Carla/Maps/Town10HD_Opt)",
    "Adversary Distance": 74,
    "Collision": true,
    "Weather": "HardRainNoon",
    "Collision Type": "Actor(id=1319, type=vehicle.dodge.charger_police_2020)",
    "Time to Collision": 5.672320365905762,
    "Speed at Collision": 23.562021015011243,
    "Intensity": 5793.044336193054
  },
  {
    "Scenario Name": "VehicleOpensDoor_709",
    "Scenario Description": "Scenario in which another vehicle parked at the side lane opens the door, forcing the ego to lane change, invading the opposite lane",
    "Map": "Map(name=Carla/Maps/Town10HD_Opt)",
    "Adversary Distance": 43,
    "Collision": true,
    "Weather": "HardRainNoon",
    "Collision Type": "Actor(id=1324, type=vehicle.dodge.charger_police_2020)",
    "Time to Collision": 5.651367425918579,
    "Speed at Collision": 15.359360233025548,
    "Intensity": 3899.3214281514693
  },
  {
    "Scenario Name": "VehicleOpensDoor_710",
    "Scenario Description": "Scenario in which another vehicle parked at the side lane opens the door, forcing the ego to lane change, invading the opposite lane",
    "Map": "Map(name=Carla/Maps/Town10HD_Opt)",
    "Adversary Distance": 87,
    "Collision": true,
    "Weather": "ClearNight",
    "Collision Type": "Actor(id=1329, type=vehicle.dodge.charger_police_2020)",
    "Time to Collision": 6.281038761138916,
    "Speed at Collision": 24.48714980711094,
    "Intensity": 4529.774509618888
  },
  {
    "Scenario Name": "VehicleOpensDoor_711",
    "Scenario Description": "Scenario in which another vehicle parked at the side lane opens the door, forcing the ego to lane change, invading the opposite lane",
    "Map": "Map(name=Carla/Maps/Town10HD_Opt)",
    "Adversary Distance": 58,
    "Collision": true,
    "Weather": "HardRainNight",
    "Collision Type": "Actor(id=1334, type=vehicle.dodge.charger_police_2020)",
    "Time to Collision": 5.169910192489624,
    "Speed at Collision": 20.844112566285794,
    "Intensity": 3925.7307716664127
  },
  {
    "Scenario Name": "VehicleOpensDoor_712",
    "Scenario Description": "Scenario in which another vehicle parked at the side lane opens the door, forcing the ego to lane change, invading the opposite lane",
    "Map": "Map(name=Carla/Maps/Town10HD_Opt)",
    "Adversary Distance": 15,
    "Collision": true,
    "Weather": "ClearNight",
    "Collision Type": "Actor(id=1339, type=vehicle.dodge.charger_police_2020)",
    "Time to Collision": 3.3946774005889893,
    "Speed at Collision": 9.245949750449007,
    "Intensity": 2360.8815334982505
  },
  {
    "Scenario Name": "VehicleOpensDoor_713",
    "Scenario Description": "Scenario in which another vehicle parked at the side lane opens the door, forcing the ego to lane change, invading the opposite lane",
    "Map": "Map(name=Carla/Maps/Town10HD_Opt)",
    "Adversary Distance": 85,
    "Collision": true,
    "Weather": "ClearNight",
    "Collision Type": "Actor(id=1344, type=vehicle.dodge.charger_police_2020)",
    "Time to Collision": 6.262708425521851,
    "Speed at Collision": 24.151882228719614,
    "Intensity": 4530.469192221611
  },
  {
    "Scenario Name": "VehicleOpensDoor_714",
    "Scenario Description": "Scenario in which another vehicle parked at the side lane opens the door, forcing the ego to lane change, invading the opposite lane",
    "Map": "Map(name=Carla/Maps/Town10HD_Opt)",
    "Adversary Distance": 70,
    "Collision": true,
    "Weather": "ClearNoon",
    "Collision Type": "Actor(id=1349, type=vehicle.dodge.charger_police_2020)",
    "Time to Collision": 8.097639560699463,
    "Speed at Collision": 16.726379500326725,
    "Intensity": 4219.09239470924
  },
  {
    "Scenario Name": "VehicleOpensDoor_715",
    "Scenario Description": "Scenario in which another vehicle parked at the side lane opens the door, forcing the ego to lane change, invading the opposite lane",
    "Map": "Map(name=Carla/Maps/Town10HD_Opt)",
    "Adversary Distance": 49,
    "Collision": true,
    "Weather": "HardRainNoon",
    "Collision Type": "Actor(id=1354, type=vehicle.dodge.charger_police_2020)",
    "Time to Collision": 9.141830444335938,
    "Speed at Collision": 8.574331251749848,
    "Intensity": 2162.9931181494344
  },
  {
    "Scenario Name": "VehicleOpensDoor_716",
    "Scenario Description": "Scenario in which another vehicle parked at the side lane opens the door, forcing the ego to lane change, invading the opposite lane",
    "Map": "Map(name=Carla/Maps/Town10HD_Opt)",
    "Adversary Distance": 47,
    "Collision": true,
    "Weather": "HardRainNoon",
    "Collision Type": "Actor(id=1359, type=vehicle.dodge.charger_police_2020)",
    "Time to Collision": 11.589718341827393,
    "Speed at Collision": 5.678655586603749,
    "Intensity": 1159.9565386135127
  },
  {
    "Scenario Name": "VehicleOpensDoor_717",
    "Scenario Description": "Scenario in which another vehicle parked at the side lane opens the door, forcing the ego to lane change, invading the opposite lane",
    "Map": "Map(name=Carla/Maps/Town10HD_Opt)",
    "Adversary Distance": 31,
    "Collision": true,
    "Weather": "HardRainNight",
    "Collision Type": "Actor(id=1364, type=vehicle.dodge.charger_police_2020)",
    "Time to Collision": 9.95612096786499,
    "Speed at Collision": 4.908050594058463,
    "Intensity": 783.0818721846088
  },
  {
    "Scenario Name": "VehicleOpensDoor_718",
    "Scenario Description": "Scenario in which another vehicle parked at the side lane opens the door, forcing the ego to lane change, invading the opposite lane",
    "Map": "Map(name=Carla/Maps/Town10HD_Opt)",
    "Adversary Distance": 74,
    "Collision": true,
    "Weather": "HardRainNoon",
    "Collision Type": "Actor(id=1370, type=vehicle.dodge.charger_police_2020)",
    "Time to Collision": 6.922725677490234,
    "Speed at Collision": 20.12966734081526,
    "Intensity": 5132.825086320295
  },
  {
    "Scenario Name": "VehicleOpensDoor_719",
    "Scenario Description": "Scenario in which another vehicle parked at the side lane opens the door, forcing the ego to lane change, invading the opposite lane",
    "Map": "Map(name=Carla/Maps/Town10HD_Opt)",
    "Adversary Distance": 86,
    "Collision": true,
    "Weather": "HardRainNight",
    "Collision Type": "Actor(id=1375, type=vehicle.dodge.charger_police_2020)",
    "Time to Collision": 6.3896074295043945,
    "Speed at Collision": 23.787703123625086,
    "Intensity": 4272.989378492131
  },
  {
    "Scenario Name": "VehicleOpensDoor_720",
    "Scenario Description": "Scenario in which another vehicle parked at the side lane opens the door, forcing the ego to lane change, invading the opposite lane",
    "Map": "Map(name=Carla/Maps/Town10HD_Opt)",
    "Adversary Distance": 95,
    "Collision": true,
    "Weather": "ClearNight",
    "Collision Type": "Actor(id=1380, type=vehicle.dodge.charger_police_2020)",
    "Time to Collision": 17.932616710662842,
    "Speed at Collision": 6.9324558676215515,
    "Intensity": 1177.110407739778
  },
  {
    "Scenario Name": "VehicleOpensDoor_722",
    "Scenario Description": "Scenario in which another vehicle parked at the side lane opens the door, forcing the ego to lane change, invading the opposite lane",
    "Map": "Map(name=Carla/Maps/Town10HD_Opt)",
    "Adversary Distance": 52,
    "Collision": true,
    "Weather": "ClearNoon",
    "Collision Type": "Actor(id=1390, type=vehicle.dodge.charger_police_2020)",
    "Time to Collision": 6.142918348312378,
    "Speed at Collision": 16.88219642917451,
    "Intensity": 4270.923922825818
  },
  {
    "Scenario Name": "VehicleOpensDoor_723",
    "Scenario Description": "Scenario in which another vehicle parked at the side lane opens the door, forcing the ego to lane change, invading the opposite lane",
    "Map": "Map(name=Carla/Maps/Town10HD_Opt)",
    "Adversary Distance": 57,
    "Collision": true,
    "Weather": "HardRainNight",
    "Collision Type": "Actor(id=1395, type=vehicle.dodge.charger_police_2020)",
    "Time to Collision": 5.373916864395142,
    "Speed at Collision": 20.093836991497696,
    "Intensity": 3780.1248168637517
  },
  {
    "Scenario Name": "VehicleOpensDoor_724",
    "Scenario Description": "Scenario in which another vehicle parked at the side lane opens the door, forcing the ego to lane change, invading the opposite lane",
    "Map": "Map(name=Carla/Maps/Town10HD_Opt)",
    "Adversary Distance": 84,
    "Collision": true,
    "Weather": "HardRainNight",
    "Collision Type": "Actor(id=1400, type=vehicle.dodge.charger_police_2020)",
    "Time to Collision": 8.44644570350647,
    "Speed at Collision": 18.652435471074142,
    "Intensity": 3249.8876428128606
  },
  {
    "Scenario Name": "VehicleOpensDoor_725",
    "Scenario Description": "Scenario in which another vehicle parked at the side lane opens the door, forcing the ego to lane change, invading the opposite lane",
    "Map": "Map(name=Carla/Maps/Town10HD_Opt)",
    "Adversary Distance": 83,
    "Collision": true,
    "Weather": "HardRainNight",
    "Collision Type": "Actor(id=1405, type=vehicle.dodge.charger_police_2020)",
    "Time to Collision": 6.507802963256836,
    "Speed at Collision": 22.753825832264305,
    "Intensity": 4672.891396635672
  },
  {
    "Scenario Name": "VehicleOpensDoor_726",
    "Scenario Description": "Scenario in which another vehicle parked at the side lane opens the door, forcing the ego to lane change, invading the opposite lane",
    "Map": "Map(name=Carla/Maps/Town10HD_Opt)",
    "Adversary Distance": 100,
    "Collision": true,
    "Weather": "ClearNight",
    "Collision Type": "Actor(id=1410, type=vehicle.dodge.charger_police_2020)",
    "Time to Collision": 8.060636043548584,
    "Speed at Collision": 22.51590175028711,
    "Intensity": 5045.9699131554435
  },
  {
    "Scenario Name": "VehicleOpensDoor_727",
    "Scenario Description": "Scenario in which another vehicle parked at the side lane opens the door, forcing the ego to lane change, invading the opposite lane",
    "Map": "Map(name=Carla/Maps/Town10HD_Opt)",
    "Adversary Distance": 35,
    "Collision": true,
    "Weather": "ClearNight",
    "Collision Type": "Actor(id=1415, type=vehicle.dodge.charger_police_2020)",
    "Time to Collision": 6.2173073291778564,
    "Speed at Collision": 11.50184965368776,
    "Intensity": 2887.256542181409
  },
  {
    "Scenario Name": "VehicleOpensDoor_728",
    "Scenario Description": "Scenario in which another vehicle parked at the side lane opens the door, forcing the ego to lane change, invading the opposite lane",
    "Map": "Map(name=Carla/Maps/Town10HD_Opt)",
    "Adversary Distance": 15,
    "Collision": true,
    "Weather": "ClearNoon",
    "Collision Type": "Actor(id=1420, type=vehicle.dodge.charger_police_2020)",
    "Time to Collision": 2.9164953231811523,
    "Speed at Collision": 10.705423984808435,
    "Intensity": 2721.2771936923436
  },
  {
    "Scenario Name": "VehicleOpensDoor_729",
    "Scenario Description": "Scenario in which another vehicle parked at the side lane opens the door, forcing the ego to lane change, invading the opposite lane",
    "Map": "Map(name=Carla/Maps/Town10HD_Opt)",
    "Adversary Distance": 70,
    "Collision": true,
    "Weather": "ClearNoon",
    "Collision Type": "Actor(id=1425, type=vehicle.dodge.charger_police_2020)",
    "Time to Collision": 5.506371021270752,
    "Speed at Collision": 23.00097435458671,
    "Intensity": 3902.398924919431
  },
  {
    "Scenario Name": "VehicleOpensDoor_730",
    "Scenario Description": "Scenario in which another vehicle parked at the side lane opens the door, forcing the ego to lane change, invading the opposite lane",
    "Map": "Map(name=Carla/Maps/Town10HD_Opt)",
    "Adversary Distance": 41,
    "Collision": true,
    "Weather": "HardRainNoon",
    "Collision Type": "Actor(id=1430, type=vehicle.dodge.charger_police_2020)",
    "Time to Collision": 11.340866565704346,
    "Speed at Collision": 5.139865181232189,
    "Intensity": 1296.648927549866
  },
  {
    "Scenario Name": "VehicleOpensDoor_731",
    "Scenario Description": "Scenario in which another vehicle parked at the side lane opens the door, forcing the ego to lane change, invading the opposite lane",
    "Map": "Map(name=Carla/Maps/Town10HD_Opt)",
    "Adversary Distance": 15,
    "Collision": true,
    "Weather": "ClearNoon",
    "Collision Type": "Actor(id=1435, type=vehicle.dodge.charger_police_2020)",
    "Time to Collision": 3.5210676193237305,
    "Speed at Collision": 9.170602807228514,
    "Intensity": 1331.7462330152125
  },
  {
    "Scenario Name": "VehicleOpensDoor_732",
    "Scenario Description": "Scenario in which another vehicle parked at the side lane opens the door, forcing the ego to lane change, invading the opposite lane",
    "Map": "Map(name=Carla/Maps/Town10HD_Opt)",
    "Adversary Distance": 61,
    "Collision": true,
    "Weather": "HardRainNoon",
    "Collision Type": "Actor(id=1440, type=vehicle.dodge.charger_police_2020)",
    "Time to Collision": 5.410039901733398,
    "Speed at Collision": 21.01070304857777,
    "Intensity": 5323.71608026699
  },
  {
    "Scenario Name": "VehicleOpensDoor_733",
    "Scenario Description": "Scenario in which another vehicle parked at the side lane opens the door, forcing the ego to lane change, invading the opposite lane",
    "Map": "Map(name=Carla/Maps/Town10HD_Opt)",
    "Adversary Distance": 30,
    "Collision": true,
    "Weather": "ClearNoon",
    "Collision Type": "Actor(id=1445, type=vehicle.dodge.charger_police_2020)",
    "Time to Collision": 6.033175706863403,
    "Speed at Collision": 10.205766689527765,
    "Intensity": 2564.2578463365594
  },
  {
    "Scenario Name": "VehicleOpensDoor_735",
    "Scenario Description": "Scenario in which another vehicle parked at the side lane opens the door, forcing the ego to lane change, invading the opposite lane",
    "Map": "Map(name=Carla/Maps/Town10HD_Opt)",
    "Adversary Distance": 86,
    "Collision": true,
    "Weather": "ClearNoon",
    "Collision Type": "Actor(id=1455, type=vehicle.dodge.charger_police_2020)",
    "Time to Collision": 7.62764048576355,
    "Speed at Collision": 20.868175546605002,
    "Intensity": 4230.98195168755
  },
  {
    "Scenario Name": "VehicleOpensDoor_736",
    "Scenario Description": "Scenario in which another vehicle parked at the side lane opens the door, forcing the ego to lane change, invading the opposite lane",
    "Map": "Map(name=Carla/Maps/Town10HD_Opt)",
    "Adversary Distance": 73,
    "Collision": true,
    "Weather": "HardRainNight",
    "Collision Type": "Actor(id=1460, type=vehicle.dodge.charger_police_2020)",
    "Time to Collision": 6.156545162200928,
    "Speed at Collision": 21.745976074709283,
    "Intensity": 2999.158553973571
  },
  {
    "Scenario Name": "VehicleOpensDoor_737",
    "Scenario Description": "Scenario in which another vehicle parked at the side lane opens the door, forcing the ego to lane change, invading the opposite lane",
    "Map": "Map(name=Carla/Maps/Town10HD_Opt)",
    "Adversary Distance": 53,
    "Collision": true,
    "Weather": "HardRainNight",
    "Collision Type": "Actor(id=1465, type=vehicle.dodge.charger_police_2020)",
    "Time to Collision": 4.953475713729858,
    "Speed at Collision": 20.184637105974364,
    "Intensity": 5098.4453308826
  },
  {
    "Scenario Name": "VehicleOpensDoor_738",
    "Scenario Description": "Scenario in which another vehicle parked at the side lane opens the door, forcing the ego to lane change, invading the opposite lane",
    "Map": "Map(name=Carla/Maps/Town10HD_Opt)",
    "Adversary Distance": 52,
    "Collision": true,
    "Weather": "HardRainNoon",
    "Collision Type": "Actor(id=1470, type=vehicle.dodge.charger_police_2020)",
    "Time to Collision": 7.181612253189087,
    "Speed at Collision": 14.706270298435665,
    "Intensity": 3716.666245278046
  },
  {
    "Scenario Name": "VehicleOpensDoor_739",
    "Scenario Description": "Scenario in which another vehicle parked at the side lane opens the door, forcing the ego to lane change, invading the opposite lane",
    "Map": "Map(name=Carla/Maps/Town10HD_Opt)",
    "Adversary Distance": 17,
    "Collision": true,
    "Weather": "HardRainNoon",
    "Collision Type": "Actor(id=1475, type=vehicle.dodge.charger_police_2020)",
    "Time to Collision": 2.8021037578582764,
    "Speed at Collision": 12.785311084551491,
    "Intensity": 3245.661238058314
  },
  {
    "Scenario Name": "VehicleOpensDoor_740",
    "Scenario Description": "Scenario in which another vehicle parked at the side lane opens the door, forcing the ego to lane change, invading the opposite lane",
    "Map": "Map(name=Carla/Maps/Town10HD_Opt)",
    "Adversary Distance": 58,
    "Collision": true,
    "Weather": "ClearNight",
    "Collision Type": "Actor(id=1480, type=vehicle.dodge.charger_police_2020)",
    "Time to Collision": 4.994150876998901,
    "Speed at Collision": 21.179477997316354,
    "Intensity": 3827.1984433350726
  },
  {
    "Scenario Name": "VehicleOpensDoor_741",
    "Scenario Description": "Scenario in which another vehicle parked at the side lane opens the door, forcing the ego to lane change, invading the opposite lane",
    "Map": "Map(name=Carla/Maps/Town10HD_Opt)",
    "Adversary Distance": 62,
    "Collision": true,
    "Weather": "ClearNight",
    "Collision Type": "Actor(id=1485, type=vehicle.dodge.charger_police_2020)",
    "Time to Collision": 5.544001340866089,
    "Speed at Collision": 20.94331935790476,
    "Intensity": 3839.28489416431
  },
  {
    "Scenario Name": "VehicleOpensDoor_742",
    "Scenario Description": "Scenario in which another vehicle parked at the side lane opens the door, forcing the ego to lane change, invading the opposite lane",
    "Map": "Map(name=Carla/Maps/Town10HD_Opt)",
    "Adversary Distance": 22,
    "Collision": true,
    "Weather": "HardRainNoon",
    "Collision Type": "Actor(id=1490, type=vehicle.dodge.charger_police_2020)",
    "Time to Collision": 4.0373358726501465,
    "Speed at Collision": 11.440447186862274,
    "Intensity": 2893.384632467926
  },
  {
    "Scenario Name": "VehicleOpensDoor_743",
    "Scenario Description": "Scenario in which another vehicle parked at the side lane opens the door, forcing the ego to lane change, invading the opposite lane",
    "Map": "Map(name=Carla/Maps/Town10HD_Opt)",
    "Adversary Distance": 49,
    "Collision": true,
    "Weather": "ClearNight",
    "Collision Type": "Actor(id=1495, type=vehicle.dodge.charger_police_2020)",
    "Time to Collision": 4.454670429229736,
    "Speed at Collision": 20.360540551271516,
    "Intensity": 3748.7540215870486
  },
  {
    "Scenario Name": "VehicleOpensDoor_744",
    "Scenario Description": "Scenario in which another vehicle parked at the side lane opens the door, forcing the ego to lane change, invading the opposite lane",
    "Map": "Map(name=Carla/Maps/Town10HD_Opt)",
    "Adversary Distance": 52,
    "Collision": true,
    "Weather": "ClearNight",
    "Collision Type": "Actor(id=1500, type=vehicle.dodge.charger_police_2020)",
    "Time to Collision": 4.904308080673218,
    "Speed at Collision": 20.03375303228514,
    "Intensity": 5059.899615620736
  },
  {
    "Scenario Name": "VehicleOpensDoor_745",
    "Scenario Description": "Scenario in which another vehicle parked at the side lane opens the door, forcing the ego to lane change, invading the opposite lane",
    "Map": "Map(name=Carla/Maps/Town10HD_Opt)",
    "Adversary Distance": 25,
    "Collision": true,
    "Weather": "ClearNight",
    "Collision Type": "Actor(id=1505, type=vehicle.dodge.charger_police_2020)",
    "Time to Collision": 3.3208816051483154,
    "Speed at Collision": 15.134310774913102,
    "Intensity": 2231.6481416665397
  },
  {
    "Scenario Name": "VehicleOpensDoor_747",
    "Scenario Description": "Scenario in which another vehicle parked at the side lane opens the door, forcing the ego to lane change, invading the opposite lane",
    "Map": "Map(name=Carla/Maps/Town10HD_Opt)",
    "Adversary Distance": 15,
    "Collision": true,
    "Weather": "ClearNoon",
    "Collision Type": "Actor(id=1515, type=vehicle.dodge.charger_police_2020)",
    "Time to Collision": 3.8185861110687256,
    "Speed at Collision": 8.108284955264597,
    "Intensity": 1178.1110110378504
  },
  {
    "Scenario Name": "VehicleOpensDoor_748",
    "Scenario Description": "Scenario in which another vehicle parked at the side lane opens the door, forcing the ego to lane change, invading the opposite lane",
    "Map": "Map(name=Carla/Maps/Town10HD_Opt)",
    "Adversary Distance": 15,
    "Collision": true,
    "Weather": "HardRainNoon",
    "Collision Type": "Actor(id=1521, type=vehicle.dodge.charger_police_2020)",
    "Time to Collision": 2.5015738010406494,
    "Speed at Collision": 12.691145202188515,
    "Intensity": 3240.017960775295
  },
  {
    "Scenario Name": "VehicleOpensDoor_749",
    "Scenario Description": "Scenario in which another vehicle parked at the side lane opens the door, forcing the ego to lane change, invading the opposite lane",
    "Map": "Map(name=Carla/Maps/Town10HD_Opt)",
    "Adversary Distance": 90,
    "Collision": true,
    "Weather": "HardRainNight",
    "Collision Type": "Actor(id=1526, type=vehicle.dodge.charger_police_2020)",
    "Time to Collision": 7.447471857070923,
    "Speed at Collision": 21.951887483682988,
    "Intensity": 4584.464608525129
  },
  {
    "Scenario Name": "VehicleOpensDoor_750",
    "Scenario Description": "Scenario in which another vehicle parked at the side lane opens the door, forcing the ego to lane change, invading the opposite lane",
    "Map": "Map(name=Carla/Maps/Town10HD_Opt)",
    "Adversary Distance": 30,
    "Collision": true,
    "Weather": "ClearNoon",
    "Collision Type": "Actor(id=1531, type=vehicle.dodge.charger_police_2020)",
    "Time to Collision": 3.6776487827301025,
    "Speed at Collision": 16.432264332062214,
    "Intensity": 4118.312886409083
  },
  {
    "Scenario Name": "VehicleOpensDoor_752",
    "Scenario Description": "Scenario in which another vehicle parked at the side lane opens the door, forcing the ego to lane change, invading the opposite lane",
    "Map": "Map(name=Carla/Maps/Town10HD_Opt)",
    "Adversary Distance": 66,
    "Collision": true,
    "Weather": "HardRainNight",
    "Collision Type": "Actor(id=1541, type=vehicle.dodge.charger_police_2020)",
    "Time to Collision": 11.271629571914673,
    "Speed at Collision": 8.709387789652634,
    "Intensity": 2195.646991352391
  },
  {
    "Scenario Name": "VehicleOpensDoor_753",
    "Scenario Description": "Scenario in which another vehicle parked at the side lane opens the door, forcing the ego to lane change, invading the opposite lane",
    "Map": "Map(name=Carla/Maps/Town10HD_Opt)",
    "Adversary Distance": 50,
    "Collision": true,
    "Weather": "ClearNight",
    "Collision Type": "Actor(id=1546, type=vehicle.dodge.charger_police_2020)",
    "Time to Collision": 5.085929870605469,
    "Speed at Collision": 18.901563827105136,
    "Intensity": 4790.445584040114
  },
  {
    "Scenario Name": "VehicleOpensDoor_754",
    "Scenario Description": "Scenario in which another vehicle parked at the side lane opens the door, forcing the ego to lane change, invading the opposite lane",
    "Map": "Map(name=Carla/Maps/Town10HD_Opt)",
    "Adversary Distance": 95,
    "Collision": true,
    "Weather": "HardRainNoon",
    "Collision Type": "Actor(id=1551, type=vehicle.dodge.charger_police_2020)",
    "Time to Collision": 6.507802963256836,
    "Speed at Collision": 25.97612227932804,
    "Intensity": 5855.44821606001
  }
]