[
  {
    "Scenario Name": "ParkedObstacle_410",
    "Scenario Description": "Scenario in which a parked vehicle is incorrectly parked, forcing the ego to lane change out of the route's lane.",
    "Map": "Map(name=Carla/Maps/Town04)",
    "Adversary Distance": 118,
    "Collision": false,
    "Weather": "ClearNight"
  },
  {
    "Scenario Name": "ParkedObstacle_425",
    "Scenario Description": "Scenario in which a parked vehicle is incorrectly parked, forcing the ego to lane change out of the route's lane.",
    "Map": "Map(name=Carla/Maps/Town04)",
    "Adversary Distance": 112,
    "Collision": false,
    "Weather": "ClearNight"
  },
  {
    "Scenario Name": "ParkedObstacle_436",
    "Scenario Description": "Scenario in which a parked vehicle is incorrectly parked, forcing the ego to lane change out of the route's lane.",
    "Map": "Map(name=Carla/Maps/Town04)",
    "Adversary Distance": 50,
    "Collision": false,
    "Weather": "HardRainNoon"
  },
  {
    "Scenario Name": "ParkedObstacle_451",
    "Scenario Description": "Scenario in which a parked vehicle is incorrectly parked, forcing the ego to lane change out of the route's lane.",
    "Map": "Map(name=Carla/Maps/Town04)",
    "Adversary Distance": 107,
    "Collision": false,
    "Weather": "HardRainNoon"
  },
  {
    "Scenario Name": "ParkedObstacle_481",
    "Scenario Description": "Scenario in which a parked vehicle is incorrectly parked, forcing the ego to lane change out of the route's lane.",
    "Map": "Map(name=Carla/Maps/Town04)",
    "Adversary Distance": 101,
    "Collision": false,
    "Weather": "HardRainNoon"
  }
]