[
  {
    "Scenario Name": "ParkedObstacle",
    "Scenario Description": "Scenario in which a parked vehicle is incorrectly parked, forcing the ego to lane change out of the route's lane.",
    "Map": "Map(name=Carla/Maps/Town04)",
    "Adversary Distance": 120,
    "Collision": true,
    "Weather": "ClearNoon",
    "Collision Type": "Actor(id=165, type=vehicle.ford.crown)",
    "Time to Collision": 7.559999465942383,
    "Speed at Collision": 24.432371730472095,
    "Intensity": 25463.5065307615
  },
  {
    "Scenario Name": "ParkedObstacle_1",
    "Scenario Description": "Scenario in which a parked vehicle is incorrectly parked, forcing the ego to lane change out of the route's lane.",
    "Map": "Map(name=Carla/Maps/Town04)",
    "Adversary Distance": 74,
    "Collision": true,
    "Weather": "HardRainNight",
    "Collision Type": "Actor(id=171, type=vehicle.ford.crown)",
    "Time to Collision": 5.763000011444092,
    "Speed at Collision": 20.854518186945327,
    "Intensity": 24485.44421042058
  },
  {
    "Scenario Name": "ParkedObstacle_2",
    "Scenario Description": "Scenario in which a parked vehicle is incorrectly parked, forcing the ego to lane change out of the route's lane.",
    "Map": "Map(name=Carla/Maps/Town04)",
    "Adversary Distance": 53,
    "Collision": true,
    "Weather": "ClearNoon",
    "Collision Type": "Actor(id=177, type=vehicle.ford.crown)",
    "Time to Collision": 12.391000747680664,
    "Speed at Collision": 4.359074255691849,
    "Intensity": 8663.560125669492
  },
  {
    "Scenario Name": "ParkedObstacle_3",
    "Scenario Description": "Scenario in which a parked vehicle is incorrectly parked, forcing the ego to lane change out of the route's lane.",
    "Map": "Map(name=Carla/Maps/Town04)",
    "Adversary Distance": 46,
    "Collision": true,
    "Weather": "ClearNight",
    "Collision Type": "Actor(id=183, type=vehicle.ford.crown)",
    "Time to Collision": 4.783999443054199,
    "Speed at Collision": 12.106443706001071,
    "Intensity": 14254.486133135406
  },
  {
    "Scenario Name": "ParkedObstacle_4",
    "Scenario Description": "Scenario in which a parked vehicle is incorrectly parked, forcing the ego to lane change out of the route's lane.",
    "Map": "Map(name=Carla/Maps/Town04)",
    "Adversary Distance": 78,
    "Collision": true,
    "Weather": "HardRainNoon",
    "Collision Type": "Actor(id=189, type=vehicle.ford.crown)",
    "Time to Collision": 8.971004486083984,
    "Speed at Collision": 9.315266961073013,
    "Intensity": 10749.407175702332
  },
  {
    "Scenario Name": "ParkedObstacle_5",
    "Scenario Description": "Scenario in which a parked vehicle is incorrectly parked, forcing the ego to lane change out of the route's lane.",
    "Map": "Map(name=Carla/Maps/Town04)",
    "Adversary Distance": 55,
    "Collision": true,
    "Weather": "HardRainNight",
    "Collision Type": "Actor(id=195, type=vehicle.ford.crown)",
    "Time to Collision": 4.871996164321899,
    "Speed at Collision": 18.644843053614924,
    "Intensity": 21988.971710445323
  },
  {
    "Scenario Name": "ParkedObstacle_6",
    "Scenario Description": "Scenario in which a parked vehicle is incorrectly parked, forcing the ego to lane change out of the route's lane.",
    "Map": "Map(name=Carla/Maps/Town04)",
    "Adversary Distance": 72,
    "Collision": true,
    "Weather": "HardRainNight",
    "Collision Type": "Actor(id=201, type=vehicle.ford.crown)",
    "Time to Collision": 5.760517597198486,
    "Speed at Collision": 17.36528163168573,
    "Intensity": 20204.34353646637
  },
  {
    "Scenario Name": "ParkedObstacle_7",
    "Scenario Description": "Scenario in which a parked vehicle is incorrectly parked, forcing the ego to lane change out of the route's lane.",
    "Map": "Map(name=Carla/Maps/Town04)",
    "Adversary Distance": 83,
    "Collision": true,
    "Weather": "HardRainNoon",
    "Collision Type": "Actor(id=207, type=vehicle.ford.crown)",
    "Time to Collision": 6.152003526687622,
    "Speed at Collision": 20.359831339737944,
    "Intensity": 22460.91158954242
  },
  {
    "Scenario Name": "ParkedObstacle_8",
    "Scenario Description": "Scenario in which a parked vehicle is incorrectly parked, forcing the ego to lane change out of the route's lane.",
    "Map": "Map(name=Carla/Maps/Town04)",
    "Adversary Distance": 100,
    "Collision": true,
    "Weather": "ClearNight",
    "Collision Type": "Actor(id=213, type=vehicle.ford.crown)",
    "Time to Collision": 6.8089988231658936,
    "Speed at Collision": 22.94851748085414,
    "Intensity": 25534.13288388595
  },
  {
    "Scenario Name": "ParkedObstacle_9",
    "Scenario Description": "Scenario in which a parked vehicle is incorrectly parked, forcing the ego to lane change out of the route's lane.",
    "Map": "Map(name=Carla/Maps/Town04)",
    "Adversary Distance": 55,
    "Collision": true,
    "Weather": "HardRainNight",
    "Collision Type": "Actor(id=219, type=vehicle.ford.crown)",
    "Time to Collision": 4.947000741958618,
    "Speed at Collision": 18.40306848444219,
    "Intensity": 36739.98431091758
  },
  {
    "Scenario Name": "ParkedObstacle_10",
    "Scenario Description": "Scenario in which a parked vehicle is incorrectly parked, forcing the ego to lane change out of the route's lane.",
    "Map": "Map(name=Carla/Maps/Town04)",
    "Adversary Distance": 72,
    "Collision": true,
    "Weather": "HardRainNight",
    "Collision Type": "Actor(id=225, type=vehicle.ford.crown)",
    "Time to Collision": 8.578999280929565,
    "Speed at Collision": 8.272951956968859,
    "Intensity": 16180.751284722159
  },
  {
    "Scenario Name": "ParkedObstacle_11",
    "Scenario Description": "Scenario in which a parked vehicle is incorrectly parked, forcing the ego to lane change out of the route's lane.",
    "Map": "Map(name=Carla/Maps/Town04)",
    "Adversary Distance": 46,
    "Collision": true,
    "Weather": "ClearNight",
    "Collision Type": "Actor(id=231, type=vehicle.ford.crown)",
    "Time to Collision": 4.422003269195557,
    "Speed at Collision": 17.345207382367114,
    "Intensity": 34528.659651444716
  },
  {
    "Scenario Name": "ParkedObstacle_12",
    "Scenario Description": "Scenario in which a parked vehicle is incorrectly parked, forcing the ego to lane change out of the route's lane.",
    "Map": "Map(name=Carla/Maps/Town04)",
    "Adversary Distance": 77,
    "Collision": true,
    "Weather": "ClearNight",
    "Collision Type": "Actor(id=237, type=vehicle.ford.crown)",
    "Time to Collision": 11.447999238967896,
    "Speed at Collision": 5.144019878660817,
    "Intensity": 10549.863411054408
  },
  {
    "Scenario Name": "ParkedObstacle_13",
    "Scenario Description": "Scenario in which a parked vehicle is incorrectly parked, forcing the ego to lane change out of the route's lane.",
    "Map": "Map(name=Carla/Maps/Town04)",
    "Adversary Distance": 94,
    "Collision": true,
    "Weather": "ClearNoon",
    "Collision Type": "Actor(id=243, type=vehicle.ford.crown)",
    "Time to Collision": 6.611000061035156,
    "Speed at Collision": 22.52268779672327,
    "Intensity": 21327.527342841047
  },
  {
    "Scenario Name": "ParkedObstacle_14",
    "Scenario Description": "Scenario in which a parked vehicle is incorrectly parked, forcing the ego to lane change out of the route's lane.",
    "Map": "Map(name=Carla/Maps/Town04)",
    "Adversary Distance": 98,
    "Collision": true,
    "Weather": "ClearNight",
    "Collision Type": "Actor(id=249, type=vehicle.ford.crown)",
    "Time to Collision": 6.817001104354858,
    "Speed at Collision": 20.804862589239264,
    "Intensity": 21768.264578747097
  },
  {
    "Scenario Name": "ParkedObstacle_15",
    "Scenario Description": "Scenario in which a parked vehicle is incorrectly parked, forcing the ego to lane change out of the route's lane.",
    "Map": "Map(name=Carla/Maps/Town04)",
    "Adversary Distance": 35,
    "Collision": true,
    "Weather": "ClearNight",
    "Collision Type": "Actor(id=255, type=vehicle.ford.crown)",
    "Time to Collision": 6.799998044967651,
    "Speed at Collision": 4.622707825443277,
    "Intensity": 9177.505921705946
  },
  {
    "Scenario Name": "ParkedObstacle_16",
    "Scenario Description": "Scenario in which a parked vehicle is incorrectly parked, forcing the ego to lane change out of the route's lane.",
    "Map": "Map(name=Carla/Maps/Town04)",
    "Adversary Distance": 48,
    "Collision": true,
    "Weather": "ClearNight",
    "Collision Type": "Actor(id=261, type=vehicle.ford.crown)",
    "Time to Collision": 5.4940009117126465,
    "Speed at Collision": 9.503304962584526,
    "Intensity": 18885.299204660758
  },
  {
    "Scenario Name": "ParkedObstacle_17",
    "Scenario Description": "Scenario in which a parked vehicle is incorrectly parked, forcing the ego to lane change out of the route's lane.",
    "Map": "Map(name=Carla/Maps/Town04)",
    "Adversary Distance": 80,
    "Collision": true,
    "Weather": "HardRainNight",
    "Collision Type": "Actor(id=267, type=vehicle.ford.crown)",
    "Time to Collision": 13.711000919342041,
    "Speed at Collision": 5.200884668209333,
    "Intensity": 10313.16903675996
  },
  {
    "Scenario Name": "ParkedObstacle_18",
    "Scenario Description": "Scenario in which a parked vehicle is incorrectly parked, forcing the ego to lane change out of the route's lane.",
    "Map": "Map(name=Carla/Maps/Town04)",
    "Adversary Distance": 60,
    "Collision": true,
    "Weather": "HardRainNoon",
    "Collision Type": "Actor(id=273, type=vehicle.ford.crown)",
    "Time to Collision": 8.361001253128052,
    "Speed at Collision": 6.27907593295519,
    "Intensity": 12424.14177468097
  },
  {
    "Scenario Name": "ParkedObstacle_19",
    "Scenario Description": "Scenario in which a parked vehicle is incorrectly parked, forcing the ego to lane change out of the route's lane.",
    "Map": "Map(name=Carla/Maps/Town04)",
    "Adversary Distance": 87,
    "Collision": true,
    "Weather": "HardRainNoon",
    "Collision Type": "Actor(id=279, type=vehicle.ford.crown)",
    "Time to Collision": 9.007999420166016,
    "Speed at Collision": 10.46577979617907,
    "Intensity": 20427.54355232943
  },
  {
    "Scenario Name": "ParkedObstacle_20",
    "Scenario Description": "Scenario in which a parked vehicle is incorrectly parked, forcing the ego to lane change out of the route's lane.",
    "Map": "Map(name=Carla/Maps/Town04)",
    "Adversary Distance": 32,
    "Collision": true,
    "Weather": "HardRainNight",
    "Collision Type": "Actor(id=285, type=vehicle.ford.crown)",
    "Time to Collision": 8.201003074645996,
    "Speed at Collision": 3.0445972575681903,
    "Intensity": 6010.542307081224
  },
  {
    "Scenario Name": "ParkedObstacle_21",
    "Scenario Description": "Scenario in which a parked vehicle is incorrectly parked, forcing the ego to lane change out of the route's lane.",
    "Map": "Map(name=Carla/Maps/Town04)",
    "Adversary Distance": 78,
    "Collision": true,
    "Weather": "ClearNight",
    "Collision Type": "Actor(id=291, type=vehicle.ford.crown)",
    "Time to Collision": 11.456990957260132,
    "Speed at Collision": 7.02508888913824,
    "Intensity": 13268.073402657816
  },
  {
    "Scenario Name": "ParkedObstacle_22",
    "Scenario Description": "Scenario in which a parked vehicle is incorrectly parked, forcing the ego to lane change out of the route's lane.",
    "Map": "Map(name=Carla/Maps/Town04)",
    "Adversary Distance": 65,
    "Collision": true,
    "Weather": "ClearNoon",
    "Collision Type": "Actor(id=297, type=vehicle.ford.crown)",
    "Time to Collision": 5.387998342514038,
    "Speed at Collision": 19.876781195545316,
    "Intensity": 22071.151145460957
  },
  {
    "Scenario Name": "ParkedObstacle_23",
    "Scenario Description": "Scenario in which a parked vehicle is incorrectly parked, forcing the ego to lane change out of the route's lane.",
    "Map": "Map(name=Carla/Maps/Town04)",
    "Adversary Distance": 32,
    "Collision": true,
    "Weather": "HardRainNight",
    "Collision Type": "Actor(id=303, type=vehicle.ford.crown)",
    "Time to Collision": 4.684999465942383,
    "Speed at Collision": 6.090514772746462,
    "Intensity": 12574.097406882902
  },
  {
    "Scenario Name": "ParkedObstacle_24",
    "Scenario Description": "Scenario in which a parked vehicle is incorrectly parked, forcing the ego to lane change out of the route's lane.",
    "Map": "Map(name=Carla/Maps/Town04)",
    "Adversary Distance": 88,
    "Collision": true,
    "Weather": "ClearNight",
    "Collision Type": "Actor(id=309, type=vehicle.ford.crown)",
    "Time to Collision": 6.391000747680664,
    "Speed at Collision": 21.99831749335067,
    "Intensity": 25823.24599318599
  },
  {
    "Scenario Name": "ParkedObstacle_26",
    "Scenario Description": "Scenario in which a parked vehicle is incorrectly parked, forcing the ego to lane change out of the route's lane.",
    "Map": "Map(name=Carla/Maps/Town04)",
    "Adversary Distance": 110,
    "Collision": true,
    "Weather": "ClearNoon",
    "Collision Type": "Actor(id=321, type=vehicle.ford.crown)",
    "Time to Collision": 7.174999713897705,
    "Speed at Collision": 23.743576460607745,
    "Intensity": 26409.248108920667
  },
  {
    "Scenario Name": "ParkedObstacle_27",
    "Scenario Description": "Scenario in which a parked vehicle is incorrectly parked, forcing the ego to lane change out of the route's lane.",
    "Map": "Map(name=Carla/Maps/Town04)",
    "Adversary Distance": 86,
    "Collision": true,
    "Weather": "ClearNoon",
    "Collision Type": "Actor(id=327, type=vehicle.ford.crown)",
    "Time to Collision": 6.319996356964111,
    "Speed at Collision": 20.02455874625592,
    "Intensity": 23419.31119856515
  },
  {
    "Scenario Name": "ParkedObstacle_28",
    "Scenario Description": "Scenario in which a parked vehicle is incorrectly parked, forcing the ego to lane change out of the route's lane.",
    "Map": "Map(name=Carla/Maps/Town04)",
    "Adversary Distance": 61,
    "Collision": true,
    "Weather": "HardRainNoon",
    "Collision Type": "Actor(id=333, type=vehicle.ford.crown)",
    "Time to Collision": 5.177999019622803,
    "Speed at Collision": 19.563509274762,
    "Intensity": 23029.320174238837
  },
  {
    "Scenario Name": "ParkedObstacle_29",
    "Scenario Description": "Scenario in which a parked vehicle is incorrectly parked, forcing the ego to lane change out of the route's lane.",
    "Map": "Map(name=Carla/Maps/Town04)",
    "Adversary Distance": 52,
    "Collision": true,
    "Weather": "ClearNight",
    "Collision Type": "Actor(id=339, type=vehicle.ford.crown)",
    "Time to Collision": 4.829999685287476,
    "Speed at Collision": 15.610215888717477,
    "Intensity": 31373.6698264132
  },
  {
    "Scenario Name": "ParkedObstacle_30",
    "Scenario Description": "Scenario in which a parked vehicle is incorrectly parked, forcing the ego to lane change out of the route's lane.",
    "Map": "Map(name=Carla/Maps/Town04)",
    "Adversary Distance": 45,
    "Collision": true,
    "Weather": "HardRainNight",
    "Collision Type": "Actor(id=345, type=vehicle.ford.crown)",
    "Time to Collision": 4.645998001098633,
    "Speed at Collision": 12.324328235716125,
    "Intensity": 24036.818780255995
  },
  {
    "Scenario Name": "ParkedObstacle_31",
    "Scenario Description": "Scenario in which a parked vehicle is incorrectly parked, forcing the ego to lane change out of the route's lane.",
    "Map": "Map(name=Carla/Maps/Town04)",
    "Adversary Distance": 113,
    "Collision": true,
    "Weather": "HardRainNoon",
    "Collision Type": "Actor(id=351, type=vehicle.ford.crown)",
    "Time to Collision": 8.265001773834229,
    "Speed at Collision": 15.79245477840525,
    "Intensity": 31239.32611842798
  },
  {
    "Scenario Name": "ParkedObstacle_32",
    "Scenario Description": "Scenario in which a parked vehicle is incorrectly parked, forcing the ego to lane change out of the route's lane.",
    "Map": "Map(name=Carla/Maps/Town04)",
    "Adversary Distance": 80,
    "Collision": true,
    "Weather": "HardRainNight",
    "Collision Type": "Actor(id=357, type=vehicle.ford.crown)",
    "Time to Collision": 8.732000827789307,
    "Speed at Collision": 8.858509560582075,
    "Intensity": 17129.831819160016
  },
  {
    "Scenario Name": "ParkedObstacle_33",
    "Scenario Description": "Scenario in which a parked vehicle is incorrectly parked, forcing the ego to lane change out of the route's lane.",
    "Map": "Map(name=Carla/Maps/Town04)",
    "Adversary Distance": 105,
    "Collision": true,
    "Weather": "ClearNoon",
    "Collision Type": "Actor(id=363, type=vehicle.ford.crown)",
    "Time to Collision": 7.134000301361084,
    "Speed at Collision": 20.373660240870993,
    "Intensity": 23842.7782425184
  },
  {
    "Scenario Name": "ParkedObstacle_34",
    "Scenario Description": "Scenario in which a parked vehicle is incorrectly parked, forcing the ego to lane change out of the route's lane.",
    "Map": "Map(name=Carla/Maps/Town04)",
    "Adversary Distance": 65,
    "Collision": true,
    "Weather": "ClearNoon",
    "Collision Type": "Actor(id=369, type=vehicle.ford.crown)",
    "Time to Collision": 5.359999656677246,
    "Speed at Collision": 19.748195422073884,
    "Intensity": 22137.563702975476
  },
  {
    "Scenario Name": "ParkedObstacle_35",
    "Scenario Description": "Scenario in which a parked vehicle is incorrectly parked, forcing the ego to lane change out of the route's lane.",
    "Map": "Map(name=Carla/Maps/Town04)",
    "Adversary Distance": 110,
    "Collision": true,
    "Weather": "ClearNoon",
    "Collision Type": "Actor(id=375, type=vehicle.ford.crown)",
    "Time to Collision": 9.559000015258789,
    "Speed at Collision": 12.059094026258448,
    "Intensity": 23459.997782425384
  },
  {
    "Scenario Name": "ParkedObstacle_36",
    "Scenario Description": "Scenario in which a parked vehicle is incorrectly parked, forcing the ego to lane change out of the route's lane.",
    "Map": "Map(name=Carla/Maps/Town04)",
    "Adversary Distance": 43,
    "Collision": true,
    "Weather": "ClearNight",
    "Collision Type": "Actor(id=381, type=vehicle.ford.crown)",
    "Time to Collision": 6.73699951171875,
    "Speed at Collision": 5.863705687936585,
    "Intensity": 11833.612048455829
  },
  {
    "Scenario Name": "ParkedObstacle_37",
    "Scenario Description": "Scenario in which a parked vehicle is incorrectly parked, forcing the ego to lane change out of the route's lane.",
    "Map": "Map(name=Carla/Maps/Town04)",
    "Adversary Distance": 59,
    "Collision": true,
    "Weather": "HardRainNight",
    "Collision Type": "Actor(id=387, type=vehicle.ford.crown)",
    "Time to Collision": 6.380000829696655,
    "Speed at Collision": 9.656033522136983,
    "Intensity": 19521.61920230251
  },
  {
    "Scenario Name": "ParkedObstacle_38",
    "Scenario Description": "Scenario in which a parked vehicle is incorrectly parked, forcing the ego to lane change out of the route's lane.",
    "Map": "Map(name=Carla/Maps/Town04)",
    "Adversary Distance": 32,
    "Collision": true,
    "Weather": "HardRainNoon",
    "Collision Type": "Actor(id=393, type=vehicle.ford.crown)",
    "Time to Collision": 3.6670053005218506,
    "Speed at Collision": 14.826979676867296,
    "Intensity": 28126.598322316975
  },
  {
    "Scenario Name": "ParkedObstacle_39",
    "Scenario Description": "Scenario in which a parked vehicle is incorrectly parked, forcing the ego to lane change out of the route's lane.",
    "Map": "Map(name=Carla/Maps/Town04)",
    "Adversary Distance": 73,
    "Collision": true,
    "Weather": "HardRainNight",
    "Collision Type": "Actor(id=399, type=vehicle.ford.crown)",
    "Time to Collision": 5.749997615814209,
    "Speed at Collision": 20.71263009531943,
    "Intensity": 24373.75107712792
  },
  {
    "Scenario Name": "ParkedObstacle_40",
    "Scenario Description": "Scenario in which a parked vehicle is incorrectly parked, forcing the ego to lane change out of the route's lane.",
    "Map": "Map(name=Carla/Maps/Town04)",
    "Adversary Distance": 74,
    "Collision": true,
    "Weather": "ClearNight",
    "Collision Type": "Actor(id=405, type=vehicle.ford.crown)",
    "Time to Collision": 6.262003421783447,
    "Speed at Collision": 14.429036559674149,
    "Intensity": 16838.269894472567
  },
  {
    "Scenario Name": "ParkedObstacle_41",
    "Scenario Description": "Scenario in which a parked vehicle is incorrectly parked, forcing the ego to lane change out of the route's lane.",
    "Map": "Map(name=Carla/Maps/Town04)",
    "Adversary Distance": 70,
    "Collision": true,
    "Weather": "HardRainNight",
    "Collision Type": "Actor(id=411, type=vehicle.ford.crown)",
    "Time to Collision": 5.625001430511475,
    "Speed at Collision": 18.431988439356957,
    "Intensity": 21584.901855846274
  },
  {
    "Scenario Name": "ParkedObstacle_42",
    "Scenario Description": "Scenario in which a parked vehicle is incorrectly parked, forcing the ego to lane change out of the route's lane.",
    "Map": "Map(name=Carla/Maps/Town04)",
    "Adversary Distance": 62,
    "Collision": true,
    "Weather": "HardRainNight",
    "Collision Type": "Actor(id=417, type=vehicle.ford.crown)",
    "Time to Collision": 5.325104236602783,
    "Speed at Collision": 16.8434119571314,
    "Intensity": 19738.84250062726
  },
  {
    "Scenario Name": "ParkedObstacle_43",
    "Scenario Description": "Scenario in which a parked vehicle is incorrectly parked, forcing the ego to lane change out of the route's lane.",
    "Map": "Map(name=Carla/Maps/Town04)",
    "Adversary Distance": 103,
    "Collision": true,
    "Weather": "HardRainNight",
    "Collision Type": "Actor(id=423, type=vehicle.ford.crown)",
    "Time to Collision": 7.330000162124634,
    "Speed at Collision": 17.798508248446037,
    "Intensity": 21008.54488881836
  },
  {
    "Scenario Name": "ParkedObstacle_44",
    "Scenario Description": "Scenario in which a parked vehicle is incorrectly parked, forcing the ego to lane change out of the route's lane.",
    "Map": "Map(name=Carla/Maps/Town04)",
    "Adversary Distance": 96,
    "Collision": true,
    "Weather": "ClearNight",
    "Collision Type": "Actor(id=429, type=vehicle.ford.crown)",
    "Time to Collision": 8.81399917602539,
    "Speed at Collision": 11.515837125034452,
    "Intensity": 22700.404198589775
  },
  {
    "Scenario Name": "ParkedObstacle_45",
    "Scenario Description": "Scenario in which a parked vehicle is incorrectly parked, forcing the ego to lane change out of the route's lane.",
    "Map": "Map(name=Carla/Maps/Town04)",
    "Adversary Distance": 42,
    "Collision": true,
    "Weather": "ClearNight",
    "Collision Type": "Actor(id=435, type=vehicle.ford.crown)",
    "Time to Collision": 10.254517078399658,
    "Speed at Collision": 3.497047302382984,
    "Intensity": 6558.2618535863385
  },
  {
    "Scenario Name": "ParkedObstacle_46",
    "Scenario Description": "Scenario in which a parked vehicle is incorrectly parked, forcing the ego to lane change out of the route's lane.",
    "Map": "Map(name=Carla/Maps/Town04)",
    "Adversary Distance": 68,
    "Collision": true,
    "Weather": "HardRainNoon",
    "Collision Type": "Actor(id=441, type=vehicle.ford.crown)",
    "Time to Collision": 5.477999687194824,
    "Speed at Collision": 20.283429091999636,
    "Intensity": 23832.820476464636
  },
  {
    "Scenario Name": "ParkedObstacle_47",
    "Scenario Description": "Scenario in which a parked vehicle is incorrectly parked, forcing the ego to lane change out of the route's lane.",
    "Map": "Map(name=Carla/Maps/Town04)",
    "Adversary Distance": 110,
    "Collision": true,
    "Weather": "ClearNight",
    "Collision Type": "Actor(id=447, type=vehicle.ford.crown)",
    "Time to Collision": 8.756001472473145,
    "Speed at Collision": 13.90466779959216,
    "Intensity": 16227.574809774273
  },
  {
    "Scenario Name": "ParkedObstacle_48",
    "Scenario Description": "Scenario in which a parked vehicle is incorrectly parked, forcing the ego to lane change out of the route's lane.",
    "Map": "Map(name=Carla/Maps/Town04)",
    "Adversary Distance": 90,
    "Collision": true,
    "Weather": "ClearNoon",
    "Collision Type": "Actor(id=453, type=vehicle.ford.crown)",
    "Time to Collision": 6.437000751495361,
    "Speed at Collision": 22.17079786071159,
    "Intensity": 20958.507156453696
  },
  {
    "Scenario Name": "ParkedObstacle_49",
    "Scenario Description": "Scenario in which a parked vehicle is incorrectly parked, forcing the ego to lane change out of the route's lane.",
    "Map": "Map(name=Carla/Maps/Town04)",
    "Adversary Distance": 76,
    "Collision": true,
    "Weather": "HardRainNoon",
    "Collision Type": "Actor(id=459, type=vehicle.ford.crown)",
    "Time to Collision": 5.89700174331665,
    "Speed at Collision": 20.965558034498994,
    "Intensity": 24523.703478320433
  },
  {
    "Scenario Name": "ParkedObstacle_50",
    "Scenario Description": "Scenario in which a parked vehicle is incorrectly parked, forcing the ego to lane change out of the route's lane.",
    "Map": "Map(name=Carla/Maps/Town04)",
    "Adversary Distance": 68,
    "Collision": true,
    "Weather": "ClearNoon",
    "Collision Type": "Actor(id=465, type=vehicle.ford.crown)",
    "Time to Collision": 7.805000066757202,
    "Speed at Collision": 8.812041837205927,
    "Intensity": 17609.567434128112
  },
  {
    "Scenario Name": "ParkedObstacle_52",
    "Scenario Description": "Scenario in which a parked vehicle is incorrectly parked, forcing the ego to lane change out of the route's lane.",
    "Map": "Map(name=Carla/Maps/Town04)",
    "Adversary Distance": 116,
    "Collision": true,
    "Weather": "ClearNoon",
    "Collision Type": "Actor(id=477, type=vehicle.ford.crown)",
    "Time to Collision": 8.720999956130981,
    "Speed at Collision": 15.003572016262508,
    "Intensity": 17521.44370896151
  },
  {
    "Scenario Name": "ParkedObstacle_53",
    "Scenario Description": "Scenario in which a parked vehicle is incorrectly parked, forcing the ego to lane change out of the route's lane.",
    "Map": "Map(name=Carla/Maps/Town04)",
    "Adversary Distance": 80,
    "Collision": true,
    "Weather": "HardRainNoon",
    "Collision Type": "Actor(id=483, type=vehicle.ford.crown)",
    "Time to Collision": 6.011998176574707,
    "Speed at Collision": 21.352401466396667,
    "Intensity": 25002.005279957928
  },
  {
    "Scenario Name": "ParkedObstacle_54",
    "Scenario Description": "Scenario in which a parked vehicle is incorrectly parked, forcing the ego to lane change out of the route's lane.",
    "Map": "Map(name=Carla/Maps/Town04)",
    "Adversary Distance": 54,
    "Collision": true,
    "Weather": "ClearNoon",
    "Collision Type": "Actor(id=489, type=vehicle.ford.crown)",
    "Time to Collision": 4.884001970291138,
    "Speed at Collision": 18.444967099249286,
    "Intensity": 36901.82212600815
  },
  {
    "Scenario Name": "ParkedObstacle_55",
    "Scenario Description": "Scenario in which a parked vehicle is incorrectly parked, forcing the ego to lane change out of the route's lane.",
    "Map": "Map(name=Carla/Maps/Town04)",
    "Adversary Distance": 111,
    "Collision": true,
    "Weather": "ClearNoon",
    "Collision Type": "Actor(id=495, type=vehicle.ford.crown)",
    "Time to Collision": 7.194000482559204,
    "Speed at Collision": 23.81948465790565,
    "Intensity": 24792.616950360218
  },
  {
    "Scenario Name": "ParkedObstacle_56",
    "Scenario Description": "Scenario in which a parked vehicle is incorrectly parked, forcing the ego to lane change out of the route's lane.",
    "Map": "Map(name=Carla/Maps/Town04)",
    "Adversary Distance": 68,
    "Collision": true,
    "Weather": "HardRainNoon",
    "Collision Type": "Actor(id=501, type=vehicle.ford.crown)",
    "Time to Collision": 5.725998401641846,
    "Speed at Collision": 15.791629436698408,
    "Intensity": 31010.90507896975
  },
  {
    "Scenario Name": "ParkedObstacle_57",
    "Scenario Description": "Scenario in which a parked vehicle is incorrectly parked, forcing the ego to lane change out of the route's lane.",
    "Map": "Map(name=Carla/Maps/Town04)",
    "Adversary Distance": 92,
    "Collision": true,
    "Weather": "ClearNight",
    "Collision Type": "Actor(id=507, type=vehicle.ford.crown)",
    "Time to Collision": 6.516006231307983,
    "Speed at Collision": 22.302619810712468,
    "Intensity": 24812.700705824223
  },
  {
    "Scenario Name": "ParkedObstacle_58",
    "Scenario Description": "Scenario in which a parked vehicle is incorrectly parked, forcing the ego to lane change out of the route's lane.",
    "Map": "Map(name=Carla/Maps/Town04)",
    "Adversary Distance": 45,
    "Collision": true,
    "Weather": "ClearNight",
    "Collision Type": "Actor(id=513, type=vehicle.ford.crown)",
    "Time to Collision": 4.637001037597656,
    "Speed at Collision": 13.236832143728948,
    "Intensity": 25657.035288457362
  },
  {
    "Scenario Name": "ParkedObstacle_59",
    "Scenario Description": "Scenario in which a parked vehicle is incorrectly parked, forcing the ego to lane change out of the route's lane.",
    "Map": "Map(name=Carla/Maps/Town04)",
    "Adversary Distance": 92,
    "Collision": true,
    "Weather": "HardRainNight",
    "Collision Type": "Actor(id=519, type=vehicle.ford.crown)",
    "Time to Collision": 6.5390002727508545,
    "Speed at Collision": 22.236346099502704,
    "Intensity": 26141.730419546544
  },
  {
    "Scenario Name": "ParkedObstacle_60",
    "Scenario Description": "Scenario in which a parked vehicle is incorrectly parked, forcing the ego to lane change out of the route's lane.",
    "Map": "Map(name=Carla/Maps/Town04)",
    "Adversary Distance": 84,
    "Collision": true,
    "Weather": "HardRainNoon",
    "Collision Type": "Actor(id=525, type=vehicle.ford.crown)",
    "Time to Collision": 6.12999963760376,
    "Speed at Collision": 21.7179276526536,
    "Intensity": 25113.278681558004
  },
  {
    "Scenario Name": "ParkedObstacle_61",
    "Scenario Description": "Scenario in which a parked vehicle is incorrectly parked, forcing the ego to lane change out of the route's lane.",
    "Map": "Map(name=Carla/Maps/Town04)",
    "Adversary Distance": 39,
    "Collision": true,
    "Weather": "ClearNoon",
    "Collision Type": "Actor(id=531, type=vehicle.ford.crown)",
    "Time to Collision": 4.077000379562378,
    "Speed at Collision": 16.087032375131677,
    "Intensity": 32321.62341259313
  },
  {
    "Scenario Name": "ParkedObstacle_63",
    "Scenario Description": "Scenario in which a parked vehicle is incorrectly parked, forcing the ego to lane change out of the route's lane.",
    "Map": "Map(name=Carla/Maps/Town04)",
    "Adversary Distance": 105,
    "Collision": true,
    "Weather": "ClearNoon",
    "Collision Type": "Actor(id=543, type=vehicle.ford.crown)",
    "Time to Collision": 7.146998405456543,
    "Speed at Collision": 20.36713893932151,
    "Intensity": 22435.66703068298
  },
  {
    "Scenario Name": "ParkedObstacle_64",
    "Scenario Description": "Scenario in which a parked vehicle is incorrectly parked, forcing the ego to lane change out of the route's lane.",
    "Map": "Map(name=Carla/Maps/Town04)",
    "Adversary Distance": 52,
    "Collision": true,
    "Weather": "ClearNight",
    "Collision Type": "Actor(id=549, type=vehicle.ford.crown)",
    "Time to Collision": 5.2710044384002686,
    "Speed at Collision": 12.316171023339633,
    "Intensity": 14442.067222614023
  },
  {
    "Scenario Name": "ParkedObstacle_65",
    "Scenario Description": "Scenario in which a parked vehicle is incorrectly parked, forcing the ego to lane change out of the route's lane.",
    "Map": "Map(name=Carla/Maps/Town04)",
    "Adversary Distance": 85,
    "Collision": true,
    "Weather": "ClearNoon",
    "Collision Type": "Actor(id=555, type=vehicle.ford.crown)",
    "Time to Collision": 9.137999057769775,
    "Speed at Collision": 9.336017485382644,
    "Intensity": 18468.52558566188
  },
  {
    "Scenario Name": "ParkedObstacle_66",
    "Scenario Description": "Scenario in which a parked vehicle is incorrectly parked, forcing the ego to lane change out of the route's lane.",
    "Map": "Map(name=Carla/Maps/Town04)",
    "Adversary Distance": 90,
    "Collision": true,
    "Weather": "ClearNight",
    "Collision Type": "Actor(id=561, type=vehicle.ford.crown)",
    "Time to Collision": 6.414996147155762,
    "Speed at Collision": 22.212695121193143,
    "Intensity": 24508.75522617653
  },
  {
    "Scenario Name": "ParkedObstacle_67",
    "Scenario Description": "Scenario in which a parked vehicle is incorrectly parked, forcing the ego to lane change out of the route's lane.",
    "Map": "Map(name=Carla/Maps/Town04)",
    "Adversary Distance": 63,
    "Collision": true,
    "Weather": "ClearNight",
    "Collision Type": "Actor(id=567, type=vehicle.ford.crown)",
    "Time to Collision": 5.728001356124878,
    "Speed at Collision": 13.627512380367294,
    "Intensity": 25883.908901180337
  },
  {
    "Scenario Name": "ParkedObstacle_68",
    "Scenario Description": "Scenario in which a parked vehicle is incorrectly parked, forcing the ego to lane change out of the route's lane.",
    "Map": "Map(name=Carla/Maps/Town04)",
    "Adversary Distance": 106,
    "Collision": true,
    "Weather": "HardRainNight",
    "Collision Type": "Actor(id=573, type=vehicle.ford.crown)",
    "Time to Collision": 7.564009428024292,
    "Speed at Collision": 17.625890113907882,
    "Intensity": 20818.79145491246
  },
  {
    "Scenario Name": "ParkedObstacle_69",
    "Scenario Description": "Scenario in which a parked vehicle is incorrectly parked, forcing the ego to lane change out of the route's lane.",
    "Map": "Map(name=Carla/Maps/Town04)",
    "Adversary Distance": 77,
    "Collision": true,
    "Weather": "ClearNoon",
    "Collision Type": "Actor(id=579, type=vehicle.ford.crown)",
    "Time to Collision": 5.93000340461731,
    "Speed at Collision": 21.031828319247072,
    "Intensity": 24712.45409068316
  },
  {
    "Scenario Name": "ParkedObstacle_71",
    "Scenario Description": "Scenario in which a parked vehicle is incorrectly parked, forcing the ego to lane change out of the route's lane.",
    "Map": "Map(name=Carla/Maps/Town04)",
    "Adversary Distance": 103,
    "Collision": true,
    "Weather": "ClearNight",
    "Collision Type": "Actor(id=591, type=vehicle.ford.crown)",
    "Time to Collision": 6.944001197814941,
    "Speed at Collision": 21.97179338707346,
    "Intensity": 20757.202415875105
  },
  {
    "Scenario Name": "ParkedObstacle_72",
    "Scenario Description": "Scenario in which a parked vehicle is incorrectly parked, forcing the ego to lane change out of the route's lane.",
    "Map": "Map(name=Carla/Maps/Town04)",
    "Adversary Distance": 75,
    "Collision": true,
    "Weather": "ClearNight",
    "Collision Type": "Actor(id=597, type=vehicle.ford.crown)",
    "Time to Collision": 5.801999568939209,
    "Speed at Collision": 20.87532306461799,
    "Intensity": 23189.491474342634
  },
  {
    "Scenario Name": "ParkedObstacle_73",
    "Scenario Description": "Scenario in which a parked vehicle is incorrectly parked, forcing the ego to lane change out of the route's lane.",
    "Map": "Map(name=Carla/Maps/Town04)",
    "Adversary Distance": 89,
    "Collision": true,
    "Weather": "ClearNoon",
    "Collision Type": "Actor(id=603, type=vehicle.ford.crown)",
    "Time to Collision": 6.421000957489014,
    "Speed at Collision": 22.064834053362254,
    "Intensity": 24479.079461383164
  },
  {
    "Scenario Name": "ParkedObstacle_74",
    "Scenario Description": "Scenario in which a parked vehicle is incorrectly parked, forcing the ego to lane change out of the route's lane.",
    "Map": "Map(name=Carla/Maps/Town04)",
    "Adversary Distance": 101,
    "Collision": true,
    "Weather": "HardRainNight",
    "Collision Type": "Actor(id=609, type=vehicle.ford.crown)",
    "Time to Collision": 17.523998737335205,
    "Speed at Collision": 3.7971292719977727,
    "Intensity": 7602.68977109954
  },
  {
    "Scenario Name": "ParkedObstacle_75",
    "Scenario Description": "Scenario in which a parked vehicle is incorrectly parked, forcing the ego to lane change out of the route's lane.",
    "Map": "Map(name=Carla/Maps/Town04)",
    "Adversary Distance": 119,
    "Collision": true,
    "Weather": "HardRainNoon",
    "Collision Type": "Actor(id=615, type=vehicle.ford.crown)",
    "Time to Collision": 7.4889984130859375,
    "Speed at Collision": 24.38999940459239,
    "Intensity": 27177.687869989553
  },
  {
    "Scenario Name": "ParkedObstacle_77",
    "Scenario Description": "Scenario in which a parked vehicle is incorrectly parked, forcing the ego to lane change out of the route's lane.",
    "Map": "Map(name=Carla/Maps/Town04)",
    "Adversary Distance": 108,
    "Collision": true,
    "Weather": "HardRainNoon",
    "Collision Type": "Actor(id=627, type=vehicle.ford.crown)",
    "Time to Collision": 10.726998567581177,
    "Speed at Collision": 9.774018982540397,
    "Intensity": 19842.915522637388
  },
  {
    "Scenario Name": "ParkedObstacle_79",
    "Scenario Description": "Scenario in which a parked vehicle is incorrectly parked, forcing the ego to lane change out of the route's lane.",
    "Map": "Map(name=Carla/Maps/Town04)",
    "Adversary Distance": 98,
    "Collision": true,
    "Weather": "HardRainNight",
    "Collision Type": "Actor(id=639, type=vehicle.ford.crown)",
    "Time to Collision": 8.065999031066895,
    "Speed at Collision": 13.613189441030853,
    "Intensity": 15245.336807624226
  },
  {
    "Scenario Name": "ParkedObstacle_80",
    "Scenario Description": "Scenario in which a parked vehicle is incorrectly parked, forcing the ego to lane change out of the route's lane.",
    "Map": "Map(name=Carla/Maps/Town04)",
    "Adversary Distance": 63,
    "Collision": true,
    "Weather": "HardRainNoon",
    "Collision Type": "Actor(id=645, type=vehicle.ford.crown)",
    "Time to Collision": 7.4390013217926025,
    "Speed at Collision": 8.577717819213422,
    "Intensity": 16841.34633794138
  },
  {
    "Scenario Name": "ParkedObstacle_81",
    "Scenario Description": "Scenario in which a parked vehicle is incorrectly parked, forcing the ego to lane change out of the route's lane.",
    "Map": "Map(name=Carla/Maps/Town04)",
    "Adversary Distance": 112,
    "Collision": true,
    "Weather": "ClearNight",
    "Collision Type": "Actor(id=651, type=vehicle.ford.crown)",
    "Time to Collision": 10.809999704360962,
    "Speed at Collision": 10.410843923459897,
    "Intensity": 20673.426807932443
  },
  {
    "Scenario Name": "ParkedObstacle_82",
    "Scenario Description": "Scenario in which a parked vehicle is incorrectly parked, forcing the ego to lane change out of the route's lane.",
    "Map": "Map(name=Carla/Maps/Town04)",
    "Adversary Distance": 102,
    "Collision": true,
    "Weather": "ClearNoon",
    "Collision Type": "Actor(id=657, type=vehicle.ford.crown)",
    "Time to Collision": 12.53999948501587,
    "Speed at Collision": 8.208378851266762,
    "Intensity": 16490.463460810446
  },
  {
    "Scenario Name": "ParkedObstacle_83",
    "Scenario Description": "Scenario in which a parked vehicle is incorrectly parked, forcing the ego to lane change out of the route's lane.",
    "Map": "Map(name=Carla/Maps/Town04)",
    "Adversary Distance": 116,
    "Collision": true,
    "Weather": "ClearNight",
    "Collision Type": "Actor(id=663, type=vehicle.ford.crown)",
    "Time to Collision": 7.589001417160034,
    "Speed at Collision": 20.897891652323437,
    "Intensity": 24379.98985291883
  },
  {
    "Scenario Name": "ParkedObstacle_84",
    "Scenario Description": "Scenario in which a parked vehicle is incorrectly parked, forcing the ego to lane change out of the route's lane.",
    "Map": "Map(name=Carla/Maps/Town04)",
    "Adversary Distance": 114,
    "Collision": true,
    "Weather": "HardRainNoon",
    "Collision Type": "Actor(id=669, type=vehicle.ford.crown)",
    "Time to Collision": 14.18899941444397,
    "Speed at Collision": 8.453748849913545,
    "Intensity": 16763.8158174334
  },
  {
    "Scenario Name": "ParkedObstacle_85",
    "Scenario Description": "Scenario in which a parked vehicle is incorrectly parked, forcing the ego to lane change out of the route's lane.",
    "Map": "Map(name=Carla/Maps/Town04)",
    "Adversary Distance": 104,
    "Collision": true,
    "Weather": "ClearNight",
    "Collision Type": "Actor(id=675, type=vehicle.ford.crown)",
    "Time to Collision": 6.947001218795776,
    "Speed at Collision": 23.307674826121627,
    "Intensity": 25889.55100791558
  },
  {
    "Scenario Name": "ParkedObstacle_86",
    "Scenario Description": "Scenario in which a parked vehicle is incorrectly parked, forcing the ego to lane change out of the route's lane.",
    "Map": "Map(name=Carla/Maps/Town04)",
    "Adversary Distance": 35,
    "Collision": true,
    "Weather": "HardRainNight",
    "Collision Type": "Actor(id=681, type=vehicle.ford.crown)",
    "Time to Collision": 3.8800015449523926,
    "Speed at Collision": 15.370030810934436,
    "Intensity": 18165.67756106993
  },
  {
    "Scenario Name": "ParkedObstacle_87",
    "Scenario Description": "Scenario in which a parked vehicle is incorrectly parked, forcing the ego to lane change out of the route's lane.",
    "Map": "Map(name=Carla/Maps/Town04)",
    "Adversary Distance": 74,
    "Collision": true,
    "Weather": "ClearNight",
    "Collision Type": "Actor(id=687, type=vehicle.ford.crown)",
    "Time to Collision": 5.779004812240601,
    "Speed at Collision": 20.8099312941642,
    "Intensity": 25073.583637874603
  },
  {
    "Scenario Name": "ParkedObstacle_88",
    "Scenario Description": "Scenario in which a parked vehicle is incorrectly parked, forcing the ego to lane change out of the route's lane.",
    "Map": "Map(name=Carla/Maps/Town04)",
    "Adversary Distance": 104,
    "Collision": true,
    "Weather": "HardRainNoon",
    "Collision Type": "Actor(id=693, type=vehicle.ford.crown)",
    "Time to Collision": 7.113000869750977,
    "Speed at Collision": 20.896940650818642,
    "Intensity": 23204.69074420886
  },
  {
    "Scenario Name": "ParkedObstacle_89",
    "Scenario Description": "Scenario in which a parked vehicle is incorrectly parked, forcing the ego to lane change out of the route's lane.",
    "Map": "Map(name=Carla/Maps/Town04)",
    "Adversary Distance": 70,
    "Collision": true,
    "Weather": "ClearNoon",
    "Collision Type": "Actor(id=699, type=vehicle.ford.crown)",
    "Time to Collision": 11.225001096725464,
    "Speed at Collision": 5.502997425412665,
    "Intensity": 11164.14588369548
  },
  {
    "Scenario Name": "ParkedObstacle_90",
    "Scenario Description": "Scenario in which a parked vehicle is incorrectly parked, forcing the ego to lane change out of the route's lane.",
    "Map": "Map(name=Carla/Maps/Town04)",
    "Adversary Distance": 97,
    "Collision": true,
    "Weather": "ClearNoon",
    "Collision Type": "Actor(id=705, type=vehicle.ford.crown)",
    "Time to Collision": 8.050000429153442,
    "Speed at Collision": 13.375061837715602,
    "Intensity": 26068.806237059187
  },
  {
    "Scenario Name": "ParkedObstacle_91",
    "Scenario Description": "Scenario in which a parked vehicle is incorrectly parked, forcing the ego to lane change out of the route's lane.",
    "Map": "Map(name=Carla/Maps/Town04)",
    "Adversary Distance": 118,
    "Collision": true,
    "Weather": "HardRainNoon",
    "Collision Type": "Actor(id=711, type=vehicle.ford.crown)",
    "Time to Collision": 8.299999952316284,
    "Speed at Collision": 16.836952612820824,
    "Intensity": 18648.88903278525
  },
  {
    "Scenario Name": "ParkedObstacle_93",
    "Scenario Description": "Scenario in which a parked vehicle is incorrectly parked, forcing the ego to lane change out of the route's lane.",
    "Map": "Map(name=Carla/Maps/Town04)",
    "Adversary Distance": 83,
    "Collision": true,
    "Weather": "HardRainNoon",
    "Collision Type": "Actor(id=723, type=vehicle.ford.crown)",
    "Time to Collision": 6.924999237060547,
    "Speed at Collision": 14.155985952562974,
    "Intensity": 27450.21873636882
  },
  {
    "Scenario Name": "ParkedObstacle_94",
    "Scenario Description": "Scenario in which a parked vehicle is incorrectly parked, forcing the ego to lane change out of the route's lane.",
    "Map": "Map(name=Carla/Maps/Town04)",
    "Adversary Distance": 53,
    "Collision": true,
    "Weather": "ClearNoon",
    "Collision Type": "Actor(id=729, type=vehicle.ford.crown)",
    "Time to Collision": 4.857000112533569,
    "Speed at Collision": 18.32764617885917,
    "Intensity": 36757.26137772971
  },
  {
    "Scenario Name": "ParkedObstacle_95",
    "Scenario Description": "Scenario in which a parked vehicle is incorrectly parked, forcing the ego to lane change out of the route's lane.",
    "Map": "Map(name=Carla/Maps/Town04)",
    "Adversary Distance": 49,
    "Collision": true,
    "Weather": "ClearNoon",
    "Collision Type": "Actor(id=735, type=vehicle.ford.crown)",
    "Time to Collision": 5.14400053024292,
    "Speed at Collision": 11.26229931878363,
    "Intensity": 22340.086974977123
  },
  {
    "Scenario Name": "ParkedObstacle_96",
    "Scenario Description": "Scenario in which a parked vehicle is incorrectly parked, forcing the ego to lane change out of the route's lane.",
    "Map": "Map(name=Carla/Maps/Town04)",
    "Adversary Distance": 97,
    "Collision": true,
    "Weather": "HardRainNight",
    "Collision Type": "Actor(id=741, type=vehicle.ford.crown)",
    "Time to Collision": 6.7610015869140625,
    "Speed at Collision": 20.624844836766616,
    "Intensity": 24389.862624776913
  },
  {
    "Scenario Name": "ParkedObstacle_97",
    "Scenario Description": "Scenario in which a parked vehicle is incorrectly parked, forcing the ego to lane change out of the route's lane.",
    "Map": "Map(name=Carla/Maps/Town04)",
    "Adversary Distance": 68,
    "Collision": true,
    "Weather": "HardRainNoon",
    "Collision Type": "Actor(id=747, type=vehicle.ford.crown)",
    "Time to Collision": 5.534006595611572,
    "Speed at Collision": 20.24990106235256,
    "Intensity": 39149.06906888124
  },
  {
    "Scenario Name": "ParkedObstacle_98",
    "Scenario Description": "Scenario in which a parked vehicle is incorrectly parked, forcing the ego to lane change out of the route's lane.",
    "Map": "Map(name=Carla/Maps/Town04)",
    "Adversary Distance": 120,
    "Collision": true,
    "Weather": "ClearNight",
    "Collision Type": "Actor(id=753, type=vehicle.ford.crown)",
    "Time to Collision": 10.362001657485962,
    "Speed at Collision": 12.054170189056196,
    "Intensity": 24052.467425541356
  },
  {
    "Scenario Name": "ParkedObstacle_99",
    "Scenario Description": "Scenario in which a parked vehicle is incorrectly parked, forcing the ego to lane change out of the route's lane.",
    "Map": "Map(name=Carla/Maps/Town04)",
    "Adversary Distance": 118,
    "Collision": true,
    "Weather": "HardRainNoon",
    "Collision Type": "Actor(id=759, type=vehicle.ford.crown)",
    "Time to Collision": 11.558004140853882,
    "Speed at Collision": 9.252244266207624,
    "Intensity": 18507.402695565317
  }
]