[
  {
    "Scenario Name": "ParkedObstacle_900",
    "Scenario Description": "Scenario in which a parked vehicle is incorrectly parked, forcing the ego to lane change out of the route's lane.",
    "Map": "Map(name=Carla/Maps/Town04)",
    "Adversary Distance": 64,
    "Collision": true,
    "Weather": "HardRainNoon",
    "Collision Type": "Actor(id=2550, type=vehicle.ford.crown)",
    "Time to Collision": 5.300669193267822,
    "Speed at Collision": 19.740932776674224,
    "Intensity": 23089.073924630902
  },
  {
    "Scenario Name": "ParkedObstacle_901",
    "Scenario Description": "Scenario in which a parked vehicle is incorrectly parked, forcing the ego to lane change out of the route's lane.",
    "Map": "Map(name=Carla/Maps/Town04)",
    "Adversary Distance": 96,
    "Collision": true,
    "Weather": "HardRainNoon",
    "Collision Type": "Actor(id=2556, type=vehicle.ford.crown)",
    "Time to Collision": 13.522852420806885,
    "Speed at Collision": 7.109436630549956,
    "Intensity": 13718.182491721402
  },
  {
    "Scenario Name": "ParkedObstacle_902",
    "Scenario Description": "Scenario in which a parked vehicle is incorrectly parked, forcing the ego to lane change out of the route's lane.",
    "Map": "Map(name=Carla/Maps/Town04)",
    "Adversary Distance": 56,
    "Collision": true,
    "Weather": "HardRainNoon",
    "Collision Type": "Actor(id=2562, type=vehicle.ford.crown)",
    "Time to Collision": 4.95046854019165,
    "Speed at Collision": 18.814288805230266,
    "Intensity": 22129.96234854419
  },
  {
    "Scenario Name": "ParkedObstacle_903",
    "Scenario Description": "Scenario in which a parked vehicle is incorrectly parked, forcing the ego to lane change out of the route's lane.",
    "Map": "Map(name=Carla/Maps/Town04)",
    "Adversary Distance": 48,
    "Collision": true,
    "Weather": "ClearNoon",
    "Collision Type": "Actor(id=2568, type=vehicle.ford.crown)",
    "Time to Collision": 8.277372360229492,
    "Speed at Collision": 5.240997219996623,
    "Intensity": 10576.437841230885
  },
  {
    "Scenario Name": "ParkedObstacle_904",
    "Scenario Description": "Scenario in which a parked vehicle is incorrectly parked, forcing the ego to lane change out of the route's lane.",
    "Map": "Map(name=Carla/Maps/Town04)",
    "Adversary Distance": 59,
    "Collision": true,
    "Weather": "HardRainNight",
    "Collision Type": "Actor(id=2574, type=vehicle.ford.crown)",
    "Time to Collision": 5.117541790008545,
    "Speed at Collision": 19.06678450608532,
    "Intensity": 22966.971332300636
  },
  {
    "Scenario Name": "ParkedObstacle_905",
    "Scenario Description": "Scenario in which a parked vehicle is incorrectly parked, forcing the ego to lane change out of the route's lane.",
    "Map": "Map(name=Carla/Maps/Town04)",
    "Adversary Distance": 56,
    "Collision": true,
    "Weather": "HardRainNoon",
    "Collision Type": "Actor(id=2580, type=vehicle.ford.crown)",
    "Time to Collision": 5.0874388217926025,
    "Speed at Collision": 14.953797493340018,
    "Intensity": 17474.9075345597
  },
  {
    "Scenario Name": "ParkedObstacle_906",
    "Scenario Description": "Scenario in which a parked vehicle is incorrectly parked, forcing the ego to lane change out of the route's lane.",
    "Map": "Map(name=Carla/Maps/Town04)",
    "Adversary Distance": 86,
    "Collision": true,
    "Weather": "HardRainNoon",
    "Collision Type": "Actor(id=2586, type=vehicle.ford.crown)",
    "Time to Collision": 7.391836643218994,
    "Speed at Collision": 13.114764282509224,
    "Intensity": 14507.650881613878
  },
  {
    "Scenario Name": "ParkedObstacle_907",
    "Scenario Description": "Scenario in which a parked vehicle is incorrectly parked, forcing the ego to lane change out of the route's lane.",
    "Map": "Map(name=Carla/Maps/Town04)",
    "Adversary Distance": 86,
    "Collision": true,
    "Weather": "ClearNoon",
    "Collision Type": "Actor(id=2592, type=vehicle.ford.crown)",
    "Time to Collision": 6.824894428253174,
    "Speed at Collision": 15.264895292120373,
    "Intensity": 29754.31838346013
  },
  {
    "Scenario Name": "ParkedObstacle_908",
    "Scenario Description": "Scenario in which a parked vehicle is incorrectly parked, forcing the ego to lane change out of the route's lane.",
    "Map": "Map(name=Carla/Maps/Town04)",
    "Adversary Distance": 84,
    "Collision": true,
    "Weather": "ClearNight",
    "Collision Type": "Actor(id=2598, type=vehicle.ford.crown)",
    "Time to Collision": 14.992390155792236,
    "Speed at Collision": 5.092175590983034,
    "Intensity": 9816.530245995114
  },
  {
    "Scenario Name": "ParkedObstacle_909",
    "Scenario Description": "Scenario in which a parked vehicle is incorrectly parked, forcing the ego to lane change out of the route's lane.",
    "Map": "Map(name=Carla/Maps/Town04)",
    "Adversary Distance": 52,
    "Collision": true,
    "Weather": "ClearNight",
    "Collision Type": "Actor(id=2604, type=vehicle.ford.crown)",
    "Time to Collision": 4.803464412689209,
    "Speed at Collision": 18.200390117261975,
    "Intensity": 36222.9366082253
  },
  {
    "Scenario Name": "ParkedObstacle_910",
    "Scenario Description": "Scenario in which a parked vehicle is incorrectly parked, forcing the ego to lane change out of the route's lane.",
    "Map": "Map(name=Carla/Maps/Town04)",
    "Adversary Distance": 75,
    "Collision": true,
    "Weather": "HardRainNoon",
    "Collision Type": "Actor(id=2610, type=vehicle.ford.crown)",
    "Time to Collision": 6.869044542312622,
    "Speed at Collision": 12.323875452608068,
    "Intensity": 24519.879836069376
  },
  {
    "Scenario Name": "ParkedObstacle_911",
    "Scenario Description": "Scenario in which a parked vehicle is incorrectly parked, forcing the ego to lane change out of the route's lane.",
    "Map": "Map(name=Carla/Maps/Town04)",
    "Adversary Distance": 68,
    "Collision": true,
    "Weather": "ClearNoon",
    "Collision Type": "Actor(id=2616, type=vehicle.ford.crown)",
    "Time to Collision": 11.214941263198853,
    "Speed at Collision": 5.6167222268000465,
    "Intensity": 11332.978246162795
  },
  {
    "Scenario Name": "ParkedObstacle_912",
    "Scenario Description": "Scenario in which a parked vehicle is incorrectly parked, forcing the ego to lane change out of the route's lane.",
    "Map": "Map(name=Carla/Maps/Town04)",
    "Adversary Distance": 48,
    "Collision": true,
    "Weather": "ClearNoon",
    "Collision Type": "Actor(id=2622, type=vehicle.ford.crown)",
    "Time to Collision": 4.550597667694092,
    "Speed at Collision": 17.601359256983454,
    "Intensity": 34535.63468611646
  },
  {
    "Scenario Name": "ParkedObstacle_913",
    "Scenario Description": "Scenario in which a parked vehicle is incorrectly parked, forcing the ego to lane change out of the route's lane.",
    "Map": "Map(name=Carla/Maps/Town04)",
    "Adversary Distance": 47,
    "Collision": true,
    "Weather": "HardRainNoon",
    "Collision Type": "Actor(id=2628, type=vehicle.ford.crown)",
    "Time to Collision": 19.122045040130615,
    "Speed at Collision": 2.5163153667073996,
    "Intensity": 5183.015877706353
  },
  {
    "Scenario Name": "ParkedObstacle_914",
    "Scenario Description": "Scenario in which a parked vehicle is incorrectly parked, forcing the ego to lane change out of the route's lane.",
    "Map": "Map(name=Carla/Maps/Town04)",
    "Adversary Distance": 42,
    "Collision": true,
    "Weather": "HardRainNight",
    "Collision Type": "Actor(id=2634, type=vehicle.ford.crown)",
    "Time to Collision": 5.015190124511719,
    "Speed at Collision": 9.631469461581231,
    "Intensity": 19030.00246563817
  },
  {
    "Scenario Name": "ParkedObstacle_915",
    "Scenario Description": "Scenario in which a parked vehicle is incorrectly parked, forcing the ego to lane change out of the route's lane.",
    "Map": "Map(name=Carla/Maps/Town04)",
    "Adversary Distance": 53,
    "Collision": true,
    "Weather": "HardRainNoon",
    "Collision Type": "Actor(id=2640, type=vehicle.ford.crown)",
    "Time to Collision": 4.795894145965576,
    "Speed at Collision": 18.429691265036066,
    "Intensity": 36768.36372168575
  },
  {
    "Scenario Name": "ParkedObstacle_916",
    "Scenario Description": "Scenario in which a parked vehicle is incorrectly parked, forcing the ego to lane change out of the route's lane.",
    "Map": "Map(name=Carla/Maps/Town04)",
    "Adversary Distance": 89,
    "Collision": true,
    "Weather": "HardRainNight",
    "Collision Type": "Actor(id=2646, type=vehicle.ford.crown)",
    "Time to Collision": 12.19379711151123,
    "Speed at Collision": 6.787676416053474,
    "Intensity": 13018.170700762139
  },
  {
    "Scenario Name": "ParkedObstacle_917",
    "Scenario Description": "Scenario in which a parked vehicle is incorrectly parked, forcing the ego to lane change out of the route's lane.",
    "Map": "Map(name=Carla/Maps/Town04)",
    "Adversary Distance": 44,
    "Collision": true,
    "Weather": "ClearNoon",
    "Collision Type": "Actor(id=2652, type=vehicle.ford.crown)",
    "Time to Collision": 4.326831579208374,
    "Speed at Collision": 16.998966221290917,
    "Intensity": 33850.781568457394
  },
  {
    "Scenario Name": "ParkedObstacle_918",
    "Scenario Description": "Scenario in which a parked vehicle is incorrectly parked, forcing the ego to lane change out of the route's lane.",
    "Map": "Map(name=Carla/Maps/Town04)",
    "Adversary Distance": 81,
    "Collision": true,
    "Weather": "HardRainNight",
    "Collision Type": "Actor(id=2658, type=vehicle.ford.crown)",
    "Time to Collision": 6.1345274448394775,
    "Speed at Collision": 21.435003063343874,
    "Intensity": 25144.843662815074
  },
  {
    "Scenario Name": "ParkedObstacle_919",
    "Scenario Description": "Scenario in which a parked vehicle is incorrectly parked, forcing the ego to lane change out of the route's lane.",
    "Map": "Map(name=Carla/Maps/Town04)",
    "Adversary Distance": 106,
    "Collision": true,
    "Weather": "ClearNoon",
    "Collision Type": "Actor(id=2664, type=vehicle.ford.crown)",
    "Time to Collision": 7.796223163604736,
    "Speed at Collision": 16.32059383883223,
    "Intensity": 32724.84602884102
  },
  {
    "Scenario Name": "ParkedObstacle_920",
    "Scenario Description": "Scenario in which a parked vehicle is incorrectly parked, forcing the ego to lane change out of the route's lane.",
    "Map": "Map(name=Carla/Maps/Town04)",
    "Adversary Distance": 50,
    "Collision": true,
    "Weather": "HardRainNoon",
    "Collision Type": "Actor(id=2670, type=vehicle.ford.crown)",
    "Time to Collision": 4.6409077644348145,
    "Speed at Collision": 17.975242270206813,
    "Intensity": 35701.27980838513
  },
  {
    "Scenario Name": "ParkedObstacle_921",
    "Scenario Description": "Scenario in which a parked vehicle is incorrectly parked, forcing the ego to lane change out of the route's lane.",
    "Map": "Map(name=Carla/Maps/Town04)",
    "Adversary Distance": 94,
    "Collision": true,
    "Weather": "HardRainNoon",
    "Collision Type": "Actor(id=2676, type=vehicle.ford.crown)",
    "Time to Collision": 7.691864728927612,
    "Speed at Collision": 13.901716614945395,
    "Intensity": 15433.74583325222
  },
  {
    "Scenario Name": "ParkedObstacle_922",
    "Scenario Description": "Scenario in which a parked vehicle is incorrectly parked, forcing the ego to lane change out of the route's lane.",
    "Map": "Map(name=Carla/Maps/Town04)",
    "Adversary Distance": 45,
    "Collision": true,
    "Weather": "ClearNoon",
    "Collision Type": "Actor(id=2682, type=vehicle.ford.crown)",
    "Time to Collision": 4.883237838745117,
    "Speed at Collision": 10.996522783008615,
    "Intensity": 21591.905915529005
  },
  {
    "Scenario Name": "ParkedObstacle_923",
    "Scenario Description": "Scenario in which a parked vehicle is incorrectly parked, forcing the ego to lane change out of the route's lane.",
    "Map": "Map(name=Carla/Maps/Town04)",
    "Adversary Distance": 87,
    "Collision": true,
    "Weather": "HardRainNoon",
    "Collision Type": "Actor(id=2688, type=vehicle.ford.crown)",
    "Time to Collision": 13.955836772918701,
    "Speed at Collision": 5.503323343876093,
    "Intensity": 11451.212155110863
  },
  {
    "Scenario Name": "ParkedObstacle_924",
    "Scenario Description": "Scenario in which a parked vehicle is incorrectly parked, forcing the ego to lane change out of the route's lane.",
    "Map": "Map(name=Carla/Maps/Town04)",
    "Adversary Distance": 48,
    "Collision": true,
    "Weather": "HardRainNoon",
    "Collision Type": "Actor(id=2694, type=vehicle.ford.crown)",
    "Time to Collision": 4.580701112747192,
    "Speed at Collision": 17.5777309648976,
    "Intensity": 35557.28923623814
  },
  {
    "Scenario Name": "ParkedObstacle_925",
    "Scenario Description": "Scenario in which a parked vehicle is incorrectly parked, forcing the ego to lane change out of the route's lane.",
    "Map": "Map(name=Carla/Maps/Town04)",
    "Adversary Distance": 95,
    "Collision": true,
    "Weather": "HardRainNight",
    "Collision Type": "Actor(id=2700, type=vehicle.ford.crown)",
    "Time to Collision": 8.704336166381836,
    "Speed at Collision": 11.529522611088211,
    "Intensity": 22800.207686657817
  },
  {
    "Scenario Name": "ParkedObstacle_926",
    "Scenario Description": "Scenario in which a parked vehicle is incorrectly parked, forcing the ego to lane change out of the route's lane.",
    "Map": "Map(name=Carla/Maps/Town04)",
    "Adversary Distance": 107,
    "Collision": true,
    "Weather": "ClearNight",
    "Collision Type": "Actor(id=2706, type=vehicle.ford.crown)",
    "Time to Collision": 17.541627407073975,
    "Speed at Collision": 5.217440846291706,
    "Intensity": 10424.457810496546
  },
  {
    "Scenario Name": "ParkedObstacle_927",
    "Scenario Description": "Scenario in which a parked vehicle is incorrectly parked, forcing the ego to lane change out of the route's lane.",
    "Map": "Map(name=Carla/Maps/Town04)",
    "Adversary Distance": 106,
    "Collision": true,
    "Weather": "ClearNight",
    "Collision Type": "Actor(id=2712, type=vehicle.ford.crown)",
    "Time to Collision": 7.0386269092559814,
    "Speed at Collision": 23.431668018263807,
    "Intensity": 25885.276365115624
  },
  {
    "Scenario Name": "ParkedObstacle_928",
    "Scenario Description": "Scenario in which a parked vehicle is incorrectly parked, forcing the ego to lane change out of the route's lane.",
    "Map": "Map(name=Carla/Maps/Town04)",
    "Adversary Distance": 92,
    "Collision": true,
    "Weather": "ClearNight",
    "Collision Type": "Actor(id=2718, type=vehicle.ford.crown)",
    "Time to Collision": 6.585071802139282,
    "Speed at Collision": 22.35389427887669,
    "Intensity": 26062.861582412195
  },
  {
    "Scenario Name": "ParkedObstacle_929",
    "Scenario Description": "Scenario in which a parked vehicle is incorrectly parked, forcing the ego to lane change out of the route's lane.",
    "Map": "Map(name=Carla/Maps/Town04)",
    "Adversary Distance": 101,
    "Collision": true,
    "Weather": "ClearNight",
    "Collision Type": "Actor(id=2724, type=vehicle.ford.crown)",
    "Time to Collision": 7.832347393035889,
    "Speed at Collision": 14.953509830138193,
    "Intensity": 28863.712375882125
  },
  {
    "Scenario Name": "ParkedObstacle_930",
    "Scenario Description": "Scenario in which a parked vehicle is incorrectly parked, forcing the ego to lane change out of the route's lane.",
    "Map": "Map(name=Carla/Maps/Town04)",
    "Adversary Distance": 105,
    "Collision": true,
    "Weather": "ClearNoon",
    "Collision Type": "Actor(id=2730, type=vehicle.ford.crown)",
    "Time to Collision": 8.389055252075195,
    "Speed at Collision": 13.904092328433943,
    "Intensity": 26693.543497637093
  },
  {
    "Scenario Name": "ParkedObstacle_931",
    "Scenario Description": "Scenario in which a parked vehicle is incorrectly parked, forcing the ego to lane change out of the route's lane.",
    "Map": "Map(name=Carla/Maps/Town04)",
    "Adversary Distance": 88,
    "Collision": true,
    "Weather": "HardRainNight",
    "Collision Type": "Actor(id=2736, type=vehicle.ford.crown)",
    "Time to Collision": 15.007942199707031,
    "Speed at Collision": 5.487804556117213,
    "Intensity": 10726.19631331137
  },
  {
    "Scenario Name": "ParkedObstacle_932",
    "Scenario Description": "Scenario in which a parked vehicle is incorrectly parked, forcing the ego to lane change out of the route's lane.",
    "Map": "Map(name=Carla/Maps/Town04)",
    "Adversary Distance": 35,
    "Collision": true,
    "Weather": "ClearNight",
    "Collision Type": "Actor(id=2742, type=vehicle.ford.crown)",
    "Time to Collision": 3.8376541137695312,
    "Speed at Collision": 15.427057401573078,
    "Intensity": 30157.54767232671
  },
  {
    "Scenario Name": "ParkedObstacle_933",
    "Scenario Description": "Scenario in which a parked vehicle is incorrectly parked, forcing the ego to lane change out of the route's lane.",
    "Map": "Map(name=Carla/Maps/Town04)",
    "Adversary Distance": 56,
    "Collision": true,
    "Weather": "HardRainNoon",
    "Collision Type": "Actor(id=2748, type=vehicle.ford.crown)",
    "Time to Collision": 5.001643419265747,
    "Speed at Collision": 18.791568300263098,
    "Intensity": 37548.16230530431
  },
  {
    "Scenario Name": "ParkedObstacle_934",
    "Scenario Description": "Scenario in which a parked vehicle is incorrectly parked, forcing the ego to lane change out of the route's lane.",
    "Map": "Map(name=Carla/Maps/Town04)",
    "Adversary Distance": 71,
    "Collision": true,
    "Weather": "HardRainNight",
    "Collision Type": "Actor(id=2754, type=vehicle.ford.crown)",
    "Time to Collision": 8.216161966323853,
    "Speed at Collision": 8.187292098338778,
    "Intensity": 16361.420145785822
  },
  {
    "Scenario Name": "ParkedObstacle_935",
    "Scenario Description": "Scenario in which a parked vehicle is incorrectly parked, forcing the ego to lane change out of the route's lane.",
    "Map": "Map(name=Carla/Maps/Town04)",
    "Adversary Distance": 62,
    "Collision": true,
    "Weather": "HardRainNoon",
    "Collision Type": "Actor(id=2760, type=vehicle.ford.crown)",
    "Time to Collision": 5.316600561141968,
    "Speed at Collision": 16.834199680512082,
    "Intensity": 19743.912196536636
  },
  {
    "Scenario Name": "ParkedObstacle_936",
    "Scenario Description": "Scenario in which a parked vehicle is incorrectly parked, forcing the ego to lane change out of the route's lane.",
    "Map": "Map(name=Carla/Maps/Town04)",
    "Adversary Distance": 55,
    "Collision": true,
    "Weather": "HardRainNoon",
    "Collision Type": "Actor(id=2766, type=vehicle.ford.crown)",
    "Time to Collision": 5.70204496383667,
    "Speed at Collision": 10.998643320283776,
    "Intensity": 21557.843868335603
  },
  {
    "Scenario Name": "ParkedObstacle_937",
    "Scenario Description": "Scenario in which a parked vehicle is incorrectly parked, forcing the ego to lane change out of the route's lane.",
    "Map": "Map(name=Carla/Maps/Town04)",
    "Adversary Distance": 53,
    "Collision": true,
    "Weather": "ClearNight",
    "Collision Type": "Actor(id=2772, type=vehicle.ford.crown)",
    "Time to Collision": 4.793932199478149,
    "Speed at Collision": 18.374935638576012,
    "Intensity": 21690.280189573557
  },
  {
    "Scenario Name": "ParkedObstacle_938",
    "Scenario Description": "Scenario in which a parked vehicle is incorrectly parked, forcing the ego to lane change out of the route's lane.",
    "Map": "Map(name=Carla/Maps/Town04)",
    "Adversary Distance": 43,
    "Collision": true,
    "Weather": "HardRainNoon",
    "Collision Type": "Actor(id=2778, type=vehicle.ford.crown)",
    "Time to Collision": 6.5720274448394775,
    "Speed at Collision": 4.781692727018552,
    "Intensity": 9427.03171789529
  },
  {
    "Scenario Name": "ParkedObstacle_939",
    "Scenario Description": "Scenario in which a parked vehicle is incorrectly parked, forcing the ego to lane change out of the route's lane.",
    "Map": "Map(name=Carla/Maps/Town04)",
    "Adversary Distance": 113,
    "Collision": true,
    "Weather": "ClearNoon",
    "Collision Type": "Actor(id=2784, type=vehicle.ford.crown)",
    "Time to Collision": 7.495192050933838,
    "Speed at Collision": 21.17273487013234,
    "Intensity": 23523.704328367465
  },
  {
    "Scenario Name": "ParkedObstacle_940",
    "Scenario Description": "Scenario in which a parked vehicle is incorrectly parked, forcing the ego to lane change out of the route's lane.",
    "Map": "Map(name=Carla/Maps/Town04)",
    "Adversary Distance": 56,
    "Collision": true,
    "Weather": "HardRainNoon",
    "Collision Type": "Actor(id=2790, type=vehicle.ford.crown)",
    "Time to Collision": 8.09023118019104,
    "Speed at Collision": 6.298332913569214,
    "Intensity": 12448.21903877625
  },
  {
    "Scenario Name": "ParkedObstacle_941",
    "Scenario Description": "Scenario in which a parked vehicle is incorrectly parked, forcing the ego to lane change out of the route's lane.",
    "Map": "Map(name=Carla/Maps/Town04)",
    "Adversary Distance": 94,
    "Collision": true,
    "Weather": "ClearNoon",
    "Collision Type": "Actor(id=2796, type=vehicle.ford.crown)",
    "Time to Collision": 6.611661911010742,
    "Speed at Collision": 22.501211674682587,
    "Intensity": 26352.553071953702
  },
  {
    "Scenario Name": "ParkedObstacle_942",
    "Scenario Description": "Scenario in which a parked vehicle is incorrectly parked, forcing the ego to lane change out of the route's lane.",
    "Map": "Map(name=Carla/Maps/Town04)",
    "Adversary Distance": 103,
    "Collision": true,
    "Weather": "ClearNoon",
    "Collision Type": "Actor(id=2802, type=vehicle.ford.crown)",
    "Time to Collision": 7.360731363296509,
    "Speed at Collision": 17.64388305263598,
    "Intensity": 19562.450619754367
  },
  {
    "Scenario Name": "ParkedObstacle_944",
    "Scenario Description": "Scenario in which a parked vehicle is incorrectly parked, forcing the ego to lane change out of the route's lane.",
    "Map": "Map(name=Carla/Maps/Town04)",
    "Adversary Distance": 56,
    "Collision": true,
    "Weather": "ClearNight",
    "Collision Type": "Actor(id=2814, type=vehicle.ford.crown)",
    "Time to Collision": 7.230282306671143,
    "Speed at Collision": 7.137918423740011,
    "Intensity": 13547.348315113599
  },
  {
    "Scenario Name": "ParkedObstacle_945",
    "Scenario Description": "Scenario in which a parked vehicle is incorrectly parked, forcing the ego to lane change out of the route's lane.",
    "Map": "Map(name=Carla/Maps/Town04)",
    "Adversary Distance": 43,
    "Collision": true,
    "Weather": "HardRainNoon",
    "Collision Type": "Actor(id=2820, type=vehicle.ford.crown)",
    "Time to Collision": 4.276659727096558,
    "Speed at Collision": 16.920097574035992,
    "Intensity": 33756.695053644966
  },
  {
    "Scenario Name": "ParkedObstacle_946",
    "Scenario Description": "Scenario in which a parked vehicle is incorrectly parked, forcing the ego to lane change out of the route's lane.",
    "Map": "Map(name=Carla/Maps/Town04)",
    "Adversary Distance": 55,
    "Collision": true,
    "Weather": "ClearNight",
    "Collision Type": "Actor(id=2826, type=vehicle.ford.crown)",
    "Time to Collision": 4.899293899536133,
    "Speed at Collision": 18.662953530873725,
    "Intensity": 36684.86321055628
  },
  {
    "Scenario Name": "ParkedObstacle_947",
    "Scenario Description": "Scenario in which a parked vehicle is incorrectly parked, forcing the ego to lane change out of the route's lane.",
    "Map": "Map(name=Carla/Maps/Town04)",
    "Adversary Distance": 59,
    "Collision": true,
    "Weather": "ClearNight",
    "Collision Type": "Actor(id=2832, type=vehicle.ford.crown)",
    "Time to Collision": 5.074895143508911,
    "Speed at Collision": 19.31805191218095,
    "Intensity": 22639.048355615585
  },
  {
    "Scenario Name": "ParkedObstacle_948",
    "Scenario Description": "Scenario in which a parked vehicle is incorrectly parked, forcing the ego to lane change out of the route's lane.",
    "Map": "Map(name=Carla/Maps/Town04)",
    "Adversary Distance": 105,
    "Collision": true,
    "Weather": "ClearNight",
    "Collision Type": "Actor(id=2838, type=vehicle.ford.crown)",
    "Time to Collision": 7.044145584106445,
    "Speed at Collision": 23.30436032432992,
    "Intensity": 25952.575900756252
  },
  {
    "Scenario Name": "ParkedObstacle_949",
    "Scenario Description": "Scenario in which a parked vehicle is incorrectly parked, forcing the ego to lane change out of the route's lane.",
    "Map": "Map(name=Carla/Maps/Town04)",
    "Adversary Distance": 111,
    "Collision": true,
    "Weather": "ClearNight",
    "Collision Type": "Actor(id=2844, type=vehicle.ford.crown)",
    "Time to Collision": 17.955545663833618,
    "Speed at Collision": 6.704592010249079,
    "Intensity": 13033.074370224567
  },
  {
    "Scenario Name": "ParkedObstacle_950",
    "Scenario Description": "Scenario in which a parked vehicle is incorrectly parked, forcing the ego to lane change out of the route's lane.",
    "Map": "Map(name=Carla/Maps/Town04)",
    "Adversary Distance": 98,
    "Collision": true,
    "Weather": "HardRainNight",
    "Collision Type": "Actor(id=2850, type=vehicle.ford.crown)",
    "Time to Collision": 6.769203186035156,
    "Speed at Collision": 22.82974333949245,
    "Intensity": 26631.179093165945
  },
  {
    "Scenario Name": "ParkedObstacle_951",
    "Scenario Description": "Scenario in which a parked vehicle is incorrectly parked, forcing the ego to lane change out of the route's lane.",
    "Map": "Map(name=Carla/Maps/Town04)",
    "Adversary Distance": 105,
    "Collision": true,
    "Weather": "HardRainNight",
    "Collision Type": "Actor(id=2856, type=vehicle.ford.crown)",
    "Time to Collision": 7.611088275909424,
    "Speed at Collision": 16.837292932080054,
    "Intensity": 31756.983281723387
  },
  {
    "Scenario Name": "ParkedObstacle_952",
    "Scenario Description": "Scenario in which a parked vehicle is incorrectly parked, forcing the ego to lane change out of the route's lane.",
    "Map": "Map(name=Carla/Maps/Town04)",
    "Adversary Distance": 92,
    "Collision": true,
    "Weather": "HardRainNoon",
    "Collision Type": "Actor(id=2862, type=vehicle.ford.crown)",
    "Time to Collision": 12.386958837509155,
    "Speed at Collision": 8.56278732313865,
    "Intensity": 17136.182625458136
  },
  {
    "Scenario Name": "ParkedObstacle_953",
    "Scenario Description": "Scenario in which a parked vehicle is incorrectly parked, forcing the ego to lane change out of the route's lane.",
    "Map": "Map(name=Carla/Maps/Town04)",
    "Adversary Distance": 33,
    "Collision": true,
    "Weather": "ClearNoon",
    "Collision Type": "Actor(id=2868, type=vehicle.ford.crown)",
    "Time to Collision": 10.053962707519531,
    "Speed at Collision": 2.6016571774942356,
    "Intensity": 5218.681749208476
  },
  {
    "Scenario Name": "ParkedObstacle_954",
    "Scenario Description": "Scenario in which a parked vehicle is incorrectly parked, forcing the ego to lane change out of the route's lane.",
    "Map": "Map(name=Carla/Maps/Town04)",
    "Adversary Distance": 45,
    "Collision": true,
    "Weather": "HardRainNoon",
    "Collision Type": "Actor(id=2874, type=vehicle.ford.crown)",
    "Time to Collision": 4.471325635910034,
    "Speed at Collision": 14.233962391605026,
    "Intensity": 28304.83542244055
  },
  {
    "Scenario Name": "ParkedObstacle_955",
    "Scenario Description": "Scenario in which a parked vehicle is incorrectly parked, forcing the ego to lane change out of the route's lane.",
    "Map": "Map(name=Carla/Maps/Town04)",
    "Adversary Distance": 94,
    "Collision": true,
    "Weather": "ClearNight",
    "Collision Type": "Actor(id=2880, type=vehicle.ford.crown)",
    "Time to Collision": 7.011030912399292,
    "Speed at Collision": 16.837413632550923,
    "Intensity": 19621.312125568853
  },
  {
    "Scenario Name": "ParkedObstacle_956",
    "Scenario Description": "Scenario in which a parked vehicle is incorrectly parked, forcing the ego to lane change out of the route's lane.",
    "Map": "Map(name=Carla/Maps/Town04)",
    "Adversary Distance": 30,
    "Collision": true,
    "Weather": "ClearNoon",
    "Collision Type": "Actor(id=2886, type=vehicle.ford.crown)",
    "Time to Collision": 3.568230390548706,
    "Speed at Collision": 14.445262264021345,
    "Intensity": 28897.735982802427
  },
  {
    "Scenario Name": "ParkedObstacle_957",
    "Scenario Description": "Scenario in which a parked vehicle is incorrectly parked, forcing the ego to lane change out of the route's lane.",
    "Map": "Map(name=Carla/Maps/Town04)",
    "Adversary Distance": 107,
    "Collision": true,
    "Weather": "HardRainNoon",
    "Collision Type": "Actor(id=2892, type=vehicle.ford.crown)",
    "Time to Collision": 7.854923963546753,
    "Speed at Collision": 16.322543179425463,
    "Intensity": 32523.675359200177
  },
  {
    "Scenario Name": "ParkedObstacle_958",
    "Scenario Description": "Scenario in which a parked vehicle is incorrectly parked, forcing the ego to lane change out of the route's lane.",
    "Map": "Map(name=Carla/Maps/Town04)",
    "Adversary Distance": 119,
    "Collision": true,
    "Weather": "ClearNight",
    "Collision Type": "Actor(id=2898, type=vehicle.ford.crown)",
    "Time to Collision": 9.82869029045105,
    "Speed at Collision": 12.84826335964371,
    "Intensity": 24504.56232555267
  },
  {
    "Scenario Name": "ParkedObstacle_959",
    "Scenario Description": "Scenario in which a parked vehicle is incorrectly parked, forcing the ego to lane change out of the route's lane.",
    "Map": "Map(name=Carla/Maps/Town04)",
    "Adversary Distance": 73,
    "Collision": true,
    "Weather": "HardRainNight",
    "Collision Type": "Actor(id=2904, type=vehicle.ford.crown)",
    "Time to Collision": 6.35829496383667,
    "Speed at Collision": 13.919789316341637,
    "Intensity": 16399.316990259897
  },
  {
    "Scenario Name": "ParkedObstacle_960",
    "Scenario Description": "Scenario in which a parked vehicle is incorrectly parked, forcing the ego to lane change out of the route's lane.",
    "Map": "Map(name=Carla/Maps/Town04)",
    "Adversary Distance": 49,
    "Collision": true,
    "Weather": "HardRainNoon",
    "Collision Type": "Actor(id=2910, type=vehicle.ford.crown)",
    "Time to Collision": 10.66387128829956,
    "Speed at Collision": 3.8103389704000827,
    "Intensity": 7507.112697055606
  },
  {
    "Scenario Name": "ParkedObstacle_961",
    "Scenario Description": "Scenario in which a parked vehicle is incorrectly parked, forcing the ego to lane change out of the route's lane.",
    "Map": "Map(name=Carla/Maps/Town04)",
    "Adversary Distance": 87,
    "Collision": true,
    "Weather": "HardRainNight",
    "Collision Type": "Actor(id=2916, type=vehicle.ford.crown)",
    "Time to Collision": 10.764398097991943,
    "Speed at Collision": 7.772206885429676,
    "Intensity": 14712.1539458746
  },
  {
    "Scenario Name": "ParkedObstacle_962",
    "Scenario Description": "Scenario in which a parked vehicle is incorrectly parked, forcing the ego to lane change out of the route's lane.",
    "Map": "Map(name=Carla/Maps/Town04)",
    "Adversary Distance": 107,
    "Collision": true,
    "Weather": "ClearNoon",
    "Collision Type": "Actor(id=2922, type=vehicle.ford.crown)",
    "Time to Collision": 8.238739967346191,
    "Speed at Collision": 14.694503938298702,
    "Intensity": 16330.246436814605
  },
  {
    "Scenario Name": "ParkedObstacle_963",
    "Scenario Description": "Scenario in which a parked vehicle is incorrectly parked, forcing the ego to lane change out of the route's lane.",
    "Map": "Map(name=Carla/Maps/Town04)",
    "Adversary Distance": 43,
    "Collision": true,
    "Weather": "HardRainNight",
    "Collision Type": "Actor(id=2928, type=vehicle.ford.crown)",
    "Time to Collision": 7.215231895446777,
    "Speed at Collision": 4.530759425832512,
    "Intensity": 9128.682405947888
  },
  {
    "Scenario Name": "ParkedObstacle_964",
    "Scenario Description": "Scenario in which a parked vehicle is incorrectly parked, forcing the ego to lane change out of the route's lane.",
    "Map": "Map(name=Carla/Maps/Town04)",
    "Adversary Distance": 91,
    "Collision": true,
    "Weather": "ClearNight",
    "Collision Type": "Actor(id=2934, type=vehicle.ford.crown)",
    "Time to Collision": 6.580054044723511,
    "Speed at Collision": 19.806446961147536,
    "Intensity": 23149.398561756334
  },
  {
    "Scenario Name": "ParkedObstacle_965",
    "Scenario Description": "Scenario in which a parked vehicle is incorrectly parked, forcing the ego to lane change out of the route's lane.",
    "Map": "Map(name=Carla/Maps/Town04)",
    "Adversary Distance": 43,
    "Collision": true,
    "Weather": "HardRainNoon",
    "Collision Type": "Actor(id=2940, type=vehicle.ford.crown)",
    "Time to Collision": 4.29020619392395,
    "Speed at Collision": 16.863392759915214,
    "Intensity": 32196.6086646583
  },
  {
    "Scenario Name": "ParkedObstacle_966",
    "Scenario Description": "Scenario in which a parked vehicle is incorrectly parked, forcing the ego to lane change out of the route's lane.",
    "Map": "Map(name=Carla/Maps/Town04)",
    "Adversary Distance": 103,
    "Collision": true,
    "Weather": "ClearNight",
    "Collision Type": "Actor(id=2946, type=vehicle.ford.crown)",
    "Time to Collision": 9.349547624588013,
    "Speed at Collision": 11.525281411041659,
    "Intensity": 22503.02272758296
  },
  {
    "Scenario Name": "ParkedObstacle_967",
    "Scenario Description": "Scenario in which a parked vehicle is incorrectly parked, forcing the ego to lane change out of the route's lane.",
    "Map": "Map(name=Carla/Maps/Town04)",
    "Adversary Distance": 30,
    "Collision": true,
    "Weather": "HardRainNight",
    "Collision Type": "Actor(id=2952, type=vehicle.ford.crown)",
    "Time to Collision": 3.554182767868042,
    "Speed at Collision": 14.421008483160874,
    "Intensity": 17129.545579345402
  },
  {
    "Scenario Name": "ParkedObstacle_968",
    "Scenario Description": "Scenario in which a parked vehicle is incorrectly parked, forcing the ego to lane change out of the route's lane.",
    "Map": "Map(name=Carla/Maps/Town04)",
    "Adversary Distance": 53,
    "Collision": true,
    "Weather": "ClearNoon",
    "Collision Type": "Actor(id=2958, type=vehicle.ford.crown)",
    "Time to Collision": 6.872056484222412,
    "Speed at Collision": 7.4348906974947555,
    "Intensity": 14784.016225230003
  },
  {
    "Scenario Name": "ParkedObstacle_969",
    "Scenario Description": "Scenario in which a parked vehicle is incorrectly parked, forcing the ego to lane change out of the route's lane.",
    "Map": "Map(name=Carla/Maps/Town04)",
    "Adversary Distance": 49,
    "Collision": true,
    "Weather": "ClearNight",
    "Collision Type": "Actor(id=2964, type=vehicle.ford.crown)",
    "Time to Collision": 4.642412185668945,
    "Speed at Collision": 17.749176415834892,
    "Intensity": 35028.271474276145
  },
  {
    "Scenario Name": "ParkedObstacle_970",
    "Scenario Description": "Scenario in which a parked vehicle is incorrectly parked, forcing the ego to lane change out of the route's lane.",
    "Map": "Map(name=Carla/Maps/Town04)",
    "Adversary Distance": 71,
    "Collision": true,
    "Weather": "HardRainNight",
    "Collision Type": "Actor(id=2970, type=vehicle.ford.crown)",
    "Time to Collision": 5.647357940673828,
    "Speed at Collision": 20.578079298778448,
    "Intensity": 24043.428715359558
  },
  {
    "Scenario Name": "ParkedObstacle_971",
    "Scenario Description": "Scenario in which a parked vehicle is incorrectly parked, forcing the ego to lane change out of the route's lane.",
    "Map": "Map(name=Carla/Maps/Town04)",
    "Adversary Distance": 59,
    "Collision": true,
    "Weather": "HardRainNight",
    "Collision Type": "Actor(id=2976, type=vehicle.ford.crown)",
    "Time to Collision": 6.766192197799683,
    "Speed at Collision": 9.097416516662564,
    "Intensity": 17187.484230175996
  },
  {
    "Scenario Name": "ParkedObstacle_972",
    "Scenario Description": "Scenario in which a parked vehicle is incorrectly parked, forcing the ego to lane change out of the route's lane.",
    "Map": "Map(name=Carla/Maps/Town04)",
    "Adversary Distance": 98,
    "Collision": true,
    "Weather": "ClearNight",
    "Collision Type": "Actor(id=2982, type=vehicle.ford.crown)",
    "Time to Collision": 6.72655725479126,
    "Speed at Collision": 22.786390752164863,
    "Intensity": 25507.705318943455
  },
  {
    "Scenario Name": "ParkedObstacle_973",
    "Scenario Description": "Scenario in which a parked vehicle is incorrectly parked, forcing the ego to lane change out of the route's lane.",
    "Map": "Map(name=Carla/Maps/Town04)",
    "Adversary Distance": 50,
    "Collision": true,
    "Weather": "ClearNoon",
    "Collision Type": "Actor(id=2988, type=vehicle.ford.crown)",
    "Time to Collision": 4.734729766845703,
    "Speed at Collision": 16.337027339596812,
    "Intensity": 32631.912497188103
  },
  {
    "Scenario Name": "ParkedObstacle_974",
    "Scenario Description": "Scenario in which a parked vehicle is incorrectly parked, forcing the ego to lane change out of the route's lane.",
    "Map": "Map(name=Carla/Maps/Town04)",
    "Adversary Distance": 111,
    "Collision": true,
    "Weather": "ClearNoon",
    "Collision Type": "Actor(id=2994, type=vehicle.ford.crown)",
    "Time to Collision": 7.310558795928955,
    "Speed at Collision": 23.74195304061238,
    "Intensity": 27804.170670062253
  },
  {
    "Scenario Name": "ParkedObstacle_975",
    "Scenario Description": "Scenario in which a parked vehicle is incorrectly parked, forcing the ego to lane change out of the route's lane.",
    "Map": "Map(name=Carla/Maps/Town04)",
    "Adversary Distance": 56,
    "Collision": true,
    "Weather": "HardRainNoon",
    "Collision Type": "Actor(id=3000, type=vehicle.ford.crown)",
    "Time to Collision": 5.0237202644348145,
    "Speed at Collision": 16.30946102463026,
    "Intensity": 32368.132484675134
  },
  {
    "Scenario Name": "ParkedObstacle_976",
    "Scenario Description": "Scenario in which a parked vehicle is incorrectly parked, forcing the ego to lane change out of the route's lane.",
    "Map": "Map(name=Carla/Maps/Town04)",
    "Adversary Distance": 52,
    "Collision": true,
    "Weather": "ClearNoon",
    "Collision Type": "Actor(id=3006, type=vehicle.ford.crown)",
    "Time to Collision": 4.804467678070068,
    "Speed at Collision": 16.872065042682568,
    "Intensity": 33604.28329002647
  },
  {
    "Scenario Name": "ParkedObstacle_977",
    "Scenario Description": "Scenario in which a parked vehicle is incorrectly parked, forcing the ego to lane change out of the route's lane.",
    "Map": "Map(name=Carla/Maps/Town04)",
    "Adversary Distance": 84,
    "Collision": true,
    "Weather": "HardRainNoon",
    "Collision Type": "Actor(id=3012, type=vehicle.ford.crown)",
    "Time to Collision": 6.689429044723511,
    "Speed at Collision": 15.529295510850252,
    "Intensity": 30911.45129706967
  },
  {
    "Scenario Name": "ParkedObstacle_978",
    "Scenario Description": "Scenario in which a parked vehicle is incorrectly parked, forcing the ego to lane change out of the route's lane.",
    "Map": "Map(name=Carla/Maps/Town04)",
    "Adversary Distance": 93,
    "Collision": true,
    "Weather": "ClearNoon",
    "Collision Type": "Actor(id=3018, type=vehicle.ford.crown)",
    "Time to Collision": 6.601628541946411,
    "Speed at Collision": 22.47304197057526,
    "Intensity": 24956.272000247674
  },
  {
    "Scenario Name": "ParkedObstacle_979",
    "Scenario Description": "Scenario in which a parked vehicle is incorrectly parked, forcing the ego to lane change out of the route's lane.",
    "Map": "Map(name=Carla/Maps/Town04)",
    "Adversary Distance": 112,
    "Collision": true,
    "Weather": "HardRainNight",
    "Collision Type": "Actor(id=3024, type=vehicle.ford.crown)",
    "Time to Collision": 15.496618032455444,
    "Speed at Collision": 7.037638612276773,
    "Intensity": 13248.60769711088
  },
  {
    "Scenario Name": "ParkedObstacle_980",
    "Scenario Description": "Scenario in which a parked vehicle is incorrectly parked, forcing the ego to lane change out of the route's lane.",
    "Map": "Map(name=Carla/Maps/Town04)",
    "Adversary Distance": 53,
    "Collision": true,
    "Weather": "HardRainNight",
    "Collision Type": "Actor(id=3030, type=vehicle.ford.crown)",
    "Time to Collision": 4.806976318359375,
    "Speed at Collision": 18.457889068972737,
    "Intensity": 36760.30457259884
  },
  {
    "Scenario Name": "ParkedObstacle_981",
    "Scenario Description": "Scenario in which a parked vehicle is incorrectly parked, forcing the ego to lane change out of the route's lane.",
    "Map": "Map(name=Carla/Maps/Town04)",
    "Adversary Distance": 116,
    "Collision": true,
    "Weather": "ClearNoon",
    "Collision Type": "Actor(id=3036, type=vehicle.ford.crown)",
    "Time to Collision": 11.914839267730713,
    "Speed at Collision": 9.64781672657355,
    "Intensity": 19194.151171185767
  },
  {
    "Scenario Name": "ParkedObstacle_982",
    "Scenario Description": "Scenario in which a parked vehicle is incorrectly parked, forcing the ego to lane change out of the route's lane.",
    "Map": "Map(name=Carla/Maps/Town04)",
    "Adversary Distance": 55,
    "Collision": true,
    "Weather": "HardRainNight",
    "Collision Type": "Actor(id=3042, type=vehicle.ford.crown)",
    "Time to Collision": 4.921370029449463,
    "Speed at Collision": 18.629999515094404,
    "Intensity": 37311.11584335661
  },
  {
    "Scenario Name": "ParkedObstacle_983",
    "Scenario Description": "Scenario in which a parked vehicle is incorrectly parked, forcing the ego to lane change out of the route's lane.",
    "Map": "Map(name=Carla/Maps/Town04)",
    "Adversary Distance": 56,
    "Collision": true,
    "Weather": "ClearNight",
    "Collision Type": "Actor(id=3048, type=vehicle.ford.crown)",
    "Time to Collision": 6.1034204959869385,
    "Speed at Collision": 10.291425241314892,
    "Intensity": 20314.938982309464
  },
  {
    "Scenario Name": "ParkedObstacle_984",
    "Scenario Description": "Scenario in which a parked vehicle is incorrectly parked, forcing the ego to lane change out of the route's lane.",
    "Map": "Map(name=Carla/Maps/Town04)",
    "Adversary Distance": 107,
    "Collision": true,
    "Weather": "HardRainNoon",
    "Collision Type": "Actor(id=3054, type=vehicle.ford.crown)",
    "Time to Collision": 14.766113758087158,
    "Speed at Collision": 8.235689009570347,
    "Intensity": 9939.842081209807
  },
  {
    "Scenario Name": "ParkedObstacle_985",
    "Scenario Description": "Scenario in which a parked vehicle is incorrectly parked, forcing the ego to lane change out of the route's lane.",
    "Map": "Map(name=Carla/Maps/Town04)",
    "Adversary Distance": 117,
    "Collision": true,
    "Weather": "ClearNight",
    "Collision Type": "Actor(id=3060, type=vehicle.ford.crown)",
    "Time to Collision": 17.511524438858032,
    "Speed at Collision": 6.138162085458055,
    "Intensity": 11654.585200049189
  },
  {
    "Scenario Name": "ParkedObstacle_986",
    "Scenario Description": "Scenario in which a parked vehicle is incorrectly parked, forcing the ego to lane change out of the route's lane.",
    "Map": "Map(name=Carla/Maps/Town04)",
    "Adversary Distance": 75,
    "Collision": true,
    "Weather": "HardRainNight",
    "Collision Type": "Actor(id=3066, type=vehicle.ford.crown)",
    "Time to Collision": 5.776800632476807,
    "Speed at Collision": 20.973791763046357,
    "Intensity": 24625.04646905798
  },
  {
    "Scenario Name": "ParkedObstacle_987",
    "Scenario Description": "Scenario in which a parked vehicle is incorrectly parked, forcing the ego to lane change out of the route's lane.",
    "Map": "Map(name=Carla/Maps/Town04)",
    "Adversary Distance": 40,
    "Collision": true,
    "Weather": "HardRainNoon",
    "Collision Type": "Actor(id=3072, type=vehicle.ford.crown)",
    "Time to Collision": 8.719388484954834,
    "Speed at Collision": 4.426735499117292,
    "Intensity": 8723.649603207901
  },
  {
    "Scenario Name": "ParkedObstacle_988",
    "Scenario Description": "Scenario in which a parked vehicle is incorrectly parked, forcing the ego to lane change out of the route's lane.",
    "Map": "Map(name=Carla/Maps/Town04)",
    "Adversary Distance": 46,
    "Collision": true,
    "Weather": "HardRainNoon",
    "Collision Type": "Actor(id=3078, type=vehicle.ford.crown)",
    "Time to Collision": 4.525010108947754,
    "Speed at Collision": 15.525816117534601,
    "Intensity": 31296.1834773937
  },
  {
    "Scenario Name": "ParkedObstacle_989",
    "Scenario Description": "Scenario in which a parked vehicle is incorrectly parked, forcing the ego to lane change out of the route's lane.",
    "Map": "Map(name=Carla/Maps/Town04)",
    "Adversary Distance": 101,
    "Collision": true,
    "Weather": "ClearNight",
    "Collision Type": "Actor(id=3084, type=vehicle.ford.crown)",
    "Time to Collision": 6.925739765167236,
    "Speed at Collision": 22.970654005965216,
    "Intensity": 25581.467835724132
  },
  {
    "Scenario Name": "ParkedObstacle_990",
    "Scenario Description": "Scenario in which a parked vehicle is incorrectly parked, forcing the ego to lane change out of the route's lane.",
    "Map": "Map(name=Carla/Maps/Town04)",
    "Adversary Distance": 35,
    "Collision": true,
    "Weather": "HardRainNoon",
    "Collision Type": "Actor(id=3090, type=vehicle.ford.crown)",
    "Time to Collision": 3.8471872806549072,
    "Speed at Collision": 15.372851380144267,
    "Intensity": 30589.173601628314
  },
  {
    "Scenario Name": "ParkedObstacle_991",
    "Scenario Description": "Scenario in which a parked vehicle is incorrectly parked, forcing the ego to lane change out of the route's lane.",
    "Map": "Map(name=Carla/Maps/Town04)",
    "Adversary Distance": 109,
    "Collision": true,
    "Weather": "HardRainNoon",
    "Collision Type": "Actor(id=3096, type=vehicle.ford.crown)",
    "Time to Collision": 7.692869186401367,
    "Speed at Collision": 17.374840904606103,
    "Intensity": 19174.247231854613
  },
  {
    "Scenario Name": "ParkedObstacle_992",
    "Scenario Description": "Scenario in which a parked vehicle is incorrectly parked, forcing the ego to lane change out of the route's lane.",
    "Map": "Map(name=Carla/Maps/Town04)",
    "Adversary Distance": 103,
    "Collision": true,
    "Weather": "HardRainNoon",
    "Collision Type": "Actor(id=3102, type=vehicle.ford.crown)",
    "Time to Collision": 10.053459882736206,
    "Speed at Collision": 10.406902360346539,
    "Intensity": 19813.386141248717
  },
  {
    "Scenario Name": "ParkedObstacle_993",
    "Scenario Description": "Scenario in which a parked vehicle is incorrectly parked, forcing the ego to lane change out of the route's lane.",
    "Map": "Map(name=Carla/Maps/Town04)",
    "Adversary Distance": 97,
    "Collision": true,
    "Weather": "HardRainNight",
    "Collision Type": "Actor(id=3108, type=vehicle.ford.crown)",
    "Time to Collision": 9.46293568611145,
    "Speed at Collision": 10.105874949688475,
    "Intensity": 11740.087661860956
  },
  {
    "Scenario Name": "ParkedObstacle_994",
    "Scenario Description": "Scenario in which a parked vehicle is incorrectly parked, forcing the ego to lane change out of the route's lane.",
    "Map": "Map(name=Carla/Maps/Town04)",
    "Adversary Distance": 71,
    "Collision": true,
    "Weather": "HardRainNight",
    "Collision Type": "Actor(id=3114, type=vehicle.ford.crown)",
    "Time to Collision": 12.340800762176514,
    "Speed at Collision": 5.660062853950029,
    "Intensity": 11253.581658893292
  },
  {
    "Scenario Name": "ParkedObstacle_995",
    "Scenario Description": "Scenario in which a parked vehicle is incorrectly parked, forcing the ego to lane change out of the route's lane.",
    "Map": "Map(name=Carla/Maps/Town04)",
    "Adversary Distance": 101,
    "Collision": true,
    "Weather": "HardRainNoon",
    "Collision Type": "Actor(id=3120, type=vehicle.ford.crown)",
    "Time to Collision": 12.371907234191895,
    "Speed at Collision": 7.772472845735808,
    "Intensity": 14767.882252418485
  },
  {
    "Scenario Name": "ParkedObstacle_998",
    "Scenario Description": "Scenario in which a parked vehicle is incorrectly parked, forcing the ego to lane change out of the route's lane.",
    "Map": "Map(name=Carla/Maps/Town04)",
    "Adversary Distance": 63,
    "Collision": true,
    "Weather": "HardRainNight",
    "Collision Type": "Actor(id=3138, type=vehicle.ford.crown)",
    "Time to Collision": 7.514256477355957,
    "Speed at Collision": 9.000736539712864,
    "Intensity": 18011.815157332767
  },
  {
    "Scenario Name": "ParkedObstacle_999",
    "Scenario Description": "Scenario in which a parked vehicle is incorrectly parked, forcing the ego to lane change out of the route's lane.",
    "Map": "Map(name=Carla/Maps/Town04)",
    "Adversary Distance": 57,
    "Collision": true,
    "Weather": "HardRainNight",
    "Collision Type": "Actor(id=3144, type=vehicle.ford.crown)",
    "Time to Collision": 5.034757375717163,
    "Speed at Collision": 19.01920111801472,
    "Intensity": 22496.821164710746
  }
]