[
  {
    "Scenario Name": "ParkedObstacle_800",
    "Scenario Description": "Scenario in which a parked vehicle is incorrectly parked, forcing the ego to lane change out of the route's lane.",
    "Map": "Map(name=Carla/Maps/Town04)",
    "Adversary Distance": 43,
    "Collision": true,
    "Weather": "ClearNight",
    "Collision Type": "Actor(id=1950, type=vehicle.ford.crown)",
    "Time to Collision": 4.260512113571167,
    "Speed at Collision": 16.915176628447245,
    "Intensity": 33891.97267477435
  },
  {
    "Scenario Name": "ParkedObstacle_801",
    "Scenario Description": "Scenario in which a parked vehicle is incorrectly parked, forcing the ego to lane change out of the route's lane.",
    "Map": "Map(name=Carla/Maps/Town04)",
    "Adversary Distance": 96,
    "Collision": true,
    "Weather": "ClearNoon",
    "Collision Type": "Actor(id=1956, type=vehicle.ford.crown)",
    "Time to Collision": 10.967594861984253,
    "Speed at Collision": 8.551225765762663,
    "Intensity": 17053.32281946463
  },
  {
    "Scenario Name": "ParkedObstacle_802",
    "Scenario Description": "Scenario in which a parked vehicle is incorrectly parked, forcing the ego to lane change out of the route's lane.",
    "Map": "Map(name=Carla/Maps/Town04)",
    "Adversary Distance": 31,
    "Collision": true,
    "Weather": "ClearNight",
    "Collision Type": "Actor(id=1962, type=vehicle.ford.crown)",
    "Time to Collision": 3.606361150741577,
    "Speed at Collision": 14.751091764606151,
    "Intensity": 28232.915349577466
  },
  {
    "Scenario Name": "ParkedObstacle_803",
    "Scenario Description": "Scenario in which a parked vehicle is incorrectly parked, forcing the ego to lane change out of the route's lane.",
    "Map": "Map(name=Carla/Maps/Town04)",
    "Adversary Distance": 56,
    "Collision": true,
    "Weather": "HardRainNight",
    "Collision Type": "Actor(id=1968, type=vehicle.ford.crown)",
    "Time to Collision": 13.117964506149292,
    "Speed at Collision": 4.148374022861448,
    "Intensity": 8859.331859885433
  },
  {
    "Scenario Name": "ParkedObstacle_804",
    "Scenario Description": "Scenario in which a parked vehicle is incorrectly parked, forcing the ego to lane change out of the route's lane.",
    "Map": "Map(name=Carla/Maps/Town04)",
    "Adversary Distance": 74,
    "Collision": true,
    "Weather": "HardRainNight",
    "Collision Type": "Actor(id=1974, type=vehicle.ford.crown)",
    "Time to Collision": 12.04629111289978,
    "Speed at Collision": 6.131608889655446,
    "Intensity": 11945.460577099839
  },
  {
    "Scenario Name": "ParkedObstacle_805",
    "Scenario Description": "Scenario in which a parked vehicle is incorrectly parked, forcing the ego to lane change out of the route's lane.",
    "Map": "Map(name=Carla/Maps/Town04)",
    "Adversary Distance": 75,
    "Collision": true,
    "Weather": "HardRainNoon",
    "Collision Type": "Actor(id=1980, type=vehicle.ford.crown)",
    "Time to Collision": 5.803326606750488,
    "Speed at Collision": 20.94031062925115,
    "Intensity": 24453.483629307862
  },
  {
    "Scenario Name": "ParkedObstacle_808",
    "Scenario Description": "Scenario in which a parked vehicle is incorrectly parked, forcing the ego to lane change out of the route's lane.",
    "Map": "Map(name=Carla/Maps/Town04)",
    "Adversary Distance": 32,
    "Collision": true,
    "Weather": "ClearNoon",
    "Collision Type": "Actor(id=1998, type=vehicle.ford.crown)",
    "Time to Collision": 3.6715853214263916,
    "Speed at Collision": 14.790194804419915,
    "Intensity": 17227.403769600405
  },
  {
    "Scenario Name": "ParkedObstacle_809",
    "Scenario Description": "Scenario in which a parked vehicle is incorrectly parked, forcing the ego to lane change out of the route's lane.",
    "Map": "Map(name=Carla/Maps/Town04)",
    "Adversary Distance": 92,
    "Collision": true,
    "Weather": "ClearNight",
    "Collision Type": "Actor(id=2004, type=vehicle.ford.crown)",
    "Time to Collision": 6.998488903045654,
    "Speed at Collision": 16.32483449774749,
    "Intensity": 32519.98979915055
  },
  {
    "Scenario Name": "ParkedObstacle_810",
    "Scenario Description": "Scenario in which a parked vehicle is incorrectly parked, forcing the ego to lane change out of the route's lane.",
    "Map": "Map(name=Carla/Maps/Town04)",
    "Adversary Distance": 52,
    "Collision": true,
    "Weather": "ClearNoon",
    "Collision Type": "Actor(id=2010, type=vehicle.ford.crown)",
    "Time to Collision": 4.715162754058838,
    "Speed at Collision": 18.218656102030184,
    "Intensity": 35869.53658858683
  },
  {
    "Scenario Name": "ParkedObstacle_811",
    "Scenario Description": "Scenario in which a parked vehicle is incorrectly parked, forcing the ego to lane change out of the route's lane.",
    "Map": "Map(name=Carla/Maps/Town04)",
    "Adversary Distance": 111,
    "Collision": true,
    "Weather": "ClearNoon",
    "Collision Type": "Actor(id=2016, type=vehicle.ford.crown)",
    "Time to Collision": 7.278949975967407,
    "Speed at Collision": 23.629152515851846,
    "Intensity": 24549.28742285285
  },
  {
    "Scenario Name": "ParkedObstacle_812",
    "Scenario Description": "Scenario in which a parked vehicle is incorrectly parked, forcing the ego to lane change out of the route's lane.",
    "Map": "Map(name=Carla/Maps/Town04)",
    "Adversary Distance": 40,
    "Collision": true,
    "Weather": "HardRainNight",
    "Collision Type": "Actor(id=2022, type=vehicle.ford.crown)",
    "Time to Collision": 4.17430853843689,
    "Speed at Collision": 16.18517116988109,
    "Intensity": 32993.5235436015
  },
  {
    "Scenario Name": "ParkedObstacle_813",
    "Scenario Description": "Scenario in which a parked vehicle is incorrectly parked, forcing the ego to lane change out of the route's lane.",
    "Map": "Map(name=Carla/Maps/Town04)",
    "Adversary Distance": 46,
    "Collision": true,
    "Weather": "ClearNoon",
    "Collision Type": "Actor(id=2028, type=vehicle.ford.crown)",
    "Time to Collision": 4.477346658706665,
    "Speed at Collision": 17.269667505083852,
    "Intensity": 34906.82345153045
  },
  {
    "Scenario Name": "ParkedObstacle_814",
    "Scenario Description": "Scenario in which a parked vehicle is incorrectly parked, forcing the ego to lane change out of the route's lane.",
    "Map": "Map(name=Carla/Maps/Town04)",
    "Adversary Distance": 112,
    "Collision": true,
    "Weather": "HardRainNoon",
    "Collision Type": "Actor(id=2034, type=vehicle.ford.crown)",
    "Time to Collision": 7.330626726150513,
    "Speed at Collision": 23.76637123742258,
    "Intensity": 24927.85591291526
  },
  {
    "Scenario Name": "ParkedObstacle_815",
    "Scenario Description": "Scenario in which a parked vehicle is incorrectly parked, forcing the ego to lane change out of the route's lane.",
    "Map": "Map(name=Carla/Maps/Town04)",
    "Adversary Distance": 76,
    "Collision": true,
    "Weather": "ClearNight",
    "Collision Type": "Actor(id=2040, type=vehicle.ford.crown)",
    "Time to Collision": 5.8314878940582275,
    "Speed at Collision": 21.025775113106672,
    "Intensity": 23217.773754774127
  },
  {
    "Scenario Name": "ParkedObstacle_816",
    "Scenario Description": "Scenario in which a parked vehicle is incorrectly parked, forcing the ego to lane change out of the route's lane.",
    "Map": "Map(name=Carla/Maps/Town04)",
    "Adversary Distance": 74,
    "Collision": true,
    "Weather": "HardRainNight",
    "Collision Type": "Actor(id=2046, type=vehicle.ford.crown)",
    "Time to Collision": 14.934190511703491,
    "Speed at Collision": 4.26789164319717,
    "Intensity": 8740.046182999951
  },
  {
    "Scenario Name": "ParkedObstacle_817",
    "Scenario Description": "Scenario in which a parked vehicle is incorrectly parked, forcing the ego to lane change out of the route's lane.",
    "Map": "Map(name=Carla/Maps/Town04)",
    "Adversary Distance": 120,
    "Collision": true,
    "Weather": "HardRainNight",
    "Collision Type": "Actor(id=2052, type=vehicle.ford.crown)",
    "Time to Collision": 18.93791365623474,
    "Speed at Collision": 5.6466384835306584,
    "Intensity": 10562.970223988155
  },
  {
    "Scenario Name": "ParkedObstacle_818",
    "Scenario Description": "Scenario in which a parked vehicle is incorrectly parked, forcing the ego to lane change out of the route's lane.",
    "Map": "Map(name=Carla/Maps/Town04)",
    "Adversary Distance": 96,
    "Collision": true,
    "Weather": "ClearNight",
    "Collision Type": "Actor(id=2058, type=vehicle.ford.crown)",
    "Time to Collision": 6.69695520401001,
    "Speed at Collision": 22.660307777318337,
    "Intensity": 25008.16733908052
  },
  {
    "Scenario Name": "ParkedObstacle_819",
    "Scenario Description": "Scenario in which a parked vehicle is incorrectly parked, forcing the ego to lane change out of the route's lane.",
    "Map": "Map(name=Carla/Maps/Town04)",
    "Adversary Distance": 47,
    "Collision": true,
    "Weather": "ClearNoon",
    "Collision Type": "Actor(id=2064, type=vehicle.ford.crown)",
    "Time to Collision": 4.5676589012146,
    "Speed at Collision": 17.451894622745314,
    "Intensity": 34911.89153302285
  },
  {
    "Scenario Name": "ParkedObstacle_820",
    "Scenario Description": "Scenario in which a parked vehicle is incorrectly parked, forcing the ego to lane change out of the route's lane.",
    "Map": "Map(name=Carla/Maps/Town04)",
    "Adversary Distance": 37,
    "Collision": true,
    "Weather": "ClearNight",
    "Collision Type": "Actor(id=2070, type=vehicle.ford.crown)",
    "Time to Collision": 12.432546854019165,
    "Speed at Collision": 2.3569604604376786,
    "Intensity": 4452.010473960397
  },
  {
    "Scenario Name": "ParkedObstacle_821",
    "Scenario Description": "Scenario in which a parked vehicle is incorrectly parked, forcing the ego to lane change out of the route's lane.",
    "Map": "Map(name=Carla/Maps/Town04)",
    "Adversary Distance": 56,
    "Collision": true,
    "Weather": "ClearNoon",
    "Collision Type": "Actor(id=2076, type=vehicle.ford.crown)",
    "Time to Collision": 4.982579469680786,
    "Speed at Collision": 18.84747976926959,
    "Intensity": 37497.6722707629
  },
  {
    "Scenario Name": "ParkedObstacle_822",
    "Scenario Description": "Scenario in which a parked vehicle is incorrectly parked, forcing the ego to lane change out of the route's lane.",
    "Map": "Map(name=Carla/Maps/Town04)",
    "Adversary Distance": 119,
    "Collision": true,
    "Weather": "HardRainNoon",
    "Collision Type": "Actor(id=2082, type=vehicle.ford.crown)",
    "Time to Collision": 7.559410333633423,
    "Speed at Collision": 24.316675409455108,
    "Intensity": 25337.515960724293
  },
  {
    "Scenario Name": "ParkedObstacle_823",
    "Scenario Description": "Scenario in which a parked vehicle is incorrectly parked, forcing the ego to lane change out of the route's lane.",
    "Map": "Map(name=Carla/Maps/Town04)",
    "Adversary Distance": 39,
    "Collision": true,
    "Weather": "HardRainNight",
    "Collision Type": "Actor(id=2088, type=vehicle.ford.crown)",
    "Time to Collision": 4.097042798995972,
    "Speed at Collision": 16.091698723069154,
    "Intensity": 32813.77105474758
  },
  {
    "Scenario Name": "ParkedObstacle_824",
    "Scenario Description": "Scenario in which a parked vehicle is incorrectly parked, forcing the ego to lane change out of the route's lane.",
    "Map": "Map(name=Carla/Maps/Town04)",
    "Adversary Distance": 36,
    "Collision": true,
    "Weather": "ClearNoon",
    "Collision Type": "Actor(id=2094, type=vehicle.ford.crown)",
    "Time to Collision": 4.079482793807983,
    "Speed at Collision": 12.222262105018554,
    "Intensity": 23869.38479360791
  },
  {
    "Scenario Name": "ParkedObstacle_825",
    "Scenario Description": "Scenario in which a parked vehicle is incorrectly parked, forcing the ego to lane change out of the route's lane.",
    "Map": "Map(name=Carla/Maps/Town04)",
    "Adversary Distance": 65,
    "Collision": true,
    "Weather": "HardRainNight",
    "Collision Type": "Actor(id=2100, type=vehicle.ford.crown)",
    "Time to Collision": 12.998372316360474,
    "Speed at Collision": 3.966922329490441,
    "Intensity": 7809.422371803226
  },
  {
    "Scenario Name": "ParkedObstacle_826",
    "Scenario Description": "Scenario in which a parked vehicle is incorrectly parked, forcing the ego to lane change out of the route's lane.",
    "Map": "Map(name=Carla/Maps/Town04)",
    "Adversary Distance": 115,
    "Collision": true,
    "Weather": "ClearNoon",
    "Collision Type": "Actor(id=2106, type=vehicle.ford.crown)",
    "Time to Collision": 8.534253120422363,
    "Speed at Collision": 15.265230429323188,
    "Intensity": 30526.745616684333
  },
  {
    "Scenario Name": "ParkedObstacle_827",
    "Scenario Description": "Scenario in which a parked vehicle is incorrectly parked, forcing the ego to lane change out of the route's lane.",
    "Map": "Map(name=Carla/Maps/Town04)",
    "Adversary Distance": 88,
    "Collision": true,
    "Weather": "HardRainNight",
    "Collision Type": "Actor(id=2112, type=vehicle.ford.crown)",
    "Time to Collision": 9.096681118011475,
    "Speed at Collision": 10.38615769530987,
    "Intensity": 20493.546533512876
  },
  {
    "Scenario Name": "ParkedObstacle_828",
    "Scenario Description": "Scenario in which a parked vehicle is incorrectly parked, forcing the ego to lane change out of the route's lane.",
    "Map": "Map(name=Carla/Maps/Town04)",
    "Adversary Distance": 77,
    "Collision": true,
    "Weather": "ClearNight",
    "Collision Type": "Actor(id=2118, type=vehicle.ford.crown)",
    "Time to Collision": 10.380581378936768,
    "Speed at Collision": 7.216483891144574,
    "Intensity": 13397.559005252302
  },
  {
    "Scenario Name": "ParkedObstacle_829",
    "Scenario Description": "Scenario in which a parked vehicle is incorrectly parked, forcing the ego to lane change out of the route's lane.",
    "Map": "Map(name=Carla/Maps/Town04)",
    "Adversary Distance": 35,
    "Collision": true,
    "Weather": "HardRainNight",
    "Collision Type": "Actor(id=2124, type=vehicle.ford.crown)",
    "Time to Collision": 5.230428695678711,
    "Speed at Collision": 8.270258379238362,
    "Intensity": 17099.870669020554
  },
  {
    "Scenario Name": "ParkedObstacle_830",
    "Scenario Description": "Scenario in which a parked vehicle is incorrectly parked, forcing the ego to lane change out of the route's lane.",
    "Map": "Map(name=Carla/Maps/Town04)",
    "Adversary Distance": 70,
    "Collision": true,
    "Weather": "HardRainNight",
    "Collision Type": "Actor(id=2130, type=vehicle.ford.crown)",
    "Time to Collision": 5.656845808029175,
    "Speed at Collision": 18.934352955036783,
    "Intensity": 22254.980374035178
  },
  {
    "Scenario Name": "ParkedObstacle_831",
    "Scenario Description": "Scenario in which a parked vehicle is incorrectly parked, forcing the ego to lane change out of the route's lane.",
    "Map": "Map(name=Carla/Maps/Town04)",
    "Adversary Distance": 99,
    "Collision": true,
    "Weather": "HardRainNoon",
    "Collision Type": "Actor(id=2136, type=vehicle.ford.crown)",
    "Time to Collision": 7.061203956604004,
    "Speed at Collision": 18.17935144784681,
    "Intensity": 20096.789771388067
  },
  {
    "Scenario Name": "ParkedObstacle_832",
    "Scenario Description": "Scenario in which a parked vehicle is incorrectly parked, forcing the ego to lane change out of the route's lane.",
    "Map": "Map(name=Carla/Maps/Town04)",
    "Adversary Distance": 73,
    "Collision": true,
    "Weather": "HardRainNoon",
    "Collision Type": "Actor(id=2142, type=vehicle.ford.crown)",
    "Time to Collision": 8.96623420715332,
    "Speed at Collision": 7.705545123983277,
    "Intensity": 15270.734358677111
  },
  {
    "Scenario Name": "ParkedObstacle_833",
    "Scenario Description": "Scenario in which a parked vehicle is incorrectly parked, forcing the ego to lane change out of the route's lane.",
    "Map": "Map(name=Carla/Maps/Town04)",
    "Adversary Distance": 113,
    "Collision": true,
    "Weather": "ClearNoon",
    "Collision Type": "Actor(id=2148, type=vehicle.ford.crown)",
    "Time to Collision": 8.017481088638306,
    "Speed at Collision": 17.10679665432178,
    "Intensity": 20065.53571102643
  },
  {
    "Scenario Name": "ParkedObstacle_834",
    "Scenario Description": "Scenario in which a parked vehicle is incorrectly parked, forcing the ego to lane change out of the route's lane.",
    "Map": "Map(name=Carla/Maps/Town04)",
    "Adversary Distance": 98,
    "Collision": true,
    "Weather": "ClearNoon",
    "Collision Type": "Actor(id=2154, type=vehicle.ford.crown)",
    "Time to Collision": 6.793787002563477,
    "Speed at Collision": 22.750706219097076,
    "Intensity": 23740.459605248674
  },
  {
    "Scenario Name": "ParkedObstacle_835",
    "Scenario Description": "Scenario in which a parked vehicle is incorrectly parked, forcing the ego to lane change out of the route's lane.",
    "Map": "Map(name=Carla/Maps/Town04)",
    "Adversary Distance": 76,
    "Collision": true,
    "Weather": "ClearNight",
    "Collision Type": "Actor(id=2160, type=vehicle.ford.crown)",
    "Time to Collision": 11.514538764953613,
    "Speed at Collision": 6.379092514632864,
    "Intensity": 12552.633056291974
  },
  {
    "Scenario Name": "ParkedObstacle_836",
    "Scenario Description": "Scenario in which a parked vehicle is incorrectly parked, forcing the ego to lane change out of the route's lane.",
    "Map": "Map(name=Carla/Maps/Town04)",
    "Adversary Distance": 41,
    "Collision": true,
    "Weather": "HardRainNoon",
    "Collision Type": "Actor(id=2166, type=vehicle.ford.crown)",
    "Time to Collision": 4.441725015640259,
    "Speed at Collision": 12.049042588387188,
    "Intensity": 23236.949731924906
  },
  {
    "Scenario Name": "ParkedObstacle_837",
    "Scenario Description": "Scenario in which a parked vehicle is incorrectly parked, forcing the ego to lane change out of the route's lane.",
    "Map": "Map(name=Carla/Maps/Town04)",
    "Adversary Distance": 80,
    "Collision": true,
    "Weather": "ClearNight",
    "Collision Type": "Actor(id=2172, type=vehicle.ford.crown)",
    "Time to Collision": 6.024148464202881,
    "Speed at Collision": 20.092732307910293,
    "Intensity": 22225.69411791929
  },
  {
    "Scenario Name": "ParkedObstacle_838",
    "Scenario Description": "Scenario in which a parked vehicle is incorrectly parked, forcing the ego to lane change out of the route's lane.",
    "Map": "Map(name=Carla/Maps/Town04)",
    "Adversary Distance": 106,
    "Collision": true,
    "Weather": "ClearNight",
    "Collision Type": "Actor(id=2178, type=vehicle.ford.crown)",
    "Time to Collision": 7.664771795272827,
    "Speed at Collision": 16.83707424538511,
    "Intensity": 32620.483965081738
  },
  {
    "Scenario Name": "ParkedObstacle_840",
    "Scenario Description": "Scenario in which a parked vehicle is incorrectly parked, forcing the ego to lane change out of the route's lane.",
    "Map": "Map(name=Carla/Maps/Town04)",
    "Adversary Distance": 80,
    "Collision": true,
    "Weather": "ClearNight",
    "Collision Type": "Actor(id=2190, type=vehicle.ford.crown)",
    "Time to Collision": 12.557041645050049,
    "Speed at Collision": 5.839646850256296,
    "Intensity": 11426.270262683698
  },
  {
    "Scenario Name": "ParkedObstacle_841",
    "Scenario Description": "Scenario in which a parked vehicle is incorrectly parked, forcing the ego to lane change out of the route's lane.",
    "Map": "Map(name=Carla/Maps/Town04)",
    "Adversary Distance": 115,
    "Collision": true,
    "Weather": "HardRainNight",
    "Collision Type": "Actor(id=2196, type=vehicle.ford.crown)",
    "Time to Collision": 8.459496974945068,
    "Speed at Collision": 15.528742905955866,
    "Intensity": 30777.296045003077
  },
  {
    "Scenario Name": "ParkedObstacle_842",
    "Scenario Description": "Scenario in which a parked vehicle is incorrectly parked, forcing the ego to lane change out of the route's lane.",
    "Map": "Map(name=Carla/Maps/Town04)",
    "Adversary Distance": 36,
    "Collision": true,
    "Weather": "ClearNight",
    "Collision Type": "Actor(id=2202, type=vehicle.ford.crown)",
    "Time to Collision": 3.9033796787261963,
    "Speed at Collision": 15.55581984647855,
    "Intensity": 18403.175647674474
  },
  {
    "Scenario Name": "ParkedObstacle_843",
    "Scenario Description": "Scenario in which a parked vehicle is incorrectly parked, forcing the ego to lane change out of the route's lane.",
    "Map": "Map(name=Carla/Maps/Town04)",
    "Adversary Distance": 48,
    "Collision": true,
    "Weather": "HardRainNight",
    "Collision Type": "Actor(id=2208, type=vehicle.ford.crown)",
    "Time to Collision": 4.581704616546631,
    "Speed at Collision": 17.690065646565664,
    "Intensity": 35262.91094080959
  },
  {
    "Scenario Name": "ParkedObstacle_844",
    "Scenario Description": "Scenario in which a parked vehicle is incorrectly parked, forcing the ego to lane change out of the route's lane.",
    "Map": "Map(name=Carla/Maps/Town04)",
    "Adversary Distance": 117,
    "Collision": true,
    "Weather": "ClearNight",
    "Collision Type": "Actor(id=2214, type=vehicle.ford.crown)",
    "Time to Collision": 7.523789644241333,
    "Speed at Collision": 23.368624805923602,
    "Intensity": 24915.638999742867
  },
  {
    "Scenario Name": "ParkedObstacle_845",
    "Scenario Description": "Scenario in which a parked vehicle is incorrectly parked, forcing the ego to lane change out of the route's lane.",
    "Map": "Map(name=Carla/Maps/Town04)",
    "Adversary Distance": 101,
    "Collision": true,
    "Weather": "HardRainNoon",
    "Collision Type": "Actor(id=2220, type=vehicle.ford.crown)",
    "Time to Collision": 6.880584716796875,
    "Speed at Collision": 23.040646792257714,
    "Intensity": 26943.28491724819
  },
  {
    "Scenario Name": "ParkedObstacle_846",
    "Scenario Description": "Scenario in which a parked vehicle is incorrectly parked, forcing the ego to lane change out of the route's lane.",
    "Map": "Map(name=Carla/Maps/Town04)",
    "Adversary Distance": 117,
    "Collision": true,
    "Weather": "ClearNight",
    "Collision Type": "Actor(id=2226, type=vehicle.ford.crown)",
    "Time to Collision": 7.478634357452393,
    "Speed at Collision": 24.258125011896887,
    "Intensity": 22893.35335056734
  },
  {
    "Scenario Name": "ParkedObstacle_847",
    "Scenario Description": "Scenario in which a parked vehicle is incorrectly parked, forcing the ego to lane change out of the route's lane.",
    "Map": "Map(name=Carla/Maps/Town04)",
    "Adversary Distance": 112,
    "Collision": true,
    "Weather": "ClearNoon",
    "Collision Type": "Actor(id=2232, type=vehicle.ford.crown)",
    "Time to Collision": 11.303746223449707,
    "Speed at Collision": 9.512426972385489,
    "Intensity": 19030.99611530087
  },
  {
    "Scenario Name": "ParkedObstacle_848",
    "Scenario Description": "Scenario in which a parked vehicle is incorrectly parked, forcing the ego to lane change out of the route's lane.",
    "Map": "Map(name=Carla/Maps/Town04)",
    "Adversary Distance": 102,
    "Collision": true,
    "Weather": "HardRainNoon",
    "Collision Type": "Actor(id=2238, type=vehicle.ford.crown)",
    "Time to Collision": 7.104853630065918,
    "Speed at Collision": 20.379241295205606,
    "Intensity": 23774.850772155645
  },
  {
    "Scenario Name": "ParkedObstacle_849",
    "Scenario Description": "Scenario in which a parked vehicle is incorrectly parked, forcing the ego to lane change out of the route's lane.",
    "Map": "Map(name=Carla/Maps/Town04)",
    "Adversary Distance": 32,
    "Collision": true,
    "Weather": "ClearNoon",
    "Collision Type": "Actor(id=2244, type=vehicle.ford.crown)",
    "Time to Collision": 4.324323415756226,
    "Speed at Collision": 8.967290553427206,
    "Intensity": 18177.41070660886
  },
  {
    "Scenario Name": "ParkedObstacle_850",
    "Scenario Description": "Scenario in which a parked vehicle is incorrectly parked, forcing the ego to lane change out of the route's lane.",
    "Map": "Map(name=Carla/Maps/Town04)",
    "Adversary Distance": 38,
    "Collision": true,
    "Weather": "HardRainNight",
    "Collision Type": "Actor(id=2250, type=vehicle.ford.crown)",
    "Time to Collision": 4.105060338973999,
    "Speed at Collision": 13.368784263025313,
    "Intensity": 15795.29923114995
  },
  {
    "Scenario Name": "ParkedObstacle_851",
    "Scenario Description": "Scenario in which a parked vehicle is incorrectly parked, forcing the ego to lane change out of the route's lane.",
    "Map": "Map(name=Carla/Maps/Town04)",
    "Adversary Distance": 119,
    "Collision": true,
    "Weather": "HardRainNoon",
    "Collision Type": "Actor(id=2256, type=vehicle.ford.crown)",
    "Time to Collision": 7.657748460769653,
    "Speed at Collision": 21.43620817263956,
    "Intensity": 24970.833923397833
  },
  {
    "Scenario Name": "ParkedObstacle_852",
    "Scenario Description": "Scenario in which a parked vehicle is incorrectly parked, forcing the ego to lane change out of the route's lane.",
    "Map": "Map(name=Carla/Maps/Town04)",
    "Adversary Distance": 112,
    "Collision": true,
    "Weather": "HardRainNight",
    "Collision Type": "Actor(id=2262, type=vehicle.ford.crown)",
    "Time to Collision": 9.026439905166626,
    "Speed at Collision": 13.638998832444727,
    "Intensity": 16105.141161658363
  },
  {
    "Scenario Name": "ParkedObstacle_853",
    "Scenario Description": "Scenario in which a parked vehicle is incorrectly parked, forcing the ego to lane change out of the route's lane.",
    "Map": "Map(name=Carla/Maps/Town04)",
    "Adversary Distance": 81,
    "Collision": true,
    "Weather": "HardRainNight",
    "Collision Type": "Actor(id=2268, type=vehicle.ford.crown)",
    "Time to Collision": 6.116966962814331,
    "Speed at Collision": 21.403023182124628,
    "Intensity": 25121.206833089895
  },
  {
    "Scenario Name": "ParkedObstacle_854",
    "Scenario Description": "Scenario in which a parked vehicle is incorrectly parked, forcing the ego to lane change out of the route's lane.",
    "Map": "Map(name=Carla/Maps/Town04)",
    "Adversary Distance": 113,
    "Collision": true,
    "Weather": "HardRainNight",
    "Collision Type": "Actor(id=2274, type=vehicle.ford.crown)",
    "Time to Collision": 7.382305145263672,
    "Speed at Collision": 23.897554893669252,
    "Intensity": 26678.13676117303
  },
  {
    "Scenario Name": "ParkedObstacle_855",
    "Scenario Description": "Scenario in which a parked vehicle is incorrectly parked, forcing the ego to lane change out of the route's lane.",
    "Map": "Map(name=Carla/Maps/Town04)",
    "Adversary Distance": 108,
    "Collision": true,
    "Weather": "ClearNight",
    "Collision Type": "Actor(id=2280, type=vehicle.ford.crown)",
    "Time to Collision": 7.149004936218262,
    "Speed at Collision": 23.608575402351907,
    "Intensity": 26421.852174147705
  },
  {
    "Scenario Name": "ParkedObstacle_856",
    "Scenario Description": "Scenario in which a parked vehicle is incorrectly parked, forcing the ego to lane change out of the route's lane.",
    "Map": "Map(name=Carla/Maps/Town04)",
    "Adversary Distance": 44,
    "Collision": true,
    "Weather": "ClearNoon",
    "Collision Type": "Actor(id=2286, type=vehicle.ford.crown)",
    "Time to Collision": 4.997632741928101,
    "Speed at Collision": 10.132332102466815,
    "Intensity": 19196.044722150426
  },
  {
    "Scenario Name": "ParkedObstacle_857",
    "Scenario Description": "Scenario in which a parked vehicle is incorrectly parked, forcing the ego to lane change out of the route's lane.",
    "Map": "Map(name=Carla/Maps/Town04)",
    "Adversary Distance": 64,
    "Collision": true,
    "Weather": "HardRainNight",
    "Collision Type": "Actor(id=2292, type=vehicle.ford.crown)",
    "Time to Collision": 5.366394281387329,
    "Speed at Collision": 19.58921627679117,
    "Intensity": 21752.973710780618
  },
  {
    "Scenario Name": "ParkedObstacle_858",
    "Scenario Description": "Scenario in which a parked vehicle is incorrectly parked, forcing the ego to lane change out of the route's lane.",
    "Map": "Map(name=Carla/Maps/Town04)",
    "Adversary Distance": 65,
    "Collision": true,
    "Weather": "ClearNight",
    "Collision Type": "Actor(id=2298, type=vehicle.ford.crown)",
    "Time to Collision": 5.438140153884888,
    "Speed at Collision": 17.571187829619493,
    "Intensity": 20739.252369317233
  },
  {
    "Scenario Name": "ParkedObstacle_859",
    "Scenario Description": "Scenario in which a parked vehicle is incorrectly parked, forcing the ego to lane change out of the route's lane.",
    "Map": "Map(name=Carla/Maps/Town04)",
    "Adversary Distance": 79,
    "Collision": true,
    "Weather": "HardRainNoon",
    "Collision Type": "Actor(id=2304, type=vehicle.ford.crown)",
    "Time to Collision": 6.0361902713775635,
    "Speed at Collision": 21.122606007036925,
    "Intensity": 24698.51749578199
  },
  {
    "Scenario Name": "ParkedObstacle_860",
    "Scenario Description": "Scenario in which a parked vehicle is incorrectly parked, forcing the ego to lane change out of the route's lane.",
    "Map": "Map(name=Carla/Maps/Town04)",
    "Adversary Distance": 44,
    "Collision": true,
    "Weather": "HardRainNoon",
    "Collision Type": "Actor(id=2310, type=vehicle.ford.crown)",
    "Time to Collision": 6.089874505996704,
    "Speed at Collision": 7.224552318122844,
    "Intensity": 14527.359744204854
  },
  {
    "Scenario Name": "ParkedObstacle_861",
    "Scenario Description": "Scenario in which a parked vehicle is incorrectly parked, forcing the ego to lane change out of the route's lane.",
    "Map": "Map(name=Carla/Maps/Town04)",
    "Adversary Distance": 108,
    "Collision": true,
    "Weather": "HardRainNoon",
    "Collision Type": "Actor(id=2316, type=vehicle.ford.crown)",
    "Time to Collision": 7.175093650817871,
    "Speed at Collision": 21.430714788625686,
    "Intensity": 24971.69348585708
  },
  {
    "Scenario Name": "ParkedObstacle_863",
    "Scenario Description": "Scenario in which a parked vehicle is incorrectly parked, forcing the ego to lane change out of the route's lane.",
    "Map": "Map(name=Carla/Maps/Town04)",
    "Adversary Distance": 106,
    "Collision": true,
    "Weather": "ClearNoon",
    "Collision Type": "Actor(id=2328, type=vehicle.ford.crown)",
    "Time to Collision": 7.11087441444397,
    "Speed at Collision": 22.26242544680915,
    "Intensity": 23289.888238126365
  },
  {
    "Scenario Name": "ParkedObstacle_864",
    "Scenario Description": "Scenario in which a parked vehicle is incorrectly parked, forcing the ego to lane change out of the route's lane.",
    "Map": "Map(name=Carla/Maps/Town04)",
    "Adversary Distance": 98,
    "Collision": true,
    "Weather": "HardRainNoon",
    "Collision Type": "Actor(id=2334, type=vehicle.ford.crown)",
    "Time to Collision": 8.833277463912964,
    "Speed at Collision": 11.793206089216444,
    "Intensity": 23372.0751580041
  },
  {
    "Scenario Name": "ParkedObstacle_866",
    "Scenario Description": "Scenario in which a parked vehicle is incorrectly parked, forcing the ego to lane change out of the route's lane.",
    "Map": "Map(name=Carla/Maps/Town04)",
    "Adversary Distance": 48,
    "Collision": true,
    "Weather": "ClearNoon",
    "Collision Type": "Actor(id=2346, type=vehicle.ford.crown)",
    "Time to Collision": 4.587223529815674,
    "Speed at Collision": 17.61233117065905,
    "Intensity": 35380.8112595169
  },
  {
    "Scenario Name": "ParkedObstacle_867",
    "Scenario Description": "Scenario in which a parked vehicle is incorrectly parked, forcing the ego to lane change out of the route's lane.",
    "Map": "Map(name=Carla/Maps/Town04)",
    "Adversary Distance": 50,
    "Collision": true,
    "Weather": "ClearNight",
    "Collision Type": "Actor(id=2352, type=vehicle.ford.crown)",
    "Time to Collision": 6.35779333114624,
    "Speed at Collision": 8.033200110858342,
    "Intensity": 15766.807242716193
  },
  {
    "Scenario Name": "ParkedObstacle_869",
    "Scenario Description": "Scenario in which a parked vehicle is incorrectly parked, forcing the ego to lane change out of the route's lane.",
    "Map": "Map(name=Carla/Maps/Town04)",
    "Adversary Distance": 92,
    "Collision": true,
    "Weather": "ClearNoon",
    "Collision Type": "Actor(id=2364, type=vehicle.ford.crown)",
    "Time to Collision": 13.552955389022827,
    "Speed at Collision": 6.875970458110299,
    "Intensity": 13293.824781252195
  },
  {
    "Scenario Name": "ParkedObstacle_870",
    "Scenario Description": "Scenario in which a parked vehicle is incorrectly parked, forcing the ego to lane change out of the route's lane.",
    "Map": "Map(name=Carla/Maps/Town04)",
    "Adversary Distance": 66,
    "Collision": true,
    "Weather": "ClearNight",
    "Collision Type": "Actor(id=2370, type=vehicle.ford.crown)",
    "Time to Collision": 5.389010429382324,
    "Speed at Collision": 20.017145579467705,
    "Intensity": 23376.170896420273
  },
  {
    "Scenario Name": "ParkedObstacle_871",
    "Scenario Description": "Scenario in which a parked vehicle is incorrectly parked, forcing the ego to lane change out of the route's lane.",
    "Map": "Map(name=Carla/Maps/Town04)",
    "Adversary Distance": 55,
    "Collision": true,
    "Weather": "HardRainNoon",
    "Collision Type": "Actor(id=2376, type=vehicle.ford.crown)",
    "Time to Collision": 4.871196746826172,
    "Speed at Collision": 18.66016102022664,
    "Intensity": 35657.266836450006
  },
  {
    "Scenario Name": "ParkedObstacle_872",
    "Scenario Description": "Scenario in which a parked vehicle is incorrectly parked, forcing the ego to lane change out of the route's lane.",
    "Map": "Map(name=Carla/Maps/Town04)",
    "Adversary Distance": 71,
    "Collision": true,
    "Weather": "ClearNoon",
    "Collision Type": "Actor(id=2382, type=vehicle.ford.crown)",
    "Time to Collision": 5.627790927886963,
    "Speed at Collision": 20.53633432167303,
    "Intensity": 24085.320709155745
  },
  {
    "Scenario Name": "ParkedObstacle_873",
    "Scenario Description": "Scenario in which a parked vehicle is incorrectly parked, forcing the ego to lane change out of the route's lane.",
    "Map": "Map(name=Carla/Maps/Town04)",
    "Adversary Distance": 73,
    "Collision": true,
    "Weather": "HardRainNoon",
    "Collision Type": "Actor(id=2388, type=vehicle.ford.crown)",
    "Time to Collision": 5.730642557144165,
    "Speed at Collision": 20.599822283965718,
    "Intensity": 24203.79546044582
  },
  {
    "Scenario Name": "ParkedObstacle_874",
    "Scenario Description": "Scenario in which a parked vehicle is incorrectly parked, forcing the ego to lane change out of the route's lane.",
    "Map": "Map(name=Carla/Maps/Town04)",
    "Adversary Distance": 40,
    "Collision": true,
    "Weather": "HardRainNoon",
    "Collision Type": "Actor(id=2394, type=vehicle.ford.crown)",
    "Time to Collision": 5.092454671859741,
    "Speed at Collision": 8.136950181767835,
    "Intensity": 15285.361884772623
  },
  {
    "Scenario Name": "ParkedObstacle_875",
    "Scenario Description": "Scenario in which a parked vehicle is incorrectly parked, forcing the ego to lane change out of the route's lane.",
    "Map": "Map(name=Carla/Maps/Town04)",
    "Adversary Distance": 33,
    "Collision": true,
    "Weather": "HardRainNight",
    "Collision Type": "Actor(id=2400, type=vehicle.ford.crown)",
    "Time to Collision": 3.7431113719940186,
    "Speed at Collision": 14.831864817991026,
    "Intensity": 17612.414283118138
  },
  {
    "Scenario Name": "ParkedObstacle_876",
    "Scenario Description": "Scenario in which a parked vehicle is incorrectly parked, forcing the ego to lane change out of the route's lane.",
    "Map": "Map(name=Carla/Maps/Town04)",
    "Adversary Distance": 32,
    "Collision": true,
    "Weather": "ClearNight",
    "Collision Type": "Actor(id=2406, type=vehicle.ford.crown)",
    "Time to Collision": 4.062926530838013,
    "Speed at Collision": 9.295454361492999,
    "Intensity": 18432.605002155826
  },
  {
    "Scenario Name": "ParkedObstacle_877",
    "Scenario Description": "Scenario in which a parked vehicle is incorrectly parked, forcing the ego to lane change out of the route's lane.",
    "Map": "Map(name=Carla/Maps/Town04)",
    "Adversary Distance": 110,
    "Collision": true,
    "Weather": "HardRainNoon",
    "Collision Type": "Actor(id=2412, type=vehicle.ford.crown)",
    "Time to Collision": 8.865387678146362,
    "Speed at Collision": 13.638523305847295,
    "Intensity": 15242.127126076803
  },
  {
    "Scenario Name": "ParkedObstacle_878",
    "Scenario Description": "Scenario in which a parked vehicle is incorrectly parked, forcing the ego to lane change out of the route's lane.",
    "Map": "Map(name=Carla/Maps/Town04)",
    "Adversary Distance": 63,
    "Collision": true,
    "Weather": "HardRainNoon",
    "Collision Type": "Actor(id=2418, type=vehicle.ford.crown)",
    "Time to Collision": 6.115461826324463,
    "Speed at Collision": 12.052063055539879,
    "Intensity": 14242.760534833238
  },
  {
    "Scenario Name": "ParkedObstacle_879",
    "Scenario Description": "Scenario in which a parked vehicle is incorrectly parked, forcing the ego to lane change out of the route's lane.",
    "Map": "Map(name=Carla/Maps/Town04)",
    "Adversary Distance": 72,
    "Collision": true,
    "Weather": "HardRainNoon",
    "Collision Type": "Actor(id=2424, type=vehicle.ford.crown)",
    "Time to Collision": 5.782821893692017,
    "Speed at Collision": 18.75737421397555,
    "Intensity": 22003.866913738977
  },
  {
    "Scenario Name": "ParkedObstacle_880",
    "Scenario Description": "Scenario in which a parked vehicle is incorrectly parked, forcing the ego to lane change out of the route's lane.",
    "Map": "Map(name=Carla/Maps/Town04)",
    "Adversary Distance": 83,
    "Collision": true,
    "Weather": "HardRainNight",
    "Collision Type": "Actor(id=2430, type=vehicle.ford.crown)",
    "Time to Collision": 8.015402555465698,
    "Speed at Collision": 10.996455847052186,
    "Intensity": 21856.103107173716
  },
  {
    "Scenario Name": "ParkedObstacle_881",
    "Scenario Description": "Scenario in which a parked vehicle is incorrectly parked, forcing the ego to lane change out of the route's lane.",
    "Map": "Map(name=Carla/Maps/Town04)",
    "Adversary Distance": 57,
    "Collision": true,
    "Weather": "HardRainNight",
    "Collision Type": "Actor(id=2436, type=vehicle.ford.crown)",
    "Time to Collision": 16.60341191291809,
    "Speed at Collision": 3.255378912629867,
    "Intensity": 6656.285797902448
  },
  {
    "Scenario Name": "ParkedObstacle_882",
    "Scenario Description": "Scenario in which a parked vehicle is incorrectly parked, forcing the ego to lane change out of the route's lane.",
    "Map": "Map(name=Carla/Maps/Town04)",
    "Adversary Distance": 50,
    "Collision": true,
    "Weather": "HardRainNoon",
    "Collision Type": "Actor(id=2442, type=vehicle.ford.crown)",
    "Time to Collision": 4.645924806594849,
    "Speed at Collision": 17.852141478913286,
    "Intensity": 35656.69157309768
  },
  {
    "Scenario Name": "ParkedObstacle_883",
    "Scenario Description": "Scenario in which a parked vehicle is incorrectly parked, forcing the ego to lane change out of the route's lane.",
    "Map": "Map(name=Carla/Maps/Town04)",
    "Adversary Distance": 31,
    "Collision": true,
    "Weather": "HardRainNight",
    "Collision Type": "Actor(id=2448, type=vehicle.ford.crown)",
    "Time to Collision": 3.5988352298736572,
    "Speed at Collision": 14.624347954326044,
    "Intensity": 17285.032005618228
  },
  {
    "Scenario Name": "ParkedObstacle_884",
    "Scenario Description": "Scenario in which a parked vehicle is incorrectly parked, forcing the ego to lane change out of the route's lane.",
    "Map": "Map(name=Carla/Maps/Town04)",
    "Adversary Distance": 68,
    "Collision": true,
    "Weather": "ClearNoon",
    "Collision Type": "Actor(id=2454, type=vehicle.ford.crown)",
    "Time to Collision": 8.596967697143555,
    "Speed at Collision": 7.293681417383888,
    "Intensity": 14062.725552433747
  },
  {
    "Scenario Name": "ParkedObstacle_885",
    "Scenario Description": "Scenario in which a parked vehicle is incorrectly parked, forcing the ego to lane change out of the route's lane.",
    "Map": "Map(name=Carla/Maps/Town04)",
    "Adversary Distance": 53,
    "Collision": true,
    "Weather": "ClearNoon",
    "Collision Type": "Actor(id=2460, type=vehicle.ford.crown)",
    "Time to Collision": 10.363523006439209,
    "Speed at Collision": 4.562308613386162,
    "Intensity": 8671.053655396105
  },
  {
    "Scenario Name": "ParkedObstacle_886",
    "Scenario Description": "Scenario in which a parked vehicle is incorrectly parked, forcing the ego to lane change out of the route's lane.",
    "Map": "Map(name=Carla/Maps/Town04)",
    "Adversary Distance": 120,
    "Collision": true,
    "Weather": "ClearNight",
    "Collision Type": "Actor(id=2466, type=vehicle.ford.crown)",
    "Time to Collision": 7.608579635620117,
    "Speed at Collision": 24.473204328071855,
    "Intensity": 27142.00525372033
  },
  {
    "Scenario Name": "ParkedObstacle_887",
    "Scenario Description": "Scenario in which a parked vehicle is incorrectly parked, forcing the ego to lane change out of the route's lane.",
    "Map": "Map(name=Carla/Maps/Town04)",
    "Adversary Distance": 80,
    "Collision": true,
    "Weather": "ClearNoon",
    "Collision Type": "Actor(id=2472, type=vehicle.ford.crown)",
    "Time to Collision": 6.029667377471924,
    "Speed at Collision": 21.376113800196094,
    "Intensity": 23600.25806086956
  },
  {
    "Scenario Name": "ParkedObstacle_888",
    "Scenario Description": "Scenario in which a parked vehicle is incorrectly parked, forcing the ego to lane change out of the route's lane.",
    "Map": "Map(name=Carla/Maps/Town04)",
    "Adversary Distance": 112,
    "Collision": true,
    "Weather": "HardRainNight",
    "Collision Type": "Actor(id=2478, type=vehicle.ford.crown)",
    "Time to Collision": 7.5082361698150635,
    "Speed at Collision": 19.812156075638494,
    "Intensity": 21795.598737136694
  },
  {
    "Scenario Name": "ParkedObstacle_889",
    "Scenario Description": "Scenario in which a parked vehicle is incorrectly parked, forcing the ego to lane change out of the route's lane.",
    "Map": "Map(name=Carla/Maps/Town04)",
    "Adversary Distance": 50,
    "Collision": true,
    "Weather": "HardRainNoon",
    "Collision Type": "Actor(id=2484, type=vehicle.ford.crown)",
    "Time to Collision": 4.728206634521484,
    "Speed at Collision": 17.872042395584906,
    "Intensity": 36138.28084569184
  },
  {
    "Scenario Name": "ParkedObstacle_890",
    "Scenario Description": "Scenario in which a parked vehicle is incorrectly parked, forcing the ego to lane change out of the route's lane.",
    "Map": "Map(name=Carla/Maps/Town04)",
    "Adversary Distance": 34,
    "Collision": true,
    "Weather": "HardRainNight",
    "Collision Type": "Actor(id=2490, type=vehicle.ford.crown)",
    "Time to Collision": 3.8642418384552,
    "Speed at Collision": 12.808053462976725,
    "Intensity": 25521.606942542578
  },
  {
    "Scenario Name": "ParkedObstacle_891",
    "Scenario Description": "Scenario in which a parked vehicle is incorrectly parked, forcing the ego to lane change out of the route's lane.",
    "Map": "Map(name=Carla/Maps/Town04)",
    "Adversary Distance": 52,
    "Collision": true,
    "Weather": "ClearNoon",
    "Collision Type": "Actor(id=2496, type=vehicle.ford.crown)",
    "Time to Collision": 4.718674182891846,
    "Speed at Collision": 18.32461886910784,
    "Intensity": 35201.466305429654
  },
  {
    "Scenario Name": "ParkedObstacle_892",
    "Scenario Description": "Scenario in which a parked vehicle is incorrectly parked, forcing the ego to lane change out of the route's lane.",
    "Map": "Map(name=Carla/Maps/Town04)",
    "Adversary Distance": 31,
    "Collision": true,
    "Weather": "ClearNight",
    "Collision Type": "Actor(id=2502, type=vehicle.ford.crown)",
    "Time to Collision": 6.060774564743042,
    "Speed at Collision": 4.78835044719014,
    "Intensity": 9215.008993694086
  },
  {
    "Scenario Name": "ParkedObstacle_893",
    "Scenario Description": "Scenario in which a parked vehicle is incorrectly parked, forcing the ego to lane change out of the route's lane.",
    "Map": "Map(name=Carla/Maps/Town04)",
    "Adversary Distance": 32,
    "Collision": true,
    "Weather": "ClearNoon",
    "Collision Type": "Actor(id=2508, type=vehicle.ford.crown)",
    "Time to Collision": 14.867461919784546,
    "Speed at Collision": 1.967027432972855,
    "Intensity": 2981.9554710622538
  },
  {
    "Scenario Name": "ParkedObstacle_894",
    "Scenario Description": "Scenario in which a parked vehicle is incorrectly parked, forcing the ego to lane change out of the route's lane.",
    "Map": "Map(name=Carla/Maps/Town04)",
    "Adversary Distance": 71,
    "Collision": true,
    "Weather": "ClearNoon",
    "Collision Type": "Actor(id=2514, type=vehicle.ford.crown)",
    "Time to Collision": 5.904238224029541,
    "Speed at Collision": 16.054250185468316,
    "Intensity": 32125.35968110191
  },
  {
    "Scenario Name": "ParkedObstacle_895",
    "Scenario Description": "Scenario in which a parked vehicle is incorrectly parked, forcing the ego to lane change out of the route's lane.",
    "Map": "Map(name=Carla/Maps/Town04)",
    "Adversary Distance": 56,
    "Collision": true,
    "Weather": "HardRainNight",
    "Collision Type": "Actor(id=2520, type=vehicle.ford.crown)",
    "Time to Collision": 9.240172147750854,
    "Speed at Collision": 5.355190467622819,
    "Intensity": 10212.809814361644
  },
  {
    "Scenario Name": "ParkedObstacle_896",
    "Scenario Description": "Scenario in which a parked vehicle is incorrectly parked, forcing the ego to lane change out of the route's lane.",
    "Map": "Map(name=Carla/Maps/Town04)",
    "Adversary Distance": 72,
    "Collision": true,
    "Weather": "ClearNoon",
    "Collision Type": "Actor(id=2526, type=vehicle.ford.crown)",
    "Time to Collision": 5.656388282775879,
    "Speed at Collision": 20.733899257161198,
    "Intensity": 22919.57596173939
  },
  {
    "Scenario Name": "ParkedObstacle_897",
    "Scenario Description": "Scenario in which a parked vehicle is incorrectly parked, forcing the ego to lane change out of the route's lane.",
    "Map": "Map(name=Carla/Maps/Town04)",
    "Adversary Distance": 105,
    "Collision": true,
    "Weather": "HardRainNoon",
    "Collision Type": "Actor(id=2532, type=vehicle.ford.crown)",
    "Time to Collision": 7.061203956604004,
    "Speed at Collision": 23.32937394845593,
    "Intensity": 22087.78353457832
  },
  {
    "Scenario Name": "ParkedObstacle_898",
    "Scenario Description": "Scenario in which a parked vehicle is incorrectly parked, forcing the ego to lane change out of the route's lane.",
    "Map": "Map(name=Carla/Maps/Town04)",
    "Adversary Distance": 64,
    "Collision": true,
    "Weather": "ClearNight",
    "Collision Type": "Actor(id=2538, type=vehicle.ford.crown)",
    "Time to Collision": 7.21924614906311,
    "Speed at Collision": 9.819035047626071,
    "Intensity": 19684.462740883286
  },
  {
    "Scenario Name": "ParkedObstacle_899",
    "Scenario Description": "Scenario in which a parked vehicle is incorrectly parked, forcing the ego to lane change out of the route's lane.",
    "Map": "Map(name=Carla/Maps/Town04)",
    "Adversary Distance": 55,
    "Collision": true,
    "Weather": "HardRainNight",
    "Collision Type": "Actor(id=2544, type=vehicle.ford.crown)",
    "Time to Collision": 4.9559876918792725,
    "Speed at Collision": 18.48475322062011,
    "Intensity": 37279.656232617526
  }
]