[
  {
    "Scenario Name": "ParkedObstacle_25",
    "Scenario Description": "Scenario in which a parked vehicle is incorrectly parked, forcing the ego to lane change out of the route's lane.",
    "Map": "Map(name=Carla/Maps/Town04)",
    "Adversary Distance": 110,
    "Collision": false,
    "Weather": "ClearNight"
  },
  {
    "Scenario Name": "ParkedObstacle_51",
    "Scenario Description": "Scenario in which a parked vehicle is incorrectly parked, forcing the ego to lane change out of the route's lane.",
    "Map": "Map(name=Carla/Maps/Town04)",
    "Adversary Distance": 83,
    "Collision": false,
    "Weather": "HardRainNoon"
  },
  {
    "Scenario Name": "ParkedObstacle_62",
    "Scenario Description": "Scenario in which a parked vehicle is incorrectly parked, forcing the ego to lane change out of the route's lane.",
    "Map": "Map(name=Carla/Maps/Town04)",
    "Adversary Distance": 73,
    "Collision": false,
    "Weather": "HardRainNight"
  },
  {
    "Scenario Name": "ParkedObstacle_70",
    "Scenario Description": "Scenario in which a parked vehicle is incorrectly parked, forcing the ego to lane change out of the route's lane.",
    "Map": "Map(name=Carla/Maps/Town04)",
    "Adversary Distance": 83,
    "Collision": false,
    "Weather": "ClearNoon"
  },
  {
    "Scenario Name": "ParkedObstacle_76",
    "Scenario Description": "Scenario in which a parked vehicle is incorrectly parked, forcing the ego to lane change out of the route's lane.",
    "Map": "Map(name=Carla/Maps/Town04)",
    "Adversary Distance": 107,
    "Collision": false,
    "Weather": "HardRainNoon"
  },
  {
    "Scenario Name": "ParkedObstacle_78",
    "Scenario Description": "Scenario in which a parked vehicle is incorrectly parked, forcing the ego to lane change out of the route's lane.",
    "Map": "Map(name=Carla/Maps/Town04)",
    "Adversary Distance": 99,
    "Collision": false,
    "Weather": "ClearNoon"
  },
  {
    "Scenario Name": "ParkedObstacle_92",
    "Scenario Description": "Scenario in which a parked vehicle is incorrectly parked, forcing the ego to lane change out of the route's lane.",
    "Map": "Map(name=Carla/Maps/Town04)",
    "Adversary Distance": 108,
    "Collision": false,
    "Weather": "ClearNight"
  }
]