[
  {
    "Scenario Name": "ParkedObstacle_806",
    "Scenario Description": "Scenario in which a parked vehicle is incorrectly parked, forcing the ego to lane change out of the route's lane.",
    "Map": "Map(name=Carla/Maps/Town04)",
    "Adversary Distance": 57,
    "Collision": false,
    "Weather": "ClearNight"
  },
  {
    "Scenario Name": "ParkedObstacle_807",
    "Scenario Description": "Scenario in which a parked vehicle is incorrectly parked, forcing the ego to lane change out of the route's lane.",
    "Map": "Map(name=Carla/Maps/Town04)",
    "Adversary Distance": 39,
    "Collision": false,
    "Weather": "ClearNoon"
  },
  {
    "Scenario Name": "ParkedObstacle_862",
    "Scenario Description": "Scenario in which a parked vehicle is incorrectly parked, forcing the ego to lane change out of the route's lane.",
    "Map": "Map(name=Carla/Maps/Town04)",
    "Adversary Distance": 75,
    "Collision": false,
    "Weather": "ClearNoon"
  },
  {
    "Scenario Name": "ParkedObstacle_865",
    "Scenario Description": "Scenario in which a parked vehicle is incorrectly parked, forcing the ego to lane change out of the route's lane.",
    "Map": "Map(name=Carla/Maps/Town04)",
    "Adversary Distance": 101,
    "Collision": false,
    "Weather": "ClearNoon"
  },
  {
    "Scenario Name": "ParkedObstacle_868",
    "Scenario Description": "Scenario in which a parked vehicle is incorrectly parked, forcing the ego to lane change out of the route's lane.",
    "Map": "Map(name=Carla/Maps/Town04)",
    "Adversary Distance": 111,
    "Collision": false,
    "Weather": "HardRainNight"
  }
]