[
  {
    "Scenario Name": "StaticCutIn_400",
    "Scenario Description": " Cut in(with static vehicle) scenario synchronizes a vehicle that is parked at a side lane to cut in in front of the ego vehicle, forcing it to break",
    "Map": "Map(name=Carla/Maps/Town04)",
    "No of Back Vehicles": 1,
    "Adversary Speed": 5,
    "Collision": true,
    "Weather": "HardRainNight",
    "Collision Type": "Actor(id=150, type=vehicle.ford.mustang)",
    "Time to Collision": 9.083000898361206,
    "Speed at Collision": 15.885438065630321,
    "Intensity": 4841.326211851799
  },
  {
    "Scenario Name": "StaticCutIn_401",
    "Scenario Description": " Cut in(with static vehicle) scenario synchronizes a vehicle that is parked at a side lane to cut in in front of the ego vehicle, forcing it to break",
    "Map": "Map(name=Carla/Maps/Town04)",
    "No of Back Vehicles": 14,
    "Adversary Speed": 5,
    "Collision": true,
    "Weather": "HardRainNoon",
    "Collision Type": "Actor(id=176, type=vehicle.dodge.charger_police_2020)",
    "Time to Collision": 13.9159996509552,
    "Speed at Collision": 23.119467341997982,
    "Intensity": 24045.0806848858
  },
  {
    "Scenario Name": "StaticCutIn_402",
    "Scenario Description": " Cut in(with static vehicle) scenario synchronizes a vehicle that is parked at a side lane to cut in in front of the ego vehicle, forcing it to break",
    "Map": "Map(name=Carla/Maps/Town04)",
    "No of Back Vehicles": 14,
    "Adversary Speed": 5,
    "Collision": true,
    "Weather": "HardRainNoon",
    "Collision Type": "Actor(id=202, type=vehicle.dodge.charger_police_2020)",
    "Time to Collision": 15.231001377105713,
    "Speed at Collision": 20.077851740694147,
    "Intensity": 21984.793313407896
  },
  {
    "Scenario Name": "StaticCutIn_404",
    "Scenario Description": " Cut in(with static vehicle) scenario synchronizes a vehicle that is parked at a side lane to cut in in front of the ego vehicle, forcing it to break",
    "Map": "Map(name=Carla/Maps/Town04)",
    "No of Back Vehicles": 15,
    "Adversary Speed": 5,
    "Collision": true,
    "Weather": "HardRainNight",
    "Collision Type": "Actor(id=257, type=vehicle.ford.mustang)",
    "Time to Collision": 16.773996591567993,
    "Speed at Collision": 18.307830529668895,
    "Intensity": 10140.467746977998
  },
  {
    "Scenario Name": "StaticCutIn_406",
    "Scenario Description": " Cut in(with static vehicle) scenario synchronizes a vehicle that is parked at a side lane to cut in in front of the ego vehicle, forcing it to break",
    "Map": "Map(name=Carla/Maps/Town04)",
    "No of Back Vehicles": 31,
    "Adversary Speed": 5,
    "Collision": true,
    "Weather": "ClearNight",
    "Collision Type": "Actor(id=315, type=vehicle.ford.mustang)",
    "Time to Collision": 19.317997694015503,
    "Speed at Collision": 28.190213766135148,
    "Intensity": 23066.990561310013
  },
  {
    "Scenario Name": "StaticCutIn_408",
    "Scenario Description": " Cut in(with static vehicle) scenario synchronizes a vehicle that is parked at a side lane to cut in in front of the ego vehicle, forcing it to break",
    "Map": "Map(name=Carla/Maps/Town04)",
    "No of Back Vehicles": 4,
    "Adversary Speed": 5,
    "Collision": true,
    "Weather": "HardRainNight",
    "Collision Type": "Actor(id=370, type=vehicle.lincoln.mkz_2020)",
    "Time to Collision": 12.165001392364502,
    "Speed at Collision": 13.714047259500852,
    "Intensity": 10456.333415442248
  },
  {
    "Scenario Name": "StaticCutIn_410",
    "Scenario Description": " Cut in(with static vehicle) scenario synchronizes a vehicle that is parked at a side lane to cut in in front of the ego vehicle, forcing it to break",
    "Map": "Map(name=Carla/Maps/Town04)",
    "No of Back Vehicles": 24,
    "Adversary Speed": 5,
    "Collision": true,
    "Weather": "ClearNight",
    "Collision Type": "Actor(id=435, type=vehicle.nissan.patrol_2021)",
    "Time to Collision": 16.450998306274414,
    "Speed at Collision": 28.435042005118348,
    "Intensity": 24143.193660252193
  },
  {
    "Scenario Name": "StaticCutIn_411",
    "Scenario Description": " Cut in(with static vehicle) scenario synchronizes a vehicle that is parked at a side lane to cut in in front of the ego vehicle, forcing it to break",
    "Map": "Map(name=Carla/Maps/Town04)",
    "No of Back Vehicles": 8,
    "Adversary Speed": 5,
    "Collision": true,
    "Weather": "HardRainNight",
    "Collision Type": "Actor(id=455, type=vehicle.ford.mustang)",
    "Time to Collision": 12.624000310897827,
    "Speed at Collision": 18.302645395992204,
    "Intensity": 15902.274013051525
  },
  {
    "Scenario Name": "StaticCutIn_413",
    "Scenario Description": " Cut in(with static vehicle) scenario synchronizes a vehicle that is parked at a side lane to cut in in front of the ego vehicle, forcing it to break",
    "Map": "Map(name=Carla/Maps/Town04)",
    "No of Back Vehicles": 13,
    "Adversary Speed": 5,
    "Collision": true,
    "Weather": "HardRainNight",
    "Collision Type": "Actor(id=494, type=vehicle.lincoln.mkz_2020)",
    "Time to Collision": 12.077997922897339,
    "Speed at Collision": 29.796629934681484,
    "Intensity": 23276.681163937646
  },
  {
    "Scenario Name": "StaticCutIn_417",
    "Scenario Description": " Cut in(with static vehicle) scenario synchronizes a vehicle that is parked at a side lane to cut in in front of the ego vehicle, forcing it to break",
    "Map": "Map(name=Carla/Maps/Town04)",
    "No of Back Vehicles": 22,
    "Adversary Speed": 5,
    "Collision": true,
    "Weather": "ClearNoon",
    "Collision Type": "Actor(id=642, type=vehicle.lincoln.mkz_2017)",
    "Time to Collision": 16.051993370056152,
    "Speed at Collision": 27.621530758486255,
    "Intensity": 29208.52485335271
  },
  {
    "Scenario Name": "StaticCutIn_418",
    "Scenario Description": " Cut in(with static vehicle) scenario synchronizes a vehicle that is parked at a side lane to cut in in front of the ego vehicle, forcing it to break",
    "Map": "Map(name=Carla/Maps/Town04)",
    "No of Back Vehicles": 3,
    "Adversary Speed": 5,
    "Collision": true,
    "Weather": "ClearNoon",
    "Collision Type": "Actor(id=657, type=vehicle.tesla.model3)",
    "Time to Collision": 8.354000568389893,
    "Speed at Collision": 29.762948938431297,
    "Intensity": 29225.34689764665
  },
  {
    "Scenario Name": "StaticCutIn_424",
    "Scenario Description": " Cut in(with static vehicle) scenario synchronizes a vehicle that is parked at a side lane to cut in in front of the ego vehicle, forcing it to break",
    "Map": "Map(name=Carla/Maps/Town04)",
    "No of Back Vehicles": 13,
    "Adversary Speed": 5,
    "Collision": true,
    "Weather": "ClearNight",
    "Collision Type": "Actor(id=834, type=vehicle.lincoln.mkz_2020)",
    "Time to Collision": 19.401998281478882,
    "Speed at Collision": 14.424140445453519,
    "Intensity": 12687.871882802427
  },
  {
    "Scenario Name": "StaticCutIn_425",
    "Scenario Description": " Cut in(with static vehicle) scenario synchronizes a vehicle that is parked at a side lane to cut in in front of the ego vehicle, forcing it to break",
    "Map": "Map(name=Carla/Maps/Town04)",
    "No of Back Vehicles": 29,
    "Adversary Speed": 5,
    "Collision": true,
    "Weather": "HardRainNoon",
    "Collision Type": "Actor(id=875, type=vehicle.ford.mustang)",
    "Time to Collision": 17.93899703025818,
    "Speed at Collision": 29.772520241653528,
    "Intensity": 24046.794666184196
  },
  {
    "Scenario Name": "StaticCutIn_429",
    "Scenario Description": " Cut in(with static vehicle) scenario synchronizes a vehicle that is parked at a side lane to cut in in front of the ego vehicle, forcing it to break",
    "Map": "Map(name=Carla/Maps/Town04)",
    "No of Back Vehicles": 13,
    "Adversary Speed": 5,
    "Collision": true,
    "Weather": "ClearNoon",
    "Collision Type": "Actor(id=991, type=vehicle.lincoln.mkz_2020)",
    "Time to Collision": 12.57000207901001,
    "Speed at Collision": 26.21384065289494,
    "Intensity": 27683.947942337207
  },
  {
    "Scenario Name": "StaticCutIn_430",
    "Scenario Description": " Cut in(with static vehicle) scenario synchronizes a vehicle that is parked at a side lane to cut in in front of the ego vehicle, forcing it to break",
    "Map": "Map(name=Carla/Maps/Town04)",
    "No of Back Vehicles": 6,
    "Adversary Speed": 5,
    "Collision": true,
    "Weather": "HardRainNoon",
    "Collision Type": "Actor(id=1009, type=vehicle.tesla.model3)",
    "Time to Collision": 15.7395179271698,
    "Speed at Collision": 12.004516709429256,
    "Intensity": 12458.167836121691
  },
  {
    "Scenario Name": "StaticCutIn_431",
    "Scenario Description": " Cut in(with static vehicle) scenario synchronizes a vehicle that is parked at a side lane to cut in in front of the ego vehicle, forcing it to break",
    "Map": "Map(name=Carla/Maps/Town04)",
    "No of Back Vehicles": 12,
    "Adversary Speed": 5,
    "Collision": true,
    "Weather": "HardRainNight",
    "Collision Type": "Actor(id=1033, type=vehicle.dodge.charger_police_2020)",
    "Time to Collision": 14.50199818611145,
    "Speed at Collision": 19.203778422508474,
    "Intensity": 19865.184933230605
  },
  {
    "Scenario Name": "StaticCutIn_432",
    "Scenario Description": " Cut in(with static vehicle) scenario synchronizes a vehicle that is parked at a side lane to cut in in front of the ego vehicle, forcing it to break",
    "Map": "Map(name=Carla/Maps/Town04)",
    "No of Back Vehicles": 23,
    "Adversary Speed": 5,
    "Collision": true,
    "Weather": "HardRainNoon",
    "Collision Type": "Actor(id=1068, type=vehicle.mercedes.coupe_2020)",
    "Time to Collision": 19.328999042510986,
    "Speed at Collision": 21.62209942944874,
    "Intensity": 22475.970744791113
  },
  {
    "Scenario Name": "StaticCutIn_433",
    "Scenario Description": " Cut in(with static vehicle) scenario synchronizes a vehicle that is parked at a side lane to cut in in front of the ego vehicle, forcing it to break",
    "Map": "Map(name=Carla/Maps/Town04)",
    "No of Back Vehicles": 15,
    "Adversary Speed": 5,
    "Collision": true,
    "Weather": "HardRainNight",
    "Collision Type": "Actor(id=1095, type=vehicle.ford.mustang)",
    "Time to Collision": 13.214000940322876,
    "Speed at Collision": 27.97811393141796,
    "Intensity": 15080.141013471908
  },
  {
    "Scenario Name": "StaticCutIn_441",
    "Scenario Description": " Cut in(with static vehicle) scenario synchronizes a vehicle that is parked at a side lane to cut in in front of the ego vehicle, forcing it to break",
    "Map": "Map(name=Carla/Maps/Town04)",
    "No of Back Vehicles": 10,
    "Adversary Speed": 5,
    "Collision": true,
    "Weather": "HardRainNoon",
    "Collision Type": "Actor(id=1359, type=vehicle.dodge.charger_2020)",
    "Time to Collision": 13.447515487670898,
    "Speed at Collision": 19.364160416494254,
    "Intensity": 21624.599348560492
  },
  {
    "Scenario Name": "StaticCutIn_443",
    "Scenario Description": " Cut in(with static vehicle) scenario synchronizes a vehicle that is parked at a side lane to cut in in front of the ego vehicle, forcing it to break",
    "Map": "Map(name=Carla/Maps/Town04)",
    "No of Back Vehicles": 21,
    "Adversary Speed": 5,
    "Collision": true,
    "Weather": "ClearNoon",
    "Collision Type": "Actor(id=1434, type=vehicle.dodge.charger_police_2020)",
    "Time to Collision": 16.419002294540405,
    "Speed at Collision": 24.916922343751533,
    "Intensity": 29165.99276756286
  },
  {
    "Scenario Name": "StaticCutIn_444",
    "Scenario Description": " Cut in(with static vehicle) scenario synchronizes a vehicle that is parked at a side lane to cut in in front of the ego vehicle, forcing it to break",
    "Map": "Map(name=Carla/Maps/Town04)",
    "No of Back Vehicles": 9,
    "Adversary Speed": 5,
    "Collision": true,
    "Weather": "HardRainNight",
    "Collision Type": "Actor(id=1455, type=vehicle.lincoln.mkz_2017)",
    "Time to Collision": 11.48600149154663,
    "Speed at Collision": 24.692618151201803,
    "Intensity": 25824.817505289342
  },
  {
    "Scenario Name": "StaticCutIn_454",
    "Scenario Description": " Cut in(with static vehicle) scenario synchronizes a vehicle that is parked at a side lane to cut in in front of the ego vehicle, forcing it to break",
    "Map": "Map(name=Carla/Maps/Town04)",
    "No of Back Vehicles": 6,
    "Adversary Speed": 5,
    "Collision": true,
    "Weather": "ClearNight",
    "Collision Type": "Actor(id=1802, type=vehicle.tesla.model3)",
    "Time to Collision": 17.247000694274902,
    "Speed at Collision": 10.119505396490428,
    "Intensity": 10075.639364508574
  },
  {
    "Scenario Name": "StaticCutIn_458",
    "Scenario Description": " Cut in(with static vehicle) scenario synchronizes a vehicle that is parked at a side lane to cut in in front of the ego vehicle, forcing it to break",
    "Map": "Map(name=Carla/Maps/Town04)",
    "No of Back Vehicles": 1,
    "Adversary Speed": 5,
    "Collision": true,
    "Weather": "ClearNight",
    "Collision Type": "Actor(id=1929, type=vehicle.ford.mustang)",
    "Time to Collision": 7.678999662399292,
    "Speed at Collision": 22.796561823655917,
    "Intensity": 10523.720794995448
  },
  {
    "Scenario Name": "StaticCutIn_459",
    "Scenario Description": " Cut in(with static vehicle) scenario synchronizes a vehicle that is parked at a side lane to cut in in front of the ego vehicle, forcing it to break",
    "Map": "Map(name=Carla/Maps/Town04)",
    "No of Back Vehicles": 4,
    "Adversary Speed": 5,
    "Collision": true,
    "Weather": "ClearNight",
    "Collision Type": "Actor(id=1945, type=vehicle.lincoln.mkz_2020)",
    "Time to Collision": 11.319991827011108,
    "Speed at Collision": 15.414841124316089,
    "Intensity": 15083.087985445545
  },
  {
    "Scenario Name": "StaticCutIn_460",
    "Scenario Description": " Cut in(with static vehicle) scenario synchronizes a vehicle that is parked at a side lane to cut in in front of the ego vehicle, forcing it to break",
    "Map": "Map(name=Carla/Maps/Town04)",
    "No of Back Vehicles": 23,
    "Adversary Speed": 5,
    "Collision": true,
    "Weather": "HardRainNight",
    "Collision Type": "Actor(id=1980, type=vehicle.mercedes.coupe_2020)",
    "Time to Collision": 16.491997957229614,
    "Speed at Collision": 27.37614870178563,
    "Intensity": 29362.456682933567
  },
  {
    "Scenario Name": "StaticCutIn_461",
    "Scenario Description": " Cut in(with static vehicle) scenario synchronizes a vehicle that is parked at a side lane to cut in in front of the ego vehicle, forcing it to break",
    "Map": "Map(name=Carla/Maps/Town04)",
    "No of Back Vehicles": 12,
    "Adversary Speed": 5,
    "Collision": true,
    "Weather": "ClearNoon",
    "Collision Type": "Actor(id=2004, type=vehicle.dodge.charger_police_2020)",
    "Time to Collision": 13.239000082015991,
    "Speed at Collision": 22.34741406323536,
    "Intensity": 23116.196415808994
  },
  {
    "Scenario Name": "StaticCutIn_462",
    "Scenario Description": " Cut in(with static vehicle) scenario synchronizes a vehicle that is parked at a side lane to cut in in front of the ego vehicle, forcing it to break",
    "Map": "Map(name=Carla/Maps/Town04)",
    "No of Back Vehicles": 11,
    "Adversary Speed": 5,
    "Collision": true,
    "Weather": "HardRainNoon",
    "Collision Type": "Actor(id=2027, type=vehicle.dodge.charger_2020)",
    "Time to Collision": 11.527392148971558,
    "Speed at Collision": 28.01861877539944,
    "Intensity": 31393.18049583955
  },
  {
    "Scenario Name": "StaticCutIn_463",
    "Scenario Description": " Cut in(with static vehicle) scenario synchronizes a vehicle that is parked at a side lane to cut in in front of the ego vehicle, forcing it to break",
    "Map": "Map(name=Carla/Maps/Town04)",
    "No of Back Vehicles": 13,
    "Adversary Speed": 5,
    "Collision": true,
    "Weather": "ClearNight",
    "Collision Type": "Actor(id=2052, type=vehicle.lincoln.mkz_2020)",
    "Time to Collision": 13.129000902175903,
    "Speed at Collision": 24.210242922238617,
    "Intensity": 18212.677497472007
  },
  {
    "Scenario Name": "StaticCutIn_466",
    "Scenario Description": " Cut in(with static vehicle) scenario synchronizes a vehicle that is parked at a side lane to cut in in front of the ego vehicle, forcing it to break",
    "Map": "Map(name=Carla/Maps/Town04)",
    "No of Back Vehicles": 16,
    "Adversary Speed": 5,
    "Collision": true,
    "Weather": "HardRainNoon",
    "Collision Type": "Actor(id=2133, type=vehicle.ford.crown)",
    "Time to Collision": 14.242000102996826,
    "Speed at Collision": 24.91133487984504,
    "Intensity": 11944.119652431644
  },
  {
    "Scenario Name": "StaticCutIn_471",
    "Scenario Description": " Cut in(with static vehicle) scenario synchronizes a vehicle that is parked at a side lane to cut in in front of the ego vehicle, forcing it to break",
    "Map": "Map(name=Carla/Maps/Town04)",
    "No of Back Vehicles": 12,
    "Adversary Speed": 5,
    "Collision": true,
    "Weather": "HardRainNight",
    "Collision Type": "Actor(id=2274, type=vehicle.dodge.charger_police_2020)",
    "Time to Collision": 11.975001573562622,
    "Speed at Collision": 27.705206103060753,
    "Intensity": 29907.86341520775
  },
  {
    "Scenario Name": "StaticCutIn_472",
    "Scenario Description": " Cut in(with static vehicle) scenario synchronizes a vehicle that is parked at a side lane to cut in in front of the ego vehicle, forcing it to break",
    "Map": "Map(name=Carla/Maps/Town04)",
    "No of Back Vehicles": 25,
    "Adversary Speed": 5,
    "Collision": true,
    "Weather": "HardRainNight",
    "Collision Type": "Actor(id=2311, type=vehicle.dodge.charger_police_2020)",
    "Time to Collision": 19.489001274108887,
    "Speed at Collision": 23.192911446799652,
    "Intensity": 26152.66739987894
  },
  {
    "Scenario Name": "StaticCutIn_473",
    "Scenario Description": " Cut in(with static vehicle) scenario synchronizes a vehicle that is parked at a side lane to cut in in front of the ego vehicle, forcing it to break",
    "Map": "Map(name=Carla/Maps/Town04)",
    "No of Back Vehicles": 5,
    "Adversary Speed": 5,
    "Collision": true,
    "Weather": "ClearNoon",
    "Collision Type": "Actor(id=2328, type=vehicle.dodge.charger_police)",
    "Time to Collision": 10.780999422073364,
    "Speed at Collision": 19.333412456542746,
    "Intensity": 20150.653028943983
  },
  {
    "Scenario Name": "StaticCutIn_476",
    "Scenario Description": " Cut in(with static vehicle) scenario synchronizes a vehicle that is parked at a side lane to cut in in front of the ego vehicle, forcing it to break",
    "Map": "Map(name=Carla/Maps/Town04)",
    "No of Back Vehicles": 24,
    "Adversary Speed": 5,
    "Collision": true,
    "Weather": "HardRainNight",
    "Collision Type": "Actor(id=2439, type=vehicle.nissan.patrol_2021)",
    "Time to Collision": 18.34900212287903,
    "Speed at Collision": 23.913936334401207,
    "Intensity": 30462.003537716555
  },
  {
    "Scenario Name": "StaticCutIn_477",
    "Scenario Description": " Cut in(with static vehicle) scenario synchronizes a vehicle that is parked at a side lane to cut in in front of the ego vehicle, forcing it to break",
    "Map": "Map(name=Carla/Maps/Town04)",
    "No of Back Vehicles": 6,
    "Adversary Speed": 5,
    "Collision": true,
    "Weather": "HardRainNoon",
    "Collision Type": "Actor(id=2457, type=vehicle.tesla.model3)",
    "Time to Collision": 16.555001735687256,
    "Speed at Collision": 11.474211022814325,
    "Intensity": 11217.363896269893
  },
  {
    "Scenario Name": "StaticCutIn_478",
    "Scenario Description": " Cut in(with static vehicle) scenario synchronizes a vehicle that is parked at a side lane to cut in in front of the ego vehicle, forcing it to break",
    "Map": "Map(name=Carla/Maps/Town04)",
    "No of Back Vehicles": 1,
    "Adversary Speed": 5,
    "Collision": true,
    "Weather": "HardRainNight",
    "Collision Type": "Actor(id=2470, type=vehicle.ford.mustang)",
    "Time to Collision": 7.649003744125366,
    "Speed at Collision": 24.91796075951641,
    "Intensity": 12183.044083838244
  },
  {
    "Scenario Name": "StaticCutIn_482",
    "Scenario Description": " Cut in(with static vehicle) scenario synchronizes a vehicle that is parked at a side lane to cut in in front of the ego vehicle, forcing it to break",
    "Map": "Map(name=Carla/Maps/Town04)",
    "No of Back Vehicles": 33,
    "Adversary Speed": 5,
    "Collision": true,
    "Weather": "ClearNight",
    "Collision Type": "Actor(id=2624, type=vehicle.lincoln.mkz_2017)",
    "Time to Collision": 19.622997522354126,
    "Speed at Collision": 29.732585530205743,
    "Intensity": 29306.382671958978
  },
  {
    "Scenario Name": "StaticCutIn_485",
    "Scenario Description": " Cut in(with static vehicle) scenario synchronizes a vehicle that is parked at a side lane to cut in in front of the ego vehicle, forcing it to break",
    "Map": "Map(name=Carla/Maps/Town04)",
    "No of Back Vehicles": 19,
    "Adversary Speed": 5,
    "Collision": true,
    "Weather": "ClearNoon",
    "Collision Type": "Actor(id=2700, type=vehicle.dodge.charger_police)",
    "Time to Collision": 14.184000968933105,
    "Speed at Collision": 30.286653246412932,
    "Intensity": 34403.84222597662
  },
  {
    "Scenario Name": "StaticCutIn_486",
    "Scenario Description": " Cut in(with static vehicle) scenario synchronizes a vehicle that is parked at a side lane to cut in in front of the ego vehicle, forcing it to break",
    "Map": "Map(name=Carla/Maps/Town04)",
    "No of Back Vehicles": 5,
    "Adversary Speed": 5,
    "Collision": true,
    "Weather": "HardRainNoon",
    "Collision Type": "Actor(id=2717, type=vehicle.dodge.charger_police)",
    "Time to Collision": 10.351001262664795,
    "Speed at Collision": 20.21723912162906,
    "Intensity": 22695.63320450966
  },
  {
    "Scenario Name": "StaticCutIn_487",
    "Scenario Description": " Cut in(with static vehicle) scenario synchronizes a vehicle that is parked at a side lane to cut in in front of the ego vehicle, forcing it to break",
    "Map": "Map(name=Carla/Maps/Town04)",
    "No of Back Vehicles": 14,
    "Adversary Speed": 5,
    "Collision": true,
    "Weather": "HardRainNight",
    "Collision Type": "Actor(id=2743, type=vehicle.dodge.charger_police_2020)",
    "Time to Collision": 18.11099886894226,
    "Speed at Collision": 15.919601136342452,
    "Intensity": 16892.200539091966
  },
  {
    "Scenario Name": "StaticCutIn_489",
    "Scenario Description": " Cut in(with static vehicle) scenario synchronizes a vehicle that is parked at a side lane to cut in in front of the ego vehicle, forcing it to break",
    "Map": "Map(name=Carla/Maps/Town04)",
    "No of Back Vehicles": 16,
    "Adversary Speed": 5,
    "Collision": true,
    "Weather": "HardRainNight",
    "Collision Type": "Actor(id=2803, type=vehicle.ford.crown)",
    "Time to Collision": 14.337000370025635,
    "Speed at Collision": 24.69504830638186,
    "Intensity": 12096.047110115858
  },
  {
    "Scenario Name": "StaticCutIn_492",
    "Scenario Description": " Cut in(with static vehicle) scenario synchronizes a vehicle that is parked at a side lane to cut in in front of the ego vehicle, forcing it to break",
    "Map": "Map(name=Carla/Maps/Town04)",
    "No of Back Vehicles": 8,
    "Adversary Speed": 5,
    "Collision": true,
    "Weather": "ClearNoon",
    "Collision Type": "Actor(id=2883, type=vehicle.ford.mustang)",
    "Time to Collision": 10.146997213363647,
    "Speed at Collision": 30.9257956061991,
    "Intensity": 24736.56757110876
  },
  {
    "Scenario Name": "StaticCutIn_493",
    "Scenario Description": " Cut in(with static vehicle) scenario synchronizes a vehicle that is parked at a side lane to cut in in front of the ego vehicle, forcing it to break",
    "Map": "Map(name=Carla/Maps/Town04)",
    "No of Back Vehicles": 18,
    "Adversary Speed": 5,
    "Collision": true,
    "Weather": "ClearNight",
    "Collision Type": "Actor(id=2913, type=vehicle.nissan.patrol_2021)",
    "Time to Collision": 14.553001642227173,
    "Speed at Collision": 26.600266168250297,
    "Intensity": 17178.97074757003
  },
  {
    "Scenario Name": "StaticCutIn_494",
    "Scenario Description": " Cut in(with static vehicle) scenario synchronizes a vehicle that is parked at a side lane to cut in in front of the ego vehicle, forcing it to break",
    "Map": "Map(name=Carla/Maps/Town04)",
    "No of Back Vehicles": 23,
    "Adversary Speed": 5,
    "Collision": true,
    "Weather": "HardRainNoon",
    "Collision Type": "Actor(id=2948, type=vehicle.mercedes.coupe_2020)",
    "Time to Collision": 19.906001567840576,
    "Speed at Collision": 21.237894464616264,
    "Intensity": 22354.236785092733
  },
  {
    "Scenario Name": "StaticCutIn_495",
    "Scenario Description": " Cut in(with static vehicle) scenario synchronizes a vehicle that is parked at a side lane to cut in in front of the ego vehicle, forcing it to break",
    "Map": "Map(name=Carla/Maps/Town04)",
    "No of Back Vehicles": 21,
    "Adversary Speed": 5,
    "Collision": true,
    "Weather": "ClearNoon",
    "Collision Type": "Actor(id=2981, type=vehicle.dodge.charger_police_2020)",
    "Time to Collision": 17.844001531600952,
    "Speed at Collision": 22.07502624830342,
    "Intensity": 23404.1397817507
  },
  {
    "Scenario Name": "StaticCutIn_496",
    "Scenario Description": " Cut in(with static vehicle) scenario synchronizes a vehicle that is parked at a side lane to cut in in front of the ego vehicle, forcing it to break",
    "Map": "Map(name=Carla/Maps/Town04)",
    "No of Back Vehicles": 4,
    "Adversary Speed": 5,
    "Collision": true,
    "Weather": "HardRainNight",
    "Collision Type": "Actor(id=2997, type=vehicle.lincoln.mkz_2020)",
    "Time to Collision": 11.40200138092041,
    "Speed at Collision": 15.378600491683132,
    "Intensity": 14031.461979290276
  },
  {
    "Scenario Name": "StaticCutIn_497",
    "Scenario Description": " Cut in(with static vehicle) scenario synchronizes a vehicle that is parked at a side lane to cut in in front of the ego vehicle, forcing it to break",
    "Map": "Map(name=Carla/Maps/Town04)",
    "No of Back Vehicles": 21,
    "Adversary Speed": 5,
    "Collision": true,
    "Weather": "ClearNoon",
    "Collision Type": "Actor(id=3030, type=vehicle.dodge.charger_police_2020)",
    "Time to Collision": 15.13499927520752,
    "Speed at Collision": 29.262177744639587,
    "Intensity": 31941.850510580025
  }
]