[
  {
    "Scenario Name": "StaticCutIn_102",
    "Scenario Description": " Cut in(with static vehicle) scenario synchronizes a vehicle that is parked at a side lane to cut in in front of the ego vehicle, forcing it to break",
    "Map": "Map(name=Carla/Maps/Town04)",
    "No of Back Vehicles": 14,
    "Adversary Speed": 5,
    "Collision": false,
    "Weather": "HardRainNoon"
  },
  {
    "Scenario Name": "StaticCutIn_106",
    "Scenario Description": " Cut in(with static vehicle) scenario synchronizes a vehicle that is parked at a side lane to cut in in front of the ego vehicle, forcing it to break",
    "Map": "Map(name=Carla/Maps/Town04)",
    "No of Back Vehicles": 29,
    "Adversary Speed": 5,
    "Collision": false,
    "Weather": "ClearNight"
  },
  {
    "Scenario Name": "StaticCutIn_107",
    "Scenario Description": " Cut in(with static vehicle) scenario synchronizes a vehicle that is parked at a side lane to cut in in front of the ego vehicle, forcing it to break",
    "Map": "Map(name=Carla/Maps/Town04)",
    "No of Back Vehicles": 31,
    "Adversary Speed": 5,
    "Collision": false,
    "Weather": "ClearNoon"
  },
  {
    "Scenario Name": "StaticCutIn_108",
    "Scenario Description": " Cut in(with static vehicle) scenario synchronizes a vehicle that is parked at a side lane to cut in in front of the ego vehicle, forcing it to break",
    "Map": "Map(name=Carla/Maps/Town04)",
    "No of Back Vehicles": 34,
    "Adversary Speed": 5,
    "Collision": false,
    "Weather": "HardRainNoon"
  },
  {
    "Scenario Name": "StaticCutIn_109",
    "Scenario Description": " Cut in(with static vehicle) scenario synchronizes a vehicle that is parked at a side lane to cut in in front of the ego vehicle, forcing it to break",
    "Map": "Map(name=Carla/Maps/Town04)",
    "No of Back Vehicles": 20,
    "Adversary Speed": 5,
    "Collision": false,
    "Weather": "HardRainNoon"
  },
  {
    "Scenario Name": "StaticCutIn_110",
    "Scenario Description": " Cut in(with static vehicle) scenario synchronizes a vehicle that is parked at a side lane to cut in in front of the ego vehicle, forcing it to break",
    "Map": "Map(name=Carla/Maps/Town04)",
    "No of Back Vehicles": 31,
    "Adversary Speed": 5,
    "Collision": false,
    "Weather": "ClearNight"
  },
  {
    "Scenario Name": "StaticCutIn_111",
    "Scenario Description": " Cut in(with static vehicle) scenario synchronizes a vehicle that is parked at a side lane to cut in in front of the ego vehicle, forcing it to break",
    "Map": "Map(name=Carla/Maps/Town04)",
    "No of Back Vehicles": 28,
    "Adversary Speed": 5,
    "Collision": false,
    "Weather": "ClearNight"
  },
  {
    "Scenario Name": "StaticCutIn_116",
    "Scenario Description": " Cut in(with static vehicle) scenario synchronizes a vehicle that is parked at a side lane to cut in in front of the ego vehicle, forcing it to break",
    "Map": "Map(name=Carla/Maps/Town04)",
    "No of Back Vehicles": 26,
    "Adversary Speed": 5,
    "Collision": false,
    "Weather": "HardRainNoon"
  },
  {
    "Scenario Name": "StaticCutIn_118",
    "Scenario Description": " Cut in(with static vehicle) scenario synchronizes a vehicle that is parked at a side lane to cut in in front of the ego vehicle, forcing it to break",
    "Map": "Map(name=Carla/Maps/Town04)",
    "No of Back Vehicles": 34,
    "Adversary Speed": 5,
    "Collision": false,
    "Weather": "ClearNoon"
  },
  {
    "Scenario Name": "StaticCutIn_119",
    "Scenario Description": " Cut in(with static vehicle) scenario synchronizes a vehicle that is parked at a side lane to cut in in front of the ego vehicle, forcing it to break",
    "Map": "Map(name=Carla/Maps/Town04)",
    "No of Back Vehicles": 24,
    "Adversary Speed": 5,
    "Collision": false,
    "Weather": "HardRainNight"
  },
  {
    "Scenario Name": "StaticCutIn_120",
    "Scenario Description": " Cut in(with static vehicle) scenario synchronizes a vehicle that is parked at a side lane to cut in in front of the ego vehicle, forcing it to break",
    "Map": "Map(name=Carla/Maps/Town04)",
    "No of Back Vehicles": 18,
    "Adversary Speed": 5,
    "Collision": false,
    "Weather": "ClearNight"
  },
  {
    "Scenario Name": "StaticCutIn_126",
    "Scenario Description": " Cut in(with static vehicle) scenario synchronizes a vehicle that is parked at a side lane to cut in in front of the ego vehicle, forcing it to break",
    "Map": "Map(name=Carla/Maps/Town04)",
    "No of Back Vehicles": 13,
    "Adversary Speed": 5,
    "Collision": false,
    "Weather": "ClearNoon"
  },
  {
    "Scenario Name": "StaticCutIn_127",
    "Scenario Description": " Cut in(with static vehicle) scenario synchronizes a vehicle that is parked at a side lane to cut in in front of the ego vehicle, forcing it to break",
    "Map": "Map(name=Carla/Maps/Town04)",
    "No of Back Vehicles": 22,
    "Adversary Speed": 5,
    "Collision": false,
    "Weather": "ClearNight"
  },
  {
    "Scenario Name": "StaticCutIn_129",
    "Scenario Description": " Cut in(with static vehicle) scenario synchronizes a vehicle that is parked at a side lane to cut in in front of the ego vehicle, forcing it to break",
    "Map": "Map(name=Carla/Maps/Town04)",
    "No of Back Vehicles": 21,
    "Adversary Speed": 5,
    "Collision": false,
    "Weather": "HardRainNight"
  },
  {
    "Scenario Name": "StaticCutIn_131",
    "Scenario Description": " Cut in(with static vehicle) scenario synchronizes a vehicle that is parked at a side lane to cut in in front of the ego vehicle, forcing it to break",
    "Map": "Map(name=Carla/Maps/Town04)",
    "No of Back Vehicles": 5,
    "Adversary Speed": 5,
    "Collision": false,
    "Weather": "ClearNoon"
  },
  {
    "Scenario Name": "StaticCutIn_132",
    "Scenario Description": " Cut in(with static vehicle) scenario synchronizes a vehicle that is parked at a side lane to cut in in front of the ego vehicle, forcing it to break",
    "Map": "Map(name=Carla/Maps/Town04)",
    "No of Back Vehicles": 18,
    "Adversary Speed": 5,
    "Collision": false,
    "Weather": "HardRainNoon"
  },
  {
    "Scenario Name": "StaticCutIn_133",
    "Scenario Description": " Cut in(with static vehicle) scenario synchronizes a vehicle that is parked at a side lane to cut in in front of the ego vehicle, forcing it to break",
    "Map": "Map(name=Carla/Maps/Town04)",
    "No of Back Vehicles": 18,
    "Adversary Speed": 5,
    "Collision": false,
    "Weather": "ClearNoon"
  },
  {
    "Scenario Name": "StaticCutIn_134",
    "Scenario Description": " Cut in(with static vehicle) scenario synchronizes a vehicle that is parked at a side lane to cut in in front of the ego vehicle, forcing it to break",
    "Map": "Map(name=Carla/Maps/Town04)",
    "No of Back Vehicles": 23,
    "Adversary Speed": 5,
    "Collision": false,
    "Weather": "ClearNight"
  },
  {
    "Scenario Name": "StaticCutIn_135",
    "Scenario Description": " Cut in(with static vehicle) scenario synchronizes a vehicle that is parked at a side lane to cut in in front of the ego vehicle, forcing it to break",
    "Map": "Map(name=Carla/Maps/Town04)",
    "No of Back Vehicles": 13,
    "Adversary Speed": 5,
    "Collision": false,
    "Weather": "HardRainNight"
  },
  {
    "Scenario Name": "StaticCutIn_137",
    "Scenario Description": " Cut in(with static vehicle) scenario synchronizes a vehicle that is parked at a side lane to cut in in front of the ego vehicle, forcing it to break",
    "Map": "Map(name=Carla/Maps/Town04)",
    "No of Back Vehicles": 29,
    "Adversary Speed": 5,
    "Collision": false,
    "Weather": "ClearNoon"
  },
  {
    "Scenario Name": "StaticCutIn_138",
    "Scenario Description": " Cut in(with static vehicle) scenario synchronizes a vehicle that is parked at a side lane to cut in in front of the ego vehicle, forcing it to break",
    "Map": "Map(name=Carla/Maps/Town04)",
    "No of Back Vehicles": 11,
    "Adversary Speed": 5,
    "Collision": false,
    "Weather": "HardRainNight"
  },
  {
    "Scenario Name": "StaticCutIn_139",
    "Scenario Description": " Cut in(with static vehicle) scenario synchronizes a vehicle that is parked at a side lane to cut in in front of the ego vehicle, forcing it to break",
    "Map": "Map(name=Carla/Maps/Town04)",
    "No of Back Vehicles": 21,
    "Adversary Speed": 5,
    "Collision": false,
    "Weather": "HardRainNoon"
  },
  {
    "Scenario Name": "StaticCutIn_140",
    "Scenario Description": " Cut in(with static vehicle) scenario synchronizes a vehicle that is parked at a side lane to cut in in front of the ego vehicle, forcing it to break",
    "Map": "Map(name=Carla/Maps/Town04)",
    "No of Back Vehicles": 18,
    "Adversary Speed": 5,
    "Collision": false,
    "Weather": "HardRainNight"
  },
  {
    "Scenario Name": "StaticCutIn_144",
    "Scenario Description": " Cut in(with static vehicle) scenario synchronizes a vehicle that is parked at a side lane to cut in in front of the ego vehicle, forcing it to break",
    "Map": "Map(name=Carla/Maps/Town04)",
    "No of Back Vehicles": 33,
    "Adversary Speed": 5,
    "Collision": false,
    "Weather": "ClearNoon"
  },
  {
    "Scenario Name": "StaticCutIn_145",
    "Scenario Description": " Cut in(with static vehicle) scenario synchronizes a vehicle that is parked at a side lane to cut in in front of the ego vehicle, forcing it to break",
    "Map": "Map(name=Carla/Maps/Town04)",
    "No of Back Vehicles": 11,
    "Adversary Speed": 5,
    "Collision": false,
    "Weather": "ClearNoon"
  },
  {
    "Scenario Name": "StaticCutIn_147",
    "Scenario Description": " Cut in(with static vehicle) scenario synchronizes a vehicle that is parked at a side lane to cut in in front of the ego vehicle, forcing it to break",
    "Map": "Map(name=Carla/Maps/Town04)",
    "No of Back Vehicles": 26,
    "Adversary Speed": 5,
    "Collision": false,
    "Weather": "HardRainNoon"
  },
  {
    "Scenario Name": "StaticCutIn_148",
    "Scenario Description": " Cut in(with static vehicle) scenario synchronizes a vehicle that is parked at a side lane to cut in in front of the ego vehicle, forcing it to break",
    "Map": "Map(name=Carla/Maps/Town04)",
    "No of Back Vehicles": 21,
    "Adversary Speed": 5,
    "Collision": false,
    "Weather": "HardRainNight"
  },
  {
    "Scenario Name": "StaticCutIn_153",
    "Scenario Description": " Cut in(with static vehicle) scenario synchronizes a vehicle that is parked at a side lane to cut in in front of the ego vehicle, forcing it to break",
    "Map": "Map(name=Carla/Maps/Town04)",
    "No of Back Vehicles": 16,
    "Adversary Speed": 5,
    "Collision": false,
    "Weather": "ClearNight"
  },
  {
    "Scenario Name": "StaticCutIn_154",
    "Scenario Description": " Cut in(with static vehicle) scenario synchronizes a vehicle that is parked at a side lane to cut in in front of the ego vehicle, forcing it to break",
    "Map": "Map(name=Carla/Maps/Town04)",
    "No of Back Vehicles": 32,
    "Adversary Speed": 5,
    "Collision": false,
    "Weather": "ClearNight"
  },
  {
    "Scenario Name": "StaticCutIn_155",
    "Scenario Description": " Cut in(with static vehicle) scenario synchronizes a vehicle that is parked at a side lane to cut in in front of the ego vehicle, forcing it to break",
    "Map": "Map(name=Carla/Maps/Town04)",
    "No of Back Vehicles": 24,
    "Adversary Speed": 5,
    "Collision": false,
    "Weather": "ClearNight"
  },
  {
    "Scenario Name": "StaticCutIn_157",
    "Scenario Description": " Cut in(with static vehicle) scenario synchronizes a vehicle that is parked at a side lane to cut in in front of the ego vehicle, forcing it to break",
    "Map": "Map(name=Carla/Maps/Town04)",
    "No of Back Vehicles": 6,
    "Adversary Speed": 5,
    "Collision": false,
    "Weather": "HardRainNight"
  },
  {
    "Scenario Name": "StaticCutIn_159",
    "Scenario Description": " Cut in(with static vehicle) scenario synchronizes a vehicle that is parked at a side lane to cut in in front of the ego vehicle, forcing it to break",
    "Map": "Map(name=Carla/Maps/Town04)",
    "No of Back Vehicles": 35,
    "Adversary Speed": 5,
    "Collision": false,
    "Weather": "HardRainNight"
  },
  {
    "Scenario Name": "StaticCutIn_161",
    "Scenario Description": " Cut in(with static vehicle) scenario synchronizes a vehicle that is parked at a side lane to cut in in front of the ego vehicle, forcing it to break",
    "Map": "Map(name=Carla/Maps/Town04)",
    "No of Back Vehicles": 13,
    "Adversary Speed": 5,
    "Collision": false,
    "Weather": "ClearNight"
  },
  {
    "Scenario Name": "StaticCutIn_163",
    "Scenario Description": " Cut in(with static vehicle) scenario synchronizes a vehicle that is parked at a side lane to cut in in front of the ego vehicle, forcing it to break",
    "Map": "Map(name=Carla/Maps/Town04)",
    "No of Back Vehicles": 33,
    "Adversary Speed": 5,
    "Collision": false,
    "Weather": "HardRainNoon"
  },
  {
    "Scenario Name": "StaticCutIn_165",
    "Scenario Description": " Cut in(with static vehicle) scenario synchronizes a vehicle that is parked at a side lane to cut in in front of the ego vehicle, forcing it to break",
    "Map": "Map(name=Carla/Maps/Town04)",
    "No of Back Vehicles": 6,
    "Adversary Speed": 5,
    "Collision": false,
    "Weather": "ClearNoon"
  },
  {
    "Scenario Name": "StaticCutIn_166",
    "Scenario Description": " Cut in(with static vehicle) scenario synchronizes a vehicle that is parked at a side lane to cut in in front of the ego vehicle, forcing it to break",
    "Map": "Map(name=Carla/Maps/Town04)",
    "No of Back Vehicles": 34,
    "Adversary Speed": 5,
    "Collision": false,
    "Weather": "HardRainNoon"
  },
  {
    "Scenario Name": "StaticCutIn_169",
    "Scenario Description": " Cut in(with static vehicle) scenario synchronizes a vehicle that is parked at a side lane to cut in in front of the ego vehicle, forcing it to break",
    "Map": "Map(name=Carla/Maps/Town04)",
    "No of Back Vehicles": 34,
    "Adversary Speed": 5,
    "Collision": false,
    "Weather": "HardRainNoon"
  },
  {
    "Scenario Name": "StaticCutIn_170",
    "Scenario Description": " Cut in(with static vehicle) scenario synchronizes a vehicle that is parked at a side lane to cut in in front of the ego vehicle, forcing it to break",
    "Map": "Map(name=Carla/Maps/Town04)",
    "No of Back Vehicles": 19,
    "Adversary Speed": 5,
    "Collision": false,
    "Weather": "ClearNight"
  },
  {
    "Scenario Name": "StaticCutIn_172",
    "Scenario Description": " Cut in(with static vehicle) scenario synchronizes a vehicle that is parked at a side lane to cut in in front of the ego vehicle, forcing it to break",
    "Map": "Map(name=Carla/Maps/Town04)",
    "No of Back Vehicles": 23,
    "Adversary Speed": 5,
    "Collision": false,
    "Weather": "ClearNight"
  },
  {
    "Scenario Name": "StaticCutIn_173",
    "Scenario Description": " Cut in(with static vehicle) scenario synchronizes a vehicle that is parked at a side lane to cut in in front of the ego vehicle, forcing it to break",
    "Map": "Map(name=Carla/Maps/Town04)",
    "No of Back Vehicles": 22,
    "Adversary Speed": 5,
    "Collision": false,
    "Weather": "HardRainNight"
  },
  {
    "Scenario Name": "StaticCutIn_174",
    "Scenario Description": " Cut in(with static vehicle) scenario synchronizes a vehicle that is parked at a side lane to cut in in front of the ego vehicle, forcing it to break",
    "Map": "Map(name=Carla/Maps/Town04)",
    "No of Back Vehicles": 28,
    "Adversary Speed": 5,
    "Collision": false,
    "Weather": "HardRainNoon"
  },
  {
    "Scenario Name": "StaticCutIn_175",
    "Scenario Description": " Cut in(with static vehicle) scenario synchronizes a vehicle that is parked at a side lane to cut in in front of the ego vehicle, forcing it to break",
    "Map": "Map(name=Carla/Maps/Town04)",
    "No of Back Vehicles": 28,
    "Adversary Speed": 5,
    "Collision": false,
    "Weather": "ClearNoon"
  },
  {
    "Scenario Name": "StaticCutIn_176",
    "Scenario Description": " Cut in(with static vehicle) scenario synchronizes a vehicle that is parked at a side lane to cut in in front of the ego vehicle, forcing it to break",
    "Map": "Map(name=Carla/Maps/Town04)",
    "No of Back Vehicles": 17,
    "Adversary Speed": 5,
    "Collision": false,
    "Weather": "ClearNoon"
  },
  {
    "Scenario Name": "StaticCutIn_177",
    "Scenario Description": " Cut in(with static vehicle) scenario synchronizes a vehicle that is parked at a side lane to cut in in front of the ego vehicle, forcing it to break",
    "Map": "Map(name=Carla/Maps/Town04)",
    "No of Back Vehicles": 4,
    "Adversary Speed": 5,
    "Collision": false,
    "Weather": "ClearNoon"
  },
  {
    "Scenario Name": "StaticCutIn_179",
    "Scenario Description": " Cut in(with static vehicle) scenario synchronizes a vehicle that is parked at a side lane to cut in in front of the ego vehicle, forcing it to break",
    "Map": "Map(name=Carla/Maps/Town04)",
    "No of Back Vehicles": 35,
    "Adversary Speed": 5,
    "Collision": false,
    "Weather": "ClearNoon"
  },
  {
    "Scenario Name": "StaticCutIn_180",
    "Scenario Description": " Cut in(with static vehicle) scenario synchronizes a vehicle that is parked at a side lane to cut in in front of the ego vehicle, forcing it to break",
    "Map": "Map(name=Carla/Maps/Town04)",
    "No of Back Vehicles": 27,
    "Adversary Speed": 5,
    "Collision": false,
    "Weather": "HardRainNight"
  },
  {
    "Scenario Name": "StaticCutIn_181",
    "Scenario Description": " Cut in(with static vehicle) scenario synchronizes a vehicle that is parked at a side lane to cut in in front of the ego vehicle, forcing it to break",
    "Map": "Map(name=Carla/Maps/Town04)",
    "No of Back Vehicles": 34,
    "Adversary Speed": 5,
    "Collision": false,
    "Weather": "HardRainNight"
  },
  {
    "Scenario Name": "StaticCutIn_184",
    "Scenario Description": " Cut in(with static vehicle) scenario synchronizes a vehicle that is parked at a side lane to cut in in front of the ego vehicle, forcing it to break",
    "Map": "Map(name=Carla/Maps/Town04)",
    "No of Back Vehicles": 21,
    "Adversary Speed": 5,
    "Collision": false,
    "Weather": "HardRainNoon"
  },
  {
    "Scenario Name": "StaticCutIn_185",
    "Scenario Description": " Cut in(with static vehicle) scenario synchronizes a vehicle that is parked at a side lane to cut in in front of the ego vehicle, forcing it to break",
    "Map": "Map(name=Carla/Maps/Town04)",
    "No of Back Vehicles": 32,
    "Adversary Speed": 5,
    "Collision": false,
    "Weather": "HardRainNoon"
  },
  {
    "Scenario Name": "StaticCutIn_189",
    "Scenario Description": " Cut in(with static vehicle) scenario synchronizes a vehicle that is parked at a side lane to cut in in front of the ego vehicle, forcing it to break",
    "Map": "Map(name=Carla/Maps/Town04)",
    "No of Back Vehicles": 13,
    "Adversary Speed": 5,
    "Collision": false,
    "Weather": "HardRainNoon"
  },
  {
    "Scenario Name": "StaticCutIn_191",
    "Scenario Description": " Cut in(with static vehicle) scenario synchronizes a vehicle that is parked at a side lane to cut in in front of the ego vehicle, forcing it to break",
    "Map": "Map(name=Carla/Maps/Town04)",
    "No of Back Vehicles": 30,
    "Adversary Speed": 5,
    "Collision": false,
    "Weather": "ClearNight"
  },
  {
    "Scenario Name": "StaticCutIn_192",
    "Scenario Description": " Cut in(with static vehicle) scenario synchronizes a vehicle that is parked at a side lane to cut in in front of the ego vehicle, forcing it to break",
    "Map": "Map(name=Carla/Maps/Town04)",
    "No of Back Vehicles": 22,
    "Adversary Speed": 5,
    "Collision": false,
    "Weather": "HardRainNight"
  },
  {
    "Scenario Name": "StaticCutIn_197",
    "Scenario Description": " Cut in(with static vehicle) scenario synchronizes a vehicle that is parked at a side lane to cut in in front of the ego vehicle, forcing it to break",
    "Map": "Map(name=Carla/Maps/Town04)",
    "No of Back Vehicles": 5,
    "Adversary Speed": 5,
    "Collision": false,
    "Weather": "ClearNoon"
  },
  {
    "Scenario Name": "StaticCutIn_198",
    "Scenario Description": " Cut in(with static vehicle) scenario synchronizes a vehicle that is parked at a side lane to cut in in front of the ego vehicle, forcing it to break",
    "Map": "Map(name=Carla/Maps/Town04)",
    "No of Back Vehicles": 25,
    "Adversary Speed": 5,
    "Collision": false,
    "Weather": "ClearNight"
  },
  {
    "Scenario Name": "StaticCutIn_199",
    "Scenario Description": " Cut in(with static vehicle) scenario synchronizes a vehicle that is parked at a side lane to cut in in front of the ego vehicle, forcing it to break",
    "Map": "Map(name=Carla/Maps/Town04)",
    "No of Back Vehicles": 25,
    "Adversary Speed": 5,
    "Collision": false,
    "Weather": "ClearNight"
  }
]