[
  {
    "Scenario Name": "StaticCutIn",
    "Scenario Description": " Cut in(with static vehicle) scenario synchronizes a vehicle that is parked at a side lane to cut in in front of the ego vehicle, forcing it to break",
    "Map": "Map(name=Carla/Maps/Town04)",
    "No of Back Vehicles": 35,
    "Adversary Speed": 5,
    "Collision": true,
    "Weather": "ClearNoon",
    "Collision Type": "Actor(id=184, type=vehicle.dodge.charger_police)",
    "Time to Collision": 19.601036548614502,
    "Speed at Collision": 31.10358134991748,
    "Intensity": 34922.79250952899
  },
  {
    "Scenario Name": "StaticCutIn_5",
    "Scenario Description": " Cut in(with static vehicle) scenario synchronizes a vehicle that is parked at a side lane to cut in in front of the ego vehicle, forcing it to break",
    "Map": "Map(name=Carla/Maps/Town04)",
    "No of Back Vehicles": 2,
    "Adversary Speed": 5,
    "Collision": true,
    "Weather": "ClearNoon",
    "Collision Type": "Actor(id=309, type=vehicle.ford.mustang)",
    "Time to Collision": 11.91400146484375,
    "Speed at Collision": 12.253626872422146,
    "Intensity": 6320.858073510567
  },
  {
    "Scenario Name": "StaticCutIn_8",
    "Scenario Description": " Cut in(with static vehicle) scenario synchronizes a vehicle that is parked at a side lane to cut in in front of the ego vehicle, forcing it to break",
    "Map": "Map(name=Carla/Maps/Town04)",
    "No of Back Vehicles": 4,
    "Adversary Speed": 5,
    "Collision": true,
    "Weather": "ClearNoon",
    "Collision Type": "Actor(id=381, type=vehicle.lincoln.mkz_2020)",
    "Time to Collision": 9.66400146484375,
    "Speed at Collision": 21.64360237708248,
    "Intensity": 17183.49978393953
  },
  {
    "Scenario Name": "StaticCutIn_10",
    "Scenario Description": " Cut in(with static vehicle) scenario synchronizes a vehicle that is parked at a side lane to cut in in front of the ego vehicle, forcing it to break",
    "Map": "Map(name=Carla/Maps/Town04)",
    "No of Back Vehicles": 16,
    "Adversary Speed": 5,
    "Collision": true,
    "Weather": "HardRainNoon",
    "Collision Type": "Actor(id=450, type=vehicle.ford.crown)",
    "Time to Collision": 12.868999242782593,
    "Speed at Collision": 31.070560950772638,
    "Intensity": 15031.42378225665
  },
  {
    "Scenario Name": "StaticCutIn_11",
    "Scenario Description": " Cut in(with static vehicle) scenario synchronizes a vehicle that is parked at a side lane to cut in in front of the ego vehicle, forcing it to break",
    "Map": "Map(name=Carla/Maps/Town04)",
    "No of Back Vehicles": 12,
    "Adversary Speed": 5,
    "Collision": true,
    "Weather": "ClearNoon",
    "Collision Type": "Actor(id=474, type=vehicle.dodge.charger_police_2020)",
    "Time to Collision": 15.18000078201294,
    "Speed at Collision": 18.07721929396554,
    "Intensity": 18264.04851489291
  },
  {
    "Scenario Name": "StaticCutIn_12",
    "Scenario Description": " Cut in(with static vehicle) scenario synchronizes a vehicle that is parked at a side lane to cut in in front of the ego vehicle, forcing it to break",
    "Map": "Map(name=Carla/Maps/Town04)",
    "No of Back Vehicles": 23,
    "Adversary Speed": 5,
    "Collision": true,
    "Weather": "ClearNoon",
    "Collision Type": "Actor(id=509, type=vehicle.mercedes.coupe_2020)",
    "Time to Collision": 17.348999977111816,
    "Speed at Collision": 25.3005089455173,
    "Intensity": 26547.072648307898
  },
  {
    "Scenario Name": "StaticCutIn_17",
    "Scenario Description": " Cut in(with static vehicle) scenario synchronizes a vehicle that is parked at a side lane to cut in in front of the ego vehicle, forcing it to break",
    "Map": "Map(name=Carla/Maps/Town04)",
    "No of Back Vehicles": 5,
    "Adversary Speed": 5,
    "Collision": true,
    "Weather": "ClearNight",
    "Collision Type": "Actor(id=672, type=vehicle.dodge.charger_police)",
    "Time to Collision": 9.133997917175293,
    "Speed at Collision": 29.397984339531725,
    "Intensity": 33032.5793643014
  },
  {
    "Scenario Name": "StaticCutIn_19",
    "Scenario Description": " Cut in(with static vehicle) scenario synchronizes a vehicle that is parked at a side lane to cut in in front of the ego vehicle, forcing it to break",
    "Map": "Map(name=Carla/Maps/Town04)",
    "No of Back Vehicles": 21,
    "Adversary Speed": 5,
    "Collision": true,
    "Weather": "HardRainNoon",
    "Collision Type": "Actor(id=728, type=vehicle.dodge.charger_police_2020)",
    "Time to Collision": 16.343000411987305,
    "Speed at Collision": 26.38794718891757,
    "Intensity": 30926.072520625254
  },
  {
    "Scenario Name": "StaticCutIn_21",
    "Scenario Description": " Cut in(with static vehicle) scenario synchronizes a vehicle that is parked at a side lane to cut in in front of the ego vehicle, forcing it to break",
    "Map": "Map(name=Carla/Maps/Town04)",
    "No of Back Vehicles": 4,
    "Adversary Speed": 5,
    "Collision": true,
    "Weather": "ClearNoon",
    "Collision Type": "Actor(id=762, type=vehicle.lincoln.mkz_2020)",
    "Time to Collision": 9.622002840042114,
    "Speed at Collision": 20.655035008230765,
    "Intensity": 19815.31190654949
  },
  {
    "Scenario Name": "StaticCutIn_22",
    "Scenario Description": " Cut in(with static vehicle) scenario synchronizes a vehicle that is parked at a side lane to cut in in front of the ego vehicle, forcing it to break",
    "Map": "Map(name=Carla/Maps/Town04)",
    "No of Back Vehicles": 17,
    "Adversary Speed": 5,
    "Collision": true,
    "Weather": "HardRainNoon",
    "Collision Type": "Actor(id=791, type=vehicle.mercedes.coupe_2020)",
    "Time to Collision": 13.603001832962036,
    "Speed at Collision": 29.230737866864033,
    "Intensity": 30721.416541477203
  },
  {
    "Scenario Name": "StaticCutIn_27",
    "Scenario Description": " Cut in(with static vehicle) scenario synchronizes a vehicle that is parked at a side lane to cut in in front of the ego vehicle, forcing it to break",
    "Map": "Map(name=Carla/Maps/Town04)",
    "No of Back Vehicles": 12,
    "Adversary Speed": 5,
    "Collision": true,
    "Weather": "HardRainNight",
    "Collision Type": "Actor(id=946, type=vehicle.dodge.charger_police_2020)",
    "Time to Collision": 13.778000593185425,
    "Speed at Collision": 21.369561079941175,
    "Intensity": 22689.85709050725
  },
  {
    "Scenario Name": "StaticCutIn_32",
    "Scenario Description": " Cut in(with static vehicle) scenario synchronizes a vehicle that is parked at a side lane to cut in in front of the ego vehicle, forcing it to break",
    "Map": "Map(name=Carla/Maps/Town04)",
    "No of Back Vehicles": 10,
    "Adversary Speed": 5,
    "Collision": true,
    "Weather": "HardRainNoon",
    "Collision Type": "Actor(id=1122, type=vehicle.dodge.charger_2020)",
    "Time to Collision": 11.313000917434692,
    "Speed at Collision": 27.270201235065883,
    "Intensity": 30331.594273786835
  },
  {
    "Scenario Name": "StaticCutIn_35",
    "Scenario Description": " Cut in(with static vehicle) scenario synchronizes a vehicle that is parked at a side lane to cut in in front of the ego vehicle, forcing it to break",
    "Map": "Map(name=Carla/Maps/Town04)",
    "No of Back Vehicles": 10,
    "Adversary Speed": 5,
    "Collision": true,
    "Weather": "HardRainNoon",
    "Collision Type": "Actor(id=1234, type=vehicle.dodge.charger_2020)",
    "Time to Collision": 12.743002891540527,
    "Speed at Collision": 21.00051188493133,
    "Intensity": 22447.17202155607
  },
  {
    "Scenario Name": "StaticCutIn_37",
    "Scenario Description": " Cut in(with static vehicle) scenario synchronizes a vehicle that is parked at a side lane to cut in in front of the ego vehicle, forcing it to break",
    "Map": "Map(name=Carla/Maps/Town04)",
    "No of Back Vehicles": 3,
    "Adversary Speed": 5,
    "Collision": true,
    "Weather": "ClearNight",
    "Collision Type": "Actor(id=1263, type=vehicle.tesla.model3)",
    "Time to Collision": 16.28399109840393,
    "Speed at Collision": 8.915923440788264,
    "Intensity": 9636.869737269475
  },
  {
    "Scenario Name": "StaticCutIn_38",
    "Scenario Description": " Cut in(with static vehicle) scenario synchronizes a vehicle that is parked at a side lane to cut in in front of the ego vehicle, forcing it to break",
    "Map": "Map(name=Carla/Maps/Town04)",
    "No of Back Vehicles": 22,
    "Adversary Speed": 5,
    "Collision": true,
    "Weather": "ClearNoon",
    "Collision Type": "Actor(id=1297, type=vehicle.lincoln.mkz_2017)",
    "Time to Collision": 17.219998121261597,
    "Speed at Collision": 24.857558119855387,
    "Intensity": 26559.06540998295
  },
  {
    "Scenario Name": "StaticCutIn_39",
    "Scenario Description": " Cut in(with static vehicle) scenario synchronizes a vehicle that is parked at a side lane to cut in in front of the ego vehicle, forcing it to break",
    "Map": "Map(name=Carla/Maps/Town04)",
    "No of Back Vehicles": 24,
    "Adversary Speed": 5,
    "Collision": true,
    "Weather": "HardRainNoon",
    "Collision Type": "Actor(id=1333, type=vehicle.nissan.patrol_2021)",
    "Time to Collision": 18.756000757217407,
    "Speed at Collision": 23.475563509525777,
    "Intensity": 10193.564441924675
  },
  {
    "Scenario Name": "StaticCutIn_42",
    "Scenario Description": " Cut in(with static vehicle) scenario synchronizes a vehicle that is parked at a side lane to cut in in front of the ego vehicle, forcing it to break",
    "Map": "Map(name=Carla/Maps/Town04)",
    "No of Back Vehicles": 11,
    "Adversary Speed": 5,
    "Collision": true,
    "Weather": "HardRainNight",
    "Collision Type": "Actor(id=1425, type=vehicle.dodge.charger_2020)",
    "Time to Collision": 12.061000347137451,
    "Speed at Collision": 25.034986917399547,
    "Intensity": 28764.18530793577
  },
  {
    "Scenario Name": "StaticCutIn_43",
    "Scenario Description": " Cut in(with static vehicle) scenario synchronizes a vehicle that is parked at a side lane to cut in in front of the ego vehicle, forcing it to break",
    "Map": "Map(name=Carla/Maps/Town04)",
    "No of Back Vehicles": 28,
    "Adversary Speed": 5,
    "Collision": true,
    "Weather": "HardRainNoon",
    "Collision Type": "Actor(id=1465, type=vehicle.dodge.charger_police_2020)",
    "Time to Collision": 19.310001611709595,
    "Speed at Collision": 25.64457067063336,
    "Intensity": 28913.58257918574
  },
  {
    "Scenario Name": "StaticCutIn_44",
    "Scenario Description": " Cut in(with static vehicle) scenario synchronizes a vehicle that is parked at a side lane to cut in in front of the ego vehicle, forcing it to break",
    "Map": "Map(name=Carla/Maps/Town04)",
    "No of Back Vehicles": 8,
    "Adversary Speed": 5,
    "Collision": true,
    "Weather": "HardRainNoon",
    "Collision Type": "Actor(id=1485, type=vehicle.ford.mustang)",
    "Time to Collision": 17.630004167556763,
    "Speed at Collision": 12.490227789792476,
    "Intensity": 10197.143362982197
  },
  {
    "Scenario Name": "StaticCutIn_46",
    "Scenario Description": " Cut in(with static vehicle) scenario synchronizes a vehicle that is parked at a side lane to cut in in front of the ego vehicle, forcing it to break",
    "Map": "Map(name=Carla/Maps/Town04)",
    "No of Back Vehicles": 1,
    "Adversary Speed": 5,
    "Collision": true,
    "Weather": "HardRainNight",
    "Collision Type": "Actor(id=1539, type=vehicle.ford.mustang)",
    "Time to Collision": 10.387000560760498,
    "Speed at Collision": 12.771140386580043,
    "Intensity": 6500.665743615741
  },
  {
    "Scenario Name": "StaticCutIn_52",
    "Scenario Description": " Cut in(with static vehicle) scenario synchronizes a vehicle that is parked at a side lane to cut in in front of the ego vehicle, forcing it to break",
    "Map": "Map(name=Carla/Maps/Town04)",
    "No of Back Vehicles": 4,
    "Adversary Speed": 5,
    "Collision": true,
    "Weather": "ClearNight",
    "Collision Type": "Actor(id=1725, type=vehicle.lincoln.mkz_2020)",
    "Time to Collision": 15.769001960754395,
    "Speed at Collision": 10.341109706705707,
    "Intensity": 8895.729019608003
  },
  {
    "Scenario Name": "StaticCutIn_55",
    "Scenario Description": " Cut in(with static vehicle) scenario synchronizes a vehicle that is parked at a side lane to cut in in front of the ego vehicle, forcing it to break",
    "Map": "Map(name=Carla/Maps/Town04)",
    "No of Back Vehicles": 14,
    "Adversary Speed": 5,
    "Collision": true,
    "Weather": "ClearNight",
    "Collision Type": "Actor(id=1824, type=vehicle.dodge.charger_police_2020)",
    "Time to Collision": 13.939523220062256,
    "Speed at Collision": 23.127678998258336,
    "Intensity": 24167.093725082414
  },
  {
    "Scenario Name": "StaticCutIn_57",
    "Scenario Description": " Cut in(with static vehicle) scenario synchronizes a vehicle that is parked at a side lane to cut in in front of the ego vehicle, forcing it to break",
    "Map": "Map(name=Carla/Maps/Town04)",
    "No of Back Vehicles": 12,
    "Adversary Speed": 5,
    "Collision": true,
    "Weather": "HardRainNoon",
    "Collision Type": "Actor(id=1871, type=vehicle.dodge.charger_police_2020)",
    "Time to Collision": 15.993998289108276,
    "Speed at Collision": 17.07094588546099,
    "Intensity": 18352.38038414044
  },
  {
    "Scenario Name": "StaticCutIn_59",
    "Scenario Description": " Cut in(with static vehicle) scenario synchronizes a vehicle that is parked at a side lane to cut in in front of the ego vehicle, forcing it to break",
    "Map": "Map(name=Carla/Maps/Town04)",
    "No of Back Vehicles": 21,
    "Adversary Speed": 5,
    "Collision": true,
    "Weather": "ClearNoon",
    "Collision Type": "Actor(id=1946, type=vehicle.dodge.charger_police_2020)",
    "Time to Collision": 18.27700185775757,
    "Speed at Collision": 21.297189134085432,
    "Intensity": 21681.681766111342
  },
  {
    "Scenario Name": "StaticCutIn_65",
    "Scenario Description": " Cut in(with static vehicle) scenario synchronizes a vehicle that is parked at a side lane to cut in in front of the ego vehicle, forcing it to break",
    "Map": "Map(name=Carla/Maps/Town04)",
    "No of Back Vehicles": 22,
    "Adversary Speed": 5,
    "Collision": true,
    "Weather": "ClearNoon",
    "Collision Type": "Actor(id=2157, type=vehicle.lincoln.mkz_2017)",
    "Time to Collision": 16.48699712753296,
    "Speed at Collision": 26.317147300778093,
    "Intensity": 27729.340073965806
  },
  {
    "Scenario Name": "StaticCutIn_66",
    "Scenario Description": " Cut in(with static vehicle) scenario synchronizes a vehicle that is parked at a side lane to cut in in front of the ego vehicle, forcing it to break",
    "Map": "Map(name=Carla/Maps/Town04)",
    "No of Back Vehicles": 15,
    "Adversary Speed": 5,
    "Collision": true,
    "Weather": "ClearNoon",
    "Collision Type": "Actor(id=2184, type=vehicle.ford.mustang)",
    "Time to Collision": 13.124003887176514,
    "Speed at Collision": 27.63046645138424,
    "Intensity": 17747.805236269633
  },
  {
    "Scenario Name": "StaticCutIn_68",
    "Scenario Description": " Cut in(with static vehicle) scenario synchronizes a vehicle that is parked at a side lane to cut in in front of the ego vehicle, forcing it to break",
    "Map": "Map(name=Carla/Maps/Town04)",
    "No of Back Vehicles": 17,
    "Adversary Speed": 5,
    "Collision": true,
    "Weather": "HardRainNight",
    "Collision Type": "Actor(id=2245, type=vehicle.mercedes.coupe_2020)",
    "Time to Collision": 13.791003465652466,
    "Speed at Collision": 29.36386747316442,
    "Intensity": 30248.489882660477
  },
  {
    "Scenario Name": "StaticCutIn_69",
    "Scenario Description": " Cut in(with static vehicle) scenario synchronizes a vehicle that is parked at a side lane to cut in in front of the ego vehicle, forcing it to break",
    "Map": "Map(name=Carla/Maps/Town04)",
    "No of Back Vehicles": 13,
    "Adversary Speed": 5,
    "Collision": true,
    "Weather": "HardRainNoon",
    "Collision Type": "Actor(id=2270, type=vehicle.lincoln.mkz_2020)",
    "Time to Collision": 11.975998401641846,
    "Speed at Collision": 30.73301614601184,
    "Intensity": 32264.45014351454
  },
  {
    "Scenario Name": "StaticCutIn_70",
    "Scenario Description": " Cut in(with static vehicle) scenario synchronizes a vehicle that is parked at a side lane to cut in in front of the ego vehicle, forcing it to break",
    "Map": "Map(name=Carla/Maps/Town04)",
    "No of Back Vehicles": 7,
    "Adversary Speed": 5,
    "Collision": true,
    "Weather": "ClearNoon",
    "Collision Type": "Actor(id=2289, type=vehicle.mercedes.coupe_2020)",
    "Time to Collision": 11.993000507354736,
    "Speed at Collision": 18.605711804728926,
    "Intensity": 19633.720791092117
  },
  {
    "Scenario Name": "StaticCutIn_72",
    "Scenario Description": " Cut in(with static vehicle) scenario synchronizes a vehicle that is parked at a side lane to cut in in front of the ego vehicle, forcing it to break",
    "Map": "Map(name=Carla/Maps/Town04)",
    "No of Back Vehicles": 11,
    "Adversary Speed": 5,
    "Collision": true,
    "Weather": "ClearNoon",
    "Collision Type": "Actor(id=2345, type=vehicle.dodge.charger_2020)",
    "Time to Collision": 16.47899866104126,
    "Speed at Collision": 15.40859915734981,
    "Intensity": 16325.144028210612
  },
  {
    "Scenario Name": "StaticCutIn_73",
    "Scenario Description": " Cut in(with static vehicle) scenario synchronizes a vehicle that is parked at a side lane to cut in in front of the ego vehicle, forcing it to break",
    "Map": "Map(name=Carla/Maps/Town04)",
    "No of Back Vehicles": 7,
    "Adversary Speed": 5,
    "Collision": true,
    "Weather": "HardRainNight",
    "Collision Type": "Actor(id=2364, type=vehicle.mercedes.coupe_2020)",
    "Time to Collision": 18.907000064849854,
    "Speed at Collision": 10.727958786288259,
    "Intensity": 10288.12566547787
  },
  {
    "Scenario Name": "StaticCutIn_75",
    "Scenario Description": " Cut in(with static vehicle) scenario synchronizes a vehicle that is parked at a side lane to cut in in front of the ego vehicle, forcing it to break",
    "Map": "Map(name=Carla/Maps/Town04)",
    "No of Back Vehicles": 4,
    "Adversary Speed": 5,
    "Collision": true,
    "Weather": "ClearNight",
    "Collision Type": "Actor(id=2410, type=vehicle.lincoln.mkz_2020)",
    "Time to Collision": 12.320001602172852,
    "Speed at Collision": 13.821644866572697,
    "Intensity": 10349.664405983272
  },
  {
    "Scenario Name": "StaticCutIn_77",
    "Scenario Description": " Cut in(with static vehicle) scenario synchronizes a vehicle that is parked at a side lane to cut in in front of the ego vehicle, forcing it to break",
    "Map": "Map(name=Carla/Maps/Town04)",
    "No of Back Vehicles": 29,
    "Adversary Speed": 5,
    "Collision": true,
    "Weather": "HardRainNight",
    "Collision Type": "Actor(id=2486, type=vehicle.ford.mustang)",
    "Time to Collision": 19.29599618911743,
    "Speed at Collision": 27.003032318909842,
    "Intensity": 21712.30207806342
  },
  {
    "Scenario Name": "StaticCutIn_79",
    "Scenario Description": " Cut in(with static vehicle) scenario synchronizes a vehicle that is parked at a side lane to cut in in front of the ego vehicle, forcing it to break",
    "Map": "Map(name=Carla/Maps/Town04)",
    "No of Back Vehicles": 9,
    "Adversary Speed": 5,
    "Collision": true,
    "Weather": "HardRainNight",
    "Collision Type": "Actor(id=2553, type=vehicle.lincoln.mkz_2017)",
    "Time to Collision": 11.917999505996704,
    "Speed at Collision": 21.754289182390742,
    "Intensity": 22402.57560902344
  },
  {
    "Scenario Name": "StaticCutIn_80",
    "Scenario Description": " Cut in(with static vehicle) scenario synchronizes a vehicle that is parked at a side lane to cut in in front of the ego vehicle, forcing it to break",
    "Map": "Map(name=Carla/Maps/Town04)",
    "No of Back Vehicles": 9,
    "Adversary Speed": 5,
    "Collision": true,
    "Weather": "ClearNight",
    "Collision Type": "Actor(id=2574, type=vehicle.lincoln.mkz_2017)",
    "Time to Collision": 10.576001167297363,
    "Speed at Collision": 30.570620057165016,
    "Intensity": 31958.54776553958
  },
  {
    "Scenario Name": "StaticCutIn_83",
    "Scenario Description": " Cut in(with static vehicle) scenario synchronizes a vehicle that is parked at a side lane to cut in in front of the ego vehicle, forcing it to break",
    "Map": "Map(name=Carla/Maps/Town04)",
    "No of Back Vehicles": 4,
    "Adversary Speed": 5,
    "Collision": true,
    "Weather": "HardRainNoon",
    "Collision Type": "Actor(id=2656, type=vehicle.lincoln.mkz_2020)",
    "Time to Collision": 9.779000520706177,
    "Speed at Collision": 20.431925789481635,
    "Intensity": 19216.0575637294
  },
  {
    "Scenario Name": "StaticCutIn_85",
    "Scenario Description": " Cut in(with static vehicle) scenario synchronizes a vehicle that is parked at a side lane to cut in in front of the ego vehicle, forcing it to break",
    "Map": "Map(name=Carla/Maps/Town04)",
    "No of Back Vehicles": 2,
    "Adversary Speed": 5,
    "Collision": true,
    "Weather": "ClearNoon",
    "Collision Type": "Actor(id=2708, type=vehicle.ford.mustang)",
    "Time to Collision": 8.778001070022583,
    "Speed at Collision": 19.39442092301049,
    "Intensity": 11510.206148453508
  },
  {
    "Scenario Name": "StaticCutIn_86",
    "Scenario Description": " Cut in(with static vehicle) scenario synchronizes a vehicle that is parked at a side lane to cut in in front of the ego vehicle, forcing it to break",
    "Map": "Map(name=Carla/Maps/Town04)",
    "No of Back Vehicles": 11,
    "Adversary Speed": 5,
    "Collision": true,
    "Weather": "HardRainNoon",
    "Collision Type": "Actor(id=2731, type=vehicle.dodge.charger_2020)",
    "Time to Collision": 14.921998262405396,
    "Speed at Collision": 17.7269384193937,
    "Intensity": 18266.581665845577
  },
  {
    "Scenario Name": "StaticCutIn_89",
    "Scenario Description": " Cut in(with static vehicle) scenario synchronizes a vehicle that is parked at a side lane to cut in in front of the ego vehicle, forcing it to break",
    "Map": "Map(name=Carla/Maps/Town04)",
    "No of Back Vehicles": 19,
    "Adversary Speed": 5,
    "Collision": true,
    "Weather": "HardRainNight",
    "Collision Type": "Actor(id=2834, type=vehicle.dodge.charger_police)",
    "Time to Collision": 15.094000339508057,
    "Speed at Collision": 27.062249730053264,
    "Intensity": 30441.234964644835
  },
  {
    "Scenario Name": "StaticCutIn_94",
    "Scenario Description": " Cut in(with static vehicle) scenario synchronizes a vehicle that is parked at a side lane to cut in in front of the ego vehicle, forcing it to break",
    "Map": "Map(name=Carla/Maps/Town04)",
    "No of Back Vehicles": 5,
    "Adversary Speed": 5,
    "Collision": true,
    "Weather": "ClearNoon",
    "Collision Type": "Actor(id=2996, type=vehicle.dodge.charger_police)",
    "Time to Collision": 17.309001445770264,
    "Speed at Collision": 9.818347162915378,
    "Intensity": 10978.58890563955
  }
]