[
  {
    "Scenario Name": "StaticCutIn_600",
    "Scenario Description": " Cut in(with static vehicle) scenario synchronizes a vehicle that is parked at a side lane to cut in in front of the ego vehicle, forcing it to break",
    "Map": "Map(name=Carla/Maps/Town04)",
    "No of Back Vehicles": 28,
    "Adversary Speed": 5,
    "Collision": true,
    "Weather": "HardRainNight",
    "Collision Type": "Actor(id=6141, type=vehicle.dodge.charger_police_2020)",
    "Time to Collision": 18.52500081062317,
    "Speed at Collision": 27.411649097199266,
    "Intensity": 30298.014024328415
  },
  {
    "Scenario Name": "StaticCutIn_605",
    "Scenario Description": " Cut in(with static vehicle) scenario synchronizes a vehicle that is parked at a side lane to cut in in front of the ego vehicle, forcing it to break",
    "Map": "Map(name=Carla/Maps/Town04)",
    "No of Back Vehicles": 27,
    "Adversary Speed": 5,
    "Collision": true,
    "Weather": "ClearNight",
    "Collision Type": "Actor(id=6330, type=vehicle.mercedes.coupe_2020)",
    "Time to Collision": 19.228002071380615,
    "Speed at Collision": 24.99523484758803,
    "Intensity": 26394.668664535304
  },
  {
    "Scenario Name": "StaticCutIn_608",
    "Scenario Description": " Cut in(with static vehicle) scenario synchronizes a vehicle that is parked at a side lane to cut in in front of the ego vehicle, forcing it to break",
    "Map": "Map(name=Carla/Maps/Town04)",
    "No of Back Vehicles": 13,
    "Adversary Speed": 5,
    "Collision": true,
    "Weather": "ClearNight",
    "Collision Type": "Actor(id=6416, type=vehicle.lincoln.mkz_2020)",
    "Time to Collision": 18.241000652313232,
    "Speed at Collision": 14.634884169374166,
    "Intensity": 12425.279019028947
  },
  {
    "Scenario Name": "StaticCutIn_609",
    "Scenario Description": " Cut in(with static vehicle) scenario synchronizes a vehicle that is parked at a side lane to cut in in front of the ego vehicle, forcing it to break",
    "Map": "Map(name=Carla/Maps/Town04)",
    "No of Back Vehicles": 6,
    "Adversary Speed": 5,
    "Collision": true,
    "Weather": "HardRainNoon",
    "Collision Type": "Actor(id=6434, type=vehicle.tesla.model3)",
    "Time to Collision": 10.114001989364624,
    "Speed at Collision": 24.94502586745567,
    "Intensity": 26510.535241903013
  },
  {
    "Scenario Name": "StaticCutIn_611",
    "Scenario Description": " Cut in(with static vehicle) scenario synchronizes a vehicle that is parked at a side lane to cut in in front of the ego vehicle, forcing it to break",
    "Map": "Map(name=Carla/Maps/Town04)",
    "No of Back Vehicles": 3,
    "Adversary Speed": 5,
    "Collision": true,
    "Weather": "ClearNight",
    "Collision Type": "Actor(id=6493, type=vehicle.tesla.model3)",
    "Time to Collision": 18.010003566741943,
    "Speed at Collision": 8.06354482497628,
    "Intensity": 6909.750170872791
  },
  {
    "Scenario Name": "StaticCutIn_612",
    "Scenario Description": " Cut in(with static vehicle) scenario synchronizes a vehicle that is parked at a side lane to cut in in front of the ego vehicle, forcing it to break",
    "Map": "Map(name=Carla/Maps/Town04)",
    "No of Back Vehicles": 24,
    "Adversary Speed": 5,
    "Collision": true,
    "Weather": "ClearNoon",
    "Collision Type": "Actor(id=6529, type=vehicle.nissan.patrol_2021)",
    "Time to Collision": 16.187001943588257,
    "Speed at Collision": 29.516337010089295,
    "Intensity": 37675.990020199
  },
  {
    "Scenario Name": "StaticCutIn_614",
    "Scenario Description": " Cut in(with static vehicle) scenario synchronizes a vehicle that is parked at a side lane to cut in in front of the ego vehicle, forcing it to break",
    "Map": "Map(name=Carla/Maps/Town04)",
    "No of Back Vehicles": 7,
    "Adversary Speed": 5,
    "Collision": true,
    "Weather": "HardRainNight",
    "Collision Type": "Actor(id=6595, type=vehicle.mercedes.coupe_2020)",
    "Time to Collision": 9.940003156661987,
    "Speed at Collision": 30.471388896829033,
    "Intensity": 31941.838219867732
  },
  {
    "Scenario Name": "StaticCutIn_615",
    "Scenario Description": " Cut in(with static vehicle) scenario synchronizes a vehicle that is parked at a side lane to cut in in front of the ego vehicle, forcing it to break",
    "Map": "Map(name=Carla/Maps/Town04)",
    "No of Back Vehicles": 3,
    "Adversary Speed": 5,
    "Collision": true,
    "Weather": "ClearNight",
    "Collision Type": "Actor(id=6610, type=vehicle.tesla.model3)",
    "Time to Collision": 8.560007810592651,
    "Speed at Collision": 24.9334691109348,
    "Intensity": 25216.47993138293
  },
  {
    "Scenario Name": "StaticCutIn_618",
    "Scenario Description": " Cut in(with static vehicle) scenario synchronizes a vehicle that is parked at a side lane to cut in in front of the ego vehicle, forcing it to break",
    "Map": "Map(name=Carla/Maps/Town04)",
    "No of Back Vehicles": 11,
    "Adversary Speed": 5,
    "Collision": true,
    "Weather": "HardRainNight",
    "Collision Type": "Actor(id=6694, type=vehicle.dodge.charger_2020)",
    "Time to Collision": 16.58299946784973,
    "Speed at Collision": 15.863515702051874,
    "Intensity": 17053.553677791522
  },
  {
    "Scenario Name": "StaticCutIn_619",
    "Scenario Description": " Cut in(with static vehicle) scenario synchronizes a vehicle that is parked at a side lane to cut in in front of the ego vehicle, forcing it to break",
    "Map": "Map(name=Carla/Maps/Town04)",
    "No of Back Vehicles": 2,
    "Adversary Speed": 5,
    "Collision": true,
    "Weather": "ClearNight",
    "Collision Type": "Actor(id=6708, type=vehicle.ford.mustang)",
    "Time to Collision": 8.100000619888306,
    "Speed at Collision": 24.82331650404461,
    "Intensity": 11247.663046741378
  },
  {
    "Scenario Name": "StaticCutIn_621",
    "Scenario Description": " Cut in(with static vehicle) scenario synchronizes a vehicle that is parked at a side lane to cut in in front of the ego vehicle, forcing it to break",
    "Map": "Map(name=Carla/Maps/Town04)",
    "No of Back Vehicles": 6,
    "Adversary Speed": 5,
    "Collision": true,
    "Weather": "HardRainNight",
    "Collision Type": "Actor(id=6772, type=vehicle.tesla.model3)",
    "Time to Collision": 11.28499960899353,
    "Speed at Collision": 19.41963293812713,
    "Intensity": 20193.30697405805
  },
  {
    "Scenario Name": "StaticCutIn_626",
    "Scenario Description": " Cut in(with static vehicle) scenario synchronizes a vehicle that is parked at a side lane to cut in in front of the ego vehicle, forcing it to break",
    "Map": "Map(name=Carla/Maps/Town04)",
    "No of Back Vehicles": 19,
    "Adversary Speed": 5,
    "Collision": true,
    "Weather": "HardRainNoon",
    "Collision Type": "Actor(id=6962, type=vehicle.dodge.charger_police)",
    "Time to Collision": 15.104000329971313,
    "Speed at Collision": 26.47683464447729,
    "Intensity": 29554.940217091615
  },
  {
    "Scenario Name": "StaticCutIn_627",
    "Scenario Description": " Cut in(with static vehicle) scenario synchronizes a vehicle that is parked at a side lane to cut in in front of the ego vehicle, forcing it to break",
    "Map": "Map(name=Carla/Maps/Town04)",
    "No of Back Vehicles": 6,
    "Adversary Speed": 5,
    "Collision": true,
    "Weather": "HardRainNoon",
    "Collision Type": "Actor(id=6980, type=vehicle.tesla.model3)",
    "Time to Collision": 10.469000577926636,
    "Speed at Collision": 21.838047299259486,
    "Intensity": 23965.31895799707
  },
  {
    "Scenario Name": "StaticCutIn_628",
    "Scenario Description": " Cut in(with static vehicle) scenario synchronizes a vehicle that is parked at a side lane to cut in in front of the ego vehicle, forcing it to break",
    "Map": "Map(name=Carla/Maps/Town04)",
    "No of Back Vehicles": 5,
    "Adversary Speed": 5,
    "Collision": true,
    "Weather": "HardRainNight",
    "Collision Type": "Actor(id=6997, type=vehicle.dodge.charger_police)",
    "Time to Collision": 9.179999113082886,
    "Speed at Collision": 30.615473925789118,
    "Intensity": 35855.664584353195
  },
  {
    "Scenario Name": "StaticCutIn_630",
    "Scenario Description": " Cut in(with static vehicle) scenario synchronizes a vehicle that is parked at a side lane to cut in in front of the ego vehicle, forcing it to break",
    "Map": "Map(name=Carla/Maps/Town04)",
    "No of Back Vehicles": 2,
    "Adversary Speed": 5,
    "Collision": true,
    "Weather": "ClearNight",
    "Collision Type": "Actor(id=7040, type=vehicle.ford.mustang)",
    "Time to Collision": 11.18200135231018,
    "Speed at Collision": 13.03470538352494,
    "Intensity": 6519.647935208532
  },
  {
    "Scenario Name": "StaticCutIn_631",
    "Scenario Description": " Cut in(with static vehicle) scenario synchronizes a vehicle that is parked at a side lane to cut in in front of the ego vehicle, forcing it to break",
    "Map": "Map(name=Carla/Maps/Town04)",
    "No of Back Vehicles": 11,
    "Adversary Speed": 5,
    "Collision": true,
    "Weather": "ClearNight",
    "Collision Type": "Actor(id=7063, type=vehicle.dodge.charger_2020)",
    "Time to Collision": 16.469995737075806,
    "Speed at Collision": 15.406224816627478,
    "Intensity": 15674.046200715855
  },
  {
    "Scenario Name": "StaticCutIn_632",
    "Scenario Description": " Cut in(with static vehicle) scenario synchronizes a vehicle that is parked at a side lane to cut in in front of the ego vehicle, forcing it to break",
    "Map": "Map(name=Carla/Maps/Town04)",
    "No of Back Vehicles": 27,
    "Adversary Speed": 5,
    "Collision": true,
    "Weather": "ClearNight",
    "Collision Type": "Actor(id=7102, type=vehicle.mercedes.coupe_2020)",
    "Time to Collision": 17.0539972782135,
    "Speed at Collision": 30.5271353738301,
    "Intensity": 31903.239075507565
  },
  {
    "Scenario Name": "StaticCutIn_633",
    "Scenario Description": " Cut in(with static vehicle) scenario synchronizes a vehicle that is parked at a side lane to cut in in front of the ego vehicle, forcing it to break",
    "Map": "Map(name=Carla/Maps/Town04)",
    "No of Back Vehicles": 15,
    "Adversary Speed": 5,
    "Collision": true,
    "Weather": "HardRainNoon",
    "Collision Type": "Actor(id=7129, type=vehicle.ford.mustang)",
    "Time to Collision": 16.68800115585327,
    "Speed at Collision": 19.4762280982224,
    "Intensity": 5851.517313438177
  },
  {
    "Scenario Name": "StaticCutIn_634",
    "Scenario Description": " Cut in(with static vehicle) scenario synchronizes a vehicle that is parked at a side lane to cut in in front of the ego vehicle, forcing it to break",
    "Map": "Map(name=Carla/Maps/Town04)",
    "No of Back Vehicles": 3,
    "Adversary Speed": 5,
    "Collision": true,
    "Weather": "ClearNoon",
    "Collision Type": "Actor(id=7144, type=vehicle.tesla.model3)",
    "Time to Collision": 8.391001224517822,
    "Speed at Collision": 29.68768628038506,
    "Intensity": 29213.320064848926
  },
  {
    "Scenario Name": "StaticCutIn_635",
    "Scenario Description": " Cut in(with static vehicle) scenario synchronizes a vehicle that is parked at a side lane to cut in in front of the ego vehicle, forcing it to break",
    "Map": "Map(name=Carla/Maps/Town04)",
    "No of Back Vehicles": 1,
    "Adversary Speed": 5,
    "Collision": true,
    "Weather": "HardRainNoon",
    "Collision Type": "Actor(id=7157, type=vehicle.ford.mustang)",
    "Time to Collision": 8.087000608444214,
    "Speed at Collision": 20.175992473252006,
    "Intensity": 5835.929162327335
  },
  {
    "Scenario Name": "StaticCutIn_636",
    "Scenario Description": " Cut in(with static vehicle) scenario synchronizes a vehicle that is parked at a side lane to cut in in front of the ego vehicle, forcing it to break",
    "Map": "Map(name=Carla/Maps/Town04)",
    "No of Back Vehicles": 12,
    "Adversary Speed": 5,
    "Collision": true,
    "Weather": "HardRainNoon",
    "Collision Type": "Actor(id=7181, type=vehicle.dodge.charger_police_2020)",
    "Time to Collision": 11.770997047424316,
    "Speed at Collision": 29.24304171808016,
    "Intensity": 32263.22941778277
  },
  {
    "Scenario Name": "StaticCutIn_640",
    "Scenario Description": " Cut in(with static vehicle) scenario synchronizes a vehicle that is parked at a side lane to cut in in front of the ego vehicle, forcing it to break",
    "Map": "Map(name=Carla/Maps/Town04)",
    "No of Back Vehicles": 6,
    "Adversary Speed": 5,
    "Collision": true,
    "Weather": "HardRainNoon",
    "Collision Type": "Actor(id=7299, type=vehicle.tesla.model3)",
    "Time to Collision": 10.01900029182434,
    "Speed at Collision": 25.23988124522049,
    "Intensity": 26783.080496122257
  },
  {
    "Scenario Name": "StaticCutIn_643",
    "Scenario Description": " Cut in(with static vehicle) scenario synchronizes a vehicle that is parked at a side lane to cut in in front of the ego vehicle, forcing it to break",
    "Map": "Map(name=Carla/Maps/Town04)",
    "No of Back Vehicles": 6,
    "Adversary Speed": 5,
    "Collision": true,
    "Weather": "ClearNoon",
    "Collision Type": "Actor(id=7381, type=vehicle.tesla.model3)",
    "Time to Collision": 9.77300214767456,
    "Speed at Collision": 26.60061391619249,
    "Intensity": 28350.796807732007
  },
  {
    "Scenario Name": "StaticCutIn_644",
    "Scenario Description": " Cut in(with static vehicle) scenario synchronizes a vehicle that is parked at a side lane to cut in in front of the ego vehicle, forcing it to break",
    "Map": "Map(name=Carla/Maps/Town04)",
    "No of Back Vehicles": 5,
    "Adversary Speed": 5,
    "Collision": true,
    "Weather": "ClearNight",
    "Collision Type": "Actor(id=7398, type=vehicle.dodge.charger_police)",
    "Time to Collision": 19.31399941444397,
    "Speed at Collision": 8.36609387849796,
    "Intensity": 8358.930619067894
  },
  {
    "Scenario Name": "StaticCutIn_647",
    "Scenario Description": " Cut in(with static vehicle) scenario synchronizes a vehicle that is parked at a side lane to cut in in front of the ego vehicle, forcing it to break",
    "Map": "Map(name=Carla/Maps/Town04)",
    "No of Back Vehicles": 1,
    "Adversary Speed": 5,
    "Collision": true,
    "Weather": "ClearNoon",
    "Collision Type": "Actor(id=7477, type=vehicle.ford.mustang)",
    "Time to Collision": 7.592000484466553,
    "Speed at Collision": 27.653604286393957,
    "Intensity": 15585.447185275563
  },
  {
    "Scenario Name": "StaticCutIn_648",
    "Scenario Description": " Cut in(with static vehicle) scenario synchronizes a vehicle that is parked at a side lane to cut in in front of the ego vehicle, forcing it to break",
    "Map": "Map(name=Carla/Maps/Town04)",
    "No of Back Vehicles": 2,
    "Adversary Speed": 5,
    "Collision": true,
    "Weather": "HardRainNight",
    "Collision Type": "Actor(id=7491, type=vehicle.ford.mustang)",
    "Time to Collision": 17.13899827003479,
    "Speed at Collision": 7.686671631519606,
    "Intensity": 3885.627739206275
  },
  {
    "Scenario Name": "StaticCutIn_649",
    "Scenario Description": " Cut in(with static vehicle) scenario synchronizes a vehicle that is parked at a side lane to cut in in front of the ego vehicle, forcing it to break",
    "Map": "Map(name=Carla/Maps/Town04)",
    "No of Back Vehicles": 13,
    "Adversary Speed": 5,
    "Collision": true,
    "Weather": "HardRainNight",
    "Collision Type": "Actor(id=7516, type=vehicle.lincoln.mkz_2020)",
    "Time to Collision": 17.726999044418335,
    "Speed at Collision": 15.08729768480827,
    "Intensity": 15439.487252300105
  },
  {
    "Scenario Name": "StaticCutIn_651",
    "Scenario Description": " Cut in(with static vehicle) scenario synchronizes a vehicle that is parked at a side lane to cut in in front of the ego vehicle, forcing it to break",
    "Map": "Map(name=Carla/Maps/Town04)",
    "No of Back Vehicles": 8,
    "Adversary Speed": 5,
    "Collision": true,
    "Weather": "ClearNoon",
    "Collision Type": "Actor(id=7580, type=vehicle.ford.mustang)",
    "Time to Collision": 10.176998853683472,
    "Speed at Collision": 29.81058187201682,
    "Intensity": 26365.890239438682
  },
  {
    "Scenario Name": "StaticCutIn_655",
    "Scenario Description": " Cut in(with static vehicle) scenario synchronizes a vehicle that is parked at a side lane to cut in in front of the ego vehicle, forcing it to break",
    "Map": "Map(name=Carla/Maps/Town04)",
    "No of Back Vehicles": 14,
    "Adversary Speed": 5,
    "Collision": true,
    "Weather": "HardRainNoon",
    "Collision Type": "Actor(id=7689, type=vehicle.dodge.charger_police_2020)",
    "Time to Collision": 19.22000002861023,
    "Speed at Collision": 14.884297840072682,
    "Intensity": 14806.592666537028
  },
  {
    "Scenario Name": "StaticCutIn_661",
    "Scenario Description": " Cut in(with static vehicle) scenario synchronizes a vehicle that is parked at a side lane to cut in in front of the ego vehicle, forcing it to break",
    "Map": "Map(name=Carla/Maps/Town04)",
    "No of Back Vehicles": 19,
    "Adversary Speed": 5,
    "Collision": true,
    "Weather": "HardRainNoon",
    "Collision Type": "Actor(id=7896, type=vehicle.dodge.charger_police)",
    "Time to Collision": 16.14699649810791,
    "Speed at Collision": 23.68842029863621,
    "Intensity": 26080.852981420256
  },
  {
    "Scenario Name": "StaticCutIn_662",
    "Scenario Description": " Cut in(with static vehicle) scenario synchronizes a vehicle that is parked at a side lane to cut in in front of the ego vehicle, forcing it to break",
    "Map": "Map(name=Carla/Maps/Town04)",
    "No of Back Vehicles": 11,
    "Adversary Speed": 5,
    "Collision": true,
    "Weather": "ClearNight",
    "Collision Type": "Actor(id=7919, type=vehicle.dodge.charger_2020)",
    "Time to Collision": 11.233001470565796,
    "Speed at Collision": 30.640450357836958,
    "Intensity": 36250.40592494508
  },
  {
    "Scenario Name": "StaticCutIn_665",
    "Scenario Description": " Cut in(with static vehicle) scenario synchronizes a vehicle that is parked at a side lane to cut in in front of the ego vehicle, forcing it to break",
    "Map": "Map(name=Carla/Maps/Town04)",
    "No of Back Vehicles": 8,
    "Adversary Speed": 5,
    "Collision": true,
    "Weather": "ClearNoon",
    "Collision Type": "Actor(id=8008, type=vehicle.ford.mustang)",
    "Time to Collision": 10.884525775909424,
    "Speed at Collision": 24.44752649447934,
    "Intensity": 22089.444434961628
  },
  {
    "Scenario Name": "StaticCutIn_666",
    "Scenario Description": " Cut in(with static vehicle) scenario synchronizes a vehicle that is parked at a side lane to cut in in front of the ego vehicle, forcing it to break",
    "Map": "Map(name=Carla/Maps/Town04)",
    "No of Back Vehicles": 1,
    "Adversary Speed": 5,
    "Collision": true,
    "Weather": "ClearNoon",
    "Collision Type": "Actor(id=8021, type=vehicle.ford.mustang)",
    "Time to Collision": 7.5160017013549805,
    "Speed at Collision": 27.64757477372517,
    "Intensity": 13690.610399737365
  },
  {
    "Scenario Name": "StaticCutIn_669",
    "Scenario Description": " Cut in(with static vehicle) scenario synchronizes a vehicle that is parked at a side lane to cut in in front of the ego vehicle, forcing it to break",
    "Map": "Map(name=Carla/Maps/Town04)",
    "No of Back Vehicles": 26,
    "Adversary Speed": 5,
    "Collision": true,
    "Weather": "ClearNoon",
    "Collision Type": "Actor(id=8136, type=vehicle.mini.cooper_s_2021)",
    "Time to Collision": 16.87199878692627,
    "Speed at Collision": 30.057843992595654,
    "Intensity": 24900.556662904586
  },
  {
    "Scenario Name": "StaticCutIn_671",
    "Scenario Description": " Cut in(with static vehicle) scenario synchronizes a vehicle that is parked at a side lane to cut in in front of the ego vehicle, forcing it to break",
    "Map": "Map(name=Carla/Maps/Town04)",
    "No of Back Vehicles": 19,
    "Adversary Speed": 5,
    "Collision": true,
    "Weather": "ClearNight",
    "Collision Type": "Actor(id=8210, type=vehicle.dodge.charger_police)",
    "Time to Collision": 19.270002365112305,
    "Speed at Collision": 18.35485186131116,
    "Intensity": 19698.408717775583
  },
  {
    "Scenario Name": "StaticCutIn_672",
    "Scenario Description": " Cut in(with static vehicle) scenario synchronizes a vehicle that is parked at a side lane to cut in in front of the ego vehicle, forcing it to break",
    "Map": "Map(name=Carla/Maps/Town04)",
    "No of Back Vehicles": 13,
    "Adversary Speed": 5,
    "Collision": true,
    "Weather": "ClearNoon",
    "Collision Type": "Actor(id=8235, type=vehicle.lincoln.mkz_2020)",
    "Time to Collision": 18.704002380371094,
    "Speed at Collision": 14.624912585718715,
    "Intensity": 13946.666326606864
  },
  {
    "Scenario Name": "StaticCutIn_673",
    "Scenario Description": " Cut in(with static vehicle) scenario synchronizes a vehicle that is parked at a side lane to cut in in front of the ego vehicle, forcing it to break",
    "Map": "Map(name=Carla/Maps/Town04)",
    "No of Back Vehicles": 12,
    "Adversary Speed": 5,
    "Collision": true,
    "Weather": "ClearNoon",
    "Collision Type": "Actor(id=8259, type=vehicle.dodge.charger_police_2020)",
    "Time to Collision": 12.422999382019043,
    "Speed at Collision": 25.257247994883254,
    "Intensity": 28777.3212786812
  },
  {
    "Scenario Name": "StaticCutIn_676",
    "Scenario Description": " Cut in(with static vehicle) scenario synchronizes a vehicle that is parked at a side lane to cut in in front of the ego vehicle, forcing it to break",
    "Map": "Map(name=Carla/Maps/Town04)",
    "No of Back Vehicles": 6,
    "Adversary Speed": 5,
    "Collision": true,
    "Weather": "ClearNoon",
    "Collision Type": "Actor(id=8325, type=vehicle.tesla.model3)",
    "Time to Collision": 19.23300337791443,
    "Speed at Collision": 9.651299596798902,
    "Intensity": 9284.043528338943
  },
  {
    "Scenario Name": "StaticCutIn_679",
    "Scenario Description": " Cut in(with static vehicle) scenario synchronizes a vehicle that is parked at a side lane to cut in in front of the ego vehicle, forcing it to break",
    "Map": "Map(name=Carla/Maps/Town04)",
    "No of Back Vehicles": 7,
    "Adversary Speed": 5,
    "Collision": true,
    "Weather": "ClearNoon",
    "Collision Type": "Actor(id=8427, type=vehicle.mercedes.coupe_2020)",
    "Time to Collision": 11.269002437591553,
    "Speed at Collision": 21.398221731287244,
    "Intensity": 23506.24265783591
  },
  {
    "Scenario Name": "StaticCutIn_680",
    "Scenario Description": " Cut in(with static vehicle) scenario synchronizes a vehicle that is parked at a side lane to cut in in front of the ego vehicle, forcing it to break",
    "Map": "Map(name=Carla/Maps/Town04)",
    "No of Back Vehicles": 35,
    "Adversary Speed": 5,
    "Collision": true,
    "Weather": "ClearNoon",
    "Collision Type": "Actor(id=8474, type=vehicle.dodge.charger_police)",
    "Time to Collision": 19.864999055862427,
    "Speed at Collision": 30.839624171961322,
    "Intensity": 32486.653135231118
  },
  {
    "Scenario Name": "StaticCutIn_681",
    "Scenario Description": " Cut in(with static vehicle) scenario synchronizes a vehicle that is parked at a side lane to cut in in front of the ego vehicle, forcing it to break",
    "Map": "Map(name=Carla/Maps/Town04)",
    "No of Back Vehicles": 9,
    "Adversary Speed": 5,
    "Collision": true,
    "Weather": "HardRainNight",
    "Collision Type": "Actor(id=8495, type=vehicle.lincoln.mkz_2017)",
    "Time to Collision": 11.099997520446777,
    "Speed at Collision": 25.772124645056515,
    "Intensity": 26982.970266225562
  },
  {
    "Scenario Name": "StaticCutIn_682",
    "Scenario Description": " Cut in(with static vehicle) scenario synchronizes a vehicle that is parked at a side lane to cut in in front of the ego vehicle, forcing it to break",
    "Map": "Map(name=Carla/Maps/Town04)",
    "No of Back Vehicles": 1,
    "Adversary Speed": 5,
    "Collision": true,
    "Weather": "HardRainNight",
    "Collision Type": "Actor(id=8508, type=vehicle.ford.mustang)",
    "Time to Collision": 7.66999888420105,
    "Speed at Collision": 23.97615304966664,
    "Intensity": 13091.795629249451
  },
  {
    "Scenario Name": "StaticCutIn_683",
    "Scenario Description": " Cut in(with static vehicle) scenario synchronizes a vehicle that is parked at a side lane to cut in in front of the ego vehicle, forcing it to break",
    "Map": "Map(name=Carla/Maps/Town04)",
    "No of Back Vehicles": 9,
    "Adversary Speed": 5,
    "Collision": true,
    "Weather": "ClearNight",
    "Collision Type": "Actor(id=8529, type=vehicle.lincoln.mkz_2017)",
    "Time to Collision": 10.871996879577637,
    "Speed at Collision": 27.360796719236543,
    "Intensity": 28606.631245752335
  },
  {
    "Scenario Name": "StaticCutIn_684",
    "Scenario Description": " Cut in(with static vehicle) scenario synchronizes a vehicle that is parked at a side lane to cut in in front of the ego vehicle, forcing it to break",
    "Map": "Map(name=Carla/Maps/Town04)",
    "No of Back Vehicles": 7,
    "Adversary Speed": 5,
    "Collision": true,
    "Weather": "ClearNight",
    "Collision Type": "Actor(id=8548, type=vehicle.mercedes.coupe_2020)",
    "Time to Collision": 15.689002275466919,
    "Speed at Collision": 13.080198398325193,
    "Intensity": 13762.68346845575
  },
  {
    "Scenario Name": "StaticCutIn_687",
    "Scenario Description": " Cut in(with static vehicle) scenario synchronizes a vehicle that is parked at a side lane to cut in in front of the ego vehicle, forcing it to break",
    "Map": "Map(name=Carla/Maps/Town04)",
    "No of Back Vehicles": 25,
    "Adversary Speed": 5,
    "Collision": true,
    "Weather": "ClearNoon",
    "Collision Type": "Actor(id=8646, type=vehicle.dodge.charger_police_2020)",
    "Time to Collision": 19.5370032787323,
    "Speed at Collision": 22.605103330920244,
    "Intensity": 24958.048146052115
  },
  {
    "Scenario Name": "StaticCutIn_691",
    "Scenario Description": " Cut in(with static vehicle) scenario synchronizes a vehicle that is parked at a side lane to cut in in front of the ego vehicle, forcing it to break",
    "Map": "Map(name=Carla/Maps/Town04)",
    "No of Back Vehicles": 6,
    "Adversary Speed": 5,
    "Collision": true,
    "Weather": "ClearNight",
    "Collision Type": "Actor(id=8769, type=vehicle.tesla.model3)",
    "Time to Collision": 10.803001642227173,
    "Speed at Collision": 20.951789430103243,
    "Intensity": 21880.6076209787
  },
  {
    "Scenario Name": "StaticCutIn_692",
    "Scenario Description": " Cut in(with static vehicle) scenario synchronizes a vehicle that is parked at a side lane to cut in in front of the ego vehicle, forcing it to break",
    "Map": "Map(name=Carla/Maps/Town04)",
    "No of Back Vehicles": 23,
    "Adversary Speed": 5,
    "Collision": true,
    "Weather": "ClearNoon",
    "Collision Type": "Actor(id=8804, type=vehicle.mercedes.coupe_2020)",
    "Time to Collision": 17.335986852645874,
    "Speed at Collision": 25.450776806246353,
    "Intensity": 27237.61090474494
  },
  {
    "Scenario Name": "StaticCutIn_694",
    "Scenario Description": " Cut in(with static vehicle) scenario synchronizes a vehicle that is parked at a side lane to cut in in front of the ego vehicle, forcing it to break",
    "Map": "Map(name=Carla/Maps/Town04)",
    "No of Back Vehicles": 5,
    "Adversary Speed": 5,
    "Collision": true,
    "Weather": "ClearNoon",
    "Collision Type": "Actor(id=8850, type=vehicle.dodge.charger_police)",
    "Time to Collision": 9.59500241279602,
    "Speed at Collision": 24.98352334490273,
    "Intensity": 29745.91736686744
  },
  {
    "Scenario Name": "StaticCutIn_697",
    "Scenario Description": " Cut in(with static vehicle) scenario synchronizes a vehicle that is parked at a side lane to cut in in front of the ego vehicle, forcing it to break",
    "Map": "Map(name=Carla/Maps/Town04)",
    "No of Back Vehicles": 14,
    "Adversary Speed": 5,
    "Collision": true,
    "Weather": "HardRainNight",
    "Collision Type": "Actor(id=8958, type=vehicle.dodge.charger_police_2020)",
    "Time to Collision": 13.018996477127075,
    "Speed at Collision": 26.395052117749096,
    "Intensity": 28782.721845812644
  },
  {
    "Scenario Name": "StaticCutIn_698",
    "Scenario Description": " Cut in(with static vehicle) scenario synchronizes a vehicle that is parked at a side lane to cut in in front of the ego vehicle, forcing it to break",
    "Map": "Map(name=Carla/Maps/Town04)",
    "No of Back Vehicles": 2,
    "Adversary Speed": 5,
    "Collision": true,
    "Weather": "ClearNight",
    "Collision Type": "Actor(id=8972, type=vehicle.ford.mustang)",
    "Time to Collision": 10.188998222351074,
    "Speed at Collision": 14.859631337253488,
    "Intensity": 3275.5450460861666
  }
]