[
  {
    "Scenario Name": "StaticCutIn_900",
    "Scenario Description": " Cut in(with static vehicle) scenario synchronizes a vehicle that is parked at a side lane to cut in in front of the ego vehicle, forcing it to break",
    "Map": "Map(name=Carla/Maps/Town04)",
    "No of Back Vehicles": 9,
    "Adversary Speed": 5,
    "Collision": true,
    "Weather": "ClearNoon",
    "Collision Type": "Actor(id=15112, type=vehicle.lincoln.mkz_2017)",
    "Time to Collision": 14.17699909210205,
    "Speed at Collision": 16.8659339538261,
    "Intensity": 16847.004634879202
  },
  {
    "Scenario Name": "StaticCutIn_906",
    "Scenario Description": " Cut in(with static vehicle) scenario synchronizes a vehicle that is parked at a side lane to cut in in front of the ego vehicle, forcing it to break",
    "Map": "Map(name=Carla/Maps/Town04)",
    "No of Back Vehicles": 8,
    "Adversary Speed": 5,
    "Collision": true,
    "Weather": "HardRainNoon",
    "Collision Type": "Actor(id=15320, type=vehicle.ford.mustang)",
    "Time to Collision": 11.137995719909668,
    "Speed at Collision": 22.99666838420815,
    "Intensity": 20590.016117555264
  },
  {
    "Scenario Name": "StaticCutIn_910",
    "Scenario Description": " Cut in(with static vehicle) scenario synchronizes a vehicle that is parked at a side lane to cut in in front of the ego vehicle, forcing it to break",
    "Map": "Map(name=Carla/Maps/Town04)",
    "No of Back Vehicles": 21,
    "Adversary Speed": 5,
    "Collision": true,
    "Weather": "HardRainNight",
    "Collision Type": "Actor(id=15459, type=vehicle.dodge.charger_police_2020)",
    "Time to Collision": 16.611995220184326,
    "Speed at Collision": 24.992427819740424,
    "Intensity": 25951.595991113387
  },
  {
    "Scenario Name": "StaticCutIn_911",
    "Scenario Description": " Cut in(with static vehicle) scenario synchronizes a vehicle that is parked at a side lane to cut in in front of the ego vehicle, forcing it to break",
    "Map": "Map(name=Carla/Maps/Town04)",
    "No of Back Vehicles": 21,
    "Adversary Speed": 5,
    "Collision": true,
    "Weather": "HardRainNight",
    "Collision Type": "Actor(id=15492, type=vehicle.dodge.charger_police_2020)",
    "Time to Collision": 17.89699935913086,
    "Speed at Collision": 21.894182915137584,
    "Intensity": 24091.58349634827
  },
  {
    "Scenario Name": "StaticCutIn_912",
    "Scenario Description": " Cut in(with static vehicle) scenario synchronizes a vehicle that is parked at a side lane to cut in in front of the ego vehicle, forcing it to break",
    "Map": "Map(name=Carla/Maps/Town04)",
    "No of Back Vehicles": 3,
    "Adversary Speed": 5,
    "Collision": true,
    "Weather": "HardRainNoon",
    "Collision Type": "Actor(id=15507, type=vehicle.tesla.model3)",
    "Time to Collision": 17.09099841117859,
    "Speed at Collision": 9.058381501388642,
    "Intensity": 7511.81728284834
  },
  {
    "Scenario Name": "StaticCutIn_914",
    "Scenario Description": " Cut in(with static vehicle) scenario synchronizes a vehicle that is parked at a side lane to cut in in front of the ego vehicle, forcing it to break",
    "Map": "Map(name=Carla/Maps/Town04)",
    "No of Back Vehicles": 28,
    "Adversary Speed": 5,
    "Collision": true,
    "Weather": "ClearNight",
    "Collision Type": "Actor(id=15587, type=vehicle.dodge.charger_police_2020)",
    "Time to Collision": 18.80799961090088,
    "Speed at Collision": 27.61441688146458,
    "Intensity": 30870.700607237693
  },
  {
    "Scenario Name": "StaticCutIn_915",
    "Scenario Description": " Cut in(with static vehicle) scenario synchronizes a vehicle that is parked at a side lane to cut in in front of the ego vehicle, forcing it to break",
    "Map": "Map(name=Carla/Maps/Town04)",
    "No of Back Vehicles": 7,
    "Adversary Speed": 5,
    "Collision": true,
    "Weather": "HardRainNight",
    "Collision Type": "Actor(id=15606, type=vehicle.mercedes.coupe_2020)",
    "Time to Collision": 11.728001117706299,
    "Speed at Collision": 19.654340016537603,
    "Intensity": 20779.697193781554
  },
  {
    "Scenario Name": "StaticCutIn_916",
    "Scenario Description": " Cut in(with static vehicle) scenario synchronizes a vehicle that is parked at a side lane to cut in in front of the ego vehicle, forcing it to break",
    "Map": "Map(name=Carla/Maps/Town04)",
    "No of Back Vehicles": 9,
    "Adversary Speed": 5,
    "Collision": true,
    "Weather": "HardRainNoon",
    "Collision Type": "Actor(id=15627, type=vehicle.lincoln.mkz_2017)",
    "Time to Collision": 13.519999027252197,
    "Speed at Collision": 18.05846355425649,
    "Intensity": 18004.746969118223
  },
  {
    "Scenario Name": "StaticCutIn_917",
    "Scenario Description": " Cut in(with static vehicle) scenario synchronizes a vehicle that is parked at a side lane to cut in in front of the ego vehicle, forcing it to break",
    "Map": "Map(name=Carla/Maps/Town04)",
    "No of Back Vehicles": 24,
    "Adversary Speed": 5,
    "Collision": true,
    "Weather": "ClearNoon",
    "Collision Type": "Actor(id=15663, type=vehicle.nissan.patrol_2021)",
    "Time to Collision": 15.909998893737793,
    "Speed at Collision": 31.04579554266726,
    "Intensity": 37624.47200729584
  },
  {
    "Scenario Name": "StaticCutIn_919",
    "Scenario Description": " Cut in(with static vehicle) scenario synchronizes a vehicle that is parked at a side lane to cut in in front of the ego vehicle, forcing it to break",
    "Map": "Map(name=Carla/Maps/Town04)",
    "No of Back Vehicles": 12,
    "Adversary Speed": 5,
    "Collision": true,
    "Weather": "HardRainNoon",
    "Collision Type": "Actor(id=15720, type=vehicle.dodge.charger_police_2020)",
    "Time to Collision": 13.026998281478882,
    "Speed at Collision": 24.570218422719236,
    "Intensity": 28380.609953346426
  },
  {
    "Scenario Name": "StaticCutIn_920",
    "Scenario Description": " Cut in(with static vehicle) scenario synchronizes a vehicle that is parked at a side lane to cut in in front of the ego vehicle, forcing it to break",
    "Map": "Map(name=Carla/Maps/Town04)",
    "No of Back Vehicles": 14,
    "Adversary Speed": 5,
    "Collision": true,
    "Weather": "ClearNight",
    "Collision Type": "Actor(id=15746, type=vehicle.dodge.charger_police_2020)",
    "Time to Collision": 16.74500298500061,
    "Speed at Collision": 17.64587670922568,
    "Intensity": 18076.96059233782
  },
  {
    "Scenario Name": "StaticCutIn_923",
    "Scenario Description": " Cut in(with static vehicle) scenario synchronizes a vehicle that is parked at a side lane to cut in in front of the ego vehicle, forcing it to break",
    "Map": "Map(name=Carla/Maps/Town04)",
    "No of Back Vehicles": 15,
    "Adversary Speed": 5,
    "Collision": true,
    "Weather": "ClearNoon",
    "Collision Type": "Actor(id=15834, type=vehicle.ford.mustang)",
    "Time to Collision": 13.385994911193848,
    "Speed at Collision": 27.279697760552867,
    "Intensity": 16681.869033026207
  },
  {
    "Scenario Name": "StaticCutIn_925",
    "Scenario Description": " Cut in(with static vehicle) scenario synchronizes a vehicle that is parked at a side lane to cut in in front of the ego vehicle, forcing it to break",
    "Map": "Map(name=Carla/Maps/Town04)",
    "No of Back Vehicles": 9,
    "Adversary Speed": 5,
    "Collision": true,
    "Weather": "ClearNight",
    "Collision Type": "Actor(id=15878, type=vehicle.lincoln.mkz_2017)",
    "Time to Collision": 10.893001556396484,
    "Speed at Collision": 28.037556218075835,
    "Intensity": 29466.01585746499
  },
  {
    "Scenario Name": "StaticCutIn_927",
    "Scenario Description": " Cut in(with static vehicle) scenario synchronizes a vehicle that is parked at a side lane to cut in in front of the ego vehicle, forcing it to break",
    "Map": "Map(name=Carla/Maps/Town04)",
    "No of Back Vehicles": 28,
    "Adversary Speed": 5,
    "Collision": true,
    "Weather": "HardRainNight",
    "Collision Type": "Actor(id=15960, type=vehicle.dodge.charger_police_2020)",
    "Time to Collision": 17.439000129699707,
    "Speed at Collision": 31.097873658396786,
    "Intensity": 34161.30507820296
  },
  {
    "Scenario Name": "StaticCutIn_928",
    "Scenario Description": " Cut in(with static vehicle) scenario synchronizes a vehicle that is parked at a side lane to cut in in front of the ego vehicle, forcing it to break",
    "Map": "Map(name=Carla/Maps/Town04)",
    "No of Back Vehicles": 12,
    "Adversary Speed": 5,
    "Collision": true,
    "Weather": "ClearNoon",
    "Collision Type": "Actor(id=15984, type=vehicle.dodge.charger_police_2020)",
    "Time to Collision": 13.173000574111938,
    "Speed at Collision": 23.019639967410818,
    "Intensity": 24337.314642468682
  },
  {
    "Scenario Name": "StaticCutIn_931",
    "Scenario Description": " Cut in(with static vehicle) scenario synchronizes a vehicle that is parked at a side lane to cut in in front of the ego vehicle, forcing it to break",
    "Map": "Map(name=Carla/Maps/Town04)",
    "No of Back Vehicles": 28,
    "Adversary Speed": 5,
    "Collision": true,
    "Weather": "HardRainNight",
    "Collision Type": "Actor(id=16115, type=vehicle.dodge.charger_police_2020)",
    "Time to Collision": 18.276999711990356,
    "Speed at Collision": 28.22649513718058,
    "Intensity": 33130.94052292098
  },
  {
    "Scenario Name": "StaticCutIn_932",
    "Scenario Description": " Cut in(with static vehicle) scenario synchronizes a vehicle that is parked at a side lane to cut in in front of the ego vehicle, forcing it to break",
    "Map": "Map(name=Carla/Maps/Town04)",
    "No of Back Vehicles": 3,
    "Adversary Speed": 5,
    "Collision": true,
    "Weather": "ClearNight",
    "Collision Type": "Actor(id=16130, type=vehicle.tesla.model3)",
    "Time to Collision": 15.55400276184082,
    "Speed at Collision": 9.934930143232878,
    "Intensity": 10289.566387054008
  },
  {
    "Scenario Name": "StaticCutIn_934",
    "Scenario Description": " Cut in(with static vehicle) scenario synchronizes a vehicle that is parked at a side lane to cut in in front of the ego vehicle, forcing it to break",
    "Map": "Map(name=Carla/Maps/Town04)",
    "No of Back Vehicles": 7,
    "Adversary Speed": 5,
    "Collision": true,
    "Weather": "ClearNoon",
    "Collision Type": "Actor(id=16196, type=vehicle.mercedes.coupe_2020)",
    "Time to Collision": 10.985999822616577,
    "Speed at Collision": 22.23059443460332,
    "Intensity": 24088.84081948405
  },
  {
    "Scenario Name": "StaticCutIn_937",
    "Scenario Description": " Cut in(with static vehicle) scenario synchronizes a vehicle that is parked at a side lane to cut in in front of the ego vehicle, forcing it to break",
    "Map": "Map(name=Carla/Maps/Town04)",
    "No of Back Vehicles": 12,
    "Adversary Speed": 5,
    "Collision": true,
    "Weather": "ClearNight",
    "Collision Type": "Actor(id=16284, type=vehicle.dodge.charger_police_2020)",
    "Time to Collision": 13.05899977684021,
    "Speed at Collision": 23.412500372308713,
    "Intensity": 24680.635026511416
  },
  {
    "Scenario Name": "StaticCutIn_938",
    "Scenario Description": " Cut in(with static vehicle) scenario synchronizes a vehicle that is parked at a side lane to cut in in front of the ego vehicle, forcing it to break",
    "Map": "Map(name=Carla/Maps/Town04)",
    "No of Back Vehicles": 25,
    "Adversary Speed": 5,
    "Collision": true,
    "Weather": "HardRainNoon",
    "Collision Type": "Actor(id=16321, type=vehicle.dodge.charger_police_2020)",
    "Time to Collision": 16.69899845123291,
    "Speed at Collision": 29.809815051676136,
    "Intensity": 33586.77004847284
  },
  {
    "Scenario Name": "StaticCutIn_939",
    "Scenario Description": " Cut in(with static vehicle) scenario synchronizes a vehicle that is parked at a side lane to cut in in front of the ego vehicle, forcing it to break",
    "Map": "Map(name=Carla/Maps/Town04)",
    "No of Back Vehicles": 5,
    "Adversary Speed": 5,
    "Collision": true,
    "Weather": "ClearNoon",
    "Collision Type": "Actor(id=16338, type=vehicle.dodge.charger_police)",
    "Time to Collision": 10.524999618530273,
    "Speed at Collision": 20.30204309513929,
    "Intensity": 23482.49491926122
  },
  {
    "Scenario Name": "StaticCutIn_940",
    "Scenario Description": " Cut in(with static vehicle) scenario synchronizes a vehicle that is parked at a side lane to cut in in front of the ego vehicle, forcing it to break",
    "Map": "Map(name=Carla/Maps/Town04)",
    "No of Back Vehicles": 7,
    "Adversary Speed": 5,
    "Collision": true,
    "Weather": "ClearNight",
    "Collision Type": "Actor(id=16357, type=vehicle.mercedes.coupe_2020)",
    "Time to Collision": 11.577001333236694,
    "Speed at Collision": 20.261557026606738,
    "Intensity": 20711.14326985226
  },
  {
    "Scenario Name": "StaticCutIn_944",
    "Scenario Description": " Cut in(with static vehicle) scenario synchronizes a vehicle that is parked at a side lane to cut in in front of the ego vehicle, forcing it to break",
    "Map": "Map(name=Carla/Maps/Town04)",
    "No of Back Vehicles": 27,
    "Adversary Speed": 5,
    "Collision": true,
    "Weather": "HardRainNoon",
    "Collision Type": "Actor(id=16504, type=vehicle.mercedes.coupe_2020)",
    "Time to Collision": 18.23499846458435,
    "Speed at Collision": 28.61173909763939,
    "Intensity": 31202.943317942885
  },
  {
    "Scenario Name": "StaticCutIn_945",
    "Scenario Description": " Cut in(with static vehicle) scenario synchronizes a vehicle that is parked at a side lane to cut in in front of the ego vehicle, forcing it to break",
    "Map": "Map(name=Carla/Maps/Town04)",
    "No of Back Vehicles": 13,
    "Adversary Speed": 5,
    "Collision": true,
    "Weather": "HardRainNight",
    "Collision Type": "Actor(id=16529, type=vehicle.lincoln.mkz_2020)",
    "Time to Collision": 12.119001150131226,
    "Speed at Collision": 30.03733283962076,
    "Intensity": 28607.371582817206
  },
  {
    "Scenario Name": "StaticCutIn_948",
    "Scenario Description": " Cut in(with static vehicle) scenario synchronizes a vehicle that is parked at a side lane to cut in in front of the ego vehicle, forcing it to break",
    "Map": "Map(name=Carla/Maps/Town04)",
    "No of Back Vehicles": 16,
    "Adversary Speed": 5,
    "Collision": true,
    "Weather": "HardRainNoon",
    "Collision Type": "Actor(id=16644, type=vehicle.ford.crown)",
    "Time to Collision": 13.857004404067993,
    "Speed at Collision": 26.40849988709363,
    "Intensity": 12929.016886081115
  },
  {
    "Scenario Name": "StaticCutIn_953",
    "Scenario Description": " Cut in(with static vehicle) scenario synchronizes a vehicle that is parked at a side lane to cut in in front of the ego vehicle, forcing it to break",
    "Map": "Map(name=Carla/Maps/Town04)",
    "No of Back Vehicles": 13,
    "Adversary Speed": 5,
    "Collision": true,
    "Weather": "HardRainNoon",
    "Collision Type": "Actor(id=16812, type=vehicle.lincoln.mkz_2020)",
    "Time to Collision": 17.799999237060547,
    "Speed at Collision": 15.664911369566688,
    "Intensity": 14416.529524758935
  },
  {
    "Scenario Name": "StaticCutIn_955",
    "Scenario Description": " Cut in(with static vehicle) scenario synchronizes a vehicle that is parked at a side lane to cut in in front of the ego vehicle, forcing it to break",
    "Map": "Map(name=Carla/Maps/Town04)",
    "No of Back Vehicles": 1,
    "Adversary Speed": 5,
    "Collision": true,
    "Weather": "ClearNoon",
    "Collision Type": "Actor(id=16858, type=vehicle.ford.mustang)",
    "Time to Collision": 12.347999095916748,
    "Speed at Collision": 10.422422919718942,
    "Intensity": 5209.538253849103
  },
  {
    "Scenario Name": "StaticCutIn_957",
    "Scenario Description": " Cut in(with static vehicle) scenario synchronizes a vehicle that is parked at a side lane to cut in in front of the ego vehicle, forcing it to break",
    "Map": "Map(name=Carla/Maps/Town04)",
    "No of Back Vehicles": 3,
    "Adversary Speed": 5,
    "Collision": true,
    "Weather": "ClearNoon",
    "Collision Type": "Actor(id=16915, type=vehicle.tesla.model3)",
    "Time to Collision": 17.153000831604004,
    "Speed at Collision": 9.090820626314693,
    "Intensity": 8881.175245353503
  },
  {
    "Scenario Name": "StaticCutIn_958",
    "Scenario Description": " Cut in(with static vehicle) scenario synchronizes a vehicle that is parked at a side lane to cut in in front of the ego vehicle, forcing it to break",
    "Map": "Map(name=Carla/Maps/Town04)",
    "No of Back Vehicles": 9,
    "Adversary Speed": 5,
    "Collision": true,
    "Weather": "HardRainNoon",
    "Collision Type": "Actor(id=16936, type=vehicle.lincoln.mkz_2017)",
    "Time to Collision": 11.42800259590149,
    "Speed at Collision": 23.80621515964352,
    "Intensity": 24754.07429613523
  },
  {
    "Scenario Name": "StaticCutIn_965",
    "Scenario Description": " Cut in(with static vehicle) scenario synchronizes a vehicle that is parked at a side lane to cut in in front of the ego vehicle, forcing it to break",
    "Map": "Map(name=Carla/Maps/Town04)",
    "No of Back Vehicles": 3,
    "Adversary Speed": 5,
    "Collision": true,
    "Weather": "ClearNight",
    "Collision Type": "Actor(id=17163, type=vehicle.tesla.model3)",
    "Time to Collision": 8.445000171661377,
    "Speed at Collision": 29.832622138312917,
    "Intensity": 25612.940888289395
  },
  {
    "Scenario Name": "StaticCutIn_966",
    "Scenario Description": " Cut in(with static vehicle) scenario synchronizes a vehicle that is parked at a side lane to cut in in front of the ego vehicle, forcing it to break",
    "Map": "Map(name=Carla/Maps/Town04)",
    "No of Back Vehicles": 3,
    "Adversary Speed": 5,
    "Collision": true,
    "Weather": "ClearNoon",
    "Collision Type": "Actor(id=17178, type=vehicle.tesla.model3)",
    "Time to Collision": 8.839999675750732,
    "Speed at Collision": 22.62005572569754,
    "Intensity": 23702.85443550162
  },
  {
    "Scenario Name": "StaticCutIn_968",
    "Scenario Description": " Cut in(with static vehicle) scenario synchronizes a vehicle that is parked at a side lane to cut in in front of the ego vehicle, forcing it to break",
    "Map": "Map(name=Carla/Maps/Town04)",
    "No of Back Vehicles": 5,
    "Adversary Speed": 5,
    "Collision": true,
    "Weather": "HardRainNoon",
    "Collision Type": "Actor(id=17235, type=vehicle.dodge.charger_police)",
    "Time to Collision": 9.683000326156616,
    "Speed at Collision": 24.227886821316126,
    "Intensity": 26139.78941439031
  },
  {
    "Scenario Name": "StaticCutIn_970",
    "Scenario Description": " Cut in(with static vehicle) scenario synchronizes a vehicle that is parked at a side lane to cut in in front of the ego vehicle, forcing it to break",
    "Map": "Map(name=Carla/Maps/Town04)",
    "No of Back Vehicles": 28,
    "Adversary Speed": 5,
    "Collision": true,
    "Weather": "ClearNight",
    "Collision Type": "Actor(id=17306, type=vehicle.dodge.charger_police_2020)",
    "Time to Collision": 18.00000262260437,
    "Speed at Collision": 29.00201466760207,
    "Intensity": 30057.11318262598
  },
  {
    "Scenario Name": "StaticCutIn_971",
    "Scenario Description": " Cut in(with static vehicle) scenario synchronizes a vehicle that is parked at a side lane to cut in in front of the ego vehicle, forcing it to break",
    "Map": "Map(name=Carla/Maps/Town04)",
    "No of Back Vehicles": 9,
    "Adversary Speed": 5,
    "Collision": true,
    "Weather": "HardRainNight",
    "Collision Type": "Actor(id=17327, type=vehicle.lincoln.mkz_2017)",
    "Time to Collision": 11.359000205993652,
    "Speed at Collision": 24.611321024534945,
    "Intensity": 25528.907321508672
  },
  {
    "Scenario Name": "StaticCutIn_972",
    "Scenario Description": " Cut in(with static vehicle) scenario synchronizes a vehicle that is parked at a side lane to cut in in front of the ego vehicle, forcing it to break",
    "Map": "Map(name=Carla/Maps/Town04)",
    "No of Back Vehicles": 26,
    "Adversary Speed": 5,
    "Collision": true,
    "Weather": "ClearNoon",
    "Collision Type": "Actor(id=17365, type=vehicle.mini.cooper_s_2021)",
    "Time to Collision": 18.80500054359436,
    "Speed at Collision": 25.06988087719118,
    "Intensity": 19650.31190672785
  },
  {
    "Scenario Name": "StaticCutIn_973",
    "Scenario Description": " Cut in(with static vehicle) scenario synchronizes a vehicle that is parked at a side lane to cut in in front of the ego vehicle, forcing it to break",
    "Map": "Map(name=Carla/Maps/Town04)",
    "No of Back Vehicles": 10,
    "Adversary Speed": 5,
    "Collision": true,
    "Weather": "HardRainNoon",
    "Collision Type": "Actor(id=17387, type=vehicle.dodge.charger_2020)",
    "Time to Collision": 16.696001529693604,
    "Speed at Collision": 14.713707654341759,
    "Intensity": 15609.735251411172
  },
  {
    "Scenario Name": "StaticCutIn_975",
    "Scenario Description": " Cut in(with static vehicle) scenario synchronizes a vehicle that is parked at a side lane to cut in in front of the ego vehicle, forcing it to break",
    "Map": "Map(name=Carla/Maps/Town04)",
    "No of Back Vehicles": 34,
    "Adversary Speed": 5,
    "Collision": true,
    "Weather": "ClearNight",
    "Collision Type": "Actor(id=17463, type=vehicle.audi.etron)",
    "Time to Collision": 19.794999361038208,
    "Speed at Collision": 30.308331450415878,
    "Intensity": 36793.81470310716
  },
  {
    "Scenario Name": "StaticCutIn_976",
    "Scenario Description": " Cut in(with static vehicle) scenario synchronizes a vehicle that is parked at a side lane to cut in in front of the ego vehicle, forcing it to break",
    "Map": "Map(name=Carla/Maps/Town04)",
    "No of Back Vehicles": 3,
    "Adversary Speed": 5,
    "Collision": true,
    "Weather": "ClearNight",
    "Collision Type": "Actor(id=17478, type=vehicle.tesla.model3)",
    "Time to Collision": 8.929999828338623,
    "Speed at Collision": 21.6864066479068,
    "Intensity": 22386.493678938703
  },
  {
    "Scenario Name": "StaticCutIn_977",
    "Scenario Description": " Cut in(with static vehicle) scenario synchronizes a vehicle that is parked at a side lane to cut in in front of the ego vehicle, forcing it to break",
    "Map": "Map(name=Carla/Maps/Town04)",
    "No of Back Vehicles": 10,
    "Adversary Speed": 5,
    "Collision": true,
    "Weather": "HardRainNoon",
    "Collision Type": "Actor(id=17500, type=vehicle.dodge.charger_2020)",
    "Time to Collision": 12.440998792648315,
    "Speed at Collision": 22.65098364444316,
    "Intensity": 24471.858537443422
  },
  {
    "Scenario Name": "StaticCutIn_981",
    "Scenario Description": " Cut in(with static vehicle) scenario synchronizes a vehicle that is parked at a side lane to cut in in front of the ego vehicle, forcing it to break",
    "Map": "Map(name=Carla/Maps/Town04)",
    "No of Back Vehicles": 19,
    "Adversary Speed": 5,
    "Collision": true,
    "Weather": "HardRainNight",
    "Collision Type": "Actor(id=17644, type=vehicle.dodge.charger_police)",
    "Time to Collision": 16.93499779701233,
    "Speed at Collision": 22.433331672217285,
    "Intensity": 23001.725863805244
  },
  {
    "Scenario Name": "StaticCutIn_984",
    "Scenario Description": " Cut in(with static vehicle) scenario synchronizes a vehicle that is parked at a side lane to cut in in front of the ego vehicle, forcing it to break",
    "Map": "Map(name=Carla/Maps/Town04)",
    "No of Back Vehicles": 17,
    "Adversary Speed": 5,
    "Collision": true,
    "Weather": "ClearNoon",
    "Collision Type": "Actor(id=17743, type=vehicle.mercedes.coupe_2020)",
    "Time to Collision": 13.560998916625977,
    "Speed at Collision": 31.067826157976974,
    "Intensity": 32491.626699394048
  },
  {
    "Scenario Name": "StaticCutIn_986",
    "Scenario Description": " Cut in(with static vehicle) scenario synchronizes a vehicle that is parked at a side lane to cut in in front of the ego vehicle, forcing it to break",
    "Map": "Map(name=Carla/Maps/Town04)",
    "No of Back Vehicles": 3,
    "Adversary Speed": 5,
    "Collision": true,
    "Weather": "ClearNight",
    "Collision Type": "Actor(id=17800, type=vehicle.tesla.model3)",
    "Time to Collision": 9.297999382019043,
    "Speed at Collision": 19.909180503554733,
    "Intensity": 20550.782003917524
  },
  {
    "Scenario Name": "StaticCutIn_988",
    "Scenario Description": " Cut in(with static vehicle) scenario synchronizes a vehicle that is parked at a side lane to cut in in front of the ego vehicle, forcing it to break",
    "Map": "Map(name=Carla/Maps/Town04)",
    "No of Back Vehicles": 2,
    "Adversary Speed": 5,
    "Collision": true,
    "Weather": "HardRainNight",
    "Collision Type": "Actor(id=17858, type=vehicle.ford.mustang)",
    "Time to Collision": 8.884002685546875,
    "Speed at Collision": 20.199119557766664,
    "Intensity": 11946.930100382506
  },
  {
    "Scenario Name": "StaticCutIn_989",
    "Scenario Description": " Cut in(with static vehicle) scenario synchronizes a vehicle that is parked at a side lane to cut in in front of the ego vehicle, forcing it to break",
    "Map": "Map(name=Carla/Maps/Town04)",
    "No of Back Vehicles": 16,
    "Adversary Speed": 5,
    "Collision": true,
    "Weather": "HardRainNoon",
    "Collision Type": "Actor(id=17886, type=vehicle.ford.crown)",
    "Time to Collision": 17.822997570037842,
    "Speed at Collision": 18.989105432850916,
    "Intensity": 13074.139707670036
  },
  {
    "Scenario Name": "StaticCutIn_992",
    "Scenario Description": " Cut in(with static vehicle) scenario synchronizes a vehicle that is parked at a side lane to cut in in front of the ego vehicle, forcing it to break",
    "Map": "Map(name=Carla/Maps/Town04)",
    "No of Back Vehicles": 10,
    "Adversary Speed": 5,
    "Collision": true,
    "Weather": "ClearNoon",
    "Collision Type": "Actor(id=17979, type=vehicle.dodge.charger_2020)",
    "Time to Collision": 11.080997943878174,
    "Speed at Collision": 29.40135350355581,
    "Intensity": 32794.40749058476
  },
  {
    "Scenario Name": "StaticCutIn_993",
    "Scenario Description": " Cut in(with static vehicle) scenario synchronizes a vehicle that is parked at a side lane to cut in in front of the ego vehicle, forcing it to break",
    "Map": "Map(name=Carla/Maps/Town04)",
    "No of Back Vehicles": 9,
    "Adversary Speed": 5,
    "Collision": true,
    "Weather": "ClearNoon",
    "Collision Type": "Actor(id=18000, type=vehicle.lincoln.mkz_2017)",
    "Time to Collision": 11.469000101089478,
    "Speed at Collision": 23.921441560487786,
    "Intensity": 24638.012800662895
  },
  {
    "Scenario Name": "StaticCutIn_995",
    "Scenario Description": " Cut in(with static vehicle) scenario synchronizes a vehicle that is parked at a side lane to cut in in front of the ego vehicle, forcing it to break",
    "Map": "Map(name=Carla/Maps/Town04)",
    "No of Back Vehicles": 6,
    "Adversary Speed": 5,
    "Collision": true,
    "Weather": "ClearNoon",
    "Collision Type": "Actor(id=18065, type=vehicle.tesla.model3)",
    "Time to Collision": 10.974995374679565,
    "Speed at Collision": 20.735890481491353,
    "Intensity": 21600.973312441973
  },
  {
    "Scenario Name": "StaticCutIn_996",
    "Scenario Description": " Cut in(with static vehicle) scenario synchronizes a vehicle that is parked at a side lane to cut in in front of the ego vehicle, forcing it to break",
    "Map": "Map(name=Carla/Maps/Town04)",
    "No of Back Vehicles": 3,
    "Adversary Speed": 5,
    "Collision": true,
    "Weather": "ClearNoon",
    "Collision Type": "Actor(id=18080, type=vehicle.tesla.model3)",
    "Time to Collision": 8.404998540878296,
    "Speed at Collision": 26.411689292743024,
    "Intensity": 24101.137215554256
  },
  {
    "Scenario Name": "StaticCutIn_997",
    "Scenario Description": " Cut in(with static vehicle) scenario synchronizes a vehicle that is parked at a side lane to cut in in front of the ego vehicle, forcing it to break",
    "Map": "Map(name=Carla/Maps/Town04)",
    "No of Back Vehicles": 12,
    "Adversary Speed": 5,
    "Collision": true,
    "Weather": "HardRainNoon",
    "Collision Type": "Actor(id=18104, type=vehicle.dodge.charger_police_2020)",
    "Time to Collision": 15.093002319335938,
    "Speed at Collision": 17.795220224341556,
    "Intensity": 19294.547266290487
  },
  {
    "Scenario Name": "StaticCutIn_998",
    "Scenario Description": " Cut in(with static vehicle) scenario synchronizes a vehicle that is parked at a side lane to cut in in front of the ego vehicle, forcing it to break",
    "Map": "Map(name=Carla/Maps/Town04)",
    "No of Back Vehicles": 21,
    "Adversary Speed": 5,
    "Collision": true,
    "Weather": "HardRainNoon",
    "Collision Type": "Actor(id=18137, type=vehicle.dodge.charger_police_2020)",
    "Time to Collision": 17.70299983024597,
    "Speed at Collision": 23.30079183927882,
    "Intensity": 26635.76547111735
  }
]