[
  {
    "Scenario Name": "StaticCutIn_601",
    "Scenario Description": " Cut in(with static vehicle) scenario synchronizes a vehicle that is parked at a side lane to cut in in front of the ego vehicle, forcing it to break",
    "Map": "Map(name=Carla/Maps/Town04)",
    "No of Back Vehicles": 27,
    "Adversary Speed": 5,
    "Collision": false,
    "Weather": "ClearNight"
  },
  {
    "Scenario Name": "StaticCutIn_602",
    "Scenario Description": " Cut in(with static vehicle) scenario synchronizes a vehicle that is parked at a side lane to cut in in front of the ego vehicle, forcing it to break",
    "Map": "Map(name=Carla/Maps/Town04)",
    "No of Back Vehicles": 31,
    "Adversary Speed": 5,
    "Collision": false,
    "Weather": "ClearNoon"
  },
  {
    "Scenario Name": "StaticCutIn_603",
    "Scenario Description": " Cut in(with static vehicle) scenario synchronizes a vehicle that is parked at a side lane to cut in in front of the ego vehicle, forcing it to break",
    "Map": "Map(name=Carla/Maps/Town04)",
    "No of Back Vehicles": 25,
    "Adversary Speed": 5,
    "Collision": false,
    "Weather": "HardRainNight"
  },
  {
    "Scenario Name": "StaticCutIn_604",
    "Scenario Description": " Cut in(with static vehicle) scenario synchronizes a vehicle that is parked at a side lane to cut in in front of the ego vehicle, forcing it to break",
    "Map": "Map(name=Carla/Maps/Town04)",
    "No of Back Vehicles": 19,
    "Adversary Speed": 5,
    "Collision": false,
    "Weather": "ClearNight"
  },
  {
    "Scenario Name": "StaticCutIn_606",
    "Scenario Description": " Cut in(with static vehicle) scenario synchronizes a vehicle that is parked at a side lane to cut in in front of the ego vehicle, forcing it to break",
    "Map": "Map(name=Carla/Maps/Town04)",
    "No of Back Vehicles": 33,
    "Adversary Speed": 5,
    "Collision": false,
    "Weather": "HardRainNoon"
  },
  {
    "Scenario Name": "StaticCutIn_607",
    "Scenario Description": " Cut in(with static vehicle) scenario synchronizes a vehicle that is parked at a side lane to cut in in front of the ego vehicle, forcing it to break",
    "Map": "Map(name=Carla/Maps/Town04)",
    "No of Back Vehicles": 4,
    "Adversary Speed": 5,
    "Collision": false,
    "Weather": "HardRainNoon"
  },
  {
    "Scenario Name": "StaticCutIn_610",
    "Scenario Description": " Cut in(with static vehicle) scenario synchronizes a vehicle that is parked at a side lane to cut in in front of the ego vehicle, forcing it to break",
    "Map": "Map(name=Carla/Maps/Town04)",
    "No of Back Vehicles": 32,
    "Adversary Speed": 5,
    "Collision": false,
    "Weather": "ClearNight"
  },
  {
    "Scenario Name": "StaticCutIn_613",
    "Scenario Description": " Cut in(with static vehicle) scenario synchronizes a vehicle that is parked at a side lane to cut in in front of the ego vehicle, forcing it to break",
    "Map": "Map(name=Carla/Maps/Town04)",
    "No of Back Vehicles": 35,
    "Adversary Speed": 5,
    "Collision": false,
    "Weather": "ClearNight"
  },
  {
    "Scenario Name": "StaticCutIn_616",
    "Scenario Description": " Cut in(with static vehicle) scenario synchronizes a vehicle that is parked at a side lane to cut in in front of the ego vehicle, forcing it to break",
    "Map": "Map(name=Carla/Maps/Town04)",
    "No of Back Vehicles": 29,
    "Adversary Speed": 5,
    "Collision": false,
    "Weather": "ClearNoon"
  },
  {
    "Scenario Name": "StaticCutIn_617",
    "Scenario Description": " Cut in(with static vehicle) scenario synchronizes a vehicle that is parked at a side lane to cut in in front of the ego vehicle, forcing it to break",
    "Map": "Map(name=Carla/Maps/Town04)",
    "No of Back Vehicles": 8,
    "Adversary Speed": 5,
    "Collision": false,
    "Weather": "ClearNoon"
  },
  {
    "Scenario Name": "StaticCutIn_620",
    "Scenario Description": " Cut in(with static vehicle) scenario synchronizes a vehicle that is parked at a side lane to cut in in front of the ego vehicle, forcing it to break",
    "Map": "Map(name=Carla/Maps/Town04)",
    "No of Back Vehicles": 34,
    "Adversary Speed": 5,
    "Collision": false,
    "Weather": "ClearNoon"
  },
  {
    "Scenario Name": "StaticCutIn_622",
    "Scenario Description": " Cut in(with static vehicle) scenario synchronizes a vehicle that is parked at a side lane to cut in in front of the ego vehicle, forcing it to break",
    "Map": "Map(name=Carla/Maps/Town04)",
    "No of Back Vehicles": 28,
    "Adversary Speed": 5,
    "Collision": false,
    "Weather": "HardRainNoon"
  },
  {
    "Scenario Name": "StaticCutIn_623",
    "Scenario Description": " Cut in(with static vehicle) scenario synchronizes a vehicle that is parked at a side lane to cut in in front of the ego vehicle, forcing it to break",
    "Map": "Map(name=Carla/Maps/Town04)",
    "No of Back Vehicles": 33,
    "Adversary Speed": 5,
    "Collision": false,
    "Weather": "ClearNoon"
  },
  {
    "Scenario Name": "StaticCutIn_624",
    "Scenario Description": " Cut in(with static vehicle) scenario synchronizes a vehicle that is parked at a side lane to cut in in front of the ego vehicle, forcing it to break",
    "Map": "Map(name=Carla/Maps/Town04)",
    "No of Back Vehicles": 16,
    "Adversary Speed": 5,
    "Collision": false,
    "Weather": "HardRainNight"
  },
  {
    "Scenario Name": "StaticCutIn_625",
    "Scenario Description": " Cut in(with static vehicle) scenario synchronizes a vehicle that is parked at a side lane to cut in in front of the ego vehicle, forcing it to break",
    "Map": "Map(name=Carla/Maps/Town04)",
    "No of Back Vehicles": 34,
    "Adversary Speed": 5,
    "Collision": false,
    "Weather": "ClearNight"
  },
  {
    "Scenario Name": "StaticCutIn_629",
    "Scenario Description": " Cut in(with static vehicle) scenario synchronizes a vehicle that is parked at a side lane to cut in in front of the ego vehicle, forcing it to break",
    "Map": "Map(name=Carla/Maps/Town04)",
    "No of Back Vehicles": 17,
    "Adversary Speed": 5,
    "Collision": false,
    "Weather": "ClearNight"
  },
  {
    "Scenario Name": "StaticCutIn_637",
    "Scenario Description": " Cut in(with static vehicle) scenario synchronizes a vehicle that is parked at a side lane to cut in in front of the ego vehicle, forcing it to break",
    "Map": "Map(name=Carla/Maps/Town04)",
    "No of Back Vehicles": 34,
    "Adversary Speed": 5,
    "Collision": false,
    "Weather": "ClearNight"
  },
  {
    "Scenario Name": "StaticCutIn_638",
    "Scenario Description": " Cut in(with static vehicle) scenario synchronizes a vehicle that is parked at a side lane to cut in in front of the ego vehicle, forcing it to break",
    "Map": "Map(name=Carla/Maps/Town04)",
    "No of Back Vehicles": 5,
    "Adversary Speed": 5,
    "Collision": false,
    "Weather": "HardRainNight"
  },
  {
    "Scenario Name": "StaticCutIn_639",
    "Scenario Description": " Cut in(with static vehicle) scenario synchronizes a vehicle that is parked at a side lane to cut in in front of the ego vehicle, forcing it to break",
    "Map": "Map(name=Carla/Maps/Town04)",
    "No of Back Vehicles": 25,
    "Adversary Speed": 5,
    "Collision": false,
    "Weather": "HardRainNight"
  },
  {
    "Scenario Name": "StaticCutIn_641",
    "Scenario Description": " Cut in(with static vehicle) scenario synchronizes a vehicle that is parked at a side lane to cut in in front of the ego vehicle, forcing it to break",
    "Map": "Map(name=Carla/Maps/Town04)",
    "No of Back Vehicles": 7,
    "Adversary Speed": 5,
    "Collision": false,
    "Weather": "HardRainNight"
  },
  {
    "Scenario Name": "StaticCutIn_642",
    "Scenario Description": " Cut in(with static vehicle) scenario synchronizes a vehicle that is parked at a side lane to cut in in front of the ego vehicle, forcing it to break",
    "Map": "Map(name=Carla/Maps/Town04)",
    "No of Back Vehicles": 33,
    "Adversary Speed": 5,
    "Collision": false,
    "Weather": "HardRainNoon"
  },
  {
    "Scenario Name": "StaticCutIn_645",
    "Scenario Description": " Cut in(with static vehicle) scenario synchronizes a vehicle that is parked at a side lane to cut in in front of the ego vehicle, forcing it to break",
    "Map": "Map(name=Carla/Maps/Town04)",
    "No of Back Vehicles": 34,
    "Adversary Speed": 5,
    "Collision": false,
    "Weather": "HardRainNoon"
  },
  {
    "Scenario Name": "StaticCutIn_646",
    "Scenario Description": " Cut in(with static vehicle) scenario synchronizes a vehicle that is parked at a side lane to cut in in front of the ego vehicle, forcing it to break",
    "Map": "Map(name=Carla/Maps/Town04)",
    "No of Back Vehicles": 8,
    "Adversary Speed": 5,
    "Collision": false,
    "Weather": "ClearNoon"
  },
  {
    "Scenario Name": "StaticCutIn_650",
    "Scenario Description": " Cut in(with static vehicle) scenario synchronizes a vehicle that is parked at a side lane to cut in in front of the ego vehicle, forcing it to break",
    "Map": "Map(name=Carla/Maps/Town04)",
    "No of Back Vehicles": 32,
    "Adversary Speed": 5,
    "Collision": false,
    "Weather": "ClearNoon"
  },
  {
    "Scenario Name": "StaticCutIn_652",
    "Scenario Description": " Cut in(with static vehicle) scenario synchronizes a vehicle that is parked at a side lane to cut in in front of the ego vehicle, forcing it to break",
    "Map": "Map(name=Carla/Maps/Town04)",
    "No of Back Vehicles": 6,
    "Adversary Speed": 5,
    "Collision": false,
    "Weather": "HardRainNoon"
  },
  {
    "Scenario Name": "StaticCutIn_653",
    "Scenario Description": " Cut in(with static vehicle) scenario synchronizes a vehicle that is parked at a side lane to cut in in front of the ego vehicle, forcing it to break",
    "Map": "Map(name=Carla/Maps/Town04)",
    "No of Back Vehicles": 34,
    "Adversary Speed": 5,
    "Collision": false,
    "Weather": "HardRainNoon"
  },
  {
    "Scenario Name": "StaticCutIn_654",
    "Scenario Description": " Cut in(with static vehicle) scenario synchronizes a vehicle that is parked at a side lane to cut in in front of the ego vehicle, forcing it to break",
    "Map": "Map(name=Carla/Maps/Town04)",
    "No of Back Vehicles": 7,
    "Adversary Speed": 5,
    "Collision": false,
    "Weather": "ClearNoon"
  },
  {
    "Scenario Name": "StaticCutIn_656",
    "Scenario Description": " Cut in(with static vehicle) scenario synchronizes a vehicle that is parked at a side lane to cut in in front of the ego vehicle, forcing it to break",
    "Map": "Map(name=Carla/Maps/Town04)",
    "No of Back Vehicles": 23,
    "Adversary Speed": 5,
    "Collision": false,
    "Weather": "ClearNoon"
  },
  {
    "Scenario Name": "StaticCutIn_657",
    "Scenario Description": " Cut in(with static vehicle) scenario synchronizes a vehicle that is parked at a side lane to cut in in front of the ego vehicle, forcing it to break",
    "Map": "Map(name=Carla/Maps/Town04)",
    "No of Back Vehicles": 34,
    "Adversary Speed": 5,
    "Collision": false,
    "Weather": "ClearNight"
  },
  {
    "Scenario Name": "StaticCutIn_658",
    "Scenario Description": " Cut in(with static vehicle) scenario synchronizes a vehicle that is parked at a side lane to cut in in front of the ego vehicle, forcing it to break",
    "Map": "Map(name=Carla/Maps/Town04)",
    "No of Back Vehicles": 21,
    "Adversary Speed": 5,
    "Collision": false,
    "Weather": "HardRainNight"
  },
  {
    "Scenario Name": "StaticCutIn_659",
    "Scenario Description": " Cut in(with static vehicle) scenario synchronizes a vehicle that is parked at a side lane to cut in in front of the ego vehicle, forcing it to break",
    "Map": "Map(name=Carla/Maps/Town04)",
    "No of Back Vehicles": 8,
    "Adversary Speed": 5,
    "Collision": false,
    "Weather": "ClearNight"
  },
  {
    "Scenario Name": "StaticCutIn_660",
    "Scenario Description": " Cut in(with static vehicle) scenario synchronizes a vehicle that is parked at a side lane to cut in in front of the ego vehicle, forcing it to break",
    "Map": "Map(name=Carla/Maps/Town04)",
    "No of Back Vehicles": 30,
    "Adversary Speed": 5,
    "Collision": false,
    "Weather": "ClearNoon"
  },
  {
    "Scenario Name": "StaticCutIn_663",
    "Scenario Description": " Cut in(with static vehicle) scenario synchronizes a vehicle that is parked at a side lane to cut in in front of the ego vehicle, forcing it to break",
    "Map": "Map(name=Carla/Maps/Town04)",
    "No of Back Vehicles": 35,
    "Adversary Speed": 5,
    "Collision": false,
    "Weather": "ClearNight"
  },
  {
    "Scenario Name": "StaticCutIn_664",
    "Scenario Description": " Cut in(with static vehicle) scenario synchronizes a vehicle that is parked at a side lane to cut in in front of the ego vehicle, forcing it to break",
    "Map": "Map(name=Carla/Maps/Town04)",
    "No of Back Vehicles": 10,
    "Adversary Speed": 5,
    "Collision": false,
    "Weather": "ClearNoon"
  },
  {
    "Scenario Name": "StaticCutIn_667",
    "Scenario Description": " Cut in(with static vehicle) scenario synchronizes a vehicle that is parked at a side lane to cut in in front of the ego vehicle, forcing it to break",
    "Map": "Map(name=Carla/Maps/Town04)",
    "No of Back Vehicles": 22,
    "Adversary Speed": 5,
    "Collision": false,
    "Weather": "ClearNight"
  },
  {
    "Scenario Name": "StaticCutIn_668",
    "Scenario Description": " Cut in(with static vehicle) scenario synchronizes a vehicle that is parked at a side lane to cut in in front of the ego vehicle, forcing it to break",
    "Map": "Map(name=Carla/Maps/Town04)",
    "No of Back Vehicles": 31,
    "Adversary Speed": 5,
    "Collision": false,
    "Weather": "ClearNight"
  },
  {
    "Scenario Name": "StaticCutIn_670",
    "Scenario Description": " Cut in(with static vehicle) scenario synchronizes a vehicle that is parked at a side lane to cut in in front of the ego vehicle, forcing it to break",
    "Map": "Map(name=Carla/Maps/Town04)",
    "No of Back Vehicles": 31,
    "Adversary Speed": 5,
    "Collision": false,
    "Weather": "HardRainNight"
  },
  {
    "Scenario Name": "StaticCutIn_674",
    "Scenario Description": " Cut in(with static vehicle) scenario synchronizes a vehicle that is parked at a side lane to cut in in front of the ego vehicle, forcing it to break",
    "Map": "Map(name=Carla/Maps/Town04)",
    "No of Back Vehicles": 6,
    "Adversary Speed": 5,
    "Collision": false,
    "Weather": "HardRainNoon"
  },
  {
    "Scenario Name": "StaticCutIn_675",
    "Scenario Description": " Cut in(with static vehicle) scenario synchronizes a vehicle that is parked at a side lane to cut in in front of the ego vehicle, forcing it to break",
    "Map": "Map(name=Carla/Maps/Town04)",
    "No of Back Vehicles": 18,
    "Adversary Speed": 5,
    "Collision": false,
    "Weather": "HardRainNight"
  },
  {
    "Scenario Name": "StaticCutIn_677",
    "Scenario Description": " Cut in(with static vehicle) scenario synchronizes a vehicle that is parked at a side lane to cut in in front of the ego vehicle, forcing it to break",
    "Map": "Map(name=Carla/Maps/Town04)",
    "No of Back Vehicles": 35,
    "Adversary Speed": 5,
    "Collision": false,
    "Weather": "ClearNoon"
  },
  {
    "Scenario Name": "StaticCutIn_678",
    "Scenario Description": " Cut in(with static vehicle) scenario synchronizes a vehicle that is parked at a side lane to cut in in front of the ego vehicle, forcing it to break",
    "Map": "Map(name=Carla/Maps/Town04)",
    "No of Back Vehicles": 24,
    "Adversary Speed": 5,
    "Collision": false,
    "Weather": "HardRainNight"
  },
  {
    "Scenario Name": "StaticCutIn_685",
    "Scenario Description": " Cut in(with static vehicle) scenario synchronizes a vehicle that is parked at a side lane to cut in in front of the ego vehicle, forcing it to break",
    "Map": "Map(name=Carla/Maps/Town04)",
    "No of Back Vehicles": 32,
    "Adversary Speed": 5,
    "Collision": false,
    "Weather": "HardRainNight"
  },
  {
    "Scenario Name": "StaticCutIn_686",
    "Scenario Description": " Cut in(with static vehicle) scenario synchronizes a vehicle that is parked at a side lane to cut in in front of the ego vehicle, forcing it to break",
    "Map": "Map(name=Carla/Maps/Town04)",
    "No of Back Vehicles": 5,
    "Adversary Speed": 5,
    "Collision": false,
    "Weather": "HardRainNight"
  },
  {
    "Scenario Name": "StaticCutIn_688",
    "Scenario Description": " Cut in(with static vehicle) scenario synchronizes a vehicle that is parked at a side lane to cut in in front of the ego vehicle, forcing it to break",
    "Map": "Map(name=Carla/Maps/Town04)",
    "No of Back Vehicles": 23,
    "Adversary Speed": 5,
    "Collision": false,
    "Weather": "ClearNoon"
  },
  {
    "Scenario Name": "StaticCutIn_689",
    "Scenario Description": " Cut in(with static vehicle) scenario synchronizes a vehicle that is parked at a side lane to cut in in front of the ego vehicle, forcing it to break",
    "Map": "Map(name=Carla/Maps/Town04)",
    "No of Back Vehicles": 35,
    "Adversary Speed": 5,
    "Collision": false,
    "Weather": "HardRainNight"
  },
  {
    "Scenario Name": "StaticCutIn_690",
    "Scenario Description": " Cut in(with static vehicle) scenario synchronizes a vehicle that is parked at a side lane to cut in in front of the ego vehicle, forcing it to break",
    "Map": "Map(name=Carla/Maps/Town04)",
    "No of Back Vehicles": 11,
    "Adversary Speed": 5,
    "Collision": false,
    "Weather": "HardRainNoon"
  },
  {
    "Scenario Name": "StaticCutIn_693",
    "Scenario Description": " Cut in(with static vehicle) scenario synchronizes a vehicle that is parked at a side lane to cut in in front of the ego vehicle, forcing it to break",
    "Map": "Map(name=Carla/Maps/Town04)",
    "No of Back Vehicles": 17,
    "Adversary Speed": 5,
    "Collision": false,
    "Weather": "ClearNoon"
  },
  {
    "Scenario Name": "StaticCutIn_695",
    "Scenario Description": " Cut in(with static vehicle) scenario synchronizes a vehicle that is parked at a side lane to cut in in front of the ego vehicle, forcing it to break",
    "Map": "Map(name=Carla/Maps/Town04)",
    "No of Back Vehicles": 28,
    "Adversary Speed": 5,
    "Collision": false,
    "Weather": "HardRainNoon"
  },
  {
    "Scenario Name": "StaticCutIn_696",
    "Scenario Description": " Cut in(with static vehicle) scenario synchronizes a vehicle that is parked at a side lane to cut in in front of the ego vehicle, forcing it to break",
    "Map": "Map(name=Carla/Maps/Town04)",
    "No of Back Vehicles": 30,
    "Adversary Speed": 5,
    "Collision": false,
    "Weather": "ClearNoon"
  },
  {
    "Scenario Name": "StaticCutIn_699",
    "Scenario Description": " Cut in(with static vehicle) scenario synchronizes a vehicle that is parked at a side lane to cut in in front of the ego vehicle, forcing it to break",
    "Map": "Map(name=Carla/Maps/Town04)",
    "No of Back Vehicles": 34,
    "Adversary Speed": 5,
    "Collision": false,
    "Weather": "HardRainNight"
  }
]