[
  {
    "Scenario Name": "DynamicObjectCrossing_200",
    "Scenario Description": "The scenario realizes the user controlled ego vehicle moving along the road and encountering a cyclist ahead.",
    "Map": "Map(name=Carla/Maps/Town02)",
    "Adversary Distance": 15,
    "Adversary Speed": 3.0,
    "Collision": true,
    "Weather": "HardRainNoon",
    "Collision Type": "Actor(id=1539, type=walker.pedestrian.0040)",
    "Time to Collision": 2.7519984245300293,
    "Speed at Collision": 13.113087987989386,
    "Intensity": 36.091107268321565
  },
  {
    "Scenario Name": "DynamicObjectCrossing_201",
    "Scenario Description": "The scenario realizes the user controlled ego vehicle moving along the road and encountering a cyclist ahead.",
    "Map": "Map(name=Carla/Maps/Town02)",
    "Adversary Distance": 30,
    "Adversary Speed": 3.0,
    "Collision": true,
    "Weather": "ClearNight",
    "Collision Type": "Actor(id=1546, type=walker.pedestrian.0040)",
    "Time to Collision": 10.0760018825531,
    "Speed at Collision": 3.175428838153678,
    "Intensity": 145.11382598236503
  },
  {
    "Scenario Name": "DynamicObjectCrossing_202",
    "Scenario Description": "The scenario realizes the user controlled ego vehicle moving along the road and encountering a cyclist ahead.",
    "Map": "Map(name=Carla/Maps/Town02)",
    "Adversary Distance": 69,
    "Adversary Speed": 3.0,
    "Collision": true,
    "Weather": "HardRainNight",
    "Collision Type": "Actor(id=1553, type=walker.pedestrian.0040)",
    "Time to Collision": 5.617999076843262,
    "Speed at Collision": 20.25279429104886,
    "Intensity": 939.4998807646172
  },
  {
    "Scenario Name": "DynamicObjectCrossing_203",
    "Scenario Description": "The scenario realizes the user controlled ego vehicle moving along the road and encountering a cyclist ahead.",
    "Map": "Map(name=Carla/Maps/Town02)",
    "Adversary Distance": 32,
    "Adversary Speed": 3.0,
    "Collision": true,
    "Weather": "HardRainNight",
    "Collision Type": "Actor(id=1560, type=walker.pedestrian.0040)",
    "Time to Collision": 3.921999931335449,
    "Speed at Collision": 13.089570493504473,
    "Intensity": 582.6183273636015
  },
  {
    "Scenario Name": "DynamicObjectCrossing_204",
    "Scenario Description": "The scenario realizes the user controlled ego vehicle moving along the road and encountering a cyclist ahead.",
    "Map": "Map(name=Carla/Maps/Town02)",
    "Adversary Distance": 55,
    "Adversary Speed": 3.0,
    "Collision": true,
    "Weather": "ClearNight",
    "Collision Type": "Actor(id=1567, type=walker.pedestrian.0040)",
    "Time to Collision": 6.906001091003418,
    "Speed at Collision": 9.47405573610536,
    "Intensity": 342.8130924706528
  },
  {
    "Scenario Name": "DynamicObjectCrossing_205",
    "Scenario Description": "The scenario realizes the user controlled ego vehicle moving along the road and encountering a cyclist ahead.",
    "Map": "Map(name=Carla/Maps/Town02)",
    "Adversary Distance": 25,
    "Adversary Speed": 3.0,
    "Collision": true,
    "Weather": "HardRainNight",
    "Collision Type": "Actor(id=1574, type=walker.pedestrian.0040)",
    "Time to Collision": 3.2979977130889893,
    "Speed at Collision": 15.529637599036008,
    "Intensity": 427.6961728279447
  },
  {
    "Scenario Name": "DynamicObjectCrossing_206",
    "Scenario Description": "The scenario realizes the user controlled ego vehicle moving along the road and encountering a cyclist ahead.",
    "Map": "Map(name=Carla/Maps/Town02)",
    "Adversary Distance": 58,
    "Adversary Speed": 3.0,
    "Collision": true,
    "Weather": "HardRainNight",
    "Collision Type": "Actor(id=1581, type=walker.pedestrian.0040)",
    "Time to Collision": 5.683004379272461,
    "Speed at Collision": 13.848644442032558,
    "Intensity": 495.3661612150772
  },
  {
    "Scenario Name": "DynamicObjectCrossing_207",
    "Scenario Description": "The scenario realizes the user controlled ego vehicle moving along the road and encountering a cyclist ahead.",
    "Map": "Map(name=Carla/Maps/Town02)",
    "Adversary Distance": 68,
    "Adversary Speed": 3.0,
    "Collision": true,
    "Weather": "HardRainNight",
    "Collision Type": "Actor(id=1588, type=walker.pedestrian.0040)",
    "Time to Collision": 12.094002723693848,
    "Speed at Collision": 5.98930027476361,
    "Intensity": 271.4296703375564
  },
  {
    "Scenario Name": "DynamicObjectCrossing_208",
    "Scenario Description": "The scenario realizes the user controlled ego vehicle moving along the road and encountering a cyclist ahead.",
    "Map": "Map(name=Carla/Maps/Town02)",
    "Adversary Distance": 20,
    "Adversary Speed": 3.0,
    "Collision": true,
    "Weather": "HardRainNoon",
    "Collision Type": "Actor(id=1595, type=walker.pedestrian.0040)",
    "Time to Collision": 3.661003589630127,
    "Speed at Collision": 7.173667380354249,
    "Intensity": 237.03303459091666
  },
  {
    "Scenario Name": "DynamicObjectCrossing_210",
    "Scenario Description": "The scenario realizes the user controlled ego vehicle moving along the road and encountering a cyclist ahead.",
    "Map": "Map(name=Carla/Maps/Town02)",
    "Adversary Distance": 56,
    "Adversary Speed": 3.0,
    "Collision": true,
    "Weather": "HardRainNoon",
    "Collision Type": "Actor(id=1609, type=walker.pedestrian.0040)",
    "Time to Collision": 8.498997926712036,
    "Speed at Collision": 7.292215520491097,
    "Intensity": 321.15236527254166
  },
  {
    "Scenario Name": "DynamicObjectCrossing_211",
    "Scenario Description": "The scenario realizes the user controlled ego vehicle moving along the road and encountering a cyclist ahead.",
    "Map": "Map(name=Carla/Maps/Town02)",
    "Adversary Distance": 37,
    "Adversary Speed": 3.0,
    "Collision": true,
    "Weather": "HardRainNight",
    "Collision Type": "Actor(id=1616, type=walker.pedestrian.0040)",
    "Time to Collision": 3.9749972820281982,
    "Speed at Collision": 18.27406216332286,
    "Intensity": 801.062784143002
  },
  {
    "Scenario Name": "DynamicObjectCrossing_212",
    "Scenario Description": "The scenario realizes the user controlled ego vehicle moving along the road and encountering a cyclist ahead.",
    "Map": "Map(name=Carla/Maps/Town02)",
    "Adversary Distance": 42,
    "Adversary Speed": 3.0,
    "Collision": true,
    "Weather": "HardRainNoon",
    "Collision Type": "Actor(id=1623, type=walker.pedestrian.0040)",
    "Time to Collision": 4.509000301361084,
    "Speed at Collision": 13.622852208549029,
    "Intensity": 612.9047567795621
  },
  {
    "Scenario Name": "DynamicObjectCrossing_213",
    "Scenario Description": "The scenario realizes the user controlled ego vehicle moving along the road and encountering a cyclist ahead.",
    "Map": "Map(name=Carla/Maps/Town02)",
    "Adversary Distance": 70,
    "Adversary Speed": 3.0,
    "Collision": true,
    "Weather": "HardRainNight",
    "Collision Type": "Actor(id=1630, type=walker.pedestrian.0040)",
    "Time to Collision": 10.755001783370972,
    "Speed at Collision": 6.762003997102349,
    "Intensity": 209.9261929592936
  },
  {
    "Scenario Name": "DynamicObjectCrossing_214",
    "Scenario Description": "The scenario realizes the user controlled ego vehicle moving along the road and encountering a cyclist ahead.",
    "Map": "Map(name=Carla/Maps/Town02)",
    "Adversary Distance": 52,
    "Adversary Speed": 3.0,
    "Collision": true,
    "Weather": "ClearNoon",
    "Collision Type": "Actor(id=1637, type=walker.pedestrian.0040)",
    "Time to Collision": 4.81600022315979,
    "Speed at Collision": 17.93867469146807,
    "Intensity": 937.5104175685323
  },
  {
    "Scenario Name": "DynamicObjectCrossing_216",
    "Scenario Description": "The scenario realizes the user controlled ego vehicle moving along the road and encountering a cyclist ahead.",
    "Map": "Map(name=Carla/Maps/Town02)",
    "Adversary Distance": 35,
    "Adversary Speed": 3.0,
    "Collision": true,
    "Weather": "HardRainNoon",
    "Collision Type": "Actor(id=1651, type=walker.pedestrian.0040)",
    "Time to Collision": 3.942000150680542,
    "Speed at Collision": 17.956901724929523,
    "Intensity": 461.72913586857163
  },
  {
    "Scenario Name": "DynamicObjectCrossing_217",
    "Scenario Description": "The scenario realizes the user controlled ego vehicle moving along the road and encountering a cyclist ahead.",
    "Map": "Map(name=Carla/Maps/Town02)",
    "Adversary Distance": 22,
    "Adversary Speed": 3.0,
    "Collision": true,
    "Weather": "ClearNoon",
    "Collision Type": "Actor(id=1658, type=walker.pedestrian.0040)",
    "Time to Collision": 4.724998235702515,
    "Speed at Collision": 5.1528538523364675,
    "Intensity": 188.07378698273482
  },
  {
    "Scenario Name": "DynamicObjectCrossing_218",
    "Scenario Description": "The scenario realizes the user controlled ego vehicle moving along the road and encountering a cyclist ahead.",
    "Map": "Map(name=Carla/Maps/Town02)",
    "Adversary Distance": 47,
    "Adversary Speed": 3.0,
    "Collision": true,
    "Weather": "HardRainNoon",
    "Collision Type": "Actor(id=1665, type=walker.pedestrian.0040)",
    "Time to Collision": 4.531000852584839,
    "Speed at Collision": 20.276599926742705,
    "Intensity": 856.9021884453256
  },
  {
    "Scenario Name": "DynamicObjectCrossing_219",
    "Scenario Description": "The scenario realizes the user controlled ego vehicle moving along the road and encountering a cyclist ahead.",
    "Map": "Map(name=Carla/Maps/Town02)",
    "Adversary Distance": 10,
    "Adversary Speed": 3.0,
    "Collision": true,
    "Weather": "HardRainNight",
    "Collision Type": "Actor(id=1672, type=walker.pedestrian.0040)",
    "Time to Collision": 2.537001609802246,
    "Speed at Collision": 11.506743738373402,
    "Intensity": 75.22606207441564
  },
  {
    "Scenario Name": "DynamicObjectCrossing_220",
    "Scenario Description": "The scenario realizes the user controlled ego vehicle moving along the road and encountering a cyclist ahead.",
    "Map": "Map(name=Carla/Maps/Town02)",
    "Adversary Distance": 54,
    "Adversary Speed": 3.0,
    "Collision": true,
    "Weather": "HardRainNoon",
    "Collision Type": "Actor(id=1679, type=walker.pedestrian.0040)",
    "Time to Collision": 5.406013250350952,
    "Speed at Collision": 13.58500259336904,
    "Intensity": 479.6254702427187
  },
  {
    "Scenario Name": "DynamicObjectCrossing_221",
    "Scenario Description": "The scenario realizes the user controlled ego vehicle moving along the road and encountering a cyclist ahead.",
    "Map": "Map(name=Carla/Maps/Town02)",
    "Adversary Distance": 68,
    "Adversary Speed": 3.0,
    "Collision": true,
    "Weather": "ClearNight",
    "Collision Type": "Actor(id=1686, type=walker.pedestrian.0040)",
    "Time to Collision": 7.07200288772583,
    "Speed at Collision": 11.761345086664592,
    "Intensity": 412.4075980593907
  },
  {
    "Scenario Name": "DynamicObjectCrossing_222",
    "Scenario Description": "The scenario realizes the user controlled ego vehicle moving along the road and encountering a cyclist ahead.",
    "Map": "Map(name=Carla/Maps/Town02)",
    "Adversary Distance": 32,
    "Adversary Speed": 3.0,
    "Collision": true,
    "Weather": "HardRainNight",
    "Collision Type": "Actor(id=1693, type=walker.pedestrian.0040)",
    "Time to Collision": 3.7400128841400146,
    "Speed at Collision": 17.193485156577754,
    "Intensity": 758.4030353884178
  },
  {
    "Scenario Name": "DynamicObjectCrossing_223",
    "Scenario Description": "The scenario realizes the user controlled ego vehicle moving along the road and encountering a cyclist ahead.",
    "Map": "Map(name=Carla/Maps/Town02)",
    "Adversary Distance": 71,
    "Adversary Speed": 3.0,
    "Collision": true,
    "Weather": "ClearNoon",
    "Collision Type": "Actor(id=1700, type=walker.pedestrian.0040)",
    "Time to Collision": 5.5819995403289795,
    "Speed at Collision": 24.116262710468515,
    "Intensity": 1342.995050117835
  },
  {
    "Scenario Name": "DynamicObjectCrossing_224",
    "Scenario Description": "The scenario realizes the user controlled ego vehicle moving along the road and encountering a cyclist ahead.",
    "Map": "Map(name=Carla/Maps/Town02)",
    "Adversary Distance": 23,
    "Adversary Speed": 3.0,
    "Collision": true,
    "Weather": "HardRainNoon",
    "Collision Type": "Actor(id=1707, type=walker.pedestrian.0040)",
    "Time to Collision": 3.2430002689361572,
    "Speed at Collision": 14.751301613280472,
    "Intensity": 387.51459063600066
  },
  {
    "Scenario Name": "DynamicObjectCrossing_225",
    "Scenario Description": "The scenario realizes the user controlled ego vehicle moving along the road and encountering a cyclist ahead.",
    "Map": "Map(name=Carla/Maps/Town02)",
    "Adversary Distance": 79,
    "Adversary Speed": 3.0,
    "Collision": true,
    "Weather": "HardRainNoon",
    "Collision Type": "Actor(id=1714, type=walker.pedestrian.0040)",
    "Time to Collision": 7.098999261856079,
    "Speed at Collision": 14.105150346568399,
    "Intensity": 507.7109196963679
  },
  {
    "Scenario Name": "DynamicObjectCrossing_226",
    "Scenario Description": "The scenario realizes the user controlled ego vehicle moving along the road and encountering a cyclist ahead.",
    "Map": "Map(name=Carla/Maps/Town02)",
    "Adversary Distance": 58,
    "Adversary Speed": 3.0,
    "Collision": true,
    "Weather": "HardRainNight",
    "Collision Type": "Actor(id=1721, type=walker.pedestrian.0040)",
    "Time to Collision": 5.677994012832642,
    "Speed at Collision": 13.830671257080361,
    "Intensity": 496.6289165399526
  },
  {
    "Scenario Name": "DynamicObjectCrossing_227",
    "Scenario Description": "The scenario realizes the user controlled ego vehicle moving along the road and encountering a cyclist ahead.",
    "Map": "Map(name=Carla/Maps/Town02)",
    "Adversary Distance": 25,
    "Adversary Speed": 3.0,
    "Collision": true,
    "Weather": "ClearNight",
    "Collision Type": "Actor(id=1728, type=walker.pedestrian.0040)",
    "Time to Collision": 4.575034141540527,
    "Speed at Collision": 6.220400462625018,
    "Intensity": 305.4299141222415
  },
  {
    "Scenario Name": "DynamicObjectCrossing_228",
    "Scenario Description": "The scenario realizes the user controlled ego vehicle moving along the road and encountering a cyclist ahead.",
    "Map": "Map(name=Carla/Maps/Town02)",
    "Adversary Distance": 27,
    "Adversary Speed": 3.0,
    "Collision": true,
    "Weather": "ClearNight",
    "Collision Type": "Actor(id=1735, type=walker.pedestrian.0040)",
    "Time to Collision": 3.4500017166137695,
    "Speed at Collision": 15.96535903381456,
    "Intensity": 429.5319930323942
  },
  {
    "Scenario Name": "DynamicObjectCrossing_230",
    "Scenario Description": "The scenario realizes the user controlled ego vehicle moving along the road and encountering a cyclist ahead.",
    "Map": "Map(name=Carla/Maps/Town02)",
    "Adversary Distance": 54,
    "Adversary Speed": 3.0,
    "Collision": true,
    "Weather": "HardRainNoon",
    "Collision Type": "Actor(id=1749, type=walker.pedestrian.0040)",
    "Time to Collision": 4.815994024276733,
    "Speed at Collision": 21.563873439736234,
    "Intensity": 959.6675861472448
  },
  {
    "Scenario Name": "DynamicObjectCrossing_231",
    "Scenario Description": "The scenario realizes the user controlled ego vehicle moving along the road and encountering a cyclist ahead.",
    "Map": "Map(name=Carla/Maps/Town02)",
    "Adversary Distance": 41,
    "Adversary Speed": 3.0,
    "Collision": true,
    "Weather": "ClearNoon",
    "Collision Type": "Actor(id=1756, type=walker.pedestrian.0040)",
    "Time to Collision": 4.207993745803833,
    "Speed at Collision": 19.16359655286093,
    "Intensity": 823.275368619203
  },
  {
    "Scenario Name": "DynamicObjectCrossing_232",
    "Scenario Description": "The scenario realizes the user controlled ego vehicle moving along the road and encountering a cyclist ahead.",
    "Map": "Map(name=Carla/Maps/Town02)",
    "Adversary Distance": 80,
    "Adversary Speed": 3.0,
    "Collision": true,
    "Weather": "HardRainNoon",
    "Collision Type": "Actor(id=1763, type=walker.pedestrian.0040)",
    "Time to Collision": 6.007995128631592,
    "Speed at Collision": 25.179021254718293,
    "Intensity": 1552.9710045425459
  },
  {
    "Scenario Name": "DynamicObjectCrossing_233",
    "Scenario Description": "The scenario realizes the user controlled ego vehicle moving along the road and encountering a cyclist ahead.",
    "Map": "Map(name=Carla/Maps/Town02)",
    "Adversary Distance": 40,
    "Adversary Speed": 3.0,
    "Collision": true,
    "Weather": "HardRainNight",
    "Collision Type": "Actor(id=1770, type=walker.pedestrian.0040)",
    "Time to Collision": 4.4449989795684814,
    "Speed at Collision": 13.789733937722497,
    "Intensity": 619.9254304135613
  },
  {
    "Scenario Name": "DynamicObjectCrossing_234",
    "Scenario Description": "The scenario realizes the user controlled ego vehicle moving along the road and encountering a cyclist ahead.",
    "Map": "Map(name=Carla/Maps/Town02)",
    "Adversary Distance": 41,
    "Adversary Speed": 3.0,
    "Collision": true,
    "Weather": "ClearNight",
    "Collision Type": "Actor(id=1777, type=walker.pedestrian.0040)",
    "Time to Collision": 4.329001188278198,
    "Speed at Collision": 15.49323625528975,
    "Intensity": 774.3793565362205
  },
  {
    "Scenario Name": "DynamicObjectCrossing_235",
    "Scenario Description": "The scenario realizes the user controlled ego vehicle moving along the road and encountering a cyclist ahead.",
    "Map": "Map(name=Carla/Maps/Town02)",
    "Adversary Distance": 43,
    "Adversary Speed": 3.0,
    "Collision": true,
    "Weather": "HardRainNoon",
    "Collision Type": "Actor(id=1784, type=walker.pedestrian.0040)",
    "Time to Collision": 4.283000230789185,
    "Speed at Collision": 19.51540030816456,
    "Intensity": 833.2246207525171
  },
  {
    "Scenario Name": "DynamicObjectCrossing_236",
    "Scenario Description": "The scenario realizes the user controlled ego vehicle moving along the road and encountering a cyclist ahead.",
    "Map": "Map(name=Carla/Maps/Town02)",
    "Adversary Distance": 67,
    "Adversary Speed": 3.0,
    "Collision": true,
    "Weather": "HardRainNight",
    "Collision Type": "Actor(id=1791, type=walker.pedestrian.0040)",
    "Time to Collision": 5.408001184463501,
    "Speed at Collision": 23.557670976274768,
    "Intensity": 1286.751044338876
  },
  {
    "Scenario Name": "DynamicObjectCrossing_237",
    "Scenario Description": "The scenario realizes the user controlled ego vehicle moving along the road and encountering a cyclist ahead.",
    "Map": "Map(name=Carla/Maps/Town02)",
    "Adversary Distance": 62,
    "Adversary Speed": 3.0,
    "Collision": true,
    "Weather": "ClearNoon",
    "Collision Type": "Actor(id=1798, type=walker.pedestrian.0040)",
    "Time to Collision": 14.43600058555603,
    "Speed at Collision": 4.860356870936194,
    "Intensity": 242.21377511136157
  },
  {
    "Scenario Name": "DynamicObjectCrossing_238",
    "Scenario Description": "The scenario realizes the user controlled ego vehicle moving along the road and encountering a cyclist ahead.",
    "Map": "Map(name=Carla/Maps/Town02)",
    "Adversary Distance": 20,
    "Adversary Speed": 3.0,
    "Collision": true,
    "Weather": "ClearNoon",
    "Collision Type": "Actor(id=1805, type=walker.pedestrian.0040)",
    "Time to Collision": 4.31299901008606,
    "Speed at Collision": 5.002913693168395,
    "Intensity": 234.99256273262927
  },
  {
    "Scenario Name": "DynamicObjectCrossing_239",
    "Scenario Description": "The scenario realizes the user controlled ego vehicle moving along the road and encountering a cyclist ahead.",
    "Map": "Map(name=Carla/Maps/Town02)",
    "Adversary Distance": 37,
    "Adversary Speed": 3.0,
    "Collision": true,
    "Weather": "ClearNight",
    "Collision Type": "Actor(id=1812, type=walker.pedestrian.0040)",
    "Time to Collision": 4.067998647689819,
    "Speed at Collision": 14.513764996799702,
    "Intensity": 622.7874833830988
  },
  {
    "Scenario Name": "DynamicObjectCrossing_240",
    "Scenario Description": "The scenario realizes the user controlled ego vehicle moving along the road and encountering a cyclist ahead.",
    "Map": "Map(name=Carla/Maps/Town02)",
    "Adversary Distance": 71,
    "Adversary Speed": 3.0,
    "Collision": true,
    "Weather": "ClearNight",
    "Collision Type": "Actor(id=1819, type=walker.pedestrian.0040)",
    "Time to Collision": 15.871996879577637,
    "Speed at Collision": 4.607613598679275,
    "Intensity": 229.53954515607168
  },
  {
    "Scenario Name": "DynamicObjectCrossing_241",
    "Scenario Description": "The scenario realizes the user controlled ego vehicle moving along the road and encountering a cyclist ahead.",
    "Map": "Map(name=Carla/Maps/Town02)",
    "Adversary Distance": 76,
    "Adversary Speed": 3.0,
    "Collision": true,
    "Weather": "ClearNoon",
    "Collision Type": "Actor(id=1826, type=walker.pedestrian.0040)",
    "Time to Collision": 10.040003061294556,
    "Speed at Collision": 8.341693308302407,
    "Intensity": 350.97251069054744
  },
  {
    "Scenario Name": "DynamicObjectCrossing_242",
    "Scenario Description": "The scenario realizes the user controlled ego vehicle moving along the road and encountering a cyclist ahead.",
    "Map": "Map(name=Carla/Maps/Town02)",
    "Adversary Distance": 43,
    "Adversary Speed": 3.0,
    "Collision": true,
    "Weather": "HardRainNight",
    "Collision Type": "Actor(id=1833, type=walker.pedestrian.0040)",
    "Time to Collision": 4.320998907089233,
    "Speed at Collision": 19.49572894559332,
    "Intensity": 828.3659918429264
  },
  {
    "Scenario Name": "DynamicObjectCrossing_243",
    "Scenario Description": "The scenario realizes the user controlled ego vehicle moving along the road and encountering a cyclist ahead.",
    "Map": "Map(name=Carla/Maps/Town02)",
    "Adversary Distance": 25,
    "Adversary Speed": 3.0,
    "Collision": true,
    "Weather": "ClearNight",
    "Collision Type": "Actor(id=1840, type=walker.pedestrian.0040)",
    "Time to Collision": 3.5420010089874268,
    "Speed at Collision": 10.919686296916037,
    "Intensity": 480.4818564856895
  },
  {
    "Scenario Name": "DynamicObjectCrossing_244",
    "Scenario Description": "The scenario realizes the user controlled ego vehicle moving along the road and encountering a cyclist ahead.",
    "Map": "Map(name=Carla/Maps/Town02)",
    "Adversary Distance": 51,
    "Adversary Speed": 3.0,
    "Collision": true,
    "Weather": "HardRainNoon",
    "Collision Type": "Actor(id=1847, type=walker.pedestrian.0040)",
    "Time to Collision": 4.7369983196258545,
    "Speed at Collision": 20.832860077779674,
    "Intensity": 1177.1400553557935
  },
  {
    "Scenario Name": "DynamicObjectCrossing_245",
    "Scenario Description": "The scenario realizes the user controlled ego vehicle moving along the road and encountering a cyclist ahead.",
    "Map": "Map(name=Carla/Maps/Town02)",
    "Adversary Distance": 44,
    "Adversary Speed": 3.0,
    "Collision": true,
    "Weather": "HardRainNight",
    "Collision Type": "Actor(id=1854, type=walker.pedestrian.0040)",
    "Time to Collision": 9.553059101104736,
    "Speed at Collision": 4.8624539442084,
    "Intensity": 221.96939223238945
  },
  {
    "Scenario Name": "DynamicObjectCrossing_246",
    "Scenario Description": "The scenario realizes the user controlled ego vehicle moving along the road and encountering a cyclist ahead.",
    "Map": "Map(name=Carla/Maps/Town02)",
    "Adversary Distance": 34,
    "Adversary Speed": 3.0,
    "Collision": true,
    "Weather": "ClearNight",
    "Collision Type": "Actor(id=1861, type=walker.pedestrian.0040)",
    "Time to Collision": 3.842999219894409,
    "Speed at Collision": 17.722762268953755,
    "Intensity": 764.7688757022362
  },
  {
    "Scenario Name": "DynamicObjectCrossing_247",
    "Scenario Description": "The scenario realizes the user controlled ego vehicle moving along the road and encountering a cyclist ahead.",
    "Map": "Map(name=Carla/Maps/Town02)",
    "Adversary Distance": 17,
    "Adversary Speed": 3.0,
    "Collision": true,
    "Weather": "ClearNoon",
    "Collision Type": "Actor(id=1868, type=walker.pedestrian.0040)",
    "Time to Collision": 5.822000741958618,
    "Speed at Collision": 3.3987075261249386,
    "Intensity": 186.08167630508675
  },
  {
    "Scenario Name": "DynamicObjectCrossing_250",
    "Scenario Description": "The scenario realizes the user controlled ego vehicle moving along the road and encountering a cyclist ahead.",
    "Map": "Map(name=Carla/Maps/Town02)",
    "Adversary Distance": 77,
    "Adversary Speed": 3.0,
    "Collision": true,
    "Weather": "ClearNoon",
    "Collision Type": "Actor(id=1889, type=walker.pedestrian.0040)",
    "Time to Collision": 5.854998350143433,
    "Speed at Collision": 21.882862033007143,
    "Intensity": 1022.2436098729635
  },
  {
    "Scenario Name": "DynamicObjectCrossing_251",
    "Scenario Description": "The scenario realizes the user controlled ego vehicle moving along the road and encountering a cyclist ahead.",
    "Map": "Map(name=Carla/Maps/Town02)",
    "Adversary Distance": 21,
    "Adversary Speed": 3.0,
    "Collision": true,
    "Weather": "ClearNoon",
    "Collision Type": "Actor(id=1896, type=walker.pedestrian.0040)",
    "Time to Collision": 3.052992343902588,
    "Speed at Collision": 14.47903994918753,
    "Intensity": 320.192819066176
  },
  {
    "Scenario Name": "DynamicObjectCrossing_252",
    "Scenario Description": "The scenario realizes the user controlled ego vehicle moving along the road and encountering a cyclist ahead.",
    "Map": "Map(name=Carla/Maps/Town02)",
    "Adversary Distance": 51,
    "Adversary Speed": 3.0,
    "Collision": true,
    "Weather": "HardRainNoon",
    "Collision Type": "Actor(id=1903, type=walker.pedestrian.0040)",
    "Time to Collision": 4.758001327514648,
    "Speed at Collision": 21.03326228381686,
    "Intensity": 909.8191016174117
  },
  {
    "Scenario Name": "DynamicObjectCrossing_253",
    "Scenario Description": "The scenario realizes the user controlled ego vehicle moving along the road and encountering a cyclist ahead.",
    "Map": "Map(name=Carla/Maps/Town02)",
    "Adversary Distance": 15,
    "Adversary Speed": 3.0,
    "Collision": true,
    "Weather": "HardRainNight",
    "Collision Type": "Actor(id=1910, type=walker.pedestrian.0040)",
    "Time to Collision": 2.791999578475952,
    "Speed at Collision": 13.130366779471592,
    "Intensity": 61.51785375343356
  },
  {
    "Scenario Name": "DynamicObjectCrossing_254",
    "Scenario Description": "The scenario realizes the user controlled ego vehicle moving along the road and encountering a cyclist ahead.",
    "Map": "Map(name=Carla/Maps/Town02)",
    "Adversary Distance": 57,
    "Adversary Speed": 3.0,
    "Collision": true,
    "Weather": "HardRainNight",
    "Collision Type": "Actor(id=1917, type=walker.pedestrian.0040)",
    "Time to Collision": 5.059998273849487,
    "Speed at Collision": 21.93002382742517,
    "Intensity": 964.3638889799664
  },
  {
    "Scenario Name": "DynamicObjectCrossing_255",
    "Scenario Description": "The scenario realizes the user controlled ego vehicle moving along the road and encountering a cyclist ahead.",
    "Map": "Map(name=Carla/Maps/Town02)",
    "Adversary Distance": 31,
    "Adversary Speed": 3.0,
    "Collision": true,
    "Weather": "HardRainNight",
    "Collision Type": "Actor(id=1924, type=walker.pedestrian.0040)",
    "Time to Collision": 3.649000406265259,
    "Speed at Collision": 16.992613641247033,
    "Intensity": 728.684867542605
  },
  {
    "Scenario Name": "DynamicObjectCrossing_256",
    "Scenario Description": "The scenario realizes the user controlled ego vehicle moving along the road and encountering a cyclist ahead.",
    "Map": "Map(name=Carla/Maps/Town02)",
    "Adversary Distance": 22,
    "Adversary Speed": 3.0,
    "Collision": true,
    "Weather": "HardRainNight",
    "Collision Type": "Actor(id=1931, type=walker.pedestrian.0040)",
    "Time to Collision": 3.7409980297088623,
    "Speed at Collision": 7.9728290396275145,
    "Intensity": 263.309264287932
  },
  {
    "Scenario Name": "DynamicObjectCrossing_258",
    "Scenario Description": "The scenario realizes the user controlled ego vehicle moving along the road and encountering a cyclist ahead.",
    "Map": "Map(name=Carla/Maps/Town02)",
    "Adversary Distance": 74,
    "Adversary Speed": 3.0,
    "Collision": true,
    "Weather": "HardRainNight",
    "Collision Type": "Actor(id=1945, type=walker.pedestrian.0040)",
    "Time to Collision": 5.7529990673065186,
    "Speed at Collision": 24.516293880349284,
    "Intensity": 1484.9360617915474
  },
  {
    "Scenario Name": "DynamicObjectCrossing_259",
    "Scenario Description": "The scenario realizes the user controlled ego vehicle moving along the road and encountering a cyclist ahead.",
    "Map": "Map(name=Carla/Maps/Town02)",
    "Adversary Distance": 56,
    "Adversary Speed": 3.0,
    "Collision": true,
    "Weather": "ClearNoon",
    "Collision Type": "Actor(id=1952, type=walker.pedestrian.0040)",
    "Time to Collision": 5.473998546600342,
    "Speed at Collision": 14.02098752922562,
    "Intensity": 223.10927347106684
  },
  {
    "Scenario Name": "DynamicObjectCrossing_260",
    "Scenario Description": "The scenario realizes the user controlled ego vehicle moving along the road and encountering a cyclist ahead.",
    "Map": "Map(name=Carla/Maps/Town02)",
    "Adversary Distance": 56,
    "Adversary Speed": 3.0,
    "Collision": true,
    "Weather": "HardRainNoon",
    "Collision Type": "Actor(id=1959, type=walker.pedestrian.0040)",
    "Time to Collision": 5.311999797821045,
    "Speed at Collision": 15.130320296404763,
    "Intensity": 529.6552614810385
  },
  {
    "Scenario Name": "DynamicObjectCrossing_261",
    "Scenario Description": "The scenario realizes the user controlled ego vehicle moving along the road and encountering a cyclist ahead.",
    "Map": "Map(name=Carla/Maps/Town02)",
    "Adversary Distance": 51,
    "Adversary Speed": 3.0,
    "Collision": true,
    "Weather": "ClearNoon",
    "Collision Type": "Actor(id=1966, type=walker.pedestrian.0040)",
    "Time to Collision": 4.69100022315979,
    "Speed at Collision": 21.029537373715165,
    "Intensity": 913.9229893642332
  },
  {
    "Scenario Name": "DynamicObjectCrossing_262",
    "Scenario Description": "The scenario realizes the user controlled ego vehicle moving along the road and encountering a cyclist ahead.",
    "Map": "Map(name=Carla/Maps/Town02)",
    "Adversary Distance": 33,
    "Adversary Speed": 3.0,
    "Collision": true,
    "Weather": "HardRainNoon",
    "Collision Type": "Actor(id=1973, type=walker.pedestrian.0040)",
    "Time to Collision": 3.825000286102295,
    "Speed at Collision": 17.40861694766353,
    "Intensity": 779.0845604381896
  },
  {
    "Scenario Name": "DynamicObjectCrossing_263",
    "Scenario Description": "The scenario realizes the user controlled ego vehicle moving along the road and encountering a cyclist ahead.",
    "Map": "Map(name=Carla/Maps/Town02)",
    "Adversary Distance": 52,
    "Adversary Speed": 3.0,
    "Collision": true,
    "Weather": "ClearNight",
    "Collision Type": "Actor(id=1980, type=walker.pedestrian.0040)",
    "Time to Collision": 4.787000894546509,
    "Speed at Collision": 21.207844759600068,
    "Intensity": 995.2568650790092
  },
  {
    "Scenario Name": "DynamicObjectCrossing_264",
    "Scenario Description": "The scenario realizes the user controlled ego vehicle moving along the road and encountering a cyclist ahead.",
    "Map": "Map(name=Carla/Maps/Town02)",
    "Adversary Distance": 15,
    "Adversary Speed": 3.0,
    "Collision": true,
    "Weather": "HardRainNoon",
    "Collision Type": "Actor(id=1987, type=walker.pedestrian.0040)",
    "Time to Collision": 3.8170037269592285,
    "Speed at Collision": 4.166919405580842,
    "Intensity": 211.41793766997952
  },
  {
    "Scenario Name": "DynamicObjectCrossing_265",
    "Scenario Description": "The scenario realizes the user controlled ego vehicle moving along the road and encountering a cyclist ahead.",
    "Map": "Map(name=Carla/Maps/Town02)",
    "Adversary Distance": 52,
    "Adversary Speed": 3.0,
    "Collision": true,
    "Weather": "HardRainNoon",
    "Collision Type": "Actor(id=1994, type=walker.pedestrian.0040)",
    "Time to Collision": 4.7260026931762695,
    "Speed at Collision": 21.195450086548057,
    "Intensity": 934.021319974033
  },
  {
    "Scenario Name": "DynamicObjectCrossing_266",
    "Scenario Description": "The scenario realizes the user controlled ego vehicle moving along the road and encountering a cyclist ahead.",
    "Map": "Map(name=Carla/Maps/Town02)",
    "Adversary Distance": 47,
    "Adversary Speed": 3.0,
    "Collision": true,
    "Weather": "ClearNoon",
    "Collision Type": "Actor(id=2001, type=walker.pedestrian.0040)",
    "Time to Collision": 7.281998634338379,
    "Speed at Collision": 7.033241669080741,
    "Intensity": 225.84339340357033
  },
  {
    "Scenario Name": "DynamicObjectCrossing_267",
    "Scenario Description": "The scenario realizes the user controlled ego vehicle moving along the road and encountering a cyclist ahead.",
    "Map": "Map(name=Carla/Maps/Town02)",
    "Adversary Distance": 33,
    "Adversary Speed": 3.0,
    "Collision": true,
    "Weather": "HardRainNight",
    "Collision Type": "Actor(id=2008, type=walker.pedestrian.0040)",
    "Time to Collision": 3.851001262664795,
    "Speed at Collision": 17.435046983318372,
    "Intensity": 740.3440381774144
  },
  {
    "Scenario Name": "DynamicObjectCrossing_268",
    "Scenario Description": "The scenario realizes the user controlled ego vehicle moving along the road and encountering a cyclist ahead.",
    "Map": "Map(name=Carla/Maps/Town02)",
    "Adversary Distance": 75,
    "Adversary Speed": 3.0,
    "Collision": true,
    "Weather": "HardRainNoon",
    "Collision Type": "Actor(id=2015, type=walker.pedestrian.0040)",
    "Time to Collision": 7.783998727798462,
    "Speed at Collision": 11.850782058949319,
    "Intensity": 67.67796385885644
  },
  {
    "Scenario Name": "DynamicObjectCrossing_270",
    "Scenario Description": "The scenario realizes the user controlled ego vehicle moving along the road and encountering a cyclist ahead.",
    "Map": "Map(name=Carla/Maps/Town02)",
    "Adversary Distance": 74,
    "Adversary Speed": 3.0,
    "Collision": true,
    "Weather": "HardRainNight",
    "Collision Type": "Actor(id=2029, type=walker.pedestrian.0040)",
    "Time to Collision": 5.740996599197388,
    "Speed at Collision": 22.065583542493098,
    "Intensity": 1055.8150545484302
  },
  {
    "Scenario Name": "DynamicObjectCrossing_271",
    "Scenario Description": "The scenario realizes the user controlled ego vehicle moving along the road and encountering a cyclist ahead.",
    "Map": "Map(name=Carla/Maps/Town02)",
    "Adversary Distance": 45,
    "Adversary Speed": 3.0,
    "Collision": true,
    "Weather": "ClearNoon",
    "Collision Type": "Actor(id=2036, type=walker.pedestrian.0040)",
    "Time to Collision": 4.400003671646118,
    "Speed at Collision": 19.939941407864723,
    "Intensity": 844.7274757624236
  },
  {
    "Scenario Name": "DynamicObjectCrossing_272",
    "Scenario Description": "The scenario realizes the user controlled ego vehicle moving along the road and encountering a cyclist ahead.",
    "Map": "Map(name=Carla/Maps/Town02)",
    "Adversary Distance": 65,
    "Adversary Speed": 3.0,
    "Collision": true,
    "Weather": "ClearNoon",
    "Collision Type": "Actor(id=2043, type=walker.pedestrian.0040)",
    "Time to Collision": 5.81699800491333,
    "Speed at Collision": 15.673018946867105,
    "Intensity": 460.30922651127787
  },
  {
    "Scenario Name": "DynamicObjectCrossing_273",
    "Scenario Description": "The scenario realizes the user controlled ego vehicle moving along the road and encountering a cyclist ahead.",
    "Map": "Map(name=Carla/Maps/Town02)",
    "Adversary Distance": 25,
    "Adversary Speed": 3.0,
    "Collision": true,
    "Weather": "ClearNoon",
    "Collision Type": "Actor(id=2050, type=walker.pedestrian.0040)",
    "Time to Collision": 3.3089983463287354,
    "Speed at Collision": 15.469970196880979,
    "Intensity": 427.10310850126706
  },
  {
    "Scenario Name": "DynamicObjectCrossing_274",
    "Scenario Description": "The scenario realizes the user controlled ego vehicle moving along the road and encountering a cyclist ahead.",
    "Map": "Map(name=Carla/Maps/Town02)",
    "Adversary Distance": 36,
    "Adversary Speed": 3.0,
    "Collision": true,
    "Weather": "HardRainNight",
    "Collision Type": "Actor(id=2057, type=walker.pedestrian.0040)",
    "Time to Collision": 4.053003311157227,
    "Speed at Collision": 18.060068825911653,
    "Intensity": 776.9544745759057
  },
  {
    "Scenario Name": "DynamicObjectCrossing_275",
    "Scenario Description": "The scenario realizes the user controlled ego vehicle moving along the road and encountering a cyclist ahead.",
    "Map": "Map(name=Carla/Maps/Town02)",
    "Adversary Distance": 46,
    "Adversary Speed": 3.0,
    "Collision": true,
    "Weather": "HardRainNoon",
    "Collision Type": "Actor(id=2064, type=walker.pedestrian.0040)",
    "Time to Collision": 5.111998558044434,
    "Speed at Collision": 12.01741057428458,
    "Intensity": 416.1748987305459
  },
  {
    "Scenario Name": "DynamicObjectCrossing_276",
    "Scenario Description": "The scenario realizes the user controlled ego vehicle moving along the road and encountering a cyclist ahead.",
    "Map": "Map(name=Carla/Maps/Town02)",
    "Adversary Distance": 28,
    "Adversary Speed": 3.0,
    "Collision": true,
    "Weather": "HardRainNoon",
    "Collision Type": "Actor(id=2071, type=walker.pedestrian.0040)",
    "Time to Collision": 5.386996030807495,
    "Speed at Collision": 6.3879843434491175,
    "Intensity": 315.4194246526231
  },
  {
    "Scenario Name": "DynamicObjectCrossing_277",
    "Scenario Description": "The scenario realizes the user controlled ego vehicle moving along the road and encountering a cyclist ahead.",
    "Map": "Map(name=Carla/Maps/Town02)",
    "Adversary Distance": 53,
    "Adversary Speed": 3.0,
    "Collision": true,
    "Weather": "HardRainNoon",
    "Collision Type": "Actor(id=2078, type=walker.pedestrian.0040)",
    "Time to Collision": 4.87099814414978,
    "Speed at Collision": 21.342350592874844,
    "Intensity": 937.0043190329028
  },
  {
    "Scenario Name": "DynamicObjectCrossing_278",
    "Scenario Description": "The scenario realizes the user controlled ego vehicle moving along the road and encountering a cyclist ahead.",
    "Map": "Map(name=Carla/Maps/Town02)",
    "Adversary Distance": 65,
    "Adversary Speed": 3.0,
    "Collision": true,
    "Weather": "HardRainNoon",
    "Collision Type": "Actor(id=2085, type=walker.pedestrian.0040)",
    "Time to Collision": 8.611000061035156,
    "Speed at Collision": 7.907480379262885,
    "Intensity": 352.9629820684744
  },
  {
    "Scenario Name": "DynamicObjectCrossing_279",
    "Scenario Description": "The scenario realizes the user controlled ego vehicle moving along the road and encountering a cyclist ahead.",
    "Map": "Map(name=Carla/Maps/Town02)",
    "Adversary Distance": 52,
    "Adversary Speed": 3.0,
    "Collision": true,
    "Weather": "ClearNoon",
    "Collision Type": "Actor(id=2092, type=walker.pedestrian.0040)",
    "Time to Collision": 6.758000373840332,
    "Speed at Collision": 9.51236940323933,
    "Intensity": 317.7483973699642
  },
  {
    "Scenario Name": "DynamicObjectCrossing_280",
    "Scenario Description": "The scenario realizes the user controlled ego vehicle moving along the road and encountering a cyclist ahead.",
    "Map": "Map(name=Carla/Maps/Town02)",
    "Adversary Distance": 80,
    "Adversary Speed": 3.0,
    "Collision": true,
    "Weather": "ClearNight",
    "Collision Type": "Actor(id=2099, type=walker.pedestrian.0040)",
    "Time to Collision": 15.362995147705078,
    "Speed at Collision": 5.4174700668355875,
    "Intensity": 245.38685649656358
  },
  {
    "Scenario Name": "DynamicObjectCrossing_281",
    "Scenario Description": "The scenario realizes the user controlled ego vehicle moving along the road and encountering a cyclist ahead.",
    "Map": "Map(name=Carla/Maps/Town02)",
    "Adversary Distance": 50,
    "Adversary Speed": 3.0,
    "Collision": true,
    "Weather": "HardRainNoon",
    "Collision Type": "Actor(id=2106, type=walker.pedestrian.0040)",
    "Time to Collision": 4.92500114440918,
    "Speed at Collision": 15.203090604996385,
    "Intensity": 665.9824123970611
  },
  {
    "Scenario Name": "DynamicObjectCrossing_282",
    "Scenario Description": "The scenario realizes the user controlled ego vehicle moving along the road and encountering a cyclist ahead.",
    "Map": "Map(name=Carla/Maps/Town02)",
    "Adversary Distance": 45,
    "Adversary Speed": 3.0,
    "Collision": true,
    "Weather": "ClearNight",
    "Collision Type": "Actor(id=2113, type=walker.pedestrian.0040)",
    "Time to Collision": 5.727996349334717,
    "Speed at Collision": 9.29099204433144,
    "Intensity": 320.76053967432415
  },
  {
    "Scenario Name": "DynamicObjectCrossing_283",
    "Scenario Description": "The scenario realizes the user controlled ego vehicle moving along the road and encountering a cyclist ahead.",
    "Map": "Map(name=Carla/Maps/Town02)",
    "Adversary Distance": 54,
    "Adversary Speed": 3.0,
    "Collision": true,
    "Weather": "ClearNight",
    "Collision Type": "Actor(id=2120, type=walker.pedestrian.0040)",
    "Time to Collision": 4.867000341415405,
    "Speed at Collision": 21.515916163086903,
    "Intensity": 938.961193452937
  },
  {
    "Scenario Name": "DynamicObjectCrossing_284",
    "Scenario Description": "The scenario realizes the user controlled ego vehicle moving along the road and encountering a cyclist ahead.",
    "Map": "Map(name=Carla/Maps/Town02)",
    "Adversary Distance": 28,
    "Adversary Speed": 3.0,
    "Collision": true,
    "Weather": "ClearNight",
    "Collision Type": "Actor(id=2127, type=walker.pedestrian.0040)",
    "Time to Collision": 3.5139963626861572,
    "Speed at Collision": 16.35318297206312,
    "Intensity": 427.1699223971781
  },
  {
    "Scenario Name": "DynamicObjectCrossing_285",
    "Scenario Description": "The scenario realizes the user controlled ego vehicle moving along the road and encountering a cyclist ahead.",
    "Map": "Map(name=Carla/Maps/Town02)",
    "Adversary Distance": 48,
    "Adversary Speed": 3.0,
    "Collision": true,
    "Weather": "HardRainNoon",
    "Collision Type": "Actor(id=2134, type=walker.pedestrian.0040)",
    "Time to Collision": 5.546997785568237,
    "Speed at Collision": 10.972513070038392,
    "Intensity": 377.6279021622705
  },
  {
    "Scenario Name": "DynamicObjectCrossing_286",
    "Scenario Description": "The scenario realizes the user controlled ego vehicle moving along the road and encountering a cyclist ahead.",
    "Map": "Map(name=Carla/Maps/Town02)",
    "Adversary Distance": 38,
    "Adversary Speed": 3.0,
    "Collision": true,
    "Weather": "HardRainNight",
    "Collision Type": "Actor(id=2141, type=walker.pedestrian.0040)",
    "Time to Collision": 4.0510029792785645,
    "Speed at Collision": 16.567825328649803,
    "Intensity": 712.8234339339936
  },
  {
    "Scenario Name": "DynamicObjectCrossing_287",
    "Scenario Description": "The scenario realizes the user controlled ego vehicle moving along the road and encountering a cyclist ahead.",
    "Map": "Map(name=Carla/Maps/Town02)",
    "Adversary Distance": 24,
    "Adversary Speed": 3.0,
    "Collision": true,
    "Weather": "HardRainNight",
    "Collision Type": "Actor(id=2148, type=walker.pedestrian.0040)",
    "Time to Collision": 3.265000343322754,
    "Speed at Collision": 15.139201351037075,
    "Intensity": 460.0785688852074
  },
  {
    "Scenario Name": "DynamicObjectCrossing_288",
    "Scenario Description": "The scenario realizes the user controlled ego vehicle moving along the road and encountering a cyclist ahead.",
    "Map": "Map(name=Carla/Maps/Town02)",
    "Adversary Distance": 31,
    "Adversary Speed": 3.0,
    "Collision": true,
    "Weather": "HardRainNoon",
    "Collision Type": "Actor(id=2155, type=walker.pedestrian.0040)",
    "Time to Collision": 3.7249984741210938,
    "Speed at Collision": 16.87047686785558,
    "Intensity": 743.5832655238914
  },
  {
    "Scenario Name": "DynamicObjectCrossing_289",
    "Scenario Description": "The scenario realizes the user controlled ego vehicle moving along the road and encountering a cyclist ahead.",
    "Map": "Map(name=Carla/Maps/Town02)",
    "Adversary Distance": 58,
    "Adversary Speed": 3.0,
    "Collision": true,
    "Weather": "ClearNight",
    "Collision Type": "Actor(id=2162, type=walker.pedestrian.0040)",
    "Time to Collision": 5.148001194000244,
    "Speed at Collision": 18.061290641711242,
    "Intensity": 866.032557350609
  },
  {
    "Scenario Name": "DynamicObjectCrossing_290",
    "Scenario Description": "The scenario realizes the user controlled ego vehicle moving along the road and encountering a cyclist ahead.",
    "Map": "Map(name=Carla/Maps/Town02)",
    "Adversary Distance": 65,
    "Adversary Speed": 3.0,
    "Collision": true,
    "Weather": "HardRainNoon",
    "Collision Type": "Actor(id=2169, type=walker.pedestrian.0040)",
    "Time to Collision": 5.771001577377319,
    "Speed at Collision": 15.923098213132457,
    "Intensity": 590.7069613635135
  },
  {
    "Scenario Name": "DynamicObjectCrossing_291",
    "Scenario Description": "The scenario realizes the user controlled ego vehicle moving along the road and encountering a cyclist ahead.",
    "Map": "Map(name=Carla/Maps/Town02)",
    "Adversary Distance": 21,
    "Adversary Speed": 3.0,
    "Collision": true,
    "Weather": "ClearNight",
    "Collision Type": "Actor(id=2176, type=walker.pedestrian.0040)",
    "Time to Collision": 3.1200006008148193,
    "Speed at Collision": 14.604822881698386,
    "Intensity": 153.86768693964234
  },
  {
    "Scenario Name": "DynamicObjectCrossing_292",
    "Scenario Description": "The scenario realizes the user controlled ego vehicle moving along the road and encountering a cyclist ahead.",
    "Map": "Map(name=Carla/Maps/Town02)",
    "Adversary Distance": 77,
    "Adversary Speed": 3.0,
    "Collision": true,
    "Weather": "HardRainNoon",
    "Collision Type": "Actor(id=2183, type=walker.pedestrian.0040)",
    "Time to Collision": 6.37599778175354,
    "Speed at Collision": 17.275024465465236,
    "Intensity": 599.8208691204705
  },
  {
    "Scenario Name": "DynamicObjectCrossing_293",
    "Scenario Description": "The scenario realizes the user controlled ego vehicle moving along the road and encountering a cyclist ahead.",
    "Map": "Map(name=Carla/Maps/Town02)",
    "Adversary Distance": 20,
    "Adversary Speed": 3.0,
    "Collision": true,
    "Weather": "HardRainNoon",
    "Collision Type": "Actor(id=2190, type=walker.pedestrian.0040)",
    "Time to Collision": 3.061990976333618,
    "Speed at Collision": 14.196875336475964,
    "Intensity": 150.43397244119933
  },
  {
    "Scenario Name": "DynamicObjectCrossing_295",
    "Scenario Description": "The scenario realizes the user controlled ego vehicle moving along the road and encountering a cyclist ahead.",
    "Map": "Map(name=Carla/Maps/Town02)",
    "Adversary Distance": 51,
    "Adversary Speed": 3.0,
    "Collision": true,
    "Weather": "HardRainNoon",
    "Collision Type": "Actor(id=2204, type=walker.pedestrian.0040)",
    "Time to Collision": 18.600000858306885,
    "Speed at Collision": 3.069326802294622,
    "Intensity": 163.64173230273107
  },
  {
    "Scenario Name": "DynamicObjectCrossing_296",
    "Scenario Description": "The scenario realizes the user controlled ego vehicle moving along the road and encountering a cyclist ahead.",
    "Map": "Map(name=Carla/Maps/Town02)",
    "Adversary Distance": 24,
    "Adversary Speed": 3.0,
    "Collision": true,
    "Weather": "ClearNoon",
    "Collision Type": "Actor(id=2211, type=walker.pedestrian.0040)",
    "Time to Collision": 3.2399981021881104,
    "Speed at Collision": 15.201813513884959,
    "Intensity": 428.87452342455055
  },
  {
    "Scenario Name": "DynamicObjectCrossing_297",
    "Scenario Description": "The scenario realizes the user controlled ego vehicle moving along the road and encountering a cyclist ahead.",
    "Map": "Map(name=Carla/Maps/Town02)",
    "Adversary Distance": 75,
    "Adversary Speed": 3.0,
    "Collision": true,
    "Weather": "ClearNight",
    "Collision Type": "Actor(id=2218, type=walker.pedestrian.0040)",
    "Time to Collision": 5.743998765945435,
    "Speed at Collision": 24.622845227091968,
    "Intensity": 1137.2200373186895
  },
  {
    "Scenario Name": "DynamicObjectCrossing_298",
    "Scenario Description": "The scenario realizes the user controlled ego vehicle moving along the road and encountering a cyclist ahead.",
    "Map": "Map(name=Carla/Maps/Town02)",
    "Adversary Distance": 22,
    "Adversary Speed": 3.0,
    "Collision": true,
    "Weather": "ClearNoon",
    "Collision Type": "Actor(id=2225, type=walker.pedestrian.0040)",
    "Time to Collision": 3.111999988555908,
    "Speed at Collision": 14.421149876150615,
    "Intensity": 449.5961254705506
  },
  {
    "Scenario Name": "DynamicObjectCrossing_299",
    "Scenario Description": "The scenario realizes the user controlled ego vehicle moving along the road and encountering a cyclist ahead.",
    "Map": "Map(name=Carla/Maps/Town02)",
    "Adversary Distance": 30,
    "Adversary Speed": 3.0,
    "Collision": true,
    "Weather": "ClearNight",
    "Collision Type": "Actor(id=2232, type=walker.pedestrian.0040)",
    "Time to Collision": 5.776685476303101,
    "Speed at Collision": 5.7155382634087735,
    "Intensity": 109.92105803193017
  }
]