[
  {
    "Scenario Name": "DynamicObjectCrossing_100",
    "Scenario Description": "The scenario realizes the user controlled ego vehicle moving along the road and encountering a cyclist ahead.",
    "Map": "Map(name=Carla/Maps/Town02)",
    "Adversary Distance": 58,
    "Adversary Speed": 3.0,
    "Collision": true,
    "Weather": "HardRainNoon",
    "Collision Type": "Actor(id=839, type=walker.pedestrian.0040)",
    "Time to Collision": 9.910000324249268,
    "Speed at Collision": 6.228716213077253,
    "Intensity": 277.34970837784414
  },
  {
    "Scenario Name": "DynamicObjectCrossing_101",
    "Scenario Description": "The scenario realizes the user controlled ego vehicle moving along the road and encountering a cyclist ahead.",
    "Map": "Map(name=Carla/Maps/Town02)",
    "Adversary Distance": 55,
    "Adversary Speed": 3.0,
    "Collision": true,
    "Weather": "ClearNight",
    "Collision Type": "Actor(id=846, type=walker.pedestrian.0040)",
    "Time to Collision": 9.532001256942749,
    "Speed at Collision": 6.044133645182462,
    "Intensity": 266.6916754208049
  },
  {
    "Scenario Name": "DynamicObjectCrossing_102",
    "Scenario Description": "The scenario realizes the user controlled ego vehicle moving along the road and encountering a cyclist ahead.",
    "Map": "Map(name=Carla/Maps/Town02)",
    "Adversary Distance": 65,
    "Adversary Speed": 3.0,
    "Collision": true,
    "Weather": "ClearNoon",
    "Collision Type": "Actor(id=853, type=walker.pedestrian.0040)",
    "Time to Collision": 5.370000839233398,
    "Speed at Collision": 20.61908053429308,
    "Intensity": 973.8451206271347
  },
  {
    "Scenario Name": "DynamicObjectCrossing_103",
    "Scenario Description": "The scenario realizes the user controlled ego vehicle moving along the road and encountering a cyclist ahead.",
    "Map": "Map(name=Carla/Maps/Town02)",
    "Adversary Distance": 35,
    "Adversary Speed": 3.0,
    "Collision": true,
    "Weather": "HardRainNight",
    "Collision Type": "Actor(id=860, type=walker.pedestrian.0040)",
    "Time to Collision": 4.163999795913696,
    "Speed at Collision": 12.27754162474833,
    "Intensity": 541.6151578290195
  },
  {
    "Scenario Name": "DynamicObjectCrossing_104",
    "Scenario Description": "The scenario realizes the user controlled ego vehicle moving along the road and encountering a cyclist ahead.",
    "Map": "Map(name=Carla/Maps/Town02)",
    "Adversary Distance": 56,
    "Adversary Speed": 3.0,
    "Collision": true,
    "Weather": "HardRainNight",
    "Collision Type": "Actor(id=867, type=walker.pedestrian.0040)",
    "Time to Collision": 6.894960641860962,
    "Speed at Collision": 9.974006768350764,
    "Intensity": 285.0191942695867
  },
  {
    "Scenario Name": "DynamicObjectCrossing_105",
    "Scenario Description": "The scenario realizes the user controlled ego vehicle moving along the road and encountering a cyclist ahead.",
    "Map": "Map(name=Carla/Maps/Town02)",
    "Adversary Distance": 79,
    "Adversary Speed": 3.0,
    "Collision": true,
    "Weather": "HardRainNoon",
    "Collision Type": "Actor(id=874, type=walker.pedestrian.0040)",
    "Time to Collision": 5.779993534088135,
    "Speed at Collision": 25.214686330109412,
    "Intensity": 1164.7186274918988
  },
  {
    "Scenario Name": "DynamicObjectCrossing_106",
    "Scenario Description": "The scenario realizes the user controlled ego vehicle moving along the road and encountering a cyclist ahead.",
    "Map": "Map(name=Carla/Maps/Town02)",
    "Adversary Distance": 33,
    "Adversary Speed": 3.0,
    "Collision": true,
    "Weather": "ClearNight",
    "Collision Type": "Actor(id=881, type=walker.pedestrian.0040)",
    "Time to Collision": 3.782001495361328,
    "Speed at Collision": 17.46228372983756,
    "Intensity": 765.2493428317085
  },
  {
    "Scenario Name": "DynamicObjectCrossing_107",
    "Scenario Description": "The scenario realizes the user controlled ego vehicle moving along the road and encountering a cyclist ahead.",
    "Map": "Map(name=Carla/Maps/Town02)",
    "Adversary Distance": 10,
    "Adversary Speed": 3.0,
    "Collision": true,
    "Weather": "HardRainNoon",
    "Collision Type": "Actor(id=888, type=walker.pedestrian.0040)",
    "Time to Collision": 4.442002058029175,
    "Speed at Collision": 2.1270494456518976,
    "Intensity": 52.04502244606083
  },
  {
    "Scenario Name": "DynamicObjectCrossing_109",
    "Scenario Description": "The scenario realizes the user controlled ego vehicle moving along the road and encountering a cyclist ahead.",
    "Map": "Map(name=Carla/Maps/Town02)",
    "Adversary Distance": 28,
    "Adversary Speed": 3.0,
    "Collision": true,
    "Weather": "ClearNoon",
    "Collision Type": "Actor(id=902, type=walker.pedestrian.0040)",
    "Time to Collision": 3.600999355316162,
    "Speed at Collision": 12.80107540125202,
    "Intensity": 576.5581313889265
  },
  {
    "Scenario Name": "DynamicObjectCrossing_110",
    "Scenario Description": "The scenario realizes the user controlled ego vehicle moving along the road and encountering a cyclist ahead.",
    "Map": "Map(name=Carla/Maps/Town02)",
    "Adversary Distance": 27,
    "Adversary Speed": 3.0,
    "Collision": true,
    "Weather": "HardRainNight",
    "Collision Type": "Actor(id=909, type=walker.pedestrian.0040)",
    "Time to Collision": 3.311021566390991,
    "Speed at Collision": 15.99862230689317,
    "Intensity": 402.36423127726687
  },
  {
    "Scenario Name": "DynamicObjectCrossing_111",
    "Scenario Description": "The scenario realizes the user controlled ego vehicle moving along the road and encountering a cyclist ahead.",
    "Map": "Map(name=Carla/Maps/Town02)",
    "Adversary Distance": 70,
    "Adversary Speed": 3.0,
    "Collision": true,
    "Weather": "HardRainNoon",
    "Collision Type": "Actor(id=916, type=walker.pedestrian.0040)",
    "Time to Collision": 7.761997938156128,
    "Speed at Collision": 10.71926074323894,
    "Intensity": 369.6832168768158
  },
  {
    "Scenario Name": "DynamicObjectCrossing_112",
    "Scenario Description": "The scenario realizes the user controlled ego vehicle moving along the road and encountering a cyclist ahead.",
    "Map": "Map(name=Carla/Maps/Town02)",
    "Adversary Distance": 17,
    "Adversary Speed": 3.0,
    "Collision": true,
    "Weather": "ClearNoon",
    "Collision Type": "Actor(id=923, type=walker.pedestrian.0040)",
    "Time to Collision": 2.8550026416778564,
    "Speed at Collision": 10.62226525109662,
    "Intensity": 152.33648859879332
  },
  {
    "Scenario Name": "DynamicObjectCrossing_113",
    "Scenario Description": "The scenario realizes the user controlled ego vehicle moving along the road and encountering a cyclist ahead.",
    "Map": "Map(name=Carla/Maps/Town02)",
    "Adversary Distance": 77,
    "Adversary Speed": 3.0,
    "Collision": true,
    "Weather": "ClearNoon",
    "Collision Type": "Actor(id=930, type=walker.pedestrian.0040)",
    "Time to Collision": 7.67499566078186,
    "Speed at Collision": 11.973706482997349,
    "Intensity": 429.99850193630334
  },
  {
    "Scenario Name": "DynamicObjectCrossing_114",
    "Scenario Description": "The scenario realizes the user controlled ego vehicle moving along the road and encountering a cyclist ahead.",
    "Map": "Map(name=Carla/Maps/Town02)",
    "Adversary Distance": 10,
    "Adversary Speed": 3.0,
    "Collision": true,
    "Weather": "ClearNight",
    "Collision Type": "Actor(id=937, type=walker.pedestrian.0040)",
    "Time to Collision": 2.465998649597168,
    "Speed at Collision": 11.658264237119006,
    "Intensity": 77.36682210752025
  },
  {
    "Scenario Name": "DynamicObjectCrossing_115",
    "Scenario Description": "The scenario realizes the user controlled ego vehicle moving along the road and encountering a cyclist ahead.",
    "Map": "Map(name=Carla/Maps/Town02)",
    "Adversary Distance": 57,
    "Adversary Speed": 3.0,
    "Collision": true,
    "Weather": "ClearNight",
    "Collision Type": "Actor(id=944, type=walker.pedestrian.0040)",
    "Time to Collision": 7.463998794555664,
    "Speed at Collision": 8.61200948155535,
    "Intensity": 333.80270473480715
  },
  {
    "Scenario Name": "DynamicObjectCrossing_117",
    "Scenario Description": "The scenario realizes the user controlled ego vehicle moving along the road and encountering a cyclist ahead.",
    "Map": "Map(name=Carla/Maps/Town02)",
    "Adversary Distance": 62,
    "Adversary Speed": 3.0,
    "Collision": true,
    "Weather": "ClearNoon",
    "Collision Type": "Actor(id=958, type=walker.pedestrian.0040)",
    "Time to Collision": 5.216999530792236,
    "Speed at Collision": 22.81524750335009,
    "Intensity": 1039.4555629339552
  },
  {
    "Scenario Name": "DynamicObjectCrossing_118",
    "Scenario Description": "The scenario realizes the user controlled ego vehicle moving along the road and encountering a cyclist ahead.",
    "Map": "Map(name=Carla/Maps/Town02)",
    "Adversary Distance": 56,
    "Adversary Speed": 3.0,
    "Collision": true,
    "Weather": "HardRainNight",
    "Collision Type": "Actor(id=965, type=walker.pedestrian.0040)",
    "Time to Collision": 4.950998067855835,
    "Speed at Collision": 21.784823123083555,
    "Intensity": 969.487799982975
  },
  {
    "Scenario Name": "DynamicObjectCrossing_120",
    "Scenario Description": "The scenario realizes the user controlled ego vehicle moving along the road and encountering a cyclist ahead.",
    "Map": "Map(name=Carla/Maps/Town02)",
    "Adversary Distance": 57,
    "Adversary Speed": 3.0,
    "Collision": true,
    "Weather": "HardRainNight",
    "Collision Type": "Actor(id=979, type=walker.pedestrian.0040)",
    "Time to Collision": 5.812002182006836,
    "Speed at Collision": 12.804121669853133,
    "Intensity": 461.4318712818545
  },
  {
    "Scenario Name": "DynamicObjectCrossing_121",
    "Scenario Description": "The scenario realizes the user controlled ego vehicle moving along the road and encountering a cyclist ahead.",
    "Map": "Map(name=Carla/Maps/Town02)",
    "Adversary Distance": 12,
    "Adversary Speed": 3.0,
    "Collision": true,
    "Weather": "HardRainNight",
    "Collision Type": "Actor(id=986, type=walker.pedestrian.0040)",
    "Time to Collision": 4.211002588272095,
    "Speed at Collision": 3.4956889141062484,
    "Intensity": 152.02126153428193
  },
  {
    "Scenario Name": "DynamicObjectCrossing_122",
    "Scenario Description": "The scenario realizes the user controlled ego vehicle moving along the road and encountering a cyclist ahead.",
    "Map": "Map(name=Carla/Maps/Town02)",
    "Adversary Distance": 25,
    "Adversary Speed": 3.0,
    "Collision": true,
    "Weather": "HardRainNoon",
    "Collision Type": "Actor(id=993, type=walker.pedestrian.0040)",
    "Time to Collision": 3.2989985942840576,
    "Speed at Collision": 15.46559497894487,
    "Intensity": 428.45179633894014
  },
  {
    "Scenario Name": "DynamicObjectCrossing_123",
    "Scenario Description": "The scenario realizes the user controlled ego vehicle moving along the road and encountering a cyclist ahead.",
    "Map": "Map(name=Carla/Maps/Town02)",
    "Adversary Distance": 39,
    "Adversary Speed": 3.0,
    "Collision": true,
    "Weather": "ClearNoon",
    "Collision Type": "Actor(id=1000, type=walker.pedestrian.0040)",
    "Time to Collision": 4.106568098068237,
    "Speed at Collision": 18.734947490406363,
    "Intensity": 804.6426099223747
  },
  {
    "Scenario Name": "DynamicObjectCrossing_124",
    "Scenario Description": "The scenario realizes the user controlled ego vehicle moving along the road and encountering a cyclist ahead.",
    "Map": "Map(name=Carla/Maps/Town02)",
    "Adversary Distance": 75,
    "Adversary Speed": 3.0,
    "Collision": true,
    "Weather": "ClearNight",
    "Collision Type": "Actor(id=1007, type=walker.pedestrian.0040)",
    "Time to Collision": 5.761997699737549,
    "Speed at Collision": 24.602557567282545,
    "Intensity": 1122.3314969146002
  },
  {
    "Scenario Name": "DynamicObjectCrossing_126",
    "Scenario Description": "The scenario realizes the user controlled ego vehicle moving along the road and encountering a cyclist ahead.",
    "Map": "Map(name=Carla/Maps/Town02)",
    "Adversary Distance": 33,
    "Adversary Speed": 3.0,
    "Collision": true,
    "Weather": "HardRainNight",
    "Collision Type": "Actor(id=1021, type=walker.pedestrian.0040)",
    "Time to Collision": 8.463998794555664,
    "Speed at Collision": 3.87489496320321,
    "Intensity": 168.35284961284674
  },
  {
    "Scenario Name": "DynamicObjectCrossing_127",
    "Scenario Description": "The scenario realizes the user controlled ego vehicle moving along the road and encountering a cyclist ahead.",
    "Map": "Map(name=Carla/Maps/Town02)",
    "Adversary Distance": 64,
    "Adversary Speed": 3.0,
    "Collision": true,
    "Weather": "ClearNight",
    "Collision Type": "Actor(id=1028, type=walker.pedestrian.0040)",
    "Time to Collision": 5.268997430801392,
    "Speed at Collision": 23.080918765976445,
    "Intensity": 1062.0824853093852
  },
  {
    "Scenario Name": "DynamicObjectCrossing_128",
    "Scenario Description": "The scenario realizes the user controlled ego vehicle moving along the road and encountering a cyclist ahead.",
    "Map": "Map(name=Carla/Maps/Town02)",
    "Adversary Distance": 43,
    "Adversary Speed": 3.0,
    "Collision": true,
    "Weather": "HardRainNoon",
    "Collision Type": "Actor(id=1035, type=walker.pedestrian.0040)",
    "Time to Collision": 4.307997941970825,
    "Speed at Collision": 19.465233052667823,
    "Intensity": 850.294499161048
  },
  {
    "Scenario Name": "DynamicObjectCrossing_129",
    "Scenario Description": "The scenario realizes the user controlled ego vehicle moving along the road and encountering a cyclist ahead.",
    "Map": "Map(name=Carla/Maps/Town02)",
    "Adversary Distance": 40,
    "Adversary Speed": 3.0,
    "Collision": true,
    "Weather": "ClearNoon",
    "Collision Type": "Actor(id=1042, type=walker.pedestrian.0040)",
    "Time to Collision": 7.67699670791626,
    "Speed at Collision": 5.140220907834031,
    "Intensity": 259.477866624655
  },
  {
    "Scenario Name": "DynamicObjectCrossing_131",
    "Scenario Description": "The scenario realizes the user controlled ego vehicle moving along the road and encountering a cyclist ahead.",
    "Map": "Map(name=Carla/Maps/Town02)",
    "Adversary Distance": 42,
    "Adversary Speed": 3.0,
    "Collision": true,
    "Weather": "HardRainNight",
    "Collision Type": "Actor(id=1056, type=walker.pedestrian.0040)",
    "Time to Collision": 4.303028583526611,
    "Speed at Collision": 16.647486024196056,
    "Intensity": 741.8691317082893
  },
  {
    "Scenario Name": "DynamicObjectCrossing_132",
    "Scenario Description": "The scenario realizes the user controlled ego vehicle moving along the road and encountering a cyclist ahead.",
    "Map": "Map(name=Carla/Maps/Town02)",
    "Adversary Distance": 19,
    "Adversary Speed": 3.0,
    "Collision": true,
    "Weather": "ClearNoon",
    "Collision Type": "Actor(id=1063, type=walker.pedestrian.0040)",
    "Time to Collision": 2.9999990463256836,
    "Speed at Collision": 14.106701723137736,
    "Intensity": 135.48327645059703
  },
  {
    "Scenario Name": "DynamicObjectCrossing_133",
    "Scenario Description": "The scenario realizes the user controlled ego vehicle moving along the road and encountering a cyclist ahead.",
    "Map": "Map(name=Carla/Maps/Town02)",
    "Adversary Distance": 62,
    "Adversary Speed": 3.0,
    "Collision": true,
    "Weather": "HardRainNoon",
    "Collision Type": "Actor(id=1070, type=walker.pedestrian.0040)",
    "Time to Collision": 5.234000205993652,
    "Speed at Collision": 22.772838429007283,
    "Intensity": 1080.5394346363605
  },
  {
    "Scenario Name": "DynamicObjectCrossing_134",
    "Scenario Description": "The scenario realizes the user controlled ego vehicle moving along the road and encountering a cyclist ahead.",
    "Map": "Map(name=Carla/Maps/Town02)",
    "Adversary Distance": 38,
    "Adversary Speed": 3.0,
    "Collision": true,
    "Weather": "ClearNoon",
    "Collision Type": "Actor(id=1077, type=walker.pedestrian.0040)",
    "Time to Collision": 10.838000297546387,
    "Speed at Collision": 3.3015231741530404,
    "Intensity": 201.35163706780165
  },
  {
    "Scenario Name": "DynamicObjectCrossing_135",
    "Scenario Description": "The scenario realizes the user controlled ego vehicle moving along the road and encountering a cyclist ahead.",
    "Map": "Map(name=Carla/Maps/Town02)",
    "Adversary Distance": 38,
    "Adversary Speed": 3.0,
    "Collision": true,
    "Weather": "HardRainNight",
    "Collision Type": "Actor(id=1084, type=walker.pedestrian.0040)",
    "Time to Collision": 13.920002460479736,
    "Speed at Collision": 2.6212577403658197,
    "Intensity": 165.94105835574774
  },
  {
    "Scenario Name": "DynamicObjectCrossing_136",
    "Scenario Description": "The scenario realizes the user controlled ego vehicle moving along the road and encountering a cyclist ahead.",
    "Map": "Map(name=Carla/Maps/Town02)",
    "Adversary Distance": 20,
    "Adversary Speed": 3.0,
    "Collision": true,
    "Weather": "ClearNoon",
    "Collision Type": "Actor(id=1091, type=walker.pedestrian.0040)",
    "Time to Collision": 2.998997688293457,
    "Speed at Collision": 14.22096149493794,
    "Intensity": 148.17329835582203
  },
  {
    "Scenario Name": "DynamicObjectCrossing_137",
    "Scenario Description": "The scenario realizes the user controlled ego vehicle moving along the road and encountering a cyclist ahead.",
    "Map": "Map(name=Carla/Maps/Town02)",
    "Adversary Distance": 40,
    "Adversary Speed": 3.0,
    "Collision": true,
    "Weather": "HardRainNight",
    "Collision Type": "Actor(id=1098, type=walker.pedestrian.0040)",
    "Time to Collision": 4.283000707626343,
    "Speed at Collision": 15.76173772253037,
    "Intensity": 681.976360865631
  },
  {
    "Scenario Name": "DynamicObjectCrossing_138",
    "Scenario Description": "The scenario realizes the user controlled ego vehicle moving along the road and encountering a cyclist ahead.",
    "Map": "Map(name=Carla/Maps/Town02)",
    "Adversary Distance": 45,
    "Adversary Speed": 3.0,
    "Collision": true,
    "Weather": "ClearNight",
    "Collision Type": "Actor(id=1105, type=walker.pedestrian.0040)",
    "Time to Collision": 4.882021188735962,
    "Speed at Collision": 13.388255173460484,
    "Intensity": 470.3637211198881
  },
  {
    "Scenario Name": "DynamicObjectCrossing_139",
    "Scenario Description": "The scenario realizes the user controlled ego vehicle moving along the road and encountering a cyclist ahead.",
    "Map": "Map(name=Carla/Maps/Town02)",
    "Adversary Distance": 32,
    "Adversary Speed": 3.0,
    "Collision": true,
    "Weather": "ClearNoon",
    "Collision Type": "Actor(id=1112, type=walker.pedestrian.0040)",
    "Time to Collision": 3.7339930534362793,
    "Speed at Collision": 17.189470075451947,
    "Intensity": 737.2576567290203
  },
  {
    "Scenario Name": "DynamicObjectCrossing_140",
    "Scenario Description": "The scenario realizes the user controlled ego vehicle moving along the road and encountering a cyclist ahead.",
    "Map": "Map(name=Carla/Maps/Town02)",
    "Adversary Distance": 40,
    "Adversary Speed": 3.0,
    "Collision": true,
    "Weather": "HardRainNight",
    "Collision Type": "Actor(id=1119, type=walker.pedestrian.0040)",
    "Time to Collision": 4.10699987411499,
    "Speed at Collision": 16.088608376063583,
    "Intensity": 730.84564476336
  },
  {
    "Scenario Name": "DynamicObjectCrossing_141",
    "Scenario Description": "The scenario realizes the user controlled ego vehicle moving along the road and encountering a cyclist ahead.",
    "Map": "Map(name=Carla/Maps/Town02)",
    "Adversary Distance": 23,
    "Adversary Speed": 3.0,
    "Collision": true,
    "Weather": "HardRainNoon",
    "Collision Type": "Actor(id=1126, type=walker.pedestrian.0040)",
    "Time to Collision": 3.1679978370666504,
    "Speed at Collision": 14.918904309440284,
    "Intensity": 437.5856655285337
  },
  {
    "Scenario Name": "DynamicObjectCrossing_142",
    "Scenario Description": "The scenario realizes the user controlled ego vehicle moving along the road and encountering a cyclist ahead.",
    "Map": "Map(name=Carla/Maps/Town02)",
    "Adversary Distance": 52,
    "Adversary Speed": 3.0,
    "Collision": true,
    "Weather": "HardRainNoon",
    "Collision Type": "Actor(id=1133, type=walker.pedestrian.0040)",
    "Time to Collision": 4.727999687194824,
    "Speed at Collision": 21.15527772535295,
    "Intensity": 920.9414657883974
  },
  {
    "Scenario Name": "DynamicObjectCrossing_144",
    "Scenario Description": "The scenario realizes the user controlled ego vehicle moving along the road and encountering a cyclist ahead.",
    "Map": "Map(name=Carla/Maps/Town02)",
    "Adversary Distance": 62,
    "Adversary Speed": 3.0,
    "Collision": true,
    "Weather": "ClearNoon",
    "Collision Type": "Actor(id=1147, type=walker.pedestrian.0040)",
    "Time to Collision": 11.520002603530884,
    "Speed at Collision": 5.633806146776323,
    "Intensity": 259.72554832614424
  },
  {
    "Scenario Name": "DynamicObjectCrossing_145",
    "Scenario Description": "The scenario realizes the user controlled ego vehicle moving along the road and encountering a cyclist ahead.",
    "Map": "Map(name=Carla/Maps/Town02)",
    "Adversary Distance": 17,
    "Adversary Speed": 3.0,
    "Collision": true,
    "Weather": "HardRainNight",
    "Collision Type": "Actor(id=1154, type=walker.pedestrian.0040)",
    "Time to Collision": 2.873997449874878,
    "Speed at Collision": 9.498451947670713,
    "Intensity": 292.48537450783925
  },
  {
    "Scenario Name": "DynamicObjectCrossing_146",
    "Scenario Description": "The scenario realizes the user controlled ego vehicle moving along the road and encountering a cyclist ahead.",
    "Map": "Map(name=Carla/Maps/Town02)",
    "Adversary Distance": 62,
    "Adversary Speed": 3.0,
    "Collision": true,
    "Weather": "HardRainNoon",
    "Collision Type": "Actor(id=1161, type=walker.pedestrian.0040)",
    "Time to Collision": 5.193998336791992,
    "Speed at Collision": 22.784293287004104,
    "Intensity": 1032.9214706053042
  },
  {
    "Scenario Name": "DynamicObjectCrossing_147",
    "Scenario Description": "The scenario realizes the user controlled ego vehicle moving along the road and encountering a cyclist ahead.",
    "Map": "Map(name=Carla/Maps/Town02)",
    "Adversary Distance": 41,
    "Adversary Speed": 3.0,
    "Collision": true,
    "Weather": "HardRainNight",
    "Collision Type": "Actor(id=1168, type=walker.pedestrian.0040)",
    "Time to Collision": 4.22499942779541,
    "Speed at Collision": 19.119552588851803,
    "Intensity": 827.4656019681285
  },
  {
    "Scenario Name": "DynamicObjectCrossing_148",
    "Scenario Description": "The scenario realizes the user controlled ego vehicle moving along the road and encountering a cyclist ahead.",
    "Map": "Map(name=Carla/Maps/Town02)",
    "Adversary Distance": 34,
    "Adversary Speed": 3.0,
    "Collision": true,
    "Weather": "ClearNoon",
    "Collision Type": "Actor(id=1175, type=walker.pedestrian.0040)",
    "Time to Collision": 5.760993480682373,
    "Speed at Collision": 7.096743450155717,
    "Intensity": 315.3835064520562
  },
  {
    "Scenario Name": "DynamicObjectCrossing_150",
    "Scenario Description": "The scenario realizes the user controlled ego vehicle moving along the road and encountering a cyclist ahead.",
    "Map": "Map(name=Carla/Maps/Town02)",
    "Adversary Distance": 70,
    "Adversary Speed": 3.0,
    "Collision": true,
    "Weather": "ClearNight",
    "Collision Type": "Actor(id=1189, type=walker.pedestrian.0040)",
    "Time to Collision": 8.379000425338745,
    "Speed at Collision": 9.40165175296476,
    "Intensity": 314.17100937242407
  },
  {
    "Scenario Name": "DynamicObjectCrossing_151",
    "Scenario Description": "The scenario realizes the user controlled ego vehicle moving along the road and encountering a cyclist ahead.",
    "Map": "Map(name=Carla/Maps/Town02)",
    "Adversary Distance": 51,
    "Adversary Speed": 3.0,
    "Collision": true,
    "Weather": "ClearNight",
    "Collision Type": "Actor(id=1196, type=walker.pedestrian.0040)",
    "Time to Collision": 4.70300030708313,
    "Speed at Collision": 21.031307352341404,
    "Intensity": 925.222361764408
  },
  {
    "Scenario Name": "DynamicObjectCrossing_152",
    "Scenario Description": "The scenario realizes the user controlled ego vehicle moving along the road and encountering a cyclist ahead.",
    "Map": "Map(name=Carla/Maps/Town02)",
    "Adversary Distance": 58,
    "Adversary Speed": 3.0,
    "Collision": true,
    "Weather": "ClearNoon",
    "Collision Type": "Actor(id=1203, type=walker.pedestrian.0040)",
    "Time to Collision": 5.023000955581665,
    "Speed at Collision": 22.16609256794972,
    "Intensity": 986.2340229037922
  },
  {
    "Scenario Name": "DynamicObjectCrossing_153",
    "Scenario Description": "The scenario realizes the user controlled ego vehicle moving along the road and encountering a cyclist ahead.",
    "Map": "Map(name=Carla/Maps/Town02)",
    "Adversary Distance": 58,
    "Adversary Speed": 3.0,
    "Collision": true,
    "Weather": "HardRainNoon",
    "Collision Type": "Actor(id=1210, type=walker.pedestrian.0040)",
    "Time to Collision": 5.04600191116333,
    "Speed at Collision": 22.198794591380867,
    "Intensity": 1074.8836927575533
  },
  {
    "Scenario Name": "DynamicObjectCrossing_154",
    "Scenario Description": "The scenario realizes the user controlled ego vehicle moving along the road and encountering a cyclist ahead.",
    "Map": "Map(name=Carla/Maps/Town02)",
    "Adversary Distance": 48,
    "Adversary Speed": 3.0,
    "Collision": true,
    "Weather": "ClearNight",
    "Collision Type": "Actor(id=1217, type=walker.pedestrian.0040)",
    "Time to Collision": 4.554999828338623,
    "Speed at Collision": 20.505053280720382,
    "Intensity": 870.7497385770077
  },
  {
    "Scenario Name": "DynamicObjectCrossing_155",
    "Scenario Description": "The scenario realizes the user controlled ego vehicle moving along the road and encountering a cyclist ahead.",
    "Map": "Map(name=Carla/Maps/Town02)",
    "Adversary Distance": 25,
    "Adversary Speed": 3.0,
    "Collision": true,
    "Weather": "HardRainNight",
    "Collision Type": "Actor(id=1224, type=walker.pedestrian.0040)",
    "Time to Collision": 3.290996551513672,
    "Speed at Collision": 15.529208088901898,
    "Intensity": 397.10459477101693
  },
  {
    "Scenario Name": "DynamicObjectCrossing_156",
    "Scenario Description": "The scenario realizes the user controlled ego vehicle moving along the road and encountering a cyclist ahead.",
    "Map": "Map(name=Carla/Maps/Town02)",
    "Adversary Distance": 22,
    "Adversary Speed": 3.0,
    "Collision": true,
    "Weather": "ClearNight",
    "Collision Type": "Actor(id=1231, type=walker.pedestrian.0040)",
    "Time to Collision": 5.523998737335205,
    "Speed at Collision": 4.427895414703085,
    "Intensity": 224.11540772881548
  },
  {
    "Scenario Name": "DynamicObjectCrossing_157",
    "Scenario Description": "The scenario realizes the user controlled ego vehicle moving along the road and encountering a cyclist ahead.",
    "Map": "Map(name=Carla/Maps/Town02)",
    "Adversary Distance": 45,
    "Adversary Speed": 3.0,
    "Collision": true,
    "Weather": "HardRainNoon",
    "Collision Type": "Actor(id=1238, type=walker.pedestrian.0040)",
    "Time to Collision": 5.7280027866363525,
    "Speed at Collision": 9.94929760174871,
    "Intensity": 337.67534929432605
  },
  {
    "Scenario Name": "DynamicObjectCrossing_158",
    "Scenario Description": "The scenario realizes the user controlled ego vehicle moving along the road and encountering a cyclist ahead.",
    "Map": "Map(name=Carla/Maps/Town02)",
    "Adversary Distance": 19,
    "Adversary Speed": 3.0,
    "Collision": true,
    "Weather": "HardRainNight",
    "Collision Type": "Actor(id=1245, type=walker.pedestrian.0040)",
    "Time to Collision": 3.0129992961883545,
    "Speed at Collision": 13.877301129502294,
    "Intensity": 151.4268883989291
  },
  {
    "Scenario Name": "DynamicObjectCrossing_159",
    "Scenario Description": "The scenario realizes the user controlled ego vehicle moving along the road and encountering a cyclist ahead.",
    "Map": "Map(name=Carla/Maps/Town02)",
    "Adversary Distance": 19,
    "Adversary Speed": 3.0,
    "Collision": true,
    "Weather": "ClearNight",
    "Collision Type": "Actor(id=1252, type=walker.pedestrian.0040)",
    "Time to Collision": 2.9790005683898926,
    "Speed at Collision": 13.895506656312417,
    "Intensity": 153.85193644865276
  },
  {
    "Scenario Name": "DynamicObjectCrossing_160",
    "Scenario Description": "The scenario realizes the user controlled ego vehicle moving along the road and encountering a cyclist ahead.",
    "Map": "Map(name=Carla/Maps/Town02)",
    "Adversary Distance": 31,
    "Adversary Speed": 3.0,
    "Collision": true,
    "Weather": "ClearNoon",
    "Collision Type": "Actor(id=1259, type=walker.pedestrian.0040)",
    "Time to Collision": 3.857001304626465,
    "Speed at Collision": 11.239936035326581,
    "Intensity": 520.1453294717229
  },
  {
    "Scenario Name": "DynamicObjectCrossing_161",
    "Scenario Description": "The scenario realizes the user controlled ego vehicle moving along the road and encountering a cyclist ahead.",
    "Map": "Map(name=Carla/Maps/Town02)",
    "Adversary Distance": 54,
    "Adversary Speed": 3.0,
    "Collision": true,
    "Weather": "HardRainNoon",
    "Collision Type": "Actor(id=1266, type=walker.pedestrian.0040)",
    "Time to Collision": 5.195000171661377,
    "Speed at Collision": 15.180909785223607,
    "Intensity": 549.4692167796801
  },
  {
    "Scenario Name": "DynamicObjectCrossing_162",
    "Scenario Description": "The scenario realizes the user controlled ego vehicle moving along the road and encountering a cyclist ahead.",
    "Map": "Map(name=Carla/Maps/Town02)",
    "Adversary Distance": 42,
    "Adversary Speed": 3.0,
    "Collision": true,
    "Weather": "HardRainNoon",
    "Collision Type": "Actor(id=1273, type=walker.pedestrian.0040)",
    "Time to Collision": 4.301003694534302,
    "Speed at Collision": 16.046277578655946,
    "Intensity": 715.3663641259961
  },
  {
    "Scenario Name": "DynamicObjectCrossing_163",
    "Scenario Description": "The scenario realizes the user controlled ego vehicle moving along the road and encountering a cyclist ahead.",
    "Map": "Map(name=Carla/Maps/Town02)",
    "Adversary Distance": 69,
    "Adversary Speed": 3.0,
    "Collision": true,
    "Weather": "ClearNight",
    "Collision Type": "Actor(id=1280, type=walker.pedestrian.0040)",
    "Time to Collision": 6.494000673294067,
    "Speed at Collision": 14.08222470266331,
    "Intensity": 503.42816206862216
  },
  {
    "Scenario Name": "DynamicObjectCrossing_164",
    "Scenario Description": "The scenario realizes the user controlled ego vehicle moving along the road and encountering a cyclist ahead.",
    "Map": "Map(name=Carla/Maps/Town02)",
    "Adversary Distance": 36,
    "Adversary Speed": 3.0,
    "Collision": true,
    "Weather": "HardRainNight",
    "Collision Type": "Actor(id=1287, type=walker.pedestrian.0040)",
    "Time to Collision": 3.965998649597168,
    "Speed at Collision": 17.978580909949684,
    "Intensity": 781.9963747737381
  },
  {
    "Scenario Name": "DynamicObjectCrossing_165",
    "Scenario Description": "The scenario realizes the user controlled ego vehicle moving along the road and encountering a cyclist ahead.",
    "Map": "Map(name=Carla/Maps/Town02)",
    "Adversary Distance": 33,
    "Adversary Speed": 3.0,
    "Collision": true,
    "Weather": "ClearNoon",
    "Collision Type": "Actor(id=1294, type=walker.pedestrian.0040)",
    "Time to Collision": 3.648998260498047,
    "Speed at Collision": 17.464099053840023,
    "Intensity": 762.72408063273
  },
  {
    "Scenario Name": "DynamicObjectCrossing_166",
    "Scenario Description": "The scenario realizes the user controlled ego vehicle moving along the road and encountering a cyclist ahead.",
    "Map": "Map(name=Carla/Maps/Town02)",
    "Adversary Distance": 20,
    "Adversary Speed": 3.0,
    "Collision": true,
    "Weather": "HardRainNoon",
    "Collision Type": "Actor(id=1301, type=walker.pedestrian.0040)",
    "Time to Collision": 6.378000736236572,
    "Speed at Collision": 3.428863949039345,
    "Intensity": 164.94655045560387
  },
  {
    "Scenario Name": "DynamicObjectCrossing_167",
    "Scenario Description": "The scenario realizes the user controlled ego vehicle moving along the road and encountering a cyclist ahead.",
    "Map": "Map(name=Carla/Maps/Town02)",
    "Adversary Distance": 53,
    "Adversary Speed": 3.0,
    "Collision": true,
    "Weather": "ClearNight",
    "Collision Type": "Actor(id=1308, type=walker.pedestrian.0040)",
    "Time to Collision": 9.544997692108154,
    "Speed at Collision": 6.215500500414084,
    "Intensity": 309.59698848709854
  },
  {
    "Scenario Name": "DynamicObjectCrossing_168",
    "Scenario Description": "The scenario realizes the user controlled ego vehicle moving along the road and encountering a cyclist ahead.",
    "Map": "Map(name=Carla/Maps/Town02)",
    "Adversary Distance": 19,
    "Adversary Speed": 3.0,
    "Collision": true,
    "Weather": "ClearNight",
    "Collision Type": "Actor(id=1315, type=walker.pedestrian.0040)",
    "Time to Collision": 3.0120017528533936,
    "Speed at Collision": 14.08859833600329,
    "Intensity": 145.71649073388883
  },
  {
    "Scenario Name": "DynamicObjectCrossing_170",
    "Scenario Description": "The scenario realizes the user controlled ego vehicle moving along the road and encountering a cyclist ahead.",
    "Map": "Map(name=Carla/Maps/Town02)",
    "Adversary Distance": 74,
    "Adversary Speed": 3.0,
    "Collision": true,
    "Weather": "ClearNoon",
    "Collision Type": "Actor(id=1329, type=walker.pedestrian.0040)",
    "Time to Collision": 6.786010503768921,
    "Speed at Collision": 13.585005677117696,
    "Intensity": 493.9054364727572
  },
  {
    "Scenario Name": "DynamicObjectCrossing_171",
    "Scenario Description": "The scenario realizes the user controlled ego vehicle moving along the road and encountering a cyclist ahead.",
    "Map": "Map(name=Carla/Maps/Town02)",
    "Adversary Distance": 55,
    "Adversary Speed": 3.0,
    "Collision": true,
    "Weather": "ClearNoon",
    "Collision Type": "Actor(id=1336, type=walker.pedestrian.0040)",
    "Time to Collision": 8.905993938446045,
    "Speed at Collision": 6.724225126101759,
    "Intensity": 304.8234246279859
  },
  {
    "Scenario Name": "DynamicObjectCrossing_172",
    "Scenario Description": "The scenario realizes the user controlled ego vehicle moving along the road and encountering a cyclist ahead.",
    "Map": "Map(name=Carla/Maps/Town02)",
    "Adversary Distance": 43,
    "Adversary Speed": 3.0,
    "Collision": true,
    "Weather": "HardRainNoon",
    "Collision Type": "Actor(id=1343, type=walker.pedestrian.0040)",
    "Time to Collision": 4.33100152015686,
    "Speed at Collision": 19.638286942796153,
    "Intensity": 822.5318060457702
  },
  {
    "Scenario Name": "DynamicObjectCrossing_173",
    "Scenario Description": "The scenario realizes the user controlled ego vehicle moving along the road and encountering a cyclist ahead.",
    "Map": "Map(name=Carla/Maps/Town02)",
    "Adversary Distance": 21,
    "Adversary Speed": 3.0,
    "Collision": true,
    "Weather": "HardRainNight",
    "Collision Type": "Actor(id=1350, type=walker.pedestrian.0040)",
    "Time to Collision": 3.107001543045044,
    "Speed at Collision": 14.51808001340233,
    "Intensity": 153.0822780848886
  },
  {
    "Scenario Name": "DynamicObjectCrossing_174",
    "Scenario Description": "The scenario realizes the user controlled ego vehicle moving along the road and encountering a cyclist ahead.",
    "Map": "Map(name=Carla/Maps/Town02)",
    "Adversary Distance": 31,
    "Adversary Speed": 3.0,
    "Collision": true,
    "Weather": "HardRainNight",
    "Collision Type": "Actor(id=1357, type=walker.pedestrian.0040)",
    "Time to Collision": 3.6989970207214355,
    "Speed at Collision": 16.978142124067066,
    "Intensity": 442.8135345669859
  },
  {
    "Scenario Name": "DynamicObjectCrossing_175",
    "Scenario Description": "The scenario realizes the user controlled ego vehicle moving along the road and encountering a cyclist ahead.",
    "Map": "Map(name=Carla/Maps/Town02)",
    "Adversary Distance": 58,
    "Adversary Speed": 3.0,
    "Collision": true,
    "Weather": "ClearNoon",
    "Collision Type": "Actor(id=1364, type=walker.pedestrian.0040)",
    "Time to Collision": 4.985001087188721,
    "Speed at Collision": 22.191161703232925,
    "Intensity": 984.9016635926956
  },
  {
    "Scenario Name": "DynamicObjectCrossing_176",
    "Scenario Description": "The scenario realizes the user controlled ego vehicle moving along the road and encountering a cyclist ahead.",
    "Map": "Map(name=Carla/Maps/Town02)",
    "Adversary Distance": 16,
    "Adversary Speed": 3.0,
    "Collision": true,
    "Weather": "HardRainNoon",
    "Collision Type": "Actor(id=1371, type=walker.pedestrian.0040)",
    "Time to Collision": 3.2780025005340576,
    "Speed at Collision": 6.233251055465515,
    "Intensity": 273.8456394430106
  },
  {
    "Scenario Name": "DynamicObjectCrossing_177",
    "Scenario Description": "The scenario realizes the user controlled ego vehicle moving along the road and encountering a cyclist ahead.",
    "Map": "Map(name=Carla/Maps/Town02)",
    "Adversary Distance": 36,
    "Adversary Speed": 3.0,
    "Collision": true,
    "Weather": "HardRainNight",
    "Collision Type": "Actor(id=1378, type=walker.pedestrian.0040)",
    "Time to Collision": 4.014999151229858,
    "Speed at Collision": 18.09768015260078,
    "Intensity": 780.8080859471646
  },
  {
    "Scenario Name": "DynamicObjectCrossing_178",
    "Scenario Description": "The scenario realizes the user controlled ego vehicle moving along the road and encountering a cyclist ahead.",
    "Map": "Map(name=Carla/Maps/Town02)",
    "Adversary Distance": 39,
    "Adversary Speed": 3.0,
    "Collision": true,
    "Weather": "HardRainNight",
    "Collision Type": "Actor(id=1385, type=walker.pedestrian.0040)",
    "Time to Collision": 4.144997596740723,
    "Speed at Collision": 18.649471928610097,
    "Intensity": 820.3728888490183
  },
  {
    "Scenario Name": "DynamicObjectCrossing_180",
    "Scenario Description": "The scenario realizes the user controlled ego vehicle moving along the road and encountering a cyclist ahead.",
    "Map": "Map(name=Carla/Maps/Town02)",
    "Adversary Distance": 50,
    "Adversary Speed": 3.0,
    "Collision": true,
    "Weather": "HardRainNight",
    "Collision Type": "Actor(id=1399, type=walker.pedestrian.0040)",
    "Time to Collision": 4.850001573562622,
    "Speed at Collision": 15.652780549816939,
    "Intensity": 703.8256986301869
  },
  {
    "Scenario Name": "DynamicObjectCrossing_181",
    "Scenario Description": "The scenario realizes the user controlled ego vehicle moving along the road and encountering a cyclist ahead.",
    "Map": "Map(name=Carla/Maps/Town02)",
    "Adversary Distance": 10,
    "Adversary Speed": 3.0,
    "Collision": true,
    "Weather": "ClearNoon",
    "Collision Type": "Actor(id=1406, type=walker.pedestrian.0040)",
    "Time to Collision": 2.6220004558563232,
    "Speed at Collision": 4.784235525397993,
    "Intensity": 222.97810921461584
  },
  {
    "Scenario Name": "DynamicObjectCrossing_182",
    "Scenario Description": "The scenario realizes the user controlled ego vehicle moving along the road and encountering a cyclist ahead.",
    "Map": "Map(name=Carla/Maps/Town02)",
    "Adversary Distance": 27,
    "Adversary Speed": 3.0,
    "Collision": true,
    "Weather": "HardRainNoon",
    "Collision Type": "Actor(id=1413, type=walker.pedestrian.0040)",
    "Time to Collision": 3.4709999561309814,
    "Speed at Collision": 15.935960661948315,
    "Intensity": 679.2504247983976
  },
  {
    "Scenario Name": "DynamicObjectCrossing_183",
    "Scenario Description": "The scenario realizes the user controlled ego vehicle moving along the road and encountering a cyclist ahead.",
    "Map": "Map(name=Carla/Maps/Town02)",
    "Adversary Distance": 66,
    "Adversary Speed": 3.0,
    "Collision": true,
    "Weather": "HardRainNoon",
    "Collision Type": "Actor(id=1420, type=walker.pedestrian.0040)",
    "Time to Collision": 18.231999158859253,
    "Speed at Collision": 3.270320236195921,
    "Intensity": 187.5313564146696
  },
  {
    "Scenario Name": "DynamicObjectCrossing_185",
    "Scenario Description": "The scenario realizes the user controlled ego vehicle moving along the road and encountering a cyclist ahead.",
    "Map": "Map(name=Carla/Maps/Town02)",
    "Adversary Distance": 59,
    "Adversary Speed": 3.0,
    "Collision": true,
    "Weather": "HardRainNight",
    "Collision Type": "Actor(id=1434, type=walker.pedestrian.0040)",
    "Time to Collision": 5.579995393753052,
    "Speed at Collision": 14.628231452759753,
    "Intensity": 531.2755457997446
  },
  {
    "Scenario Name": "DynamicObjectCrossing_186",
    "Scenario Description": "The scenario realizes the user controlled ego vehicle moving along the road and encountering a cyclist ahead.",
    "Map": "Map(name=Carla/Maps/Town02)",
    "Adversary Distance": 45,
    "Adversary Speed": 3.0,
    "Collision": true,
    "Weather": "HardRainNoon",
    "Collision Type": "Actor(id=1441, type=walker.pedestrian.0040)",
    "Time to Collision": 4.556001424789429,
    "Speed at Collision": 15.342944201566022,
    "Intensity": 733.2675558383545
  },
  {
    "Scenario Name": "DynamicObjectCrossing_187",
    "Scenario Description": "The scenario realizes the user controlled ego vehicle moving along the road and encountering a cyclist ahead.",
    "Map": "Map(name=Carla/Maps/Town02)",
    "Adversary Distance": 53,
    "Adversary Speed": 3.0,
    "Collision": true,
    "Weather": "HardRainNight",
    "Collision Type": "Actor(id=1448, type=walker.pedestrian.0040)",
    "Time to Collision": 7.135011911392212,
    "Speed at Collision": 9.162155034372153,
    "Intensity": 400.9400435955862
  },
  {
    "Scenario Name": "DynamicObjectCrossing_189",
    "Scenario Description": "The scenario realizes the user controlled ego vehicle moving along the road and encountering a cyclist ahead.",
    "Map": "Map(name=Carla/Maps/Town02)",
    "Adversary Distance": 41,
    "Adversary Speed": 3.0,
    "Collision": true,
    "Weather": "ClearNoon",
    "Collision Type": "Actor(id=1462, type=walker.pedestrian.0040)",
    "Time to Collision": 6.135998487472534,
    "Speed at Collision": 7.220735560929509,
    "Intensity": 354.7212951844444
  },
  {
    "Scenario Name": "DynamicObjectCrossing_190",
    "Scenario Description": "The scenario realizes the user controlled ego vehicle moving along the road and encountering a cyclist ahead.",
    "Map": "Map(name=Carla/Maps/Town02)",
    "Adversary Distance": 16,
    "Adversary Speed": 3.0,
    "Collision": true,
    "Weather": "ClearNoon",
    "Collision Type": "Actor(id=1469, type=walker.pedestrian.0040)",
    "Time to Collision": 2.761012315750122,
    "Speed at Collision": 13.230074314275864,
    "Intensity": 76.8240097035476
  },
  {
    "Scenario Name": "DynamicObjectCrossing_191",
    "Scenario Description": "The scenario realizes the user controlled ego vehicle moving along the road and encountering a cyclist ahead.",
    "Map": "Map(name=Carla/Maps/Town02)",
    "Adversary Distance": 46,
    "Adversary Speed": 3.0,
    "Collision": true,
    "Weather": "ClearNight",
    "Collision Type": "Actor(id=1476, type=walker.pedestrian.0040)",
    "Time to Collision": 14.121998310089111,
    "Speed at Collision": 3.1517937515166845,
    "Intensity": 189.7997561978556
  },
  {
    "Scenario Name": "DynamicObjectCrossing_192",
    "Scenario Description": "The scenario realizes the user controlled ego vehicle moving along the road and encountering a cyclist ahead.",
    "Map": "Map(name=Carla/Maps/Town02)",
    "Adversary Distance": 38,
    "Adversary Speed": 3.0,
    "Collision": true,
    "Weather": "HardRainNoon",
    "Collision Type": "Actor(id=1483, type=walker.pedestrian.0040)",
    "Time to Collision": 4.042999744415283,
    "Speed at Collision": 18.50156852745026,
    "Intensity": 809.8213519704639
  },
  {
    "Scenario Name": "DynamicObjectCrossing_193",
    "Scenario Description": "The scenario realizes the user controlled ego vehicle moving along the road and encountering a cyclist ahead.",
    "Map": "Map(name=Carla/Maps/Town02)",
    "Adversary Distance": 52,
    "Adversary Speed": 3.0,
    "Collision": true,
    "Weather": "HardRainNight",
    "Collision Type": "Actor(id=1490, type=walker.pedestrian.0040)",
    "Time to Collision": 6.494000196456909,
    "Speed at Collision": 9.2153025970564,
    "Intensity": 440.0585044506222
  },
  {
    "Scenario Name": "DynamicObjectCrossing_194",
    "Scenario Description": "The scenario realizes the user controlled ego vehicle moving along the road and encountering a cyclist ahead.",
    "Map": "Map(name=Carla/Maps/Town02)",
    "Adversary Distance": 65,
    "Adversary Speed": 3.0,
    "Collision": true,
    "Weather": "HardRainNight",
    "Collision Type": "Actor(id=1497, type=walker.pedestrian.0040)",
    "Time to Collision": 5.508998870849609,
    "Speed at Collision": 18.6676833161695,
    "Intensity": 882.0695055927482
  },
  {
    "Scenario Name": "DynamicObjectCrossing_195",
    "Scenario Description": "The scenario realizes the user controlled ego vehicle moving along the road and encountering a cyclist ahead.",
    "Map": "Map(name=Carla/Maps/Town02)",
    "Adversary Distance": 42,
    "Adversary Speed": 3.0,
    "Collision": true,
    "Weather": "ClearNoon",
    "Collision Type": "Actor(id=1504, type=walker.pedestrian.0040)",
    "Time to Collision": 6.651515960693359,
    "Speed at Collision": 7.053203597168303,
    "Intensity": 310.9502180771048
  },
  {
    "Scenario Name": "DynamicObjectCrossing_196",
    "Scenario Description": "The scenario realizes the user controlled ego vehicle moving along the road and encountering a cyclist ahead.",
    "Map": "Map(name=Carla/Maps/Town02)",
    "Adversary Distance": 48,
    "Adversary Speed": 3.0,
    "Collision": true,
    "Weather": "ClearNight",
    "Collision Type": "Actor(id=1511, type=walker.pedestrian.0040)",
    "Time to Collision": 4.863003253936768,
    "Speed at Collision": 14.688952021975032,
    "Intensity": 641.8035134364508
  },
  {
    "Scenario Name": "DynamicObjectCrossing_197",
    "Scenario Description": "The scenario realizes the user controlled ego vehicle moving along the road and encountering a cyclist ahead.",
    "Map": "Map(name=Carla/Maps/Town02)",
    "Adversary Distance": 76,
    "Adversary Speed": 3.0,
    "Collision": true,
    "Weather": "ClearNoon",
    "Collision Type": "Actor(id=1518, type=walker.pedestrian.0040)",
    "Time to Collision": 5.9019975662231445,
    "Speed at Collision": 21.024713068400313,
    "Intensity": 965.8987517604481
  },
  {
    "Scenario Name": "DynamicObjectCrossing_198",
    "Scenario Description": "The scenario realizes the user controlled ego vehicle moving along the road and encountering a cyclist ahead.",
    "Map": "Map(name=Carla/Maps/Town02)",
    "Adversary Distance": 42,
    "Adversary Speed": 3.0,
    "Collision": true,
    "Weather": "HardRainNoon",
    "Collision Type": "Actor(id=1525, type=walker.pedestrian.0040)",
    "Time to Collision": 4.328999996185303,
    "Speed at Collision": 19.314121428295387,
    "Intensity": 824.6799590713466
  },
  {
    "Scenario Name": "DynamicObjectCrossing_199",
    "Scenario Description": "The scenario realizes the user controlled ego vehicle moving along the road and encountering a cyclist ahead.",
    "Map": "Map(name=Carla/Maps/Town02)",
    "Adversary Distance": 32,
    "Adversary Speed": 3.0,
    "Collision": true,
    "Weather": "ClearNight",
    "Collision Type": "Actor(id=1532, type=walker.pedestrian.0040)",
    "Time to Collision": 3.727998733520508,
    "Speed at Collision": 17.14686680746706,
    "Intensity": 739.2350510160919
  }
]