[
  {
    "Scenario Name": "DynamicObjectCrossing_400",
    "Scenario Description": "The scenario realizes the user controlled ego vehicle moving along the road and encountering a cyclist ahead.",
    "Map": "Map(name=Carla/Maps/Town02)",
    "Adversary Distance": 21,
    "Adversary Speed": 3.0,
    "Collision": false,
    "Weather": "ClearNight"
  },
  {
    "Scenario Name": "DynamicObjectCrossing_407",
    "Scenario Description": "The scenario realizes the user controlled ego vehicle moving along the road and encountering a cyclist ahead.",
    "Map": "Map(name=Carla/Maps/Town02)",
    "Adversary Distance": 37,
    "Adversary Speed": 3.0,
    "Collision": false,
    "Weather": "HardRainNight"
  },
  {
    "Scenario Name": "DynamicObjectCrossing_410",
    "Scenario Description": "The scenario realizes the user controlled ego vehicle moving along the road and encountering a cyclist ahead.",
    "Map": "Map(name=Carla/Maps/Town02)",
    "Adversary Distance": 22,
    "Adversary Speed": 3.0,
    "Collision": false,
    "Weather": "HardRainNoon"
  },
  {
    "Scenario Name": "DynamicObjectCrossing_419",
    "Scenario Description": "The scenario realizes the user controlled ego vehicle moving along the road and encountering a cyclist ahead.",
    "Map": "Map(name=Carla/Maps/Town02)",
    "Adversary Distance": 53,
    "Adversary Speed": 3.0,
    "Collision": false,
    "Weather": "ClearNoon"
  },
  {
    "Scenario Name": "DynamicObjectCrossing_426",
    "Scenario Description": "The scenario realizes the user controlled ego vehicle moving along the road and encountering a cyclist ahead.",
    "Map": "Map(name=Carla/Maps/Town02)",
    "Adversary Distance": 38,
    "Adversary Speed": 3.0,
    "Collision": false,
    "Weather": "ClearNoon"
  },
  {
    "Scenario Name": "DynamicObjectCrossing_431",
    "Scenario Description": "The scenario realizes the user controlled ego vehicle moving along the road and encountering a cyclist ahead.",
    "Map": "Map(name=Carla/Maps/Town02)",
    "Adversary Distance": 61,
    "Adversary Speed": 3.0,
    "Collision": false,
    "Weather": "HardRainNoon"
  },
  {
    "Scenario Name": "DynamicObjectCrossing_432",
    "Scenario Description": "The scenario realizes the user controlled ego vehicle moving along the road and encountering a cyclist ahead.",
    "Map": "Map(name=Carla/Maps/Town02)",
    "Adversary Distance": 80,
    "Adversary Speed": 3.0,
    "Collision": false,
    "Weather": "HardRainNoon"
  },
  {
    "Scenario Name": "DynamicObjectCrossing_434",
    "Scenario Description": "The scenario realizes the user controlled ego vehicle moving along the road and encountering a cyclist ahead.",
    "Map": "Map(name=Carla/Maps/Town02)",
    "Adversary Distance": 73,
    "Adversary Speed": 3.0,
    "Collision": false,
    "Weather": "HardRainNoon"
  },
  {
    "Scenario Name": "DynamicObjectCrossing_442",
    "Scenario Description": "The scenario realizes the user controlled ego vehicle moving along the road and encountering a cyclist ahead.",
    "Map": "Map(name=Carla/Maps/Town02)",
    "Adversary Distance": 29,
    "Adversary Speed": 3.0,
    "Collision": false,
    "Weather": "HardRainNoon"
  },
  {
    "Scenario Name": "DynamicObjectCrossing_459",
    "Scenario Description": "The scenario realizes the user controlled ego vehicle moving along the road and encountering a cyclist ahead.",
    "Map": "Map(name=Carla/Maps/Town02)",
    "Adversary Distance": 60,
    "Adversary Speed": 3.0,
    "Collision": false,
    "Weather": "HardRainNoon"
  },
  {
    "Scenario Name": "DynamicObjectCrossing_464",
    "Scenario Description": "The scenario realizes the user controlled ego vehicle moving along the road and encountering a cyclist ahead.",
    "Map": "Map(name=Carla/Maps/Town02)",
    "Adversary Distance": 17,
    "Adversary Speed": 3.0,
    "Collision": false,
    "Weather": "HardRainNight"
  }
]