[
  {
    "Scenario Name": "DynamicObjectCrossing_1000",
    "Scenario Description": "The scenario realizes the user controlled ego vehicle moving along the road and encountering a cyclist ahead.",
    "Map": "Map(name=Carla/Maps/Town02)",
    "Adversary Distance": 47,
    "Adversary Speed": 3.0,
    "Collision": true,
    "Weather": "ClearNoon",
    "Collision Type": "Actor(id=2939, type=walker.pedestrian.0040)",
    "Time to Collision": 4.797001123428345,
    "Speed at Collision": 14.375269199060252,
    "Intensity": 588.6028123775174
  }
]