[
  {
    "Scenario Name": "DynamicObjectCrossing_700",
    "Scenario Description": "The scenario realizes the user controlled ego vehicle moving along the road and encountering a cyclist ahead.",
    "Map": "Map(name=Carla/Maps/Town02)",
    "Adversary Distance": 62,
    "Adversary Speed": 3.0,
    "Collision": false,
    "Weather": "ClearNight"
  },
  {
    "Scenario Name": "DynamicObjectCrossing_701",
    "Scenario Description": "The scenario realizes the user controlled ego vehicle moving along the road and encountering a cyclist ahead.",
    "Map": "Map(name=Carla/Maps/Town02)",
    "Adversary Distance": 49,
    "Adversary Speed": 3.0,
    "Collision": false,
    "Weather": "ClearNight"
  },
  {
    "Scenario Name": "DynamicObjectCrossing_712",
    "Scenario Description": "The scenario realizes the user controlled ego vehicle moving along the road and encountering a cyclist ahead.",
    "Map": "Map(name=Carla/Maps/Town02)",
    "Adversary Distance": 64,
    "Adversary Speed": 3.0,
    "Collision": false,
    "Weather": "ClearNight"
  },
  {
    "Scenario Name": "DynamicObjectCrossing_723",
    "Scenario Description": "The scenario realizes the user controlled ego vehicle moving along the road and encountering a cyclist ahead.",
    "Map": "Map(name=Carla/Maps/Town02)",
    "Adversary Distance": 42,
    "Adversary Speed": 3.0,
    "Collision": false,
    "Weather": "HardRainNight"
  },
  {
    "Scenario Name": "DynamicObjectCrossing_745",
    "Scenario Description": "The scenario realizes the user controlled ego vehicle moving along the road and encountering a cyclist ahead.",
    "Map": "Map(name=Carla/Maps/Town02)",
    "Adversary Distance": 24,
    "Adversary Speed": 3.0,
    "Collision": false,
    "Weather": "ClearNight"
  },
  {
    "Scenario Name": "DynamicObjectCrossing_758",
    "Scenario Description": "The scenario realizes the user controlled ego vehicle moving along the road and encountering a cyclist ahead.",
    "Map": "Map(name=Carla/Maps/Town02)",
    "Adversary Distance": 76,
    "Adversary Speed": 3.0,
    "Collision": false,
    "Weather": "ClearNoon"
  },
  {
    "Scenario Name": "DynamicObjectCrossing_759",
    "Scenario Description": "The scenario realizes the user controlled ego vehicle moving along the road and encountering a cyclist ahead.",
    "Map": "Map(name=Carla/Maps/Town02)",
    "Adversary Distance": 78,
    "Adversary Speed": 3.0,
    "Collision": false,
    "Weather": "HardRainNoon"
  },
  {
    "Scenario Name": "DynamicObjectCrossing_785",
    "Scenario Description": "The scenario realizes the user controlled ego vehicle moving along the road and encountering a cyclist ahead.",
    "Map": "Map(name=Carla/Maps/Town02)",
    "Adversary Distance": 29,
    "Adversary Speed": 3.0,
    "Collision": false,
    "Weather": "ClearNight"
  },
  {
    "Scenario Name": "DynamicObjectCrossing_787",
    "Scenario Description": "The scenario realizes the user controlled ego vehicle moving along the road and encountering a cyclist ahead.",
    "Map": "Map(name=Carla/Maps/Town02)",
    "Adversary Distance": 73,
    "Adversary Speed": 3.0,
    "Collision": false,
    "Weather": "HardRainNight"
  }
]