[
  {
    "Scenario Name": "FollowLeadingVehicleWithObstacle_508",
    "Scenario Description": "The scenario realizes a common driving behavior, in which theuser-controlled ego vehicle follows a leading car driving downa given road. At some point the leading car has to slow down andfinally stop. The ego vehicle has to react accordingly to avoida collision. The scenario ends either via a timeout, or if the egovehicle stopped close enough to the leading vehicle",
    "Map": "Map(name=Carla/Maps/Town01)",
    "First Actor Location": 41,
    "Second Actor Location": 71,
    "First Actor Speed": 7,
    "Collision": false,
    "Weather": "ClearNight"
  },
  {
    "Scenario Name": "FollowLeadingVehicleWithObstacle_509",
    "Scenario Description": "The scenario realizes a common driving behavior, in which theuser-controlled ego vehicle follows a leading car driving downa given road. At some point the leading car has to slow down andfinally stop. The ego vehicle has to react accordingly to avoida collision. The scenario ends either via a timeout, or if the egovehicle stopped close enough to the leading vehicle",
    "Map": "Map(name=Carla/Maps/Town01)",
    "First Actor Location": 194,
    "Second Actor Location": 49,
    "First Actor Speed": 11,
    "Collision": false,
    "Weather": "ClearNoon"
  },
  {
    "Scenario Name": "FollowLeadingVehicleWithObstacle_518",
    "Scenario Description": "The scenario realizes a common driving behavior, in which theuser-controlled ego vehicle follows a leading car driving downa given road. At some point the leading car has to slow down andfinally stop. The ego vehicle has to react accordingly to avoida collision. The scenario ends either via a timeout, or if the egovehicle stopped close enough to the leading vehicle",
    "Map": "Map(name=Carla/Maps/Town01)",
    "First Actor Location": 122,
    "Second Actor Location": 79,
    "First Actor Speed": 7,
    "Collision": false,
    "Weather": "HardRainNight"
  },
  {
    "Scenario Name": "FollowLeadingVehicleWithObstacle_562",
    "Scenario Description": "The scenario realizes a common driving behavior, in which theuser-controlled ego vehicle follows a leading car driving downa given road. At some point the leading car has to slow down andfinally stop. The ego vehicle has to react accordingly to avoida collision. The scenario ends either via a timeout, or if the egovehicle stopped close enough to the leading vehicle",
    "Map": "Map(name=Carla/Maps/Town01)",
    "First Actor Location": 63,
    "Second Actor Location": 66,
    "First Actor Speed": 8,
    "Collision": false,
    "Weather": "HardRainNoon"
  },
  {
    "Scenario Name": "FollowLeadingVehicleWithObstacle_570",
    "Scenario Description": "The scenario realizes a common driving behavior, in which theuser-controlled ego vehicle follows a leading car driving downa given road. At some point the leading car has to slow down andfinally stop. The ego vehicle has to react accordingly to avoida collision. The scenario ends either via a timeout, or if the egovehicle stopped close enough to the leading vehicle",
    "Map": "Map(name=Carla/Maps/Town01)",
    "First Actor Location": 13,
    "Second Actor Location": 60,
    "First Actor Speed": 10,
    "Collision": false,
    "Weather": "HardRainNight"
  },
  {
    "Scenario Name": "FollowLeadingVehicleWithObstacle_580",
    "Scenario Description": "The scenario realizes a common driving behavior, in which theuser-controlled ego vehicle follows a leading car driving downa given road. At some point the leading car has to slow down andfinally stop. The ego vehicle has to react accordingly to avoida collision. The scenario ends either via a timeout, or if the egovehicle stopped close enough to the leading vehicle",
    "Map": "Map(name=Carla/Maps/Town01)",
    "First Actor Location": 161,
    "Second Actor Location": 92,
    "First Actor Speed": 6,
    "Collision": false,
    "Weather": "HardRainNoon"
  },
  {
    "Scenario Name": "FollowLeadingVehicleWithObstacle_581",
    "Scenario Description": "The scenario realizes a common driving behavior, in which theuser-controlled ego vehicle follows a leading car driving downa given road. At some point the leading car has to slow down andfinally stop. The ego vehicle has to react accordingly to avoida collision. The scenario ends either via a timeout, or if the egovehicle stopped close enough to the leading vehicle",
    "Map": "Map(name=Carla/Maps/Town01)",
    "First Actor Location": 191,
    "Second Actor Location": 87,
    "First Actor Speed": 16,
    "Collision": false,
    "Weather": "ClearNight"
  },
  {
    "Scenario Name": "FollowLeadingVehicleWithObstacle_586",
    "Scenario Description": "The scenario realizes a common driving behavior, in which theuser-controlled ego vehicle follows a leading car driving downa given road. At some point the leading car has to slow down andfinally stop. The ego vehicle has to react accordingly to avoida collision. The scenario ends either via a timeout, or if the egovehicle stopped close enough to the leading vehicle",
    "Map": "Map(name=Carla/Maps/Town01)",
    "First Actor Location": 188,
    "Second Actor Location": 25,
    "First Actor Speed": 20,
    "Collision": false,
    "Weather": "HardRainNight"
  },
  {
    "Scenario Name": "FollowLeadingVehicleWithObstacle_589",
    "Scenario Description": "The scenario realizes a common driving behavior, in which theuser-controlled ego vehicle follows a leading car driving downa given road. At some point the leading car has to slow down andfinally stop. The ego vehicle has to react accordingly to avoida collision. The scenario ends either via a timeout, or if the egovehicle stopped close enough to the leading vehicle",
    "Map": "Map(name=Carla/Maps/Town01)",
    "First Actor Location": 153,
    "Second Actor Location": 63,
    "First Actor Speed": 13,
    "Collision": false,
    "Weather": "ClearNight"
  },
  {
    "Scenario Name": "FollowLeadingVehicleWithObstacle_596",
    "Scenario Description": "The scenario realizes a common driving behavior, in which theuser-controlled ego vehicle follows a leading car driving downa given road. At some point the leading car has to slow down andfinally stop. The ego vehicle has to react accordingly to avoida collision. The scenario ends either via a timeout, or if the egovehicle stopped close enough to the leading vehicle",
    "Map": "Map(name=Carla/Maps/Town01)",
    "First Actor Location": 125,
    "Second Actor Location": 119,
    "First Actor Speed": 14,
    "Collision": false,
    "Weather": "ClearNoon"
  },
  {
    "Scenario Name": "FollowLeadingVehicleWithObstacle_598",
    "Scenario Description": "The scenario realizes a common driving behavior, in which theuser-controlled ego vehicle follows a leading car driving downa given road. At some point the leading car has to slow down andfinally stop. The ego vehicle has to react accordingly to avoida collision. The scenario ends either via a timeout, or if the egovehicle stopped close enough to the leading vehicle",
    "Map": "Map(name=Carla/Maps/Town01)",
    "First Actor Location": 194,
    "Second Actor Location": 75,
    "First Actor Speed": 16,
    "Collision": false,
    "Weather": "HardRainNoon"
  }
]