[
  {
    "Scenario Name": "OtherLeadingVehicle_740",
    "Scenario Description": "The scenario realizes a common driving behavior, in which the user-controlled ego vehicle follows a leading car driving down a given road. At some point the leading car has to decelerate. The ego vehicle has to react accordingly by changing lane to avoid a collision and follow the leading car in other lane. The scenario ends either via a timeout, or if the ego vehicle drives some distance.",
    "Map": "Map(name=Carla/Maps/Town05)",
    "First Vehicle Location": 94,
    "Second Vehicle Location": 95,
    "First Vehicle Speed": 6.944444444444445,
    "Second Vehicle Speed": 9.722222222222221,
    "Collision": false,
    "Weather": "HardRainNoon"
  },
  {
    "Scenario Name": "OtherLeadingVehicle_743",
    "Scenario Description": "The scenario realizes a common driving behavior, in which the user-controlled ego vehicle follows a leading car driving down a given road. At some point the leading car has to decelerate. The ego vehicle has to react accordingly by changing lane to avoid a collision and follow the leading car in other lane. The scenario ends either via a timeout, or if the ego vehicle drives some distance.",
    "Map": "Map(name=Carla/Maps/Town05)",
    "First Vehicle Location": 53,
    "Second Vehicle Location": 54,
    "First Vehicle Speed": 5.277777777777778,
    "Second Vehicle Speed": 8.055555555555555,
    "Collision": false,
    "Weather": "HardRainNight"
  },
  {
    "Scenario Name": "OtherLeadingVehicle_744",
    "Scenario Description": "The scenario realizes a common driving behavior, in which the user-controlled ego vehicle follows a leading car driving down a given road. At some point the leading car has to decelerate. The ego vehicle has to react accordingly by changing lane to avoid a collision and follow the leading car in other lane. The scenario ends either via a timeout, or if the ego vehicle drives some distance.",
    "Map": "Map(name=Carla/Maps/Town05)",
    "First Vehicle Location": 48,
    "Second Vehicle Location": 49,
    "First Vehicle Speed": 7.5,
    "Second Vehicle Speed": 10.277777777777777,
    "Collision": false,
    "Weather": "HardRainNoon"
  },
  {
    "Scenario Name": "OtherLeadingVehicle_747",
    "Scenario Description": "The scenario realizes a common driving behavior, in which the user-controlled ego vehicle follows a leading car driving down a given road. At some point the leading car has to decelerate. The ego vehicle has to react accordingly by changing lane to avoid a collision and follow the leading car in other lane. The scenario ends either via a timeout, or if the ego vehicle drives some distance.",
    "Map": "Map(name=Carla/Maps/Town05)",
    "First Vehicle Location": 52,
    "Second Vehicle Location": 53,
    "First Vehicle Speed": 11.666666666666666,
    "Second Vehicle Speed": 14.444444444444445,
    "Collision": false,
    "Weather": "HardRainNoon"
  },
  {
    "Scenario Name": "OtherLeadingVehicle_749",
    "Scenario Description": "The scenario realizes a common driving behavior, in which the user-controlled ego vehicle follows a leading car driving down a given road. At some point the leading car has to decelerate. The ego vehicle has to react accordingly by changing lane to avoid a collision and follow the leading car in other lane. The scenario ends either via a timeout, or if the ego vehicle drives some distance.",
    "Map": "Map(name=Carla/Maps/Town05)",
    "First Vehicle Location": 47,
    "Second Vehicle Location": 48,
    "First Vehicle Speed": 10.0,
    "Second Vehicle Speed": 12.777777777777777,
    "Collision": false,
    "Weather": "ClearNoon"
  },
  {
    "Scenario Name": "OtherLeadingVehicle_753",
    "Scenario Description": "The scenario realizes a common driving behavior, in which the user-controlled ego vehicle follows a leading car driving down a given road. At some point the leading car has to decelerate. The ego vehicle has to react accordingly by changing lane to avoid a collision and follow the leading car in other lane. The scenario ends either via a timeout, or if the ego vehicle drives some distance.",
    "Map": "Map(name=Carla/Maps/Town05)",
    "First Vehicle Location": 89,
    "Second Vehicle Location": 90,
    "First Vehicle Speed": 11.38888888888889,
    "Second Vehicle Speed": 14.166666666666666,
    "Collision": false,
    "Weather": "HardRainNoon"
  },
  {
    "Scenario Name": "OtherLeadingVehicle_759",
    "Scenario Description": "The scenario realizes a common driving behavior, in which the user-controlled ego vehicle follows a leading car driving down a given road. At some point the leading car has to decelerate. The ego vehicle has to react accordingly by changing lane to avoid a collision and follow the leading car in other lane. The scenario ends either via a timeout, or if the ego vehicle drives some distance.",
    "Map": "Map(name=Carla/Maps/Town05)",
    "First Vehicle Location": 25,
    "Second Vehicle Location": 26,
    "First Vehicle Speed": 14.444444444444445,
    "Second Vehicle Speed": 17.22222222222222,
    "Collision": false,
    "Weather": "HardRainNoon"
  },
  {
    "Scenario Name": "OtherLeadingVehicle_763",
    "Scenario Description": "The scenario realizes a common driving behavior, in which the user-controlled ego vehicle follows a leading car driving down a given road. At some point the leading car has to decelerate. The ego vehicle has to react accordingly by changing lane to avoid a collision and follow the leading car in other lane. The scenario ends either via a timeout, or if the ego vehicle drives some distance.",
    "Map": "Map(name=Carla/Maps/Town05)",
    "First Vehicle Location": 12,
    "Second Vehicle Location": 13,
    "First Vehicle Speed": 10.277777777777777,
    "Second Vehicle Speed": 13.055555555555555,
    "Collision": false,
    "Weather": "HardRainNight"
  },
  {
    "Scenario Name": "OtherLeadingVehicle_769",
    "Scenario Description": "The scenario realizes a common driving behavior, in which the user-controlled ego vehicle follows a leading car driving down a given road. At some point the leading car has to decelerate. The ego vehicle has to react accordingly by changing lane to avoid a collision and follow the leading car in other lane. The scenario ends either via a timeout, or if the ego vehicle drives some distance.",
    "Map": "Map(name=Carla/Maps/Town05)",
    "First Vehicle Location": 72,
    "Second Vehicle Location": 73,
    "First Vehicle Speed": 5.833333333333333,
    "Second Vehicle Speed": 8.61111111111111,
    "Collision": false,
    "Weather": "ClearNight"
  },
  {
    "Scenario Name": "OtherLeadingVehicle_770",
    "Scenario Description": "The scenario realizes a common driving behavior, in which the user-controlled ego vehicle follows a leading car driving down a given road. At some point the leading car has to decelerate. The ego vehicle has to react accordingly by changing lane to avoid a collision and follow the leading car in other lane. The scenario ends either via a timeout, or if the ego vehicle drives some distance.",
    "Map": "Map(name=Carla/Maps/Town05)",
    "First Vehicle Location": 25,
    "Second Vehicle Location": 26,
    "First Vehicle Speed": 12.777777777777777,
    "Second Vehicle Speed": 15.555555555555555,
    "Collision": false,
    "Weather": "ClearNight"
  },
  {
    "Scenario Name": "OtherLeadingVehicle_785",
    "Scenario Description": "The scenario realizes a common driving behavior, in which the user-controlled ego vehicle follows a leading car driving down a given road. At some point the leading car has to decelerate. The ego vehicle has to react accordingly by changing lane to avoid a collision and follow the leading car in other lane. The scenario ends either via a timeout, or if the ego vehicle drives some distance.",
    "Map": "Map(name=Carla/Maps/Town05)",
    "First Vehicle Location": 60,
    "Second Vehicle Location": 61,
    "First Vehicle Speed": 13.055555555555555,
    "Second Vehicle Speed": 15.833333333333332,
    "Collision": false,
    "Weather": "ClearNoon"
  },
  {
    "Scenario Name": "OtherLeadingVehicle_788",
    "Scenario Description": "The scenario realizes a common driving behavior, in which the user-controlled ego vehicle follows a leading car driving down a given road. At some point the leading car has to decelerate. The ego vehicle has to react accordingly by changing lane to avoid a collision and follow the leading car in other lane. The scenario ends either via a timeout, or if the ego vehicle drives some distance.",
    "Map": "Map(name=Carla/Maps/Town05)",
    "First Vehicle Location": 40,
    "Second Vehicle Location": 41,
    "First Vehicle Speed": 7.777777777777778,
    "Second Vehicle Speed": 10.555555555555555,
    "Collision": false,
    "Weather": "HardRainNight"
  },
  {
    "Scenario Name": "OtherLeadingVehicle_800",
    "Scenario Description": "The scenario realizes a common driving behavior, in which the user-controlled ego vehicle follows a leading car driving down a given road. At some point the leading car has to decelerate. The ego vehicle has to react accordingly by changing lane to avoid a collision and follow the leading car in other lane. The scenario ends either via a timeout, or if the ego vehicle drives some distance.",
    "Map": "Map(name=Carla/Maps/Town05)",
    "First Vehicle Location": 60,
    "Second Vehicle Location": 61,
    "First Vehicle Speed": 12.222222222222221,
    "Second Vehicle Speed": 15.0,
    "Collision": false,
    "Weather": "ClearNight"
  },
  {
    "Scenario Name": "OtherLeadingVehicle_801",
    "Scenario Description": "The scenario realizes a common driving behavior, in which the user-controlled ego vehicle follows a leading car driving down a given road. At some point the leading car has to decelerate. The ego vehicle has to react accordingly by changing lane to avoid a collision and follow the leading car in other lane. The scenario ends either via a timeout, or if the ego vehicle drives some distance.",
    "Map": "Map(name=Carla/Maps/Town05)",
    "First Vehicle Location": 81,
    "Second Vehicle Location": 82,
    "First Vehicle Speed": 3.888888888888889,
    "Second Vehicle Speed": 6.666666666666666,
    "Collision": false,
    "Weather": "HardRainNoon"
  },
  {
    "Scenario Name": "OtherLeadingVehicle_814",
    "Scenario Description": "The scenario realizes a common driving behavior, in which the user-controlled ego vehicle follows a leading car driving down a given road. At some point the leading car has to decelerate. The ego vehicle has to react accordingly by changing lane to avoid a collision and follow the leading car in other lane. The scenario ends either via a timeout, or if the ego vehicle drives some distance.",
    "Map": "Map(name=Carla/Maps/Town05)",
    "First Vehicle Location": 24,
    "Second Vehicle Location": 25,
    "First Vehicle Speed": 10.0,
    "Second Vehicle Speed": 12.777777777777777,
    "Collision": false,
    "Weather": "ClearNight"
  },
  {
    "Scenario Name": "OtherLeadingVehicle_815",
    "Scenario Description": "The scenario realizes a common driving behavior, in which the user-controlled ego vehicle follows a leading car driving down a given road. At some point the leading car has to decelerate. The ego vehicle has to react accordingly by changing lane to avoid a collision and follow the leading car in other lane. The scenario ends either via a timeout, or if the ego vehicle drives some distance.",
    "Map": "Map(name=Carla/Maps/Town05)",
    "First Vehicle Location": 52,
    "Second Vehicle Location": 53,
    "First Vehicle Speed": 14.166666666666666,
    "Second Vehicle Speed": 16.944444444444443,
    "Collision": false,
    "Weather": "HardRainNoon"
  },
  {
    "Scenario Name": "OtherLeadingVehicle_816",
    "Scenario Description": "The scenario realizes a common driving behavior, in which the user-controlled ego vehicle follows a leading car driving down a given road. At some point the leading car has to decelerate. The ego vehicle has to react accordingly by changing lane to avoid a collision and follow the leading car in other lane. The scenario ends either via a timeout, or if the ego vehicle drives some distance.",
    "Map": "Map(name=Carla/Maps/Town05)",
    "First Vehicle Location": 47,
    "Second Vehicle Location": 48,
    "First Vehicle Speed": 7.777777777777778,
    "Second Vehicle Speed": 10.555555555555555,
    "Collision": false,
    "Weather": "ClearNight"
  },
  {
    "Scenario Name": "OtherLeadingVehicle_819",
    "Scenario Description": "The scenario realizes a common driving behavior, in which the user-controlled ego vehicle follows a leading car driving down a given road. At some point the leading car has to decelerate. The ego vehicle has to react accordingly by changing lane to avoid a collision and follow the leading car in other lane. The scenario ends either via a timeout, or if the ego vehicle drives some distance.",
    "Map": "Map(name=Carla/Maps/Town05)",
    "First Vehicle Location": 87,
    "Second Vehicle Location": 88,
    "First Vehicle Speed": 16.38888888888889,
    "Second Vehicle Speed": 19.166666666666668,
    "Collision": false,
    "Weather": "ClearNoon"
  },
  {
    "Scenario Name": "OtherLeadingVehicle_821",
    "Scenario Description": "The scenario realizes a common driving behavior, in which the user-controlled ego vehicle follows a leading car driving down a given road. At some point the leading car has to decelerate. The ego vehicle has to react accordingly by changing lane to avoid a collision and follow the leading car in other lane. The scenario ends either via a timeout, or if the ego vehicle drives some distance.",
    "Map": "Map(name=Carla/Maps/Town05)",
    "First Vehicle Location": 64,
    "Second Vehicle Location": 65,
    "First Vehicle Speed": 11.666666666666666,
    "Second Vehicle Speed": 14.444444444444445,
    "Collision": false,
    "Weather": "ClearNoon"
  },
  {
    "Scenario Name": "OtherLeadingVehicle_831",
    "Scenario Description": "The scenario realizes a common driving behavior, in which the user-controlled ego vehicle follows a leading car driving down a given road. At some point the leading car has to decelerate. The ego vehicle has to react accordingly by changing lane to avoid a collision and follow the leading car in other lane. The scenario ends either via a timeout, or if the ego vehicle drives some distance.",
    "Map": "Map(name=Carla/Maps/Town05)",
    "First Vehicle Location": 28,
    "Second Vehicle Location": 29,
    "First Vehicle Speed": 13.88888888888889,
    "Second Vehicle Speed": 16.666666666666668,
    "Collision": false,
    "Weather": "ClearNoon"
  },
  {
    "Scenario Name": "OtherLeadingVehicle_832",
    "Scenario Description": "The scenario realizes a common driving behavior, in which the user-controlled ego vehicle follows a leading car driving down a given road. At some point the leading car has to decelerate. The ego vehicle has to react accordingly by changing lane to avoid a collision and follow the leading car in other lane. The scenario ends either via a timeout, or if the ego vehicle drives some distance.",
    "Map": "Map(name=Carla/Maps/Town05)",
    "First Vehicle Location": 89,
    "Second Vehicle Location": 90,
    "First Vehicle Speed": 9.444444444444445,
    "Second Vehicle Speed": 12.222222222222221,
    "Collision": false,
    "Weather": "ClearNoon"
  },
  {
    "Scenario Name": "OtherLeadingVehicle_837",
    "Scenario Description": "The scenario realizes a common driving behavior, in which the user-controlled ego vehicle follows a leading car driving down a given road. At some point the leading car has to decelerate. The ego vehicle has to react accordingly by changing lane to avoid a collision and follow the leading car in other lane. The scenario ends either via a timeout, or if the ego vehicle drives some distance.",
    "Map": "Map(name=Carla/Maps/Town05)",
    "First Vehicle Location": 98,
    "Second Vehicle Location": 99,
    "First Vehicle Speed": 5.277777777777778,
    "Second Vehicle Speed": 8.055555555555555,
    "Collision": false,
    "Weather": "ClearNoon"
  }
]