[
  {
    "Scenario Name": "OtherLeadingVehicle",
    "Scenario Description": "The scenario realizes a common driving behavior, in which the user-controlled ego vehicle follows a leading car driving down a given road. At some point the leading car has to decelerate. The ego vehicle has to react accordingly by changing lane to avoid a collision and follow the leading car in other lane. The scenario ends either via a timeout, or if the ego vehicle drives some distance.",
    "Map": "Map(name=Carla/Maps/Town05)",
    "First Vehicle Location": 100,
    "Second Vehicle Location": 101,
    "First Vehicle Speed": 16.666666666666668,
    "Second Vehicle Speed": 19.444444444444443,
    "Collision": true,
    "Weather": "ClearNoon",
    "Collision Type": "Actor(id=140, type=vehicle.nissan.patrol)",
    "Time to Collision": 13.467234134674072,
    "Speed at Collision": 22.093944592612075,
    "Intensity": 21754.50323556616
  },
  {
    "Scenario Name": "OtherLeadingVehicle_1",
    "Scenario Description": "The scenario realizes a common driving behavior, in which the user-controlled ego vehicle follows a leading car driving down a given road. At some point the leading car has to decelerate. The ego vehicle has to react accordingly by changing lane to avoid a collision and follow the leading car in other lane. The scenario ends either via a timeout, or if the ego vehicle drives some distance.",
    "Map": "Map(name=Carla/Maps/Town05)",
    "First Vehicle Location": 79,
    "Second Vehicle Location": 80,
    "First Vehicle Speed": 12.222222222222221,
    "Second Vehicle Speed": 15.0,
    "Collision": true,
    "Weather": "HardRainNight",
    "Collision Type": "Actor(id=146, type=vehicle.nissan.patrol)",
    "Time to Collision": 9.086642980575562,
    "Speed at Collision": 25.474162384107803,
    "Intensity": 27528.109226916036
  },
  {
    "Scenario Name": "OtherLeadingVehicle_3",
    "Scenario Description": "The scenario realizes a common driving behavior, in which the user-controlled ego vehicle follows a leading car driving down a given road. At some point the leading car has to decelerate. The ego vehicle has to react accordingly by changing lane to avoid a collision and follow the leading car in other lane. The scenario ends either via a timeout, or if the ego vehicle drives some distance.",
    "Map": "Map(name=Carla/Maps/Town05)",
    "First Vehicle Location": 18,
    "Second Vehicle Location": 19,
    "First Vehicle Speed": 3.333333333333333,
    "Second Vehicle Speed": 6.111111111111111,
    "Collision": true,
    "Weather": "ClearNoon",
    "Collision Type": "Actor(id=158, type=vehicle.nissan.patrol)",
    "Time to Collision": 3.041496992111206,
    "Speed at Collision": 10.925211718073724,
    "Intensity": 13223.325279837893
  },
  {
    "Scenario Name": "OtherLeadingVehicle_4",
    "Scenario Description": "The scenario realizes a common driving behavior, in which the user-controlled ego vehicle follows a leading car driving down a given road. At some point the leading car has to decelerate. The ego vehicle has to react accordingly by changing lane to avoid a collision and follow the leading car in other lane. The scenario ends either via a timeout, or if the ego vehicle drives some distance.",
    "Map": "Map(name=Carla/Maps/Town05)",
    "First Vehicle Location": 56,
    "Second Vehicle Location": 57,
    "First Vehicle Speed": 12.777777777777777,
    "Second Vehicle Speed": 15.555555555555555,
    "Collision": true,
    "Weather": "HardRainNoon",
    "Collision Type": "Actor(id=164, type=vehicle.nissan.patrol)",
    "Time to Collision": 17.081042051315308,
    "Speed at Collision": 7.340260221444353,
    "Intensity": 4830.3731710056345
  },
  {
    "Scenario Name": "OtherLeadingVehicle_5",
    "Scenario Description": "The scenario realizes a common driving behavior, in which the user-controlled ego vehicle follows a leading car driving down a given road. At some point the leading car has to decelerate. The ego vehicle has to react accordingly by changing lane to avoid a collision and follow the leading car in other lane. The scenario ends either via a timeout, or if the ego vehicle drives some distance.",
    "Map": "Map(name=Carla/Maps/Town05)",
    "First Vehicle Location": 85,
    "Second Vehicle Location": 86,
    "First Vehicle Speed": 8.61111111111111,
    "Second Vehicle Speed": 11.38888888888889,
    "Collision": true,
    "Weather": "HardRainNight",
    "Collision Type": "Actor(id=170, type=vehicle.nissan.patrol)",
    "Time to Collision": 13.94178318977356,
    "Speed at Collision": 12.851330345846824,
    "Intensity": 12988.927357057566
  },
  {
    "Scenario Name": "OtherLeadingVehicle_6",
    "Scenario Description": "The scenario realizes a common driving behavior, in which the user-controlled ego vehicle follows a leading car driving down a given road. At some point the leading car has to decelerate. The ego vehicle has to react accordingly by changing lane to avoid a collision and follow the leading car in other lane. The scenario ends either via a timeout, or if the ego vehicle drives some distance.",
    "Map": "Map(name=Carla/Maps/Town05)",
    "First Vehicle Location": 25,
    "Second Vehicle Location": 26,
    "First Vehicle Speed": 9.444444444444445,
    "Second Vehicle Speed": 12.222222222222221,
    "Collision": true,
    "Weather": "HardRainNight",
    "Collision Type": "Actor(id=176, type=vehicle.nissan.patrol)",
    "Time to Collision": 3.8401615619659424,
    "Speed at Collision": 15.493206247051388,
    "Intensity": 16082.900855045544
  },
  {
    "Scenario Name": "OtherLeadingVehicle_7",
    "Scenario Description": "The scenario realizes a common driving behavior, in which the user-controlled ego vehicle follows a leading car driving down a given road. At some point the leading car has to decelerate. The ego vehicle has to react accordingly by changing lane to avoid a collision and follow the leading car in other lane. The scenario ends either via a timeout, or if the ego vehicle drives some distance.",
    "Map": "Map(name=Carla/Maps/Town05)",
    "First Vehicle Location": 19,
    "Second Vehicle Location": 20,
    "First Vehicle Speed": 13.61111111111111,
    "Second Vehicle Speed": 16.38888888888889,
    "Collision": true,
    "Weather": "HardRainNoon",
    "Collision Type": "Actor(id=182, type=vehicle.nissan.patrol)",
    "Time to Collision": 3.5757553577423096,
    "Speed at Collision": 14.527259139204807,
    "Intensity": 13303.588739541154
  },
  {
    "Scenario Name": "OtherLeadingVehicle_8",
    "Scenario Description": "The scenario realizes a common driving behavior, in which the user-controlled ego vehicle follows a leading car driving down a given road. At some point the leading car has to decelerate. The ego vehicle has to react accordingly by changing lane to avoid a collision and follow the leading car in other lane. The scenario ends either via a timeout, or if the ego vehicle drives some distance.",
    "Map": "Map(name=Carla/Maps/Town05)",
    "First Vehicle Location": 30,
    "Second Vehicle Location": 31,
    "First Vehicle Speed": 9.166666666666666,
    "Second Vehicle Speed": 11.944444444444445,
    "Collision": true,
    "Weather": "ClearNight",
    "Collision Type": "Actor(id=188, type=vehicle.nissan.patrol)",
    "Time to Collision": 4.232004642486572,
    "Speed at Collision": 16.63415196738867,
    "Intensity": 17591.49102694973
  },
  {
    "Scenario Name": "OtherLeadingVehicle_9",
    "Scenario Description": "The scenario realizes a common driving behavior, in which the user-controlled ego vehicle follows a leading car driving down a given road. At some point the leading car has to decelerate. The ego vehicle has to react accordingly by changing lane to avoid a collision and follow the leading car in other lane. The scenario ends either via a timeout, or if the ego vehicle drives some distance.",
    "Map": "Map(name=Carla/Maps/Town05)",
    "First Vehicle Location": 78,
    "Second Vehicle Location": 79,
    "First Vehicle Speed": 15.555555555555555,
    "Second Vehicle Speed": 18.333333333333332,
    "Collision": true,
    "Weather": "HardRainNoon",
    "Collision Type": "Actor(id=194, type=vehicle.nissan.patrol)",
    "Time to Collision": 10.638963460922241,
    "Speed at Collision": 23.09386712130876,
    "Intensity": 22706.576180805794
  },
  {
    "Scenario Name": "OtherLeadingVehicle_11",
    "Scenario Description": "The scenario realizes a common driving behavior, in which the user-controlled ego vehicle follows a leading car driving down a given road. At some point the leading car has to decelerate. The ego vehicle has to react accordingly by changing lane to avoid a collision and follow the leading car in other lane. The scenario ends either via a timeout, or if the ego vehicle drives some distance.",
    "Map": "Map(name=Carla/Maps/Town05)",
    "First Vehicle Location": 10,
    "Second Vehicle Location": 11,
    "First Vehicle Speed": 7.5,
    "Second Vehicle Speed": 10.277777777777777,
    "Collision": true,
    "Weather": "HardRainNoon",
    "Collision Type": "Actor(id=206, type=vehicle.nissan.patrol)",
    "Time to Collision": 2.265263557434082,
    "Speed at Collision": 8.268165459718135,
    "Intensity": 7940.994544064163
  },
  {
    "Scenario Name": "OtherLeadingVehicle_12",
    "Scenario Description": "The scenario realizes a common driving behavior, in which the user-controlled ego vehicle follows a leading car driving down a given road. At some point the leading car has to decelerate. The ego vehicle has to react accordingly by changing lane to avoid a collision and follow the leading car in other lane. The scenario ends either via a timeout, or if the ego vehicle drives some distance.",
    "Map": "Map(name=Carla/Maps/Town05)",
    "First Vehicle Location": 53,
    "Second Vehicle Location": 54,
    "First Vehicle Speed": 12.5,
    "Second Vehicle Speed": 15.277777777777777,
    "Collision": true,
    "Weather": "ClearNoon",
    "Collision Type": "Actor(id=212, type=vehicle.nissan.patrol)",
    "Time to Collision": 5.936346054077148,
    "Speed at Collision": 21.17599721187838,
    "Intensity": 22126.766580490956
  },
  {
    "Scenario Name": "OtherLeadingVehicle_13",
    "Scenario Description": "The scenario realizes a common driving behavior, in which the user-controlled ego vehicle follows a leading car driving down a given road. At some point the leading car has to decelerate. The ego vehicle has to react accordingly by changing lane to avoid a collision and follow the leading car in other lane. The scenario ends either via a timeout, or if the ego vehicle drives some distance.",
    "Map": "Map(name=Carla/Maps/Town05)",
    "First Vehicle Location": 29,
    "Second Vehicle Location": 30,
    "First Vehicle Speed": 10.555555555555555,
    "Second Vehicle Speed": 13.333333333333332,
    "Collision": true,
    "Weather": "ClearNoon",
    "Collision Type": "Actor(id=218, type=vehicle.nissan.patrol)",
    "Time to Collision": 5.0472986698150635,
    "Speed at Collision": 10.326330384794947,
    "Intensity": 9094.811714926156
  },
  {
    "Scenario Name": "OtherLeadingVehicle_14",
    "Scenario Description": "The scenario realizes a common driving behavior, in which the user-controlled ego vehicle follows a leading car driving down a given road. At some point the leading car has to decelerate. The ego vehicle has to react accordingly by changing lane to avoid a collision and follow the leading car in other lane. The scenario ends either via a timeout, or if the ego vehicle drives some distance.",
    "Map": "Map(name=Carla/Maps/Town05)",
    "First Vehicle Location": 38,
    "Second Vehicle Location": 39,
    "First Vehicle Speed": 13.055555555555555,
    "Second Vehicle Speed": 15.833333333333332,
    "Collision": true,
    "Weather": "ClearNoon",
    "Collision Type": "Actor(id=224, type=vehicle.nissan.patrol)",
    "Time to Collision": 5.149649381637573,
    "Speed at Collision": 16.015350059475963,
    "Intensity": 15183.052986513725
  },
  {
    "Scenario Name": "OtherLeadingVehicle_15",
    "Scenario Description": "The scenario realizes a common driving behavior, in which the user-controlled ego vehicle follows a leading car driving down a given road. At some point the leading car has to decelerate. The ego vehicle has to react accordingly by changing lane to avoid a collision and follow the leading car in other lane. The scenario ends either via a timeout, or if the ego vehicle drives some distance.",
    "Map": "Map(name=Carla/Maps/Town05)",
    "First Vehicle Location": 37,
    "Second Vehicle Location": 38,
    "First Vehicle Speed": 5.833333333333333,
    "Second Vehicle Speed": 8.61111111111111,
    "Collision": true,
    "Weather": "HardRainNight",
    "Collision Type": "Actor(id=230, type=vehicle.nissan.patrol)",
    "Time to Collision": 4.494905233383179,
    "Speed at Collision": 17.532346979138108,
    "Intensity": 20056.921080508706
  },
  {
    "Scenario Name": "OtherLeadingVehicle_16",
    "Scenario Description": "The scenario realizes a common driving behavior, in which the user-controlled ego vehicle follows a leading car driving down a given road. At some point the leading car has to decelerate. The ego vehicle has to react accordingly by changing lane to avoid a collision and follow the leading car in other lane. The scenario ends either via a timeout, or if the ego vehicle drives some distance.",
    "Map": "Map(name=Carla/Maps/Town05)",
    "First Vehicle Location": 25,
    "Second Vehicle Location": 26,
    "First Vehicle Speed": 9.722222222222221,
    "Second Vehicle Speed": 12.5,
    "Collision": true,
    "Weather": "ClearNoon",
    "Collision Type": "Actor(id=236, type=vehicle.nissan.patrol)",
    "Time to Collision": 3.8712680339813232,
    "Speed at Collision": 15.574104897053132,
    "Intensity": 16100.427368343995
  },
  {
    "Scenario Name": "OtherLeadingVehicle_17",
    "Scenario Description": "The scenario realizes a common driving behavior, in which the user-controlled ego vehicle follows a leading car driving down a given road. At some point the leading car has to decelerate. The ego vehicle has to react accordingly by changing lane to avoid a collision and follow the leading car in other lane. The scenario ends either via a timeout, or if the ego vehicle drives some distance.",
    "Map": "Map(name=Carla/Maps/Town05)",
    "First Vehicle Location": 68,
    "Second Vehicle Location": 69,
    "First Vehicle Speed": 4.166666666666667,
    "Second Vehicle Speed": 6.944444444444445,
    "Collision": true,
    "Weather": "HardRainNight",
    "Collision Type": "Actor(id=242, type=vehicle.nissan.patrol)",
    "Time to Collision": 6.533391714096069,
    "Speed at Collision": 19.554871676284357,
    "Intensity": 23284.80911838074
  },
  {
    "Scenario Name": "OtherLeadingVehicle_18",
    "Scenario Description": "The scenario realizes a common driving behavior, in which the user-controlled ego vehicle follows a leading car driving down a given road. At some point the leading car has to decelerate. The ego vehicle has to react accordingly by changing lane to avoid a collision and follow the leading car in other lane. The scenario ends either via a timeout, or if the ego vehicle drives some distance.",
    "Map": "Map(name=Carla/Maps/Town05)",
    "First Vehicle Location": 22,
    "Second Vehicle Location": 23,
    "First Vehicle Speed": 9.166666666666666,
    "Second Vehicle Speed": 11.944444444444445,
    "Collision": true,
    "Weather": "HardRainNoon",
    "Collision Type": "Actor(id=248, type=vehicle.nissan.patrol)",
    "Time to Collision": 4.157248020172119,
    "Speed at Collision": 9.138385122143136,
    "Intensity": 8311.630458466434
  },
  {
    "Scenario Name": "OtherLeadingVehicle_19",
    "Scenario Description": "The scenario realizes a common driving behavior, in which the user-controlled ego vehicle follows a leading car driving down a given road. At some point the leading car has to decelerate. The ego vehicle has to react accordingly by changing lane to avoid a collision and follow the leading car in other lane. The scenario ends either via a timeout, or if the ego vehicle drives some distance.",
    "Map": "Map(name=Carla/Maps/Town05)",
    "First Vehicle Location": 55,
    "Second Vehicle Location": 56,
    "First Vehicle Speed": 6.666666666666666,
    "Second Vehicle Speed": 9.444444444444445,
    "Collision": true,
    "Weather": "HardRainNoon",
    "Collision Type": "Actor(id=254, type=vehicle.nissan.patrol)",
    "Time to Collision": 9.114236831665039,
    "Speed at Collision": 8.691231509321987,
    "Intensity": 8146.489034308701
  },
  {
    "Scenario Name": "OtherLeadingVehicle_20",
    "Scenario Description": "The scenario realizes a common driving behavior, in which the user-controlled ego vehicle follows a leading car driving down a given road. At some point the leading car has to decelerate. The ego vehicle has to react accordingly by changing lane to avoid a collision and follow the leading car in other lane. The scenario ends either via a timeout, or if the ego vehicle drives some distance.",
    "Map": "Map(name=Carla/Maps/Town05)",
    "First Vehicle Location": 32,
    "Second Vehicle Location": 33,
    "First Vehicle Speed": 13.61111111111111,
    "Second Vehicle Speed": 16.38888888888889,
    "Collision": true,
    "Weather": "HardRainNight",
    "Collision Type": "Actor(id=260, type=vehicle.nissan.patrol)",
    "Time to Collision": 4.581267595291138,
    "Speed at Collision": 17.912803986205116,
    "Intensity": 17460.361656140445
  },
  {
    "Scenario Name": "OtherLeadingVehicle_21",
    "Scenario Description": "The scenario realizes a common driving behavior, in which the user-controlled ego vehicle follows a leading car driving down a given road. At some point the leading car has to decelerate. The ego vehicle has to react accordingly by changing lane to avoid a collision and follow the leading car in other lane. The scenario ends either via a timeout, or if the ego vehicle drives some distance.",
    "Map": "Map(name=Carla/Maps/Town05)",
    "First Vehicle Location": 13,
    "Second Vehicle Location": 14,
    "First Vehicle Speed": 4.166666666666667,
    "Second Vehicle Speed": 6.944444444444445,
    "Collision": true,
    "Weather": "HardRainNoon",
    "Collision Type": "Actor(id=266, type=vehicle.nissan.patrol)",
    "Time to Collision": 2.5597732067108154,
    "Speed at Collision": 10.249758223056691,
    "Intensity": 11623.366222056356
  },
  {
    "Scenario Name": "OtherLeadingVehicle_22",
    "Scenario Description": "The scenario realizes a common driving behavior, in which the user-controlled ego vehicle follows a leading car driving down a given road. At some point the leading car has to decelerate. The ego vehicle has to react accordingly by changing lane to avoid a collision and follow the leading car in other lane. The scenario ends either via a timeout, or if the ego vehicle drives some distance.",
    "Map": "Map(name=Carla/Maps/Town05)",
    "First Vehicle Location": 41,
    "Second Vehicle Location": 42,
    "First Vehicle Speed": 9.166666666666666,
    "Second Vehicle Speed": 11.944444444444445,
    "Collision": true,
    "Weather": "ClearNight",
    "Collision Type": "Actor(id=272, type=vehicle.nissan.patrol)",
    "Time to Collision": 5.195807456970215,
    "Speed at Collision": 15.041244764406818,
    "Intensity": 15529.000050175351
  },
  {
    "Scenario Name": "OtherLeadingVehicle_23",
    "Scenario Description": "The scenario realizes a common driving behavior, in which the user-controlled ego vehicle follows a leading car driving down a given road. At some point the leading car has to decelerate. The ego vehicle has to react accordingly by changing lane to avoid a collision and follow the leading car in other lane. The scenario ends either via a timeout, or if the ego vehicle drives some distance.",
    "Map": "Map(name=Carla/Maps/Town05)",
    "First Vehicle Location": 80,
    "Second Vehicle Location": 81,
    "First Vehicle Speed": 3.0555555555555554,
    "Second Vehicle Speed": 5.833333333333333,
    "Collision": true,
    "Weather": "HardRainNoon",
    "Collision Type": "Actor(id=278, type=vehicle.nissan.patrol)",
    "Time to Collision": 6.881585359573364,
    "Speed at Collision": 23.128504890554066,
    "Intensity": 28319.314104688674
  },
  {
    "Scenario Name": "OtherLeadingVehicle_24",
    "Scenario Description": "The scenario realizes a common driving behavior, in which the user-controlled ego vehicle follows a leading car driving down a given road. At some point the leading car has to decelerate. The ego vehicle has to react accordingly by changing lane to avoid a collision and follow the leading car in other lane. The scenario ends either via a timeout, or if the ego vehicle drives some distance.",
    "Map": "Map(name=Carla/Maps/Town05)",
    "First Vehicle Location": 42,
    "Second Vehicle Location": 43,
    "First Vehicle Speed": 11.944444444444445,
    "Second Vehicle Speed": 14.722222222222221,
    "Collision": true,
    "Weather": "ClearNight",
    "Collision Type": "Actor(id=284, type=vehicle.nissan.patrol)",
    "Time to Collision": 5.247986555099487,
    "Speed at Collision": 19.62074610060931,
    "Intensity": 20059.305838505446
  },
  {
    "Scenario Name": "OtherLeadingVehicle_25",
    "Scenario Description": "The scenario realizes a common driving behavior, in which the user-controlled ego vehicle follows a leading car driving down a given road. At some point the leading car has to decelerate. The ego vehicle has to react accordingly by changing lane to avoid a collision and follow the leading car in other lane. The scenario ends either via a timeout, or if the ego vehicle drives some distance.",
    "Map": "Map(name=Carla/Maps/Town05)",
    "First Vehicle Location": 87,
    "Second Vehicle Location": 88,
    "First Vehicle Speed": 10.555555555555555,
    "Second Vehicle Speed": 13.333333333333332,
    "Collision": true,
    "Weather": "ClearNoon",
    "Collision Type": "Actor(id=290, type=vehicle.nissan.patrol)",
    "Time to Collision": 11.257081985473633,
    "Speed at Collision": 17.647749380713712,
    "Intensity": 18287.884418276033
  },
  {
    "Scenario Name": "OtherLeadingVehicle_27",
    "Scenario Description": "The scenario realizes a common driving behavior, in which the user-controlled ego vehicle follows a leading car driving down a given road. At some point the leading car has to decelerate. The ego vehicle has to react accordingly by changing lane to avoid a collision and follow the leading car in other lane. The scenario ends either via a timeout, or if the ego vehicle drives some distance.",
    "Map": "Map(name=Carla/Maps/Town05)",
    "First Vehicle Location": 86,
    "Second Vehicle Location": 87,
    "First Vehicle Speed": 8.055555555555555,
    "Second Vehicle Speed": 10.833333333333334,
    "Collision": true,
    "Weather": "ClearNight",
    "Collision Type": "Actor(id=302, type=vehicle.nissan.patrol)",
    "Time to Collision": 8.262318134307861,
    "Speed at Collision": 24.977897691229835,
    "Intensity": 28531.47089979221
  },
  {
    "Scenario Name": "OtherLeadingVehicle_28",
    "Scenario Description": "The scenario realizes a common driving behavior, in which the user-controlled ego vehicle follows a leading car driving down a given road. At some point the leading car has to decelerate. The ego vehicle has to react accordingly by changing lane to avoid a collision and follow the leading car in other lane. The scenario ends either via a timeout, or if the ego vehicle drives some distance.",
    "Map": "Map(name=Carla/Maps/Town05)",
    "First Vehicle Location": 99,
    "Second Vehicle Location": 100,
    "First Vehicle Speed": 5.555555555555555,
    "Second Vehicle Speed": 8.333333333333334,
    "Collision": true,
    "Weather": "ClearNight",
    "Collision Type": "Actor(id=308, type=vehicle.nissan.patrol)",
    "Time to Collision": 9.217089891433716,
    "Speed at Collision": 18.4543061325981,
    "Intensity": 21430.594691370883
  },
  {
    "Scenario Name": "OtherLeadingVehicle_29",
    "Scenario Description": "The scenario realizes a common driving behavior, in which the user-controlled ego vehicle follows a leading car driving down a given road. At some point the leading car has to decelerate. The ego vehicle has to react accordingly by changing lane to avoid a collision and follow the leading car in other lane. The scenario ends either via a timeout, or if the ego vehicle drives some distance.",
    "Map": "Map(name=Carla/Maps/Town05)",
    "First Vehicle Location": 79,
    "Second Vehicle Location": 80,
    "First Vehicle Speed": 6.666666666666666,
    "Second Vehicle Speed": 9.444444444444445,
    "Collision": true,
    "Weather": "HardRainNight",
    "Collision Type": "Actor(id=314, type=vehicle.nissan.patrol)",
    "Time to Collision": 7.489668846130371,
    "Speed at Collision": 24.416051491966623,
    "Intensity": 28661.883658201896
  },
  {
    "Scenario Name": "OtherLeadingVehicle_30",
    "Scenario Description": "The scenario realizes a common driving behavior, in which the user-controlled ego vehicle follows a leading car driving down a given road. At some point the leading car has to decelerate. The ego vehicle has to react accordingly by changing lane to avoid a collision and follow the leading car in other lane. The scenario ends either via a timeout, or if the ego vehicle drives some distance.",
    "Map": "Map(name=Carla/Maps/Town05)",
    "First Vehicle Location": 38,
    "Second Vehicle Location": 39,
    "First Vehicle Speed": 5.277777777777778,
    "Second Vehicle Speed": 8.055555555555555,
    "Collision": true,
    "Weather": "ClearNoon",
    "Collision Type": "Actor(id=320, type=vehicle.nissan.patrol)",
    "Time to Collision": 10.265182256698608,
    "Speed at Collision": 5.192656879835144,
    "Intensity": 4962.234784293627
  },
  {
    "Scenario Name": "OtherLeadingVehicle_31",
    "Scenario Description": "The scenario realizes a common driving behavior, in which the user-controlled ego vehicle follows a leading car driving down a given road. At some point the leading car has to decelerate. The ego vehicle has to react accordingly by changing lane to avoid a collision and follow the leading car in other lane. The scenario ends either via a timeout, or if the ego vehicle drives some distance.",
    "Map": "Map(name=Carla/Maps/Town05)",
    "First Vehicle Location": 27,
    "Second Vehicle Location": 28,
    "First Vehicle Speed": 6.388888888888888,
    "Second Vehicle Speed": 9.166666666666666,
    "Collision": true,
    "Weather": "HardRainNight",
    "Collision Type": "Actor(id=326, type=vehicle.nissan.patrol)",
    "Time to Collision": 3.9324779510498047,
    "Speed at Collision": 13.02164490064513,
    "Intensity": 14101.473254424443
  },
  {
    "Scenario Name": "OtherLeadingVehicle_32",
    "Scenario Description": "The scenario realizes a common driving behavior, in which the user-controlled ego vehicle follows a leading car driving down a given road. At some point the leading car has to decelerate. The ego vehicle has to react accordingly by changing lane to avoid a collision and follow the leading car in other lane. The scenario ends either via a timeout, or if the ego vehicle drives some distance.",
    "Map": "Map(name=Carla/Maps/Town05)",
    "First Vehicle Location": 27,
    "Second Vehicle Location": 28,
    "First Vehicle Speed": 6.666666666666666,
    "Second Vehicle Speed": 9.444444444444445,
    "Collision": true,
    "Weather": "ClearNoon",
    "Collision Type": "Actor(id=332, type=vehicle.nissan.patrol)",
    "Time to Collision": 3.9279625415802,
    "Speed at Collision": 13.862043877329814,
    "Intensity": 14864.991835183868
  },
  {
    "Scenario Name": "OtherLeadingVehicle_33",
    "Scenario Description": "The scenario realizes a common driving behavior, in which the user-controlled ego vehicle follows a leading car driving down a given road. At some point the leading car has to decelerate. The ego vehicle has to react accordingly by changing lane to avoid a collision and follow the leading car in other lane. The scenario ends either via a timeout, or if the ego vehicle drives some distance.",
    "Map": "Map(name=Carla/Maps/Town05)",
    "First Vehicle Location": 43,
    "Second Vehicle Location": 44,
    "First Vehicle Speed": 16.38888888888889,
    "Second Vehicle Speed": 19.166666666666668,
    "Collision": true,
    "Weather": "HardRainNoon",
    "Collision Type": "Actor(id=338, type=vehicle.nissan.patrol)",
    "Time to Collision": 5.623666763305664,
    "Speed at Collision": 18.087912136339252,
    "Intensity": 16630.754015816055
  },
  {
    "Scenario Name": "OtherLeadingVehicle_36",
    "Scenario Description": "The scenario realizes a common driving behavior, in which the user-controlled ego vehicle follows a leading car driving down a given road. At some point the leading car has to decelerate. The ego vehicle has to react accordingly by changing lane to avoid a collision and follow the leading car in other lane. The scenario ends either via a timeout, or if the ego vehicle drives some distance.",
    "Map": "Map(name=Carla/Maps/Town05)",
    "First Vehicle Location": 76,
    "Second Vehicle Location": 77,
    "First Vehicle Speed": 2.7777777777777777,
    "Second Vehicle Speed": 5.555555555555555,
    "Collision": true,
    "Weather": "ClearNight",
    "Collision Type": "Actor(id=356, type=vehicle.nissan.patrol)",
    "Time to Collision": 7.007015228271484,
    "Speed at Collision": 17.110150026413177,
    "Intensity": 21434.828671126543
  },
  {
    "Scenario Name": "OtherLeadingVehicle_37",
    "Scenario Description": "The scenario realizes a common driving behavior, in which the user-controlled ego vehicle follows a leading car driving down a given road. At some point the leading car has to decelerate. The ego vehicle has to react accordingly by changing lane to avoid a collision and follow the leading car in other lane. The scenario ends either via a timeout, or if the ego vehicle drives some distance.",
    "Map": "Map(name=Carla/Maps/Town05)",
    "First Vehicle Location": 88,
    "Second Vehicle Location": 89,
    "First Vehicle Speed": 13.61111111111111,
    "Second Vehicle Speed": 16.38888888888889,
    "Collision": true,
    "Weather": "HardRainNight",
    "Collision Type": "Actor(id=362, type=vehicle.nissan.patrol)",
    "Time to Collision": 10.518550634384155,
    "Speed at Collision": 23.317192473747024,
    "Intensity": 24198.808727146825
  },
  {
    "Scenario Name": "OtherLeadingVehicle_39",
    "Scenario Description": "The scenario realizes a common driving behavior, in which the user-controlled ego vehicle follows a leading car driving down a given road. At some point the leading car has to decelerate. The ego vehicle has to react accordingly by changing lane to avoid a collision and follow the leading car in other lane. The scenario ends either via a timeout, or if the ego vehicle drives some distance.",
    "Map": "Map(name=Carla/Maps/Town05)",
    "First Vehicle Location": 74,
    "Second Vehicle Location": 75,
    "First Vehicle Speed": 16.11111111111111,
    "Second Vehicle Speed": 18.88888888888889,
    "Collision": true,
    "Weather": "HardRainNoon",
    "Collision Type": "Actor(id=374, type=vehicle.nissan.patrol)",
    "Time to Collision": 10.368034362792969,
    "Speed at Collision": 23.535075465409182,
    "Intensity": 23383.745388647312
  },
  {
    "Scenario Name": "OtherLeadingVehicle_40",
    "Scenario Description": "The scenario realizes a common driving behavior, in which the user-controlled ego vehicle follows a leading car driving down a given road. At some point the leading car has to decelerate. The ego vehicle has to react accordingly by changing lane to avoid a collision and follow the leading car in other lane. The scenario ends either via a timeout, or if the ego vehicle drives some distance.",
    "Map": "Map(name=Carla/Maps/Town05)",
    "First Vehicle Location": 58,
    "Second Vehicle Location": 59,
    "First Vehicle Speed": 10.555555555555555,
    "Second Vehicle Speed": 13.333333333333332,
    "Collision": true,
    "Weather": "ClearNoon",
    "Collision Type": "Actor(id=380, type=vehicle.nissan.patrol)",
    "Time to Collision": 6.0321738719940186,
    "Speed at Collision": 21.508395698443692,
    "Intensity": 23199.888803380178
  },
  {
    "Scenario Name": "OtherLeadingVehicle_41",
    "Scenario Description": "The scenario realizes a common driving behavior, in which the user-controlled ego vehicle follows a leading car driving down a given road. At some point the leading car has to decelerate. The ego vehicle has to react accordingly by changing lane to avoid a collision and follow the leading car in other lane. The scenario ends either via a timeout, or if the ego vehicle drives some distance.",
    "Map": "Map(name=Carla/Maps/Town05)",
    "First Vehicle Location": 18,
    "Second Vehicle Location": 19,
    "First Vehicle Speed": 10.277777777777777,
    "Second Vehicle Speed": 13.055555555555555,
    "Collision": true,
    "Weather": "ClearNoon",
    "Collision Type": "Actor(id=386, type=vehicle.nissan.patrol)",
    "Time to Collision": 3.285761833190918,
    "Speed at Collision": 13.456851754283207,
    "Intensity": 13027.975539622776
  },
  {
    "Scenario Name": "OtherLeadingVehicle_43",
    "Scenario Description": "The scenario realizes a common driving behavior, in which the user-controlled ego vehicle follows a leading car driving down a given road. At some point the leading car has to decelerate. The ego vehicle has to react accordingly by changing lane to avoid a collision and follow the leading car in other lane. The scenario ends either via a timeout, or if the ego vehicle drives some distance.",
    "Map": "Map(name=Carla/Maps/Town05)",
    "First Vehicle Location": 55,
    "Second Vehicle Location": 56,
    "First Vehicle Speed": 8.61111111111111,
    "Second Vehicle Speed": 11.38888888888889,
    "Collision": true,
    "Weather": "ClearNight",
    "Collision Type": "Actor(id=398, type=vehicle.nissan.patrol)",
    "Time to Collision": 13.829899787902832,
    "Speed at Collision": 8.010261351070245,
    "Intensity": 6942.932676891186
  },
  {
    "Scenario Name": "OtherLeadingVehicle_45",
    "Scenario Description": "The scenario realizes a common driving behavior, in which the user-controlled ego vehicle follows a leading car driving down a given road. At some point the leading car has to decelerate. The ego vehicle has to react accordingly by changing lane to avoid a collision and follow the leading car in other lane. The scenario ends either via a timeout, or if the ego vehicle drives some distance.",
    "Map": "Map(name=Carla/Maps/Town05)",
    "First Vehicle Location": 39,
    "Second Vehicle Location": 40,
    "First Vehicle Speed": 3.333333333333333,
    "Second Vehicle Speed": 6.111111111111111,
    "Collision": true,
    "Weather": "ClearNight",
    "Collision Type": "Actor(id=410, type=vehicle.nissan.patrol)",
    "Time to Collision": 4.47734522819519,
    "Speed at Collision": 17.48189779435862,
    "Intensity": 21524.875391319718
  },
  {
    "Scenario Name": "OtherLeadingVehicle_46",
    "Scenario Description": "The scenario realizes a common driving behavior, in which the user-controlled ego vehicle follows a leading car driving down a given road. At some point the leading car has to decelerate. The ego vehicle has to react accordingly by changing lane to avoid a collision and follow the leading car in other lane. The scenario ends either via a timeout, or if the ego vehicle drives some distance.",
    "Map": "Map(name=Carla/Maps/Town05)",
    "First Vehicle Location": 79,
    "Second Vehicle Location": 80,
    "First Vehicle Speed": 4.166666666666667,
    "Second Vehicle Speed": 6.944444444444445,
    "Collision": true,
    "Weather": "HardRainNoon",
    "Collision Type": "Actor(id=416, type=vehicle.nissan.patrol)",
    "Time to Collision": 6.995476007461548,
    "Speed at Collision": 23.50285820001772,
    "Intensity": 28302.097010236725
  },
  {
    "Scenario Name": "OtherLeadingVehicle_47",
    "Scenario Description": "The scenario realizes a common driving behavior, in which the user-controlled ego vehicle follows a leading car driving down a given road. At some point the leading car has to decelerate. The ego vehicle has to react accordingly by changing lane to avoid a collision and follow the leading car in other lane. The scenario ends either via a timeout, or if the ego vehicle drives some distance.",
    "Map": "Map(name=Carla/Maps/Town05)",
    "First Vehicle Location": 69,
    "Second Vehicle Location": 70,
    "First Vehicle Speed": 12.222222222222221,
    "Second Vehicle Speed": 15.0,
    "Collision": true,
    "Weather": "ClearNight",
    "Collision Type": "Actor(id=422, type=vehicle.nissan.patrol)",
    "Time to Collision": 8.323527574539185,
    "Speed at Collision": 26.106413390289866,
    "Intensity": 28405.472470061624
  },
  {
    "Scenario Name": "OtherLeadingVehicle_48",
    "Scenario Description": "The scenario realizes a common driving behavior, in which the user-controlled ego vehicle follows a leading car driving down a given road. At some point the leading car has to decelerate. The ego vehicle has to react accordingly by changing lane to avoid a collision and follow the leading car in other lane. The scenario ends either via a timeout, or if the ego vehicle drives some distance.",
    "Map": "Map(name=Carla/Maps/Town05)",
    "First Vehicle Location": 86,
    "Second Vehicle Location": 87,
    "First Vehicle Speed": 16.38888888888889,
    "Second Vehicle Speed": 19.166666666666668,
    "Collision": true,
    "Weather": "HardRainNoon",
    "Collision Type": "Actor(id=428, type=vehicle.nissan.patrol)",
    "Time to Collision": 12.144623517990112,
    "Speed at Collision": 22.040312590409936,
    "Intensity": 21707.932044712576
  },
  {
    "Scenario Name": "OtherLeadingVehicle_49",
    "Scenario Description": "The scenario realizes a common driving behavior, in which the user-controlled ego vehicle follows a leading car driving down a given road. At some point the leading car has to decelerate. The ego vehicle has to react accordingly by changing lane to avoid a collision and follow the leading car in other lane. The scenario ends either via a timeout, or if the ego vehicle drives some distance.",
    "Map": "Map(name=Carla/Maps/Town05)",
    "First Vehicle Location": 17,
    "Second Vehicle Location": 18,
    "First Vehicle Speed": 6.666666666666666,
    "Second Vehicle Speed": 9.444444444444445,
    "Collision": true,
    "Weather": "HardRainNight",
    "Collision Type": "Actor(id=434, type=vehicle.nissan.patrol)",
    "Time to Collision": 3.052461624145508,
    "Speed at Collision": 12.501489525046894,
    "Intensity": 13605.24071989719
  },
  {
    "Scenario Name": "OtherLeadingVehicle_50",
    "Scenario Description": "The scenario realizes a common driving behavior, in which the user-controlled ego vehicle follows a leading car driving down a given road. At some point the leading car has to decelerate. The ego vehicle has to react accordingly by changing lane to avoid a collision and follow the leading car in other lane. The scenario ends either via a timeout, or if the ego vehicle drives some distance.",
    "Map": "Map(name=Carla/Maps/Town05)",
    "First Vehicle Location": 87,
    "Second Vehicle Location": 88,
    "First Vehicle Speed": 6.111111111111111,
    "Second Vehicle Speed": 8.88888888888889,
    "Collision": true,
    "Weather": "HardRainNoon",
    "Collision Type": "Actor(id=440, type=vehicle.nissan.patrol)",
    "Time to Collision": 7.729276895523071,
    "Speed at Collision": 25.14700674646904,
    "Intensity": 29554.752688279794
  },
  {
    "Scenario Name": "OtherLeadingVehicle_51",
    "Scenario Description": "The scenario realizes a common driving behavior, in which the user-controlled ego vehicle follows a leading car driving down a given road. At some point the leading car has to decelerate. The ego vehicle has to react accordingly by changing lane to avoid a collision and follow the leading car in other lane. The scenario ends either via a timeout, or if the ego vehicle drives some distance.",
    "Map": "Map(name=Carla/Maps/Town05)",
    "First Vehicle Location": 88,
    "Second Vehicle Location": 89,
    "First Vehicle Speed": 10.833333333333334,
    "Second Vehicle Speed": 13.61111111111111,
    "Collision": true,
    "Weather": "HardRainNight",
    "Collision Type": "Actor(id=446, type=vehicle.nissan.patrol)",
    "Time to Collision": 9.27523922920227,
    "Speed at Collision": 25.742744709774616,
    "Intensity": 28422.635178027685
  },
  {
    "Scenario Name": "OtherLeadingVehicle_52",
    "Scenario Description": "The scenario realizes a common driving behavior, in which the user-controlled ego vehicle follows a leading car driving down a given road. At some point the leading car has to decelerate. The ego vehicle has to react accordingly by changing lane to avoid a collision and follow the leading car in other lane. The scenario ends either via a timeout, or if the ego vehicle drives some distance.",
    "Map": "Map(name=Carla/Maps/Town05)",
    "First Vehicle Location": 44,
    "Second Vehicle Location": 45,
    "First Vehicle Speed": 5.0,
    "Second Vehicle Speed": 7.777777777777778,
    "Collision": true,
    "Weather": "ClearNoon",
    "Collision Type": "Actor(id=452, type=vehicle.nissan.patrol)",
    "Time to Collision": 5.522928953170776,
    "Speed at Collision": 12.06078630059438,
    "Intensity": 13422.482994880038
  },
  {
    "Scenario Name": "OtherLeadingVehicle_53",
    "Scenario Description": "The scenario realizes a common driving behavior, in which the user-controlled ego vehicle follows a leading car driving down a given road. At some point the leading car has to decelerate. The ego vehicle has to react accordingly by changing lane to avoid a collision and follow the leading car in other lane. The scenario ends either via a timeout, or if the ego vehicle drives some distance.",
    "Map": "Map(name=Carla/Maps/Town05)",
    "First Vehicle Location": 99,
    "Second Vehicle Location": 100,
    "First Vehicle Speed": 3.0555555555555554,
    "Second Vehicle Speed": 5.833333333333333,
    "Collision": true,
    "Weather": "ClearNight",
    "Collision Type": "Actor(id=458, type=vehicle.nissan.patrol)",
    "Time to Collision": 8.969719409942627,
    "Speed at Collision": 16.32776509592762,
    "Intensity": 19845.298345775165
  },
  {
    "Scenario Name": "OtherLeadingVehicle_55",
    "Scenario Description": "The scenario realizes a common driving behavior, in which the user-controlled ego vehicle follows a leading car driving down a given road. At some point the leading car has to decelerate. The ego vehicle has to react accordingly by changing lane to avoid a collision and follow the leading car in other lane. The scenario ends either via a timeout, or if the ego vehicle drives some distance.",
    "Map": "Map(name=Carla/Maps/Town05)",
    "First Vehicle Location": 30,
    "Second Vehicle Location": 31,
    "First Vehicle Speed": 13.61111111111111,
    "Second Vehicle Speed": 16.38888888888889,
    "Collision": true,
    "Weather": "ClearNight",
    "Collision Type": "Actor(id=470, type=vehicle.nissan.patrol)",
    "Time to Collision": 4.47834849357605,
    "Speed at Collision": 17.475813820376544,
    "Intensity": 16913.668511833283
  },
  {
    "Scenario Name": "OtherLeadingVehicle_57",
    "Scenario Description": "The scenario realizes a common driving behavior, in which the user-controlled ego vehicle follows a leading car driving down a given road. At some point the leading car has to decelerate. The ego vehicle has to react accordingly by changing lane to avoid a collision and follow the leading car in other lane. The scenario ends either via a timeout, or if the ego vehicle drives some distance.",
    "Map": "Map(name=Carla/Maps/Town05)",
    "First Vehicle Location": 60,
    "Second Vehicle Location": 61,
    "First Vehicle Speed": 14.166666666666666,
    "Second Vehicle Speed": 16.944444444444443,
    "Collision": true,
    "Weather": "ClearNoon",
    "Collision Type": "Actor(id=482, type=vehicle.nissan.patrol)",
    "Time to Collision": 7.748557090759277,
    "Speed at Collision": 18.455766756979262,
    "Intensity": 17873.576843250354
  },
  {
    "Scenario Name": "OtherLeadingVehicle_59",
    "Scenario Description": "The scenario realizes a common driving behavior, in which the user-controlled ego vehicle follows a leading car driving down a given road. At some point the leading car has to decelerate. The ego vehicle has to react accordingly by changing lane to avoid a collision and follow the leading car in other lane. The scenario ends either via a timeout, or if the ego vehicle drives some distance.",
    "Map": "Map(name=Carla/Maps/Town05)",
    "First Vehicle Location": 41,
    "Second Vehicle Location": 42,
    "First Vehicle Speed": 11.944444444444445,
    "Second Vehicle Speed": 14.722222222222221,
    "Collision": true,
    "Weather": "HardRainNoon",
    "Collision Type": "Actor(id=494, type=vehicle.nissan.patrol)",
    "Time to Collision": 5.149641752243042,
    "Speed at Collision": 19.40515337881738,
    "Intensity": 20005.060385804853
  },
  {
    "Scenario Name": "OtherLeadingVehicle_60",
    "Scenario Description": "The scenario realizes a common driving behavior, in which the user-controlled ego vehicle follows a leading car driving down a given road. At some point the leading car has to decelerate. The ego vehicle has to react accordingly by changing lane to avoid a collision and follow the leading car in other lane. The scenario ends either via a timeout, or if the ego vehicle drives some distance.",
    "Map": "Map(name=Carla/Maps/Town05)",
    "First Vehicle Location": 37,
    "Second Vehicle Location": 38,
    "First Vehicle Speed": 12.222222222222221,
    "Second Vehicle Speed": 15.0,
    "Collision": true,
    "Weather": "HardRainNight",
    "Collision Type": "Actor(id=500, type=vehicle.nissan.patrol)",
    "Time to Collision": 17.36100196838379,
    "Speed at Collision": 5.640922912556312,
    "Intensity": 2923.3127095082355
  },
  {
    "Scenario Name": "OtherLeadingVehicle_61",
    "Scenario Description": "The scenario realizes a common driving behavior, in which the user-controlled ego vehicle follows a leading car driving down a given road. At some point the leading car has to decelerate. The ego vehicle has to react accordingly by changing lane to avoid a collision and follow the leading car in other lane. The scenario ends either via a timeout, or if the ego vehicle drives some distance.",
    "Map": "Map(name=Carla/Maps/Town05)",
    "First Vehicle Location": 13,
    "Second Vehicle Location": 14,
    "First Vehicle Speed": 4.166666666666667,
    "Second Vehicle Speed": 6.944444444444445,
    "Collision": true,
    "Weather": "HardRainNight",
    "Collision Type": "Actor(id=506, type=vehicle.nissan.patrol)",
    "Time to Collision": 2.551546096801758,
    "Speed at Collision": 10.135072640091758,
    "Intensity": 11662.620402082779
  },
  {
    "Scenario Name": "OtherLeadingVehicle_62",
    "Scenario Description": "The scenario realizes a common driving behavior, in which the user-controlled ego vehicle follows a leading car driving down a given road. At some point the leading car has to decelerate. The ego vehicle has to react accordingly by changing lane to avoid a collision and follow the leading car in other lane. The scenario ends either via a timeout, or if the ego vehicle drives some distance.",
    "Map": "Map(name=Carla/Maps/Town05)",
    "First Vehicle Location": 68,
    "Second Vehicle Location": 69,
    "First Vehicle Speed": 2.7777777777777777,
    "Second Vehicle Speed": 5.555555555555555,
    "Collision": true,
    "Weather": "HardRainNight",
    "Collision Type": "Actor(id=512, type=vehicle.nissan.patrol)",
    "Time to Collision": 6.228848218917847,
    "Speed at Collision": 20.364759038516876,
    "Intensity": 25254.930907410795
  },
  {
    "Scenario Name": "OtherLeadingVehicle_64",
    "Scenario Description": "The scenario realizes a common driving behavior, in which the user-controlled ego vehicle follows a leading car driving down a given road. At some point the leading car has to decelerate. The ego vehicle has to react accordingly by changing lane to avoid a collision and follow the leading car in other lane. The scenario ends either via a timeout, or if the ego vehicle drives some distance.",
    "Map": "Map(name=Carla/Maps/Town05)",
    "First Vehicle Location": 34,
    "Second Vehicle Location": 35,
    "First Vehicle Speed": 3.611111111111111,
    "Second Vehicle Speed": 6.388888888888888,
    "Collision": true,
    "Weather": "HardRainNight",
    "Collision Type": "Actor(id=524, type=vehicle.nissan.patrol)",
    "Time to Collision": 4.221969842910767,
    "Speed at Collision": 16.434784265179527,
    "Intensity": 19716.921923979087
  },
  {
    "Scenario Name": "OtherLeadingVehicle_65",
    "Scenario Description": "The scenario realizes a common driving behavior, in which the user-controlled ego vehicle follows a leading car driving down a given road. At some point the leading car has to decelerate. The ego vehicle has to react accordingly by changing lane to avoid a collision and follow the leading car in other lane. The scenario ends either via a timeout, or if the ego vehicle drives some distance.",
    "Map": "Map(name=Carla/Maps/Town05)",
    "First Vehicle Location": 36,
    "Second Vehicle Location": 37,
    "First Vehicle Speed": 14.166666666666666,
    "Second Vehicle Speed": 16.944444444444443,
    "Collision": true,
    "Weather": "HardRainNight",
    "Collision Type": "Actor(id=530, type=vehicle.nissan.patrol)",
    "Time to Collision": 5.1440510749816895,
    "Speed at Collision": 14.692747794325516,
    "Intensity": 13135.495498167378
  },
  {
    "Scenario Name": "OtherLeadingVehicle_66",
    "Scenario Description": "The scenario realizes a common driving behavior, in which the user-controlled ego vehicle follows a leading car driving down a given road. At some point the leading car has to decelerate. The ego vehicle has to react accordingly by changing lane to avoid a collision and follow the leading car in other lane. The scenario ends either via a timeout, or if the ego vehicle drives some distance.",
    "Map": "Map(name=Carla/Maps/Town05)",
    "First Vehicle Location": 40,
    "Second Vehicle Location": 41,
    "First Vehicle Speed": 9.722222222222221,
    "Second Vehicle Speed": 12.5,
    "Collision": true,
    "Weather": "HardRainNoon",
    "Collision Type": "Actor(id=536, type=vehicle.nissan.patrol)",
    "Time to Collision": 4.932906627655029,
    "Speed at Collision": 18.82413028648902,
    "Intensity": 20157.07753273647
  },
  {
    "Scenario Name": "OtherLeadingVehicle_67",
    "Scenario Description": "The scenario realizes a common driving behavior, in which the user-controlled ego vehicle follows a leading car driving down a given road. At some point the leading car has to decelerate. The ego vehicle has to react accordingly by changing lane to avoid a collision and follow the leading car in other lane. The scenario ends either via a timeout, or if the ego vehicle drives some distance.",
    "Map": "Map(name=Carla/Maps/Town05)",
    "First Vehicle Location": 43,
    "Second Vehicle Location": 44,
    "First Vehicle Speed": 8.88888888888889,
    "Second Vehicle Speed": 11.666666666666666,
    "Collision": true,
    "Weather": "ClearNight",
    "Collision Type": "Actor(id=542, type=vehicle.nissan.patrol)",
    "Time to Collision": 15.002919673919678,
    "Speed at Collision": 5.2187087798596306,
    "Intensity": 3603.782008026265
  },
  {
    "Scenario Name": "OtherLeadingVehicle_68",
    "Scenario Description": "The scenario realizes a common driving behavior, in which the user-controlled ego vehicle follows a leading car driving down a given road. At some point the leading car has to decelerate. The ego vehicle has to react accordingly by changing lane to avoid a collision and follow the leading car in other lane. The scenario ends either via a timeout, or if the ego vehicle drives some distance.",
    "Map": "Map(name=Carla/Maps/Town05)",
    "First Vehicle Location": 35,
    "Second Vehicle Location": 36,
    "First Vehicle Speed": 12.777777777777777,
    "Second Vehicle Speed": 15.555555555555555,
    "Collision": true,
    "Weather": "HardRainNoon",
    "Collision Type": "Actor(id=548, type=vehicle.nissan.patrol)",
    "Time to Collision": 5.616248846054077,
    "Speed at Collision": 11.817251264112427,
    "Intensity": 9967.973915769584
  },
  {
    "Scenario Name": "OtherLeadingVehicle_69",
    "Scenario Description": "The scenario realizes a common driving behavior, in which the user-controlled ego vehicle follows a leading car driving down a given road. At some point the leading car has to decelerate. The ego vehicle has to react accordingly by changing lane to avoid a collision and follow the leading car in other lane. The scenario ends either via a timeout, or if the ego vehicle drives some distance.",
    "Map": "Map(name=Carla/Maps/Town05)",
    "First Vehicle Location": 26,
    "Second Vehicle Location": 27,
    "First Vehicle Speed": 3.333333333333333,
    "Second Vehicle Speed": 6.111111111111111,
    "Collision": true,
    "Weather": "HardRainNight",
    "Collision Type": "Actor(id=554, type=vehicle.nissan.patrol)",
    "Time to Collision": 3.6565322875976562,
    "Speed at Collision": 14.788608345830704,
    "Intensity": 18375.658511050347
  },
  {
    "Scenario Name": "OtherLeadingVehicle_71",
    "Scenario Description": "The scenario realizes a common driving behavior, in which the user-controlled ego vehicle follows a leading car driving down a given road. At some point the leading car has to decelerate. The ego vehicle has to react accordingly by changing lane to avoid a collision and follow the leading car in other lane. The scenario ends either via a timeout, or if the ego vehicle drives some distance.",
    "Map": "Map(name=Carla/Maps/Town05)",
    "First Vehicle Location": 89,
    "Second Vehicle Location": 90,
    "First Vehicle Speed": 2.7777777777777777,
    "Second Vehicle Speed": 5.555555555555555,
    "Collision": true,
    "Weather": "ClearNoon",
    "Collision Type": "Actor(id=566, type=vehicle.nissan.patrol)",
    "Time to Collision": 7.2272703647613525,
    "Speed at Collision": 23.999766190484216,
    "Intensity": 29706.804882235654
  },
  {
    "Scenario Name": "OtherLeadingVehicle_73",
    "Scenario Description": "The scenario realizes a common driving behavior, in which the user-controlled ego vehicle follows a leading car driving down a given road. At some point the leading car has to decelerate. The ego vehicle has to react accordingly by changing lane to avoid a collision and follow the leading car in other lane. The scenario ends either via a timeout, or if the ego vehicle drives some distance.",
    "Map": "Map(name=Carla/Maps/Town05)",
    "First Vehicle Location": 46,
    "Second Vehicle Location": 47,
    "First Vehicle Speed": 2.7777777777777777,
    "Second Vehicle Speed": 5.555555555555555,
    "Collision": true,
    "Weather": "ClearNoon",
    "Collision Type": "Actor(id=578, type=vehicle.nissan.patrol)",
    "Time to Collision": 4.9078209400177,
    "Speed at Collision": 18.46392313297776,
    "Intensity": 23250.57582876011
  },
  {
    "Scenario Name": "OtherLeadingVehicle_74",
    "Scenario Description": "The scenario realizes a common driving behavior, in which the user-controlled ego vehicle follows a leading car driving down a given road. At some point the leading car has to decelerate. The ego vehicle has to react accordingly by changing lane to avoid a collision and follow the leading car in other lane. The scenario ends either via a timeout, or if the ego vehicle drives some distance.",
    "Map": "Map(name=Carla/Maps/Town05)",
    "First Vehicle Location": 36,
    "Second Vehicle Location": 37,
    "First Vehicle Speed": 10.833333333333334,
    "Second Vehicle Speed": 13.61111111111111,
    "Collision": true,
    "Weather": "HardRainNight",
    "Collision Type": "Actor(id=584, type=vehicle.nissan.patrol)",
    "Time to Collision": 6.185699939727783,
    "Speed at Collision": 10.77830131343473,
    "Intensity": 9301.019285180158
  },
  {
    "Scenario Name": "OtherLeadingVehicle_75",
    "Scenario Description": "The scenario realizes a common driving behavior, in which the user-controlled ego vehicle follows a leading car driving down a given road. At some point the leading car has to decelerate. The ego vehicle has to react accordingly by changing lane to avoid a collision and follow the leading car in other lane. The scenario ends either via a timeout, or if the ego vehicle drives some distance.",
    "Map": "Map(name=Carla/Maps/Town05)",
    "First Vehicle Location": 77,
    "Second Vehicle Location": 78,
    "First Vehicle Speed": 5.277777777777778,
    "Second Vehicle Speed": 8.055555555555555,
    "Collision": true,
    "Weather": "ClearNoon",
    "Collision Type": "Actor(id=590, type=vehicle.nissan.patrol)",
    "Time to Collision": 7.135044813156128,
    "Speed at Collision": 23.777127852222492,
    "Intensity": 28262.468789337236
  },
  {
    "Scenario Name": "OtherLeadingVehicle_76",
    "Scenario Description": "The scenario realizes a common driving behavior, in which the user-controlled ego vehicle follows a leading car driving down a given road. At some point the leading car has to decelerate. The ego vehicle has to react accordingly by changing lane to avoid a collision and follow the leading car in other lane. The scenario ends either via a timeout, or if the ego vehicle drives some distance.",
    "Map": "Map(name=Carla/Maps/Town05)",
    "First Vehicle Location": 65,
    "Second Vehicle Location": 66,
    "First Vehicle Speed": 8.61111111111111,
    "Second Vehicle Speed": 11.38888888888889,
    "Collision": true,
    "Weather": "HardRainNoon",
    "Collision Type": "Actor(id=596, type=vehicle.nissan.patrol)",
    "Time to Collision": 6.999489784240723,
    "Speed at Collision": 22.554756416951477,
    "Intensity": 25239.408834800535
  },
  {
    "Scenario Name": "OtherLeadingVehicle_77",
    "Scenario Description": "The scenario realizes a common driving behavior, in which the user-controlled ego vehicle follows a leading car driving down a given road. At some point the leading car has to decelerate. The ego vehicle has to react accordingly by changing lane to avoid a collision and follow the leading car in other lane. The scenario ends either via a timeout, or if the ego vehicle drives some distance.",
    "Map": "Map(name=Carla/Maps/Town05)",
    "First Vehicle Location": 68,
    "Second Vehicle Location": 69,
    "First Vehicle Speed": 3.611111111111111,
    "Second Vehicle Speed": 6.388888888888888,
    "Collision": true,
    "Weather": "HardRainNoon",
    "Collision Type": "Actor(id=602, type=vehicle.nissan.patrol)",
    "Time to Collision": 6.370835304260254,
    "Speed at Collision": 22.07161208675468,
    "Intensity": 27090.232620241095
  },
  {
    "Scenario Name": "OtherLeadingVehicle_78",
    "Scenario Description": "The scenario realizes a common driving behavior, in which the user-controlled ego vehicle follows a leading car driving down a given road. At some point the leading car has to decelerate. The ego vehicle has to react accordingly by changing lane to avoid a collision and follow the leading car in other lane. The scenario ends either via a timeout, or if the ego vehicle drives some distance.",
    "Map": "Map(name=Carla/Maps/Town05)",
    "First Vehicle Location": 50,
    "Second Vehicle Location": 51,
    "First Vehicle Speed": 10.833333333333334,
    "Second Vehicle Speed": 13.61111111111111,
    "Collision": true,
    "Weather": "HardRainNoon",
    "Collision Type": "Actor(id=608, type=vehicle.nissan.patrol)",
    "Time to Collision": 6.0848548412323,
    "Speed at Collision": 15.006574407271637,
    "Intensity": 14854.365864255262
  },
  {
    "Scenario Name": "OtherLeadingVehicle_79",
    "Scenario Description": "The scenario realizes a common driving behavior, in which the user-controlled ego vehicle follows a leading car driving down a given road. At some point the leading car has to decelerate. The ego vehicle has to react accordingly by changing lane to avoid a collision and follow the leading car in other lane. The scenario ends either via a timeout, or if the ego vehicle drives some distance.",
    "Map": "Map(name=Carla/Maps/Town05)",
    "First Vehicle Location": 33,
    "Second Vehicle Location": 34,
    "First Vehicle Speed": 13.88888888888889,
    "Second Vehicle Speed": 16.666666666666668,
    "Collision": true,
    "Weather": "ClearNoon",
    "Collision Type": "Actor(id=614, type=vehicle.nissan.patrol)",
    "Time to Collision": 4.727703332901001,
    "Speed at Collision": 18.094231620539645,
    "Intensity": 17901.729592060143
  },
  {
    "Scenario Name": "OtherLeadingVehicle_80",
    "Scenario Description": "The scenario realizes a common driving behavior, in which the user-controlled ego vehicle follows a leading car driving down a given road. At some point the leading car has to decelerate. The ego vehicle has to react accordingly by changing lane to avoid a collision and follow the leading car in other lane. The scenario ends either via a timeout, or if the ego vehicle drives some distance.",
    "Map": "Map(name=Carla/Maps/Town05)",
    "First Vehicle Location": 13,
    "Second Vehicle Location": 14,
    "First Vehicle Speed": 13.055555555555555,
    "Second Vehicle Speed": 15.833333333333332,
    "Collision": true,
    "Weather": "HardRainNoon",
    "Collision Type": "Actor(id=620, type=vehicle.nissan.patrol)",
    "Time to Collision": 2.8778634071350098,
    "Speed at Collision": 11.799822609790814,
    "Intensity": 10096.104337593666
  },
  {
    "Scenario Name": "OtherLeadingVehicle_81",
    "Scenario Description": "The scenario realizes a common driving behavior, in which the user-controlled ego vehicle follows a leading car driving down a given road. At some point the leading car has to decelerate. The ego vehicle has to react accordingly by changing lane to avoid a collision and follow the leading car in other lane. The scenario ends either via a timeout, or if the ego vehicle drives some distance.",
    "Map": "Map(name=Carla/Maps/Town05)",
    "First Vehicle Location": 24,
    "Second Vehicle Location": 25,
    "First Vehicle Speed": 10.277777777777777,
    "Second Vehicle Speed": 13.055555555555555,
    "Collision": true,
    "Weather": "ClearNoon",
    "Collision Type": "Actor(id=626, type=vehicle.nissan.patrol)",
    "Time to Collision": 3.8321337699890137,
    "Speed at Collision": 14.245301009522503,
    "Intensity": 14046.210349464687
  },
  {
    "Scenario Name": "OtherLeadingVehicle_82",
    "Scenario Description": "The scenario realizes a common driving behavior, in which the user-controlled ego vehicle follows a leading car driving down a given road. At some point the leading car has to decelerate. The ego vehicle has to react accordingly by changing lane to avoid a collision and follow the leading car in other lane. The scenario ends either via a timeout, or if the ego vehicle drives some distance.",
    "Map": "Map(name=Carla/Maps/Town05)",
    "First Vehicle Location": 63,
    "Second Vehicle Location": 64,
    "First Vehicle Speed": 8.055555555555555,
    "Second Vehicle Speed": 10.833333333333334,
    "Collision": true,
    "Weather": "HardRainNight",
    "Collision Type": "Actor(id=632, type=vehicle.nissan.patrol)",
    "Time to Collision": 7.29249382019043,
    "Speed at Collision": 16.327542781215758,
    "Intensity": 17351.81897208699
  },
  {
    "Scenario Name": "OtherLeadingVehicle_84",
    "Scenario Description": "The scenario realizes a common driving behavior, in which the user-controlled ego vehicle follows a leading car driving down a given road. At some point the leading car has to decelerate. The ego vehicle has to react accordingly by changing lane to avoid a collision and follow the leading car in other lane. The scenario ends either via a timeout, or if the ego vehicle drives some distance.",
    "Map": "Map(name=Carla/Maps/Town05)",
    "First Vehicle Location": 17,
    "Second Vehicle Location": 18,
    "First Vehicle Speed": 6.388888888888888,
    "Second Vehicle Speed": 9.166666666666666,
    "Collision": true,
    "Weather": "ClearNoon",
    "Collision Type": "Actor(id=644, type=vehicle.nissan.patrol)",
    "Time to Collision": 3.0730323791503906,
    "Speed at Collision": 12.467787610879736,
    "Intensity": 13218.038916704998
  },
  {
    "Scenario Name": "OtherLeadingVehicle_86",
    "Scenario Description": "The scenario realizes a common driving behavior, in which the user-controlled ego vehicle follows a leading car driving down a given road. At some point the leading car has to decelerate. The ego vehicle has to react accordingly by changing lane to avoid a collision and follow the leading car in other lane. The scenario ends either via a timeout, or if the ego vehicle drives some distance.",
    "Map": "Map(name=Carla/Maps/Town05)",
    "First Vehicle Location": 47,
    "Second Vehicle Location": 48,
    "First Vehicle Speed": 10.277777777777777,
    "Second Vehicle Speed": 13.055555555555555,
    "Collision": true,
    "Weather": "ClearNight",
    "Collision Type": "Actor(id=656, type=vehicle.nissan.patrol)",
    "Time to Collision": 6.130009651184082,
    "Speed at Collision": 13.378443459141566,
    "Intensity": 13033.721583216626
  },
  {
    "Scenario Name": "OtherLeadingVehicle_87",
    "Scenario Description": "The scenario realizes a common driving behavior, in which the user-controlled ego vehicle follows a leading car driving down a given road. At some point the leading car has to decelerate. The ego vehicle has to react accordingly by changing lane to avoid a collision and follow the leading car in other lane. The scenario ends either via a timeout, or if the ego vehicle drives some distance.",
    "Map": "Map(name=Carla/Maps/Town05)",
    "First Vehicle Location": 85,
    "Second Vehicle Location": 86,
    "First Vehicle Speed": 16.666666666666668,
    "Second Vehicle Speed": 19.444444444444443,
    "Collision": true,
    "Weather": "ClearNoon",
    "Collision Type": "Actor(id=662, type=vehicle.nissan.patrol)",
    "Time to Collision": 12.299497127532959,
    "Speed at Collision": 22.042250572761347,
    "Intensity": 21641.824532253046
  },
  {
    "Scenario Name": "OtherLeadingVehicle_88",
    "Scenario Description": "The scenario realizes a common driving behavior, in which the user-controlled ego vehicle follows a leading car driving down a given road. At some point the leading car has to decelerate. The ego vehicle has to react accordingly by changing lane to avoid a collision and follow the leading car in other lane. The scenario ends either via a timeout, or if the ego vehicle drives some distance.",
    "Map": "Map(name=Carla/Maps/Town05)",
    "First Vehicle Location": 64,
    "Second Vehicle Location": 65,
    "First Vehicle Speed": 10.833333333333334,
    "Second Vehicle Speed": 13.61111111111111,
    "Collision": true,
    "Weather": "HardRainNoon",
    "Collision Type": "Actor(id=668, type=vehicle.nissan.patrol)",
    "Time to Collision": 8.111801862716675,
    "Speed at Collision": 17.110108621552175,
    "Intensity": 17774.064742590857
  },
  {
    "Scenario Name": "OtherLeadingVehicle_90",
    "Scenario Description": "The scenario realizes a common driving behavior, in which the user-controlled ego vehicle follows a leading car driving down a given road. At some point the leading car has to decelerate. The ego vehicle has to react accordingly by changing lane to avoid a collision and follow the leading car in other lane. The scenario ends either via a timeout, or if the ego vehicle drives some distance.",
    "Map": "Map(name=Carla/Maps/Town05)",
    "First Vehicle Location": 37,
    "Second Vehicle Location": 38,
    "First Vehicle Speed": 10.277777777777777,
    "Second Vehicle Speed": 13.055555555555555,
    "Collision": true,
    "Weather": "ClearNight",
    "Collision Type": "Actor(id=680, type=vehicle.nissan.patrol)",
    "Time to Collision": 4.77436375617981,
    "Speed at Collision": 18.3825805797461,
    "Intensity": 19380.250746007252
  },
  {
    "Scenario Name": "OtherLeadingVehicle_91",
    "Scenario Description": "The scenario realizes a common driving behavior, in which the user-controlled ego vehicle follows a leading car driving down a given road. At some point the leading car has to decelerate. The ego vehicle has to react accordingly by changing lane to avoid a collision and follow the leading car in other lane. The scenario ends either via a timeout, or if the ego vehicle drives some distance.",
    "Map": "Map(name=Carla/Maps/Town05)",
    "First Vehicle Location": 41,
    "Second Vehicle Location": 42,
    "First Vehicle Speed": 5.833333333333333,
    "Second Vehicle Speed": 8.61111111111111,
    "Collision": true,
    "Weather": "HardRainNoon",
    "Collision Type": "Actor(id=686, type=vehicle.nissan.patrol)",
    "Time to Collision": 4.736734390258789,
    "Speed at Collision": 18.35530279016659,
    "Intensity": 21054.4562331204
  },
  {
    "Scenario Name": "OtherLeadingVehicle_92",
    "Scenario Description": "The scenario realizes a common driving behavior, in which the user-controlled ego vehicle follows a leading car driving down a given road. At some point the leading car has to decelerate. The ego vehicle has to react accordingly by changing lane to avoid a collision and follow the leading car in other lane. The scenario ends either via a timeout, or if the ego vehicle drives some distance.",
    "Map": "Map(name=Carla/Maps/Town05)",
    "First Vehicle Location": 59,
    "Second Vehicle Location": 60,
    "First Vehicle Speed": 11.944444444444445,
    "Second Vehicle Speed": 14.722222222222221,
    "Collision": true,
    "Weather": "HardRainNoon",
    "Collision Type": "Actor(id=692, type=vehicle.nissan.patrol)",
    "Time to Collision": 6.717021226882935,
    "Speed at Collision": 16.840472427489846,
    "Intensity": 16734.149657281116
  },
  {
    "Scenario Name": "OtherLeadingVehicle_93",
    "Scenario Description": "The scenario realizes a common driving behavior, in which the user-controlled ego vehicle follows a leading car driving down a given road. At some point the leading car has to decelerate. The ego vehicle has to react accordingly by changing lane to avoid a collision and follow the leading car in other lane. The scenario ends either via a timeout, or if the ego vehicle drives some distance.",
    "Map": "Map(name=Carla/Maps/Town05)",
    "First Vehicle Location": 100,
    "Second Vehicle Location": 101,
    "First Vehicle Speed": 12.222222222222221,
    "Second Vehicle Speed": 15.0,
    "Collision": true,
    "Weather": "HardRainNoon",
    "Collision Type": "Actor(id=698, type=vehicle.nissan.patrol)",
    "Time to Collision": 11.28367304801941,
    "Speed at Collision": 22.579996197489393,
    "Intensity": 23807.9286751701
  },
  {
    "Scenario Name": "OtherLeadingVehicle_94",
    "Scenario Description": "The scenario realizes a common driving behavior, in which the user-controlled ego vehicle follows a leading car driving down a given road. At some point the leading car has to decelerate. The ego vehicle has to react accordingly by changing lane to avoid a collision and follow the leading car in other lane. The scenario ends either via a timeout, or if the ego vehicle drives some distance.",
    "Map": "Map(name=Carla/Maps/Town05)",
    "First Vehicle Location": 95,
    "Second Vehicle Location": 96,
    "First Vehicle Speed": 5.833333333333333,
    "Second Vehicle Speed": 8.61111111111111,
    "Collision": true,
    "Weather": "HardRainNoon",
    "Collision Type": "Actor(id=704, type=vehicle.nissan.patrol)",
    "Time to Collision": 11.697089910507202,
    "Speed at Collision": 13.378402827174838,
    "Intensity": 14761.226933725771
  },
  {
    "Scenario Name": "OtherLeadingVehicle_95",
    "Scenario Description": "The scenario realizes a common driving behavior, in which the user-controlled ego vehicle follows a leading car driving down a given road. At some point the leading car has to decelerate. The ego vehicle has to react accordingly by changing lane to avoid a collision and follow the leading car in other lane. The scenario ends either via a timeout, or if the ego vehicle drives some distance.",
    "Map": "Map(name=Carla/Maps/Town05)",
    "First Vehicle Location": 35,
    "Second Vehicle Location": 36,
    "First Vehicle Speed": 10.555555555555555,
    "Second Vehicle Speed": 13.333333333333332,
    "Collision": true,
    "Weather": "ClearNoon",
    "Collision Type": "Actor(id=710, type=vehicle.nissan.patrol)",
    "Time to Collision": 4.6432905197143555,
    "Speed at Collision": 18.0293768980768,
    "Intensity": 18875.29252357989
  },
  {
    "Scenario Name": "OtherLeadingVehicle_97",
    "Scenario Description": "The scenario realizes a common driving behavior, in which the user-controlled ego vehicle follows a leading car driving down a given road. At some point the leading car has to decelerate. The ego vehicle has to react accordingly by changing lane to avoid a collision and follow the leading car in other lane. The scenario ends either via a timeout, or if the ego vehicle drives some distance.",
    "Map": "Map(name=Carla/Maps/Town05)",
    "First Vehicle Location": 13,
    "Second Vehicle Location": 14,
    "First Vehicle Speed": 11.666666666666666,
    "Second Vehicle Speed": 14.444444444444445,
    "Collision": true,
    "Weather": "HardRainNoon",
    "Collision Type": "Actor(id=722, type=vehicle.nissan.patrol)",
    "Time to Collision": 2.8613064289093018,
    "Speed at Collision": 11.415168789755395,
    "Intensity": 9976.43235671603
  },
  {
    "Scenario Name": "OtherLeadingVehicle_98",
    "Scenario Description": "The scenario realizes a common driving behavior, in which the user-controlled ego vehicle follows a leading car driving down a given road. At some point the leading car has to decelerate. The ego vehicle has to react accordingly by changing lane to avoid a collision and follow the leading car in other lane. The scenario ends either via a timeout, or if the ego vehicle drives some distance.",
    "Map": "Map(name=Carla/Maps/Town05)",
    "First Vehicle Location": 16,
    "Second Vehicle Location": 17,
    "First Vehicle Speed": 14.722222222222221,
    "Second Vehicle Speed": 17.5,
    "Collision": true,
    "Weather": "ClearNoon",
    "Collision Type": "Actor(id=728, type=vehicle.nissan.patrol)",
    "Time to Collision": 3.376070261001587,
    "Speed at Collision": 11.916377323298912,
    "Intensity": 9318.10300652497
  }
]