[
  {
    "Scenario Name": "OtherLeadingVehicle_941",
    "Scenario Description": "The scenario realizes a common driving behavior, in which the user-controlled ego vehicle follows a leading car driving down a given road. At some point the leading car has to decelerate. The ego vehicle has to react accordingly by changing lane to avoid a collision and follow the leading car in other lane. The scenario ends either via a timeout, or if the ego vehicle drives some distance.",
    "Map": "Map(name=Carla/Maps/Town05)",
    "First Vehicle Location": 75,
    "Second Vehicle Location": 76,
    "First Vehicle Speed": 14.444444444444445,
    "Second Vehicle Speed": 17.22222222222222,
    "Collision": false,
    "Weather": "ClearNoon"
  },
  {
    "Scenario Name": "OtherLeadingVehicle_956",
    "Scenario Description": "The scenario realizes a common driving behavior, in which the user-controlled ego vehicle follows a leading car driving down a given road. At some point the leading car has to decelerate. The ego vehicle has to react accordingly by changing lane to avoid a collision and follow the leading car in other lane. The scenario ends either via a timeout, or if the ego vehicle drives some distance.",
    "Map": "Map(name=Carla/Maps/Town05)",
    "First Vehicle Location": 86,
    "Second Vehicle Location": 87,
    "First Vehicle Speed": 11.944444444444445,
    "Second Vehicle Speed": 14.722222222222221,
    "Collision": false,
    "Weather": "ClearNoon"
  },
  {
    "Scenario Name": "OtherLeadingVehicle_957",
    "Scenario Description": "The scenario realizes a common driving behavior, in which the user-controlled ego vehicle follows a leading car driving down a given road. At some point the leading car has to decelerate. The ego vehicle has to react accordingly by changing lane to avoid a collision and follow the leading car in other lane. The scenario ends either via a timeout, or if the ego vehicle drives some distance.",
    "Map": "Map(name=Carla/Maps/Town05)",
    "First Vehicle Location": 61,
    "Second Vehicle Location": 62,
    "First Vehicle Speed": 6.111111111111111,
    "Second Vehicle Speed": 8.88888888888889,
    "Collision": false,
    "Weather": "HardRainNoon"
  },
  {
    "Scenario Name": "OtherLeadingVehicle_958",
    "Scenario Description": "The scenario realizes a common driving behavior, in which the user-controlled ego vehicle follows a leading car driving down a given road. At some point the leading car has to decelerate. The ego vehicle has to react accordingly by changing lane to avoid a collision and follow the leading car in other lane. The scenario ends either via a timeout, or if the ego vehicle drives some distance.",
    "Map": "Map(name=Carla/Maps/Town05)",
    "First Vehicle Location": 42,
    "Second Vehicle Location": 43,
    "First Vehicle Speed": 3.611111111111111,
    "Second Vehicle Speed": 6.388888888888888,
    "Collision": false,
    "Weather": "HardRainNight"
  },
  {
    "Scenario Name": "OtherLeadingVehicle_960",
    "Scenario Description": "The scenario realizes a common driving behavior, in which the user-controlled ego vehicle follows a leading car driving down a given road. At some point the leading car has to decelerate. The ego vehicle has to react accordingly by changing lane to avoid a collision and follow the leading car in other lane. The scenario ends either via a timeout, or if the ego vehicle drives some distance.",
    "Map": "Map(name=Carla/Maps/Town05)",
    "First Vehicle Location": 21,
    "Second Vehicle Location": 22,
    "First Vehicle Speed": 15.277777777777777,
    "Second Vehicle Speed": 18.055555555555554,
    "Collision": false,
    "Weather": "ClearNight"
  },
  {
    "Scenario Name": "OtherLeadingVehicle_967",
    "Scenario Description": "The scenario realizes a common driving behavior, in which the user-controlled ego vehicle follows a leading car driving down a given road. At some point the leading car has to decelerate. The ego vehicle has to react accordingly by changing lane to avoid a collision and follow the leading car in other lane. The scenario ends either via a timeout, or if the ego vehicle drives some distance.",
    "Map": "Map(name=Carla/Maps/Town05)",
    "First Vehicle Location": 69,
    "Second Vehicle Location": 70,
    "First Vehicle Speed": 8.055555555555555,
    "Second Vehicle Speed": 10.833333333333334,
    "Collision": false,
    "Weather": "ClearNoon"
  },
  {
    "Scenario Name": "OtherLeadingVehicle_968",
    "Scenario Description": "The scenario realizes a common driving behavior, in which the user-controlled ego vehicle follows a leading car driving down a given road. At some point the leading car has to decelerate. The ego vehicle has to react accordingly by changing lane to avoid a collision and follow the leading car in other lane. The scenario ends either via a timeout, or if the ego vehicle drives some distance.",
    "Map": "Map(name=Carla/Maps/Town05)",
    "First Vehicle Location": 74,
    "Second Vehicle Location": 75,
    "First Vehicle Speed": 14.166666666666666,
    "Second Vehicle Speed": 16.944444444444443,
    "Collision": false,
    "Weather": "HardRainNoon"
  },
  {
    "Scenario Name": "OtherLeadingVehicle_972",
    "Scenario Description": "The scenario realizes a common driving behavior, in which the user-controlled ego vehicle follows a leading car driving down a given road. At some point the leading car has to decelerate. The ego vehicle has to react accordingly by changing lane to avoid a collision and follow the leading car in other lane. The scenario ends either via a timeout, or if the ego vehicle drives some distance.",
    "Map": "Map(name=Carla/Maps/Town05)",
    "First Vehicle Location": 95,
    "Second Vehicle Location": 96,
    "First Vehicle Speed": 10.277777777777777,
    "Second Vehicle Speed": 13.055555555555555,
    "Collision": false,
    "Weather": "ClearNoon"
  },
  {
    "Scenario Name": "OtherLeadingVehicle_973",
    "Scenario Description": "The scenario realizes a common driving behavior, in which the user-controlled ego vehicle follows a leading car driving down a given road. At some point the leading car has to decelerate. The ego vehicle has to react accordingly by changing lane to avoid a collision and follow the leading car in other lane. The scenario ends either via a timeout, or if the ego vehicle drives some distance.",
    "Map": "Map(name=Carla/Maps/Town05)",
    "First Vehicle Location": 69,
    "Second Vehicle Location": 70,
    "First Vehicle Speed": 8.055555555555555,
    "Second Vehicle Speed": 10.833333333333334,
    "Collision": false,
    "Weather": "ClearNoon"
  },
  {
    "Scenario Name": "OtherLeadingVehicle_977",
    "Scenario Description": "The scenario realizes a common driving behavior, in which the user-controlled ego vehicle follows a leading car driving down a given road. At some point the leading car has to decelerate. The ego vehicle has to react accordingly by changing lane to avoid a collision and follow the leading car in other lane. The scenario ends either via a timeout, or if the ego vehicle drives some distance.",
    "Map": "Map(name=Carla/Maps/Town05)",
    "First Vehicle Location": 96,
    "Second Vehicle Location": 97,
    "First Vehicle Speed": 7.222222222222222,
    "Second Vehicle Speed": 10.0,
    "Collision": false,
    "Weather": "HardRainNoon"
  },
  {
    "Scenario Name": "OtherLeadingVehicle_978",
    "Scenario Description": "The scenario realizes a common driving behavior, in which the user-controlled ego vehicle follows a leading car driving down a given road. At some point the leading car has to decelerate. The ego vehicle has to react accordingly by changing lane to avoid a collision and follow the leading car in other lane. The scenario ends either via a timeout, or if the ego vehicle drives some distance.",
    "Map": "Map(name=Carla/Maps/Town05)",
    "First Vehicle Location": 85,
    "Second Vehicle Location": 86,
    "First Vehicle Speed": 13.88888888888889,
    "Second Vehicle Speed": 16.666666666666668,
    "Collision": false,
    "Weather": "ClearNoon"
  },
  {
    "Scenario Name": "OtherLeadingVehicle_983",
    "Scenario Description": "The scenario realizes a common driving behavior, in which the user-controlled ego vehicle follows a leading car driving down a given road. At some point the leading car has to decelerate. The ego vehicle has to react accordingly by changing lane to avoid a collision and follow the leading car in other lane. The scenario ends either via a timeout, or if the ego vehicle drives some distance.",
    "Map": "Map(name=Carla/Maps/Town05)",
    "First Vehicle Location": 24,
    "Second Vehicle Location": 25,
    "First Vehicle Speed": 15.0,
    "Second Vehicle Speed": 17.77777777777778,
    "Collision": false,
    "Weather": "ClearNoon"
  },
  {
    "Scenario Name": "OtherLeadingVehicle_985",
    "Scenario Description": "The scenario realizes a common driving behavior, in which the user-controlled ego vehicle follows a leading car driving down a given road. At some point the leading car has to decelerate. The ego vehicle has to react accordingly by changing lane to avoid a collision and follow the leading car in other lane. The scenario ends either via a timeout, or if the ego vehicle drives some distance.",
    "Map": "Map(name=Carla/Maps/Town05)",
    "First Vehicle Location": 40,
    "Second Vehicle Location": 41,
    "First Vehicle Speed": 10.555555555555555,
    "Second Vehicle Speed": 13.333333333333332,
    "Collision": false,
    "Weather": "HardRainNoon"
  }
]