[
  {
    "Scenario Name": "OtherLeadingVehicle_572",
    "Scenario Description": "The scenario realizes a common driving behavior, in which the user-controlled ego vehicle follows a leading car driving down a given road. At some point the leading car has to decelerate. The ego vehicle has to react accordingly by changing lane to avoid a collision and follow the leading car in other lane. The scenario ends either via a timeout, or if the ego vehicle drives some distance.",
    "Map": "Map(name=Carla/Maps/Town05)",
    "First Vehicle Location": 78,
    "Second Vehicle Location": 79,
    "First Vehicle Speed": 15.555555555555555,
    "Second Vehicle Speed": 18.333333333333332,
    "Collision": false,
    "Weather": "HardRainNoon"
  },
  {
    "Scenario Name": "OtherLeadingVehicle_579",
    "Scenario Description": "The scenario realizes a common driving behavior, in which the user-controlled ego vehicle follows a leading car driving down a given road. At some point the leading car has to decelerate. The ego vehicle has to react accordingly by changing lane to avoid a collision and follow the leading car in other lane. The scenario ends either via a timeout, or if the ego vehicle drives some distance.",
    "Map": "Map(name=Carla/Maps/Town05)",
    "First Vehicle Location": 67,
    "Second Vehicle Location": 68,
    "First Vehicle Speed": 10.277777777777777,
    "Second Vehicle Speed": 13.055555555555555,
    "Collision": false,
    "Weather": "ClearNight"
  },
  {
    "Scenario Name": "OtherLeadingVehicle_582",
    "Scenario Description": "The scenario realizes a common driving behavior, in which the user-controlled ego vehicle follows a leading car driving down a given road. At some point the leading car has to decelerate. The ego vehicle has to react accordingly by changing lane to avoid a collision and follow the leading car in other lane. The scenario ends either via a timeout, or if the ego vehicle drives some distance.",
    "Map": "Map(name=Carla/Maps/Town05)",
    "First Vehicle Location": 78,
    "Second Vehicle Location": 79,
    "First Vehicle Speed": 16.38888888888889,
    "Second Vehicle Speed": 19.166666666666668,
    "Collision": false,
    "Weather": "HardRainNight"
  },
  {
    "Scenario Name": "OtherLeadingVehicle_585",
    "Scenario Description": "The scenario realizes a common driving behavior, in which the user-controlled ego vehicle follows a leading car driving down a given road. At some point the leading car has to decelerate. The ego vehicle has to react accordingly by changing lane to avoid a collision and follow the leading car in other lane. The scenario ends either via a timeout, or if the ego vehicle drives some distance.",
    "Map": "Map(name=Carla/Maps/Town05)",
    "First Vehicle Location": 78,
    "Second Vehicle Location": 79,
    "First Vehicle Speed": 12.5,
    "Second Vehicle Speed": 15.277777777777777,
    "Collision": false,
    "Weather": "ClearNight"
  },
  {
    "Scenario Name": "OtherLeadingVehicle_597",
    "Scenario Description": "The scenario realizes a common driving behavior, in which the user-controlled ego vehicle follows a leading car driving down a given road. At some point the leading car has to decelerate. The ego vehicle has to react accordingly by changing lane to avoid a collision and follow the leading car in other lane. The scenario ends either via a timeout, or if the ego vehicle drives some distance.",
    "Map": "Map(name=Carla/Maps/Town05)",
    "First Vehicle Location": 75,
    "Second Vehicle Location": 76,
    "First Vehicle Speed": 13.055555555555555,
    "Second Vehicle Speed": 15.833333333333332,
    "Collision": false,
    "Weather": "HardRainNight"
  },
  {
    "Scenario Name": "OtherLeadingVehicle_600",
    "Scenario Description": "The scenario realizes a common driving behavior, in which the user-controlled ego vehicle follows a leading car driving down a given road. At some point the leading car has to decelerate. The ego vehicle has to react accordingly by changing lane to avoid a collision and follow the leading car in other lane. The scenario ends either via a timeout, or if the ego vehicle drives some distance.",
    "Map": "Map(name=Carla/Maps/Town05)",
    "First Vehicle Location": 50,
    "Second Vehicle Location": 51,
    "First Vehicle Speed": 16.666666666666668,
    "Second Vehicle Speed": 19.444444444444443,
    "Collision": false,
    "Weather": "ClearNoon"
  },
  {
    "Scenario Name": "OtherLeadingVehicle_603",
    "Scenario Description": "The scenario realizes a common driving behavior, in which the user-controlled ego vehicle follows a leading car driving down a given road. At some point the leading car has to decelerate. The ego vehicle has to react accordingly by changing lane to avoid a collision and follow the leading car in other lane. The scenario ends either via a timeout, or if the ego vehicle drives some distance.",
    "Map": "Map(name=Carla/Maps/Town05)",
    "First Vehicle Location": 80,
    "Second Vehicle Location": 81,
    "First Vehicle Speed": 11.944444444444445,
    "Second Vehicle Speed": 14.722222222222221,
    "Collision": false,
    "Weather": "HardRainNoon"
  },
  {
    "Scenario Name": "OtherLeadingVehicle_606",
    "Scenario Description": "The scenario realizes a common driving behavior, in which the user-controlled ego vehicle follows a leading car driving down a given road. At some point the leading car has to decelerate. The ego vehicle has to react accordingly by changing lane to avoid a collision and follow the leading car in other lane. The scenario ends either via a timeout, or if the ego vehicle drives some distance.",
    "Map": "Map(name=Carla/Maps/Town05)",
    "First Vehicle Location": 92,
    "Second Vehicle Location": 93,
    "First Vehicle Speed": 14.722222222222221,
    "Second Vehicle Speed": 17.5,
    "Collision": false,
    "Weather": "ClearNight"
  },
  {
    "Scenario Name": "OtherLeadingVehicle_607",
    "Scenario Description": "The scenario realizes a common driving behavior, in which the user-controlled ego vehicle follows a leading car driving down a given road. At some point the leading car has to decelerate. The ego vehicle has to react accordingly by changing lane to avoid a collision and follow the leading car in other lane. The scenario ends either via a timeout, or if the ego vehicle drives some distance.",
    "Map": "Map(name=Carla/Maps/Town05)",
    "First Vehicle Location": 77,
    "Second Vehicle Location": 78,
    "First Vehicle Speed": 16.11111111111111,
    "Second Vehicle Speed": 18.88888888888889,
    "Collision": false,
    "Weather": "ClearNoon"
  },
  {
    "Scenario Name": "OtherLeadingVehicle_611",
    "Scenario Description": "The scenario realizes a common driving behavior, in which the user-controlled ego vehicle follows a leading car driving down a given road. At some point the leading car has to decelerate. The ego vehicle has to react accordingly by changing lane to avoid a collision and follow the leading car in other lane. The scenario ends either via a timeout, or if the ego vehicle drives some distance.",
    "Map": "Map(name=Carla/Maps/Town05)",
    "First Vehicle Location": 66,
    "Second Vehicle Location": 67,
    "First Vehicle Speed": 16.38888888888889,
    "Second Vehicle Speed": 19.166666666666668,
    "Collision": false,
    "Weather": "ClearNight"
  },
  {
    "Scenario Name": "OtherLeadingVehicle_619",
    "Scenario Description": "The scenario realizes a common driving behavior, in which the user-controlled ego vehicle follows a leading car driving down a given road. At some point the leading car has to decelerate. The ego vehicle has to react accordingly by changing lane to avoid a collision and follow the leading car in other lane. The scenario ends either via a timeout, or if the ego vehicle drives some distance.",
    "Map": "Map(name=Carla/Maps/Town05)",
    "First Vehicle Location": 69,
    "Second Vehicle Location": 70,
    "First Vehicle Speed": 11.11111111111111,
    "Second Vehicle Speed": 13.88888888888889,
    "Collision": false,
    "Weather": "HardRainNoon"
  },
  {
    "Scenario Name": "OtherLeadingVehicle_626",
    "Scenario Description": "The scenario realizes a common driving behavior, in which the user-controlled ego vehicle follows a leading car driving down a given road. At some point the leading car has to decelerate. The ego vehicle has to react accordingly by changing lane to avoid a collision and follow the leading car in other lane. The scenario ends either via a timeout, or if the ego vehicle drives some distance.",
    "Map": "Map(name=Carla/Maps/Town05)",
    "First Vehicle Location": 30,
    "Second Vehicle Location": 31,
    "First Vehicle Speed": 15.0,
    "Second Vehicle Speed": 17.77777777777778,
    "Collision": false,
    "Weather": "HardRainNight"
  },
  {
    "Scenario Name": "OtherLeadingVehicle_628",
    "Scenario Description": "The scenario realizes a common driving behavior, in which the user-controlled ego vehicle follows a leading car driving down a given road. At some point the leading car has to decelerate. The ego vehicle has to react accordingly by changing lane to avoid a collision and follow the leading car in other lane. The scenario ends either via a timeout, or if the ego vehicle drives some distance.",
    "Map": "Map(name=Carla/Maps/Town05)",
    "First Vehicle Location": 49,
    "Second Vehicle Location": 50,
    "First Vehicle Speed": 5.0,
    "Second Vehicle Speed": 7.777777777777778,
    "Collision": false,
    "Weather": "HardRainNight"
  },
  {
    "Scenario Name": "OtherLeadingVehicle_629",
    "Scenario Description": "The scenario realizes a common driving behavior, in which the user-controlled ego vehicle follows a leading car driving down a given road. At some point the leading car has to decelerate. The ego vehicle has to react accordingly by changing lane to avoid a collision and follow the leading car in other lane. The scenario ends either via a timeout, or if the ego vehicle drives some distance.",
    "Map": "Map(name=Carla/Maps/Town05)",
    "First Vehicle Location": 44,
    "Second Vehicle Location": 45,
    "First Vehicle Speed": 16.666666666666668,
    "Second Vehicle Speed": 19.444444444444443,
    "Collision": false,
    "Weather": "HardRainNight"
  },
  {
    "Scenario Name": "OtherLeadingVehicle_644",
    "Scenario Description": "The scenario realizes a common driving behavior, in which the user-controlled ego vehicle follows a leading car driving down a given road. At some point the leading car has to decelerate. The ego vehicle has to react accordingly by changing lane to avoid a collision and follow the leading car in other lane. The scenario ends either via a timeout, or if the ego vehicle drives some distance.",
    "Map": "Map(name=Carla/Maps/Town05)",
    "First Vehicle Location": 70,
    "Second Vehicle Location": 71,
    "First Vehicle Speed": 4.444444444444445,
    "Second Vehicle Speed": 7.222222222222222,
    "Collision": false,
    "Weather": "ClearNight"
  },
  {
    "Scenario Name": "OtherLeadingVehicle_649",
    "Scenario Description": "The scenario realizes a common driving behavior, in which the user-controlled ego vehicle follows a leading car driving down a given road. At some point the leading car has to decelerate. The ego vehicle has to react accordingly by changing lane to avoid a collision and follow the leading car in other lane. The scenario ends either via a timeout, or if the ego vehicle drives some distance.",
    "Map": "Map(name=Carla/Maps/Town05)",
    "First Vehicle Location": 46,
    "Second Vehicle Location": 47,
    "First Vehicle Speed": 11.38888888888889,
    "Second Vehicle Speed": 14.166666666666666,
    "Collision": false,
    "Weather": "HardRainNight"
  },
  {
    "Scenario Name": "OtherLeadingVehicle_660",
    "Scenario Description": "The scenario realizes a common driving behavior, in which the user-controlled ego vehicle follows a leading car driving down a given road. At some point the leading car has to decelerate. The ego vehicle has to react accordingly by changing lane to avoid a collision and follow the leading car in other lane. The scenario ends either via a timeout, or if the ego vehicle drives some distance.",
    "Map": "Map(name=Carla/Maps/Town05)",
    "First Vehicle Location": 91,
    "Second Vehicle Location": 92,
    "First Vehicle Speed": 14.444444444444445,
    "Second Vehicle Speed": 17.22222222222222,
    "Collision": false,
    "Weather": "HardRainNight"
  },
  {
    "Scenario Name": "OtherLeadingVehicle_663",
    "Scenario Description": "The scenario realizes a common driving behavior, in which the user-controlled ego vehicle follows a leading car driving down a given road. At some point the leading car has to decelerate. The ego vehicle has to react accordingly by changing lane to avoid a collision and follow the leading car in other lane. The scenario ends either via a timeout, or if the ego vehicle drives some distance.",
    "Map": "Map(name=Carla/Maps/Town05)",
    "First Vehicle Location": 70,
    "Second Vehicle Location": 71,
    "First Vehicle Speed": 13.88888888888889,
    "Second Vehicle Speed": 16.666666666666668,
    "Collision": false,
    "Weather": "HardRainNoon"
  },
  {
    "Scenario Name": "OtherLeadingVehicle_666",
    "Scenario Description": "The scenario realizes a common driving behavior, in which the user-controlled ego vehicle follows a leading car driving down a given road. At some point the leading car has to decelerate. The ego vehicle has to react accordingly by changing lane to avoid a collision and follow the leading car in other lane. The scenario ends either via a timeout, or if the ego vehicle drives some distance.",
    "Map": "Map(name=Carla/Maps/Town05)",
    "First Vehicle Location": 84,
    "Second Vehicle Location": 85,
    "First Vehicle Speed": 11.666666666666666,
    "Second Vehicle Speed": 14.444444444444445,
    "Collision": false,
    "Weather": "HardRainNight"
  }
]