[
  {
    "Scenario Name": "OtherLeadingVehicle_472",
    "Scenario Description": "The scenario realizes a common driving behavior, in which the user-controlled ego vehicle follows a leading car driving down a given road. At some point the leading car has to decelerate. The ego vehicle has to react accordingly by changing lane to avoid a collision and follow the leading car in other lane. The scenario ends either via a timeout, or if the ego vehicle drives some distance.",
    "Map": "Map(name=Carla/Maps/Town05)",
    "First Vehicle Location": 20,
    "Second Vehicle Location": 21,
    "First Vehicle Speed": 8.61111111111111,
    "Second Vehicle Speed": 11.38888888888889,
    "Collision": true,
    "Weather": "ClearNoon",
    "Collision Type": "Actor(id=140, type=vehicle.nissan.patrol)",
    "Time to Collision": 3.203026056289673,
    "Speed at Collision": 8.672205086201899,
    "Intensity": 7901.59586970463
  },
  {
    "Scenario Name": "OtherLeadingVehicle_473",
    "Scenario Description": "The scenario realizes a common driving behavior, in which the user-controlled ego vehicle follows a leading car driving down a given road. At some point the leading car has to decelerate. The ego vehicle has to react accordingly by changing lane to avoid a collision and follow the leading car in other lane. The scenario ends either via a timeout, or if the ego vehicle drives some distance.",
    "Map": "Map(name=Carla/Maps/Town05)",
    "First Vehicle Location": 53,
    "Second Vehicle Location": 54,
    "First Vehicle Speed": 7.222222222222222,
    "Second Vehicle Speed": 10.0,
    "Collision": true,
    "Weather": "HardRainNight",
    "Collision Type": "Actor(id=146, type=vehicle.nissan.patrol)",
    "Time to Collision": 5.548746585845947,
    "Speed at Collision": 20.327296848314333,
    "Intensity": 23149.186572302835
  },
  {
    "Scenario Name": "OtherLeadingVehicle_475",
    "Scenario Description": "The scenario realizes a common driving behavior, in which the user-controlled ego vehicle follows a leading car driving down a given road. At some point the leading car has to decelerate. The ego vehicle has to react accordingly by changing lane to avoid a collision and follow the leading car in other lane. The scenario ends either via a timeout, or if the ego vehicle drives some distance.",
    "Map": "Map(name=Carla/Maps/Town05)",
    "First Vehicle Location": 52,
    "Second Vehicle Location": 53,
    "First Vehicle Speed": 3.333333333333333,
    "Second Vehicle Speed": 6.111111111111111,
    "Collision": true,
    "Weather": "HardRainNight",
    "Collision Type": "Actor(id=158, type=vehicle.nissan.patrol)",
    "Time to Collision": 5.711517333984375,
    "Speed at Collision": 12.869550475122347,
    "Intensity": 16199.679510329708
  },
  {
    "Scenario Name": "OtherLeadingVehicle_476",
    "Scenario Description": "The scenario realizes a common driving behavior, in which the user-controlled ego vehicle follows a leading car driving down a given road. At some point the leading car has to decelerate. The ego vehicle has to react accordingly by changing lane to avoid a collision and follow the leading car in other lane. The scenario ends either via a timeout, or if the ego vehicle drives some distance.",
    "Map": "Map(name=Carla/Maps/Town05)",
    "First Vehicle Location": 78,
    "Second Vehicle Location": 79,
    "First Vehicle Speed": 4.444444444444445,
    "Second Vehicle Speed": 7.222222222222222,
    "Collision": true,
    "Weather": "ClearNight",
    "Collision Type": "Actor(id=164, type=vehicle.nissan.patrol)",
    "Time to Collision": 7.061312437057495,
    "Speed at Collision": 23.241787498252176,
    "Intensity": 3467.6448333267676
  },
  {
    "Scenario Name": "OtherLeadingVehicle_477",
    "Scenario Description": "The scenario realizes a common driving behavior, in which the user-controlled ego vehicle follows a leading car driving down a given road. At some point the leading car has to decelerate. The ego vehicle has to react accordingly by changing lane to avoid a collision and follow the leading car in other lane. The scenario ends either via a timeout, or if the ego vehicle drives some distance.",
    "Map": "Map(name=Carla/Maps/Town05)",
    "First Vehicle Location": 83,
    "Second Vehicle Location": 84,
    "First Vehicle Speed": 5.833333333333333,
    "Second Vehicle Speed": 8.61111111111111,
    "Collision": true,
    "Weather": "ClearNight",
    "Collision Type": "Actor(id=170, type=vehicle.nissan.patrol)",
    "Time to Collision": 9.205138444900513,
    "Speed at Collision": 14.95803578622062,
    "Intensity": 16763.56688383266
  },
  {
    "Scenario Name": "OtherLeadingVehicle_478",
    "Scenario Description": "The scenario realizes a common driving behavior, in which the user-controlled ego vehicle follows a leading car driving down a given road. At some point the leading car has to decelerate. The ego vehicle has to react accordingly by changing lane to avoid a collision and follow the leading car in other lane. The scenario ends either via a timeout, or if the ego vehicle drives some distance.",
    "Map": "Map(name=Carla/Maps/Town05)",
    "First Vehicle Location": 36,
    "Second Vehicle Location": 37,
    "First Vehicle Speed": 15.833333333333332,
    "Second Vehicle Speed": 18.61111111111111,
    "Collision": true,
    "Weather": "HardRainNight",
    "Collision Type": "Actor(id=176, type=vehicle.nissan.patrol)",
    "Time to Collision": 5.01349401473999,
    "Speed at Collision": 19.06036869551155,
    "Intensity": 19069.43703333563
  },
  {
    "Scenario Name": "OtherLeadingVehicle_479",
    "Scenario Description": "The scenario realizes a common driving behavior, in which the user-controlled ego vehicle follows a leading car driving down a given road. At some point the leading car has to decelerate. The ego vehicle has to react accordingly by changing lane to avoid a collision and follow the leading car in other lane. The scenario ends either via a timeout, or if the ego vehicle drives some distance.",
    "Map": "Map(name=Carla/Maps/Town05)",
    "First Vehicle Location": 21,
    "Second Vehicle Location": 22,
    "First Vehicle Speed": 6.111111111111111,
    "Second Vehicle Speed": 8.88888888888889,
    "Collision": true,
    "Weather": "ClearNoon",
    "Collision Type": "Actor(id=182, type=vehicle.nissan.patrol)",
    "Time to Collision": 9.903016328811646,
    "Speed at Collision": 3.062991365286518,
    "Intensity": 6498.3382184876655
  },
  {
    "Scenario Name": "OtherLeadingVehicle_480",
    "Scenario Description": "The scenario realizes a common driving behavior, in which the user-controlled ego vehicle follows a leading car driving down a given road. At some point the leading car has to decelerate. The ego vehicle has to react accordingly by changing lane to avoid a collision and follow the leading car in other lane. The scenario ends either via a timeout, or if the ego vehicle drives some distance.",
    "Map": "Map(name=Carla/Maps/Town05)",
    "First Vehicle Location": 26,
    "Second Vehicle Location": 27,
    "First Vehicle Speed": 12.777777777777777,
    "Second Vehicle Speed": 15.555555555555555,
    "Collision": true,
    "Weather": "ClearNight",
    "Collision Type": "Actor(id=188, type=vehicle.nissan.patrol)",
    "Time to Collision": 4.373045206069946,
    "Speed at Collision": 12.779976253183628,
    "Intensity": 10821.248376741178
  },
  {
    "Scenario Name": "OtherLeadingVehicle_481",
    "Scenario Description": "The scenario realizes a common driving behavior, in which the user-controlled ego vehicle follows a leading car driving down a given road. At some point the leading car has to decelerate. The ego vehicle has to react accordingly by changing lane to avoid a collision and follow the leading car in other lane. The scenario ends either via a timeout, or if the ego vehicle drives some distance.",
    "Map": "Map(name=Carla/Maps/Town05)",
    "First Vehicle Location": 51,
    "Second Vehicle Location": 52,
    "First Vehicle Speed": 3.0555555555555554,
    "Second Vehicle Speed": 5.833333333333333,
    "Collision": true,
    "Weather": "ClearNoon",
    "Collision Type": "Actor(id=194, type=vehicle.nissan.patrol)",
    "Time to Collision": 5.199315309524536,
    "Speed at Collision": 19.34441606591537,
    "Intensity": 23701.901576407527
  },
  {
    "Scenario Name": "OtherLeadingVehicle_482",
    "Scenario Description": "The scenario realizes a common driving behavior, in which the user-controlled ego vehicle follows a leading car driving down a given road. At some point the leading car has to decelerate. The ego vehicle has to react accordingly by changing lane to avoid a collision and follow the leading car in other lane. The scenario ends either via a timeout, or if the ego vehicle drives some distance.",
    "Map": "Map(name=Carla/Maps/Town05)",
    "First Vehicle Location": 97,
    "Second Vehicle Location": 98,
    "First Vehicle Speed": 2.7777777777777777,
    "Second Vehicle Speed": 5.555555555555555,
    "Collision": true,
    "Weather": "HardRainNight",
    "Collision Type": "Actor(id=200, type=vehicle.nissan.patrol)",
    "Time to Collision": 7.8338470458984375,
    "Speed at Collision": 20.102127210742267,
    "Intensity": 24958.579737236418
  },
  {
    "Scenario Name": "OtherLeadingVehicle_484",
    "Scenario Description": "The scenario realizes a common driving behavior, in which the user-controlled ego vehicle follows a leading car driving down a given road. At some point the leading car has to decelerate. The ego vehicle has to react accordingly by changing lane to avoid a collision and follow the leading car in other lane. The scenario ends either via a timeout, or if the ego vehicle drives some distance.",
    "Map": "Map(name=Carla/Maps/Town05)",
    "First Vehicle Location": 33,
    "Second Vehicle Location": 34,
    "First Vehicle Speed": 7.222222222222222,
    "Second Vehicle Speed": 10.0,
    "Collision": true,
    "Weather": "ClearNight",
    "Collision Type": "Actor(id=212, type=vehicle.nissan.patrol)",
    "Time to Collision": 4.376281499862671,
    "Speed at Collision": 16.904622048164697,
    "Intensity": 18797.183762175984
  },
  {
    "Scenario Name": "OtherLeadingVehicle_485",
    "Scenario Description": "The scenario realizes a common driving behavior, in which the user-controlled ego vehicle follows a leading car driving down a given road. At some point the leading car has to decelerate. The ego vehicle has to react accordingly by changing lane to avoid a collision and follow the leading car in other lane. The scenario ends either via a timeout, or if the ego vehicle drives some distance.",
    "Map": "Map(name=Carla/Maps/Town05)",
    "First Vehicle Location": 49,
    "Second Vehicle Location": 50,
    "First Vehicle Speed": 13.333333333333332,
    "Second Vehicle Speed": 16.11111111111111,
    "Collision": true,
    "Weather": "ClearNight",
    "Collision Type": "Actor(id=218, type=vehicle.nissan.patrol)",
    "Time to Collision": 5.757688045501709,
    "Speed at Collision": 20.759469298120834,
    "Intensity": 21847.67288635144
  },
  {
    "Scenario Name": "OtherLeadingVehicle_487",
    "Scenario Description": "The scenario realizes a common driving behavior, in which the user-controlled ego vehicle follows a leading car driving down a given road. At some point the leading car has to decelerate. The ego vehicle has to react accordingly by changing lane to avoid a collision and follow the leading car in other lane. The scenario ends either via a timeout, or if the ego vehicle drives some distance.",
    "Map": "Map(name=Carla/Maps/Town05)",
    "First Vehicle Location": 78,
    "Second Vehicle Location": 79,
    "First Vehicle Speed": 15.833333333333332,
    "Second Vehicle Speed": 18.61111111111111,
    "Collision": true,
    "Weather": "ClearNoon",
    "Collision Type": "Actor(id=230, type=vehicle.nissan.patrol)",
    "Time to Collision": 10.789686441421509,
    "Speed at Collision": 22.714703532805196,
    "Intensity": 22959.76199727109
  },
  {
    "Scenario Name": "OtherLeadingVehicle_488",
    "Scenario Description": "The scenario realizes a common driving behavior, in which the user-controlled ego vehicle follows a leading car driving down a given road. At some point the leading car has to decelerate. The ego vehicle has to react accordingly by changing lane to avoid a collision and follow the leading car in other lane. The scenario ends either via a timeout, or if the ego vehicle drives some distance.",
    "Map": "Map(name=Carla/Maps/Town05)",
    "First Vehicle Location": 21,
    "Second Vehicle Location": 22,
    "First Vehicle Speed": 14.722222222222221,
    "Second Vehicle Speed": 17.5,
    "Collision": true,
    "Weather": "HardRainNight",
    "Collision Type": "Actor(id=236, type=vehicle.nissan.patrol)",
    "Time to Collision": 3.8422348499298096,
    "Speed at Collision": 15.14062923827649,
    "Intensity": 13622.132418602965
  },
  {
    "Scenario Name": "OtherLeadingVehicle_489",
    "Scenario Description": "The scenario realizes a common driving behavior, in which the user-controlled ego vehicle follows a leading car driving down a given road. At some point the leading car has to decelerate. The ego vehicle has to react accordingly by changing lane to avoid a collision and follow the leading car in other lane. The scenario ends either via a timeout, or if the ego vehicle drives some distance.",
    "Map": "Map(name=Carla/Maps/Town05)",
    "First Vehicle Location": 81,
    "Second Vehicle Location": 82,
    "First Vehicle Speed": 15.555555555555555,
    "Second Vehicle Speed": 18.333333333333332,
    "Collision": true,
    "Weather": "ClearNoon",
    "Collision Type": "Actor(id=242, type=vehicle.nissan.patrol)",
    "Time to Collision": 13.422405242919922,
    "Speed at Collision": 20.05441345123989,
    "Intensity": 19568.273906123264
  },
  {
    "Scenario Name": "OtherLeadingVehicle_490",
    "Scenario Description": "The scenario realizes a common driving behavior, in which the user-controlled ego vehicle follows a leading car driving down a given road. At some point the leading car has to decelerate. The ego vehicle has to react accordingly by changing lane to avoid a collision and follow the leading car in other lane. The scenario ends either via a timeout, or if the ego vehicle drives some distance.",
    "Map": "Map(name=Carla/Maps/Town05)",
    "First Vehicle Location": 13,
    "Second Vehicle Location": 14,
    "First Vehicle Speed": 11.944444444444445,
    "Second Vehicle Speed": 14.722222222222221,
    "Collision": true,
    "Weather": "ClearNight",
    "Collision Type": "Actor(id=248, type=vehicle.nissan.patrol)",
    "Time to Collision": 2.8679492473602295,
    "Speed at Collision": 11.309526571017166,
    "Intensity": 10056.033159102191
  },
  {
    "Scenario Name": "OtherLeadingVehicle_491",
    "Scenario Description": "The scenario realizes a common driving behavior, in which the user-controlled ego vehicle follows a leading car driving down a given road. At some point the leading car has to decelerate. The ego vehicle has to react accordingly by changing lane to avoid a collision and follow the leading car in other lane. The scenario ends either via a timeout, or if the ego vehicle drives some distance.",
    "Map": "Map(name=Carla/Maps/Town05)",
    "First Vehicle Location": 12,
    "Second Vehicle Location": 13,
    "First Vehicle Speed": 14.166666666666666,
    "Second Vehicle Speed": 16.944444444444443,
    "Collision": true,
    "Weather": "HardRainNight",
    "Collision Type": "Actor(id=254, type=vehicle.nissan.patrol)",
    "Time to Collision": 2.7641539573669434,
    "Speed at Collision": 10.546314191842631,
    "Intensity": 8087.913898477788
  },
  {
    "Scenario Name": "OtherLeadingVehicle_492",
    "Scenario Description": "The scenario realizes a common driving behavior, in which the user-controlled ego vehicle follows a leading car driving down a given road. At some point the leading car has to decelerate. The ego vehicle has to react accordingly by changing lane to avoid a collision and follow the leading car in other lane. The scenario ends either via a timeout, or if the ego vehicle drives some distance.",
    "Map": "Map(name=Carla/Maps/Town05)",
    "First Vehicle Location": 97,
    "Second Vehicle Location": 98,
    "First Vehicle Speed": 13.61111111111111,
    "Second Vehicle Speed": 16.38888888888889,
    "Collision": true,
    "Weather": "HardRainNoon",
    "Collision Type": "Actor(id=260, type=vehicle.nissan.patrol)",
    "Time to Collision": 11.292680263519287,
    "Speed at Collision": 22.113962408343443,
    "Intensity": 22755.86665747286
  },
  {
    "Scenario Name": "OtherLeadingVehicle_494",
    "Scenario Description": "The scenario realizes a common driving behavior, in which the user-controlled ego vehicle follows a leading car driving down a given road. At some point the leading car has to decelerate. The ego vehicle has to react accordingly by changing lane to avoid a collision and follow the leading car in other lane. The scenario ends either via a timeout, or if the ego vehicle drives some distance.",
    "Map": "Map(name=Carla/Maps/Town05)",
    "First Vehicle Location": 85,
    "Second Vehicle Location": 86,
    "First Vehicle Speed": 6.944444444444445,
    "Second Vehicle Speed": 9.722222222222221,
    "Collision": true,
    "Weather": "ClearNoon",
    "Collision Type": "Actor(id=272, type=vehicle.nissan.patrol)",
    "Time to Collision": 8.914457321166992,
    "Speed at Collision": 17.647869142941552,
    "Intensity": 19720.557265487245
  },
  {
    "Scenario Name": "OtherLeadingVehicle_496",
    "Scenario Description": "The scenario realizes a common driving behavior, in which the user-controlled ego vehicle follows a leading car driving down a given road. At some point the leading car has to decelerate. The ego vehicle has to react accordingly by changing lane to avoid a collision and follow the leading car in other lane. The scenario ends either via a timeout, or if the ego vehicle drives some distance.",
    "Map": "Map(name=Carla/Maps/Town05)",
    "First Vehicle Location": 34,
    "Second Vehicle Location": 35,
    "First Vehicle Speed": 15.277777777777777,
    "Second Vehicle Speed": 18.055555555555554,
    "Collision": true,
    "Weather": "ClearNoon",
    "Collision Type": "Actor(id=284, type=vehicle.nissan.patrol)",
    "Time to Collision": 8.808088064193726,
    "Speed at Collision": 8.80913079153945,
    "Intensity": 5580.461200665923
  },
  {
    "Scenario Name": "OtherLeadingVehicle_497",
    "Scenario Description": "The scenario realizes a common driving behavior, in which the user-controlled ego vehicle follows a leading car driving down a given road. At some point the leading car has to decelerate. The ego vehicle has to react accordingly by changing lane to avoid a collision and follow the leading car in other lane. The scenario ends either via a timeout, or if the ego vehicle drives some distance.",
    "Map": "Map(name=Carla/Maps/Town05)",
    "First Vehicle Location": 32,
    "Second Vehicle Location": 33,
    "First Vehicle Speed": 4.722222222222222,
    "Second Vehicle Speed": 7.5,
    "Collision": true,
    "Weather": "HardRainNoon",
    "Collision Type": "Actor(id=290, type=vehicle.nissan.patrol)",
    "Time to Collision": 4.065432548522949,
    "Speed at Collision": 16.317795254993637,
    "Intensity": 19564.780932691345
  },
  {
    "Scenario Name": "OtherLeadingVehicle_498",
    "Scenario Description": "The scenario realizes a common driving behavior, in which the user-controlled ego vehicle follows a leading car driving down a given road. At some point the leading car has to decelerate. The ego vehicle has to react accordingly by changing lane to avoid a collision and follow the leading car in other lane. The scenario ends either via a timeout, or if the ego vehicle drives some distance.",
    "Map": "Map(name=Carla/Maps/Town05)",
    "First Vehicle Location": 10,
    "Second Vehicle Location": 11,
    "First Vehicle Speed": 16.666666666666668,
    "Second Vehicle Speed": 19.444444444444443,
    "Collision": true,
    "Weather": "ClearNoon",
    "Collision Type": "Actor(id=296, type=vehicle.nissan.patrol)",
    "Time to Collision": 2.531388282775879,
    "Speed at Collision": 10.057844517457761,
    "Intensity": 6592.633518253829
  },
  {
    "Scenario Name": "OtherLeadingVehicle_499",
    "Scenario Description": "The scenario realizes a common driving behavior, in which the user-controlled ego vehicle follows a leading car driving down a given road. At some point the leading car has to decelerate. The ego vehicle has to react accordingly by changing lane to avoid a collision and follow the leading car in other lane. The scenario ends either via a timeout, or if the ego vehicle drives some distance.",
    "Map": "Map(name=Carla/Maps/Town05)",
    "First Vehicle Location": 27,
    "Second Vehicle Location": 28,
    "First Vehicle Speed": 3.611111111111111,
    "Second Vehicle Speed": 6.388888888888888,
    "Collision": true,
    "Weather": "ClearNight",
    "Collision Type": "Actor(id=302, type=vehicle.nissan.patrol)",
    "Time to Collision": 3.702219247817993,
    "Speed at Collision": 14.808008925533475,
    "Intensity": 17255.388345550462
  },
  {
    "Scenario Name": "OtherLeadingVehicle_500",
    "Scenario Description": "The scenario realizes a common driving behavior, in which the user-controlled ego vehicle follows a leading car driving down a given road. At some point the leading car has to decelerate. The ego vehicle has to react accordingly by changing lane to avoid a collision and follow the leading car in other lane. The scenario ends either via a timeout, or if the ego vehicle drives some distance.",
    "Map": "Map(name=Carla/Maps/Town05)",
    "First Vehicle Location": 68,
    "Second Vehicle Location": 69,
    "First Vehicle Speed": 11.11111111111111,
    "Second Vehicle Speed": 13.88888888888889,
    "Collision": true,
    "Weather": "HardRainNoon",
    "Collision Type": "Actor(id=308, type=vehicle.nissan.patrol)",
    "Time to Collision": 7.8238794803619385,
    "Speed at Collision": 23.971071197702777,
    "Intensity": 25943.87019054766
  },
  {
    "Scenario Name": "OtherLeadingVehicle_501",
    "Scenario Description": "The scenario realizes a common driving behavior, in which the user-controlled ego vehicle follows a leading car driving down a given road. At some point the leading car has to decelerate. The ego vehicle has to react accordingly by changing lane to avoid a collision and follow the leading car in other lane. The scenario ends either via a timeout, or if the ego vehicle drives some distance.",
    "Map": "Map(name=Carla/Maps/Town05)",
    "First Vehicle Location": 76,
    "Second Vehicle Location": 77,
    "First Vehicle Speed": 13.055555555555555,
    "Second Vehicle Speed": 15.833333333333332,
    "Collision": true,
    "Weather": "ClearNoon",
    "Collision Type": "Actor(id=314, type=vehicle.nissan.patrol)",
    "Time to Collision": 9.215834617614746,
    "Speed at Collision": 27.873705467763067,
    "Intensity": 30453.195734290606
  },
  {
    "Scenario Name": "OtherLeadingVehicle_503",
    "Scenario Description": "The scenario realizes a common driving behavior, in which the user-controlled ego vehicle follows a leading car driving down a given road. At some point the leading car has to decelerate. The ego vehicle has to react accordingly by changing lane to avoid a collision and follow the leading car in other lane. The scenario ends either via a timeout, or if the ego vehicle drives some distance.",
    "Map": "Map(name=Carla/Maps/Town05)",
    "First Vehicle Location": 55,
    "Second Vehicle Location": 56,
    "First Vehicle Speed": 11.944444444444445,
    "Second Vehicle Speed": 14.722222222222221,
    "Collision": true,
    "Weather": "ClearNight",
    "Collision Type": "Actor(id=326, type=vehicle.nissan.patrol)",
    "Time to Collision": 9.063337564468384,
    "Speed at Collision": 10.830923785173319,
    "Intensity": 9137.680692824602
  },
  {
    "Scenario Name": "OtherLeadingVehicle_504",
    "Scenario Description": "The scenario realizes a common driving behavior, in which the user-controlled ego vehicle follows a leading car driving down a given road. At some point the leading car has to decelerate. The ego vehicle has to react accordingly by changing lane to avoid a collision and follow the leading car in other lane. The scenario ends either via a timeout, or if the ego vehicle drives some distance.",
    "Map": "Map(name=Carla/Maps/Town05)",
    "First Vehicle Location": 58,
    "Second Vehicle Location": 59,
    "First Vehicle Speed": 14.722222222222221,
    "Second Vehicle Speed": 17.5,
    "Collision": true,
    "Weather": "HardRainNight",
    "Collision Type": "Actor(id=332, type=vehicle.nissan.patrol)",
    "Time to Collision": 12.476633787155151,
    "Speed at Collision": 8.6852352526846,
    "Intensity": 5310.214355108887
  },
  {
    "Scenario Name": "OtherLeadingVehicle_505",
    "Scenario Description": "The scenario realizes a common driving behavior, in which the user-controlled ego vehicle follows a leading car driving down a given road. At some point the leading car has to decelerate. The ego vehicle has to react accordingly by changing lane to avoid a collision and follow the leading car in other lane. The scenario ends either via a timeout, or if the ego vehicle drives some distance.",
    "Map": "Map(name=Carla/Maps/Town05)",
    "First Vehicle Location": 46,
    "Second Vehicle Location": 47,
    "First Vehicle Speed": 11.11111111111111,
    "Second Vehicle Speed": 13.88888888888889,
    "Collision": true,
    "Weather": "ClearNoon",
    "Collision Type": "Actor(id=338, type=vehicle.nissan.patrol)",
    "Time to Collision": 5.396996021270752,
    "Speed at Collision": 20.071597656623084,
    "Intensity": 21015.117205870996
  },
  {
    "Scenario Name": "OtherLeadingVehicle_506",
    "Scenario Description": "The scenario realizes a common driving behavior, in which the user-controlled ego vehicle follows a leading car driving down a given road. At some point the leading car has to decelerate. The ego vehicle has to react accordingly by changing lane to avoid a collision and follow the leading car in other lane. The scenario ends either via a timeout, or if the ego vehicle drives some distance.",
    "Map": "Map(name=Carla/Maps/Town05)",
    "First Vehicle Location": 28,
    "Second Vehicle Location": 29,
    "First Vehicle Speed": 12.5,
    "Second Vehicle Speed": 15.277777777777777,
    "Collision": true,
    "Weather": "HardRainNoon",
    "Collision Type": "Actor(id=344, type=vehicle.nissan.patrol)",
    "Time to Collision": 4.281328916549683,
    "Speed at Collision": 16.65612545293097,
    "Intensity": 16251.830638034704
  },
  {
    "Scenario Name": "OtherLeadingVehicle_507",
    "Scenario Description": "The scenario realizes a common driving behavior, in which the user-controlled ego vehicle follows a leading car driving down a given road. At some point the leading car has to decelerate. The ego vehicle has to react accordingly by changing lane to avoid a collision and follow the leading car in other lane. The scenario ends either via a timeout, or if the ego vehicle drives some distance.",
    "Map": "Map(name=Carla/Maps/Town05)",
    "First Vehicle Location": 98,
    "Second Vehicle Location": 99,
    "First Vehicle Speed": 12.777777777777777,
    "Second Vehicle Speed": 15.555555555555555,
    "Collision": true,
    "Weather": "HardRainNight",
    "Collision Type": "Actor(id=350, type=vehicle.nissan.patrol)",
    "Time to Collision": 10.882371664047241,
    "Speed at Collision": 22.51134708041912,
    "Intensity": 23497.83432481116
  },
  {
    "Scenario Name": "OtherLeadingVehicle_509",
    "Scenario Description": "The scenario realizes a common driving behavior, in which the user-controlled ego vehicle follows a leading car driving down a given road. At some point the leading car has to decelerate. The ego vehicle has to react accordingly by changing lane to avoid a collision and follow the leading car in other lane. The scenario ends either via a timeout, or if the ego vehicle drives some distance.",
    "Map": "Map(name=Carla/Maps/Town05)",
    "First Vehicle Location": 48,
    "Second Vehicle Location": 49,
    "First Vehicle Speed": 14.722222222222221,
    "Second Vehicle Speed": 17.5,
    "Collision": true,
    "Weather": "HardRainNight",
    "Collision Type": "Actor(id=362, type=vehicle.nissan.patrol)",
    "Time to Collision": 5.802819728851318,
    "Speed at Collision": 20.876233110690126,
    "Intensity": 20810.083944282946
  },
  {
    "Scenario Name": "OtherLeadingVehicle_510",
    "Scenario Description": "The scenario realizes a common driving behavior, in which the user-controlled ego vehicle follows a leading car driving down a given road. At some point the leading car has to decelerate. The ego vehicle has to react accordingly by changing lane to avoid a collision and follow the leading car in other lane. The scenario ends either via a timeout, or if the ego vehicle drives some distance.",
    "Map": "Map(name=Carla/Maps/Town05)",
    "First Vehicle Location": 48,
    "Second Vehicle Location": 49,
    "First Vehicle Speed": 6.666666666666666,
    "Second Vehicle Speed": 9.444444444444445,
    "Collision": true,
    "Weather": "HardRainNight",
    "Collision Type": "Actor(id=368, type=vehicle.nissan.patrol)",
    "Time to Collision": 5.223902225494385,
    "Speed at Collision": 18.791376722162866,
    "Intensity": 21252.390798196036
  },
  {
    "Scenario Name": "OtherLeadingVehicle_511",
    "Scenario Description": "The scenario realizes a common driving behavior, in which the user-controlled ego vehicle follows a leading car driving down a given road. At some point the leading car has to decelerate. The ego vehicle has to react accordingly by changing lane to avoid a collision and follow the leading car in other lane. The scenario ends either via a timeout, or if the ego vehicle drives some distance.",
    "Map": "Map(name=Carla/Maps/Town05)",
    "First Vehicle Location": 36,
    "Second Vehicle Location": 37,
    "First Vehicle Speed": 6.388888888888888,
    "Second Vehicle Speed": 9.166666666666666,
    "Collision": true,
    "Weather": "ClearNoon",
    "Collision Type": "Actor(id=374, type=vehicle.nissan.patrol)",
    "Time to Collision": 4.478088617324829,
    "Speed at Collision": 17.390924842650087,
    "Intensity": 19867.566062263573
  },
  {
    "Scenario Name": "OtherLeadingVehicle_512",
    "Scenario Description": "The scenario realizes a common driving behavior, in which the user-controlled ego vehicle follows a leading car driving down a given road. At some point the leading car has to decelerate. The ego vehicle has to react accordingly by changing lane to avoid a collision and follow the leading car in other lane. The scenario ends either via a timeout, or if the ego vehicle drives some distance.",
    "Map": "Map(name=Carla/Maps/Town05)",
    "First Vehicle Location": 100,
    "Second Vehicle Location": 101,
    "First Vehicle Speed": 4.166666666666667,
    "Second Vehicle Speed": 6.944444444444445,
    "Collision": true,
    "Weather": "ClearNight",
    "Collision Type": "Actor(id=380, type=vehicle.nissan.patrol)",
    "Time to Collision": 10.182934522628784,
    "Speed at Collision": 14.694898518774151,
    "Intensity": 17125.120822863184
  },
  {
    "Scenario Name": "OtherLeadingVehicle_513",
    "Scenario Description": "The scenario realizes a common driving behavior, in which the user-controlled ego vehicle follows a leading car driving down a given road. At some point the leading car has to decelerate. The ego vehicle has to react accordingly by changing lane to avoid a collision and follow the leading car in other lane. The scenario ends either via a timeout, or if the ego vehicle drives some distance.",
    "Map": "Map(name=Carla/Maps/Town05)",
    "First Vehicle Location": 22,
    "Second Vehicle Location": 23,
    "First Vehicle Speed": 3.0555555555555554,
    "Second Vehicle Speed": 5.833333333333333,
    "Collision": true,
    "Weather": "HardRainNoon",
    "Collision Type": "Actor(id=386, type=vehicle.nissan.patrol)",
    "Time to Collision": 3.324392795562744,
    "Speed at Collision": 13.601896384421183,
    "Intensity": 16692.311803037224
  },
  {
    "Scenario Name": "OtherLeadingVehicle_514",
    "Scenario Description": "The scenario realizes a common driving behavior, in which the user-controlled ego vehicle follows a leading car driving down a given road. At some point the leading car has to decelerate. The ego vehicle has to react accordingly by changing lane to avoid a collision and follow the leading car in other lane. The scenario ends either via a timeout, or if the ego vehicle drives some distance.",
    "Map": "Map(name=Carla/Maps/Town05)",
    "First Vehicle Location": 25,
    "Second Vehicle Location": 26,
    "First Vehicle Speed": 5.833333333333333,
    "Second Vehicle Speed": 8.61111111111111,
    "Collision": true,
    "Weather": "HardRainNight",
    "Collision Type": "Actor(id=392, type=vehicle.nissan.patrol)",
    "Time to Collision": 3.947096586227417,
    "Speed at Collision": 10.0688100794827,
    "Intensity": 11819.145905100951
  },
  {
    "Scenario Name": "OtherLeadingVehicle_515",
    "Scenario Description": "The scenario realizes a common driving behavior, in which the user-controlled ego vehicle follows a leading car driving down a given road. At some point the leading car has to decelerate. The ego vehicle has to react accordingly by changing lane to avoid a collision and follow the leading car in other lane. The scenario ends either via a timeout, or if the ego vehicle drives some distance.",
    "Map": "Map(name=Carla/Maps/Town05)",
    "First Vehicle Location": 37,
    "Second Vehicle Location": 38,
    "First Vehicle Speed": 12.777777777777777,
    "Second Vehicle Speed": 15.555555555555555,
    "Collision": true,
    "Weather": "HardRainNoon",
    "Collision Type": "Actor(id=398, type=vehicle.nissan.patrol)",
    "Time to Collision": 7.016703367233276,
    "Speed at Collision": 10.543216718858725,
    "Intensity": 7455.25481690103
  },
  {
    "Scenario Name": "OtherLeadingVehicle_516",
    "Scenario Description": "The scenario realizes a common driving behavior, in which the user-controlled ego vehicle follows a leading car driving down a given road. At some point the leading car has to decelerate. The ego vehicle has to react accordingly by changing lane to avoid a collision and follow the leading car in other lane. The scenario ends either via a timeout, or if the ego vehicle drives some distance.",
    "Map": "Map(name=Carla/Maps/Town05)",
    "First Vehicle Location": 23,
    "Second Vehicle Location": 24,
    "First Vehicle Speed": 4.722222222222222,
    "Second Vehicle Speed": 7.5,
    "Collision": true,
    "Weather": "HardRainNoon",
    "Collision Type": "Actor(id=404, type=vehicle.nissan.patrol)",
    "Time to Collision": 3.488455295562744,
    "Speed at Collision": 13.919192253397604,
    "Intensity": 16447.9254733804
  },
  {
    "Scenario Name": "OtherLeadingVehicle_517",
    "Scenario Description": "The scenario realizes a common driving behavior, in which the user-controlled ego vehicle follows a leading car driving down a given road. At some point the leading car has to decelerate. The ego vehicle has to react accordingly by changing lane to avoid a collision and follow the leading car in other lane. The scenario ends either via a timeout, or if the ego vehicle drives some distance.",
    "Map": "Map(name=Carla/Maps/Town05)",
    "First Vehicle Location": 55,
    "Second Vehicle Location": 56,
    "First Vehicle Speed": 4.166666666666667,
    "Second Vehicle Speed": 6.944444444444445,
    "Collision": true,
    "Weather": "HardRainNight",
    "Collision Type": "Actor(id=410, type=vehicle.nissan.patrol)",
    "Time to Collision": 13.117454290390015,
    "Speed at Collision": 5.2922938250064515,
    "Intensity": 5466.162743093441
  },
  {
    "Scenario Name": "OtherLeadingVehicle_518",
    "Scenario Description": "The scenario realizes a common driving behavior, in which the user-controlled ego vehicle follows a leading car driving down a given road. At some point the leading car has to decelerate. The ego vehicle has to react accordingly by changing lane to avoid a collision and follow the leading car in other lane. The scenario ends either via a timeout, or if the ego vehicle drives some distance.",
    "Map": "Map(name=Carla/Maps/Town05)",
    "First Vehicle Location": 30,
    "Second Vehicle Location": 31,
    "First Vehicle Speed": 7.222222222222222,
    "Second Vehicle Speed": 10.0,
    "Collision": true,
    "Weather": "ClearNight",
    "Collision Type": "Actor(id=416, type=vehicle.nissan.patrol)",
    "Time to Collision": 5.353830099105835,
    "Speed at Collision": 8.28467125584608,
    "Intensity": 7990.888133265388
  },
  {
    "Scenario Name": "OtherLeadingVehicle_519",
    "Scenario Description": "The scenario realizes a common driving behavior, in which the user-controlled ego vehicle follows a leading car driving down a given road. At some point the leading car has to decelerate. The ego vehicle has to react accordingly by changing lane to avoid a collision and follow the leading car in other lane. The scenario ends either via a timeout, or if the ego vehicle drives some distance.",
    "Map": "Map(name=Carla/Maps/Town05)",
    "First Vehicle Location": 54,
    "Second Vehicle Location": 55,
    "First Vehicle Speed": 6.388888888888888,
    "Second Vehicle Speed": 9.166666666666666,
    "Collision": true,
    "Weather": "ClearNoon",
    "Collision Type": "Actor(id=422, type=vehicle.nissan.patrol)",
    "Time to Collision": 5.557257890701294,
    "Speed at Collision": 20.39592493721013,
    "Intensity": 23438.8150392602
  },
  {
    "Scenario Name": "OtherLeadingVehicle_520",
    "Scenario Description": "The scenario realizes a common driving behavior, in which the user-controlled ego vehicle follows a leading car driving down a given road. At some point the leading car has to decelerate. The ego vehicle has to react accordingly by changing lane to avoid a collision and follow the leading car in other lane. The scenario ends either via a timeout, or if the ego vehicle drives some distance.",
    "Map": "Map(name=Carla/Maps/Town05)",
    "First Vehicle Location": 53,
    "Second Vehicle Location": 54,
    "First Vehicle Speed": 6.388888888888888,
    "Second Vehicle Speed": 9.166666666666666,
    "Collision": true,
    "Weather": "ClearNight",
    "Collision Type": "Actor(id=428, type=vehicle.nissan.patrol)",
    "Time to Collision": 5.481875658035278,
    "Speed at Collision": 20.161935306615636,
    "Intensity": 24469.892995508893
  },
  {
    "Scenario Name": "OtherLeadingVehicle_521",
    "Scenario Description": "The scenario realizes a common driving behavior, in which the user-controlled ego vehicle follows a leading car driving down a given road. At some point the leading car has to decelerate. The ego vehicle has to react accordingly by changing lane to avoid a collision and follow the leading car in other lane. The scenario ends either via a timeout, or if the ego vehicle drives some distance.",
    "Map": "Map(name=Carla/Maps/Town05)",
    "First Vehicle Location": 23,
    "Second Vehicle Location": 24,
    "First Vehicle Speed": 6.111111111111111,
    "Second Vehicle Speed": 8.88888888888889,
    "Collision": true,
    "Weather": "HardRainNoon",
    "Collision Type": "Actor(id=434, type=vehicle.nissan.patrol)",
    "Time to Collision": 3.5294086933135986,
    "Speed at Collision": 14.273167460205618,
    "Intensity": 15947.634842709249
  },
  {
    "Scenario Name": "OtherLeadingVehicle_522",
    "Scenario Description": "The scenario realizes a common driving behavior, in which the user-controlled ego vehicle follows a leading car driving down a given road. At some point the leading car has to decelerate. The ego vehicle has to react accordingly by changing lane to avoid a collision and follow the leading car in other lane. The scenario ends either via a timeout, or if the ego vehicle drives some distance.",
    "Map": "Map(name=Carla/Maps/Town05)",
    "First Vehicle Location": 28,
    "Second Vehicle Location": 29,
    "First Vehicle Speed": 11.11111111111111,
    "Second Vehicle Speed": 13.88888888888889,
    "Collision": true,
    "Weather": "HardRainNoon",
    "Collision Type": "Actor(id=440, type=vehicle.nissan.patrol)",
    "Time to Collision": 7.762602806091309,
    "Speed at Collision": 7.546374604388016,
    "Intensity": 5413.206078726929
  },
  {
    "Scenario Name": "OtherLeadingVehicle_523",
    "Scenario Description": "The scenario realizes a common driving behavior, in which the user-controlled ego vehicle follows a leading car driving down a given road. At some point the leading car has to decelerate. The ego vehicle has to react accordingly by changing lane to avoid a collision and follow the leading car in other lane. The scenario ends either via a timeout, or if the ego vehicle drives some distance.",
    "Map": "Map(name=Carla/Maps/Town05)",
    "First Vehicle Location": 59,
    "Second Vehicle Location": 60,
    "First Vehicle Speed": 14.166666666666666,
    "Second Vehicle Speed": 16.944444444444443,
    "Collision": true,
    "Weather": "HardRainNight",
    "Collision Type": "Actor(id=446, type=vehicle.nissan.patrol)",
    "Time to Collision": 6.422197580337524,
    "Speed at Collision": 22.19328164606028,
    "Intensity": 22704.3884743439
  },
  {
    "Scenario Name": "OtherLeadingVehicle_525",
    "Scenario Description": "The scenario realizes a common driving behavior, in which the user-controlled ego vehicle follows a leading car driving down a given road. At some point the leading car has to decelerate. The ego vehicle has to react accordingly by changing lane to avoid a collision and follow the leading car in other lane. The scenario ends either via a timeout, or if the ego vehicle drives some distance.",
    "Map": "Map(name=Carla/Maps/Town05)",
    "First Vehicle Location": 83,
    "Second Vehicle Location": 84,
    "First Vehicle Speed": 14.722222222222221,
    "Second Vehicle Speed": 17.5,
    "Collision": true,
    "Weather": "ClearNoon",
    "Collision Type": "Actor(id=458, type=vehicle.nissan.patrol)",
    "Time to Collision": 10.58506727218628,
    "Speed at Collision": 23.11507928073049,
    "Intensity": 23969.859376378936
  },
  {
    "Scenario Name": "OtherLeadingVehicle_526",
    "Scenario Description": "The scenario realizes a common driving behavior, in which the user-controlled ego vehicle follows a leading car driving down a given road. At some point the leading car has to decelerate. The ego vehicle has to react accordingly by changing lane to avoid a collision and follow the leading car in other lane. The scenario ends either via a timeout, or if the ego vehicle drives some distance.",
    "Map": "Map(name=Carla/Maps/Town05)",
    "First Vehicle Location": 17,
    "Second Vehicle Location": 18,
    "First Vehicle Speed": 13.88888888888889,
    "Second Vehicle Speed": 16.666666666666668,
    "Collision": true,
    "Weather": "HardRainNoon",
    "Collision Type": "Actor(id=464, type=vehicle.nissan.patrol)",
    "Time to Collision": 3.919858455657959,
    "Speed at Collision": 9.656867468483046,
    "Intensity": 6823.601428714639
  },
  {
    "Scenario Name": "OtherLeadingVehicle_529",
    "Scenario Description": "The scenario realizes a common driving behavior, in which the user-controlled ego vehicle follows a leading car driving down a given road. At some point the leading car has to decelerate. The ego vehicle has to react accordingly by changing lane to avoid a collision and follow the leading car in other lane. The scenario ends either via a timeout, or if the ego vehicle drives some distance.",
    "Map": "Map(name=Carla/Maps/Town05)",
    "First Vehicle Location": 55,
    "Second Vehicle Location": 56,
    "First Vehicle Speed": 8.055555555555555,
    "Second Vehicle Speed": 10.833333333333334,
    "Collision": true,
    "Weather": "HardRainNoon",
    "Collision Type": "Actor(id=482, type=vehicle.nissan.patrol)",
    "Time to Collision": 5.74309515953064,
    "Speed at Collision": 20.81330448557117,
    "Intensity": 23285.96844584047
  },
  {
    "Scenario Name": "OtherLeadingVehicle_530",
    "Scenario Description": "The scenario realizes a common driving behavior, in which the user-controlled ego vehicle follows a leading car driving down a given road. At some point the leading car has to decelerate. The ego vehicle has to react accordingly by changing lane to avoid a collision and follow the leading car in other lane. The scenario ends either via a timeout, or if the ego vehicle drives some distance.",
    "Map": "Map(name=Carla/Maps/Town05)",
    "First Vehicle Location": 17,
    "Second Vehicle Location": 18,
    "First Vehicle Speed": 9.166666666666666,
    "Second Vehicle Speed": 11.944444444444445,
    "Collision": true,
    "Weather": "ClearNoon",
    "Collision Type": "Actor(id=488, type=vehicle.nissan.patrol)",
    "Time to Collision": 3.159619092941284,
    "Speed at Collision": 12.943041970971366,
    "Intensity": 13283.85210776943
  },
  {
    "Scenario Name": "OtherLeadingVehicle_531",
    "Scenario Description": "The scenario realizes a common driving behavior, in which the user-controlled ego vehicle follows a leading car driving down a given road. At some point the leading car has to decelerate. The ego vehicle has to react accordingly by changing lane to avoid a collision and follow the leading car in other lane. The scenario ends either via a timeout, or if the ego vehicle drives some distance.",
    "Map": "Map(name=Carla/Maps/Town05)",
    "First Vehicle Location": 51,
    "Second Vehicle Location": 52,
    "First Vehicle Speed": 11.38888888888889,
    "Second Vehicle Speed": 14.166666666666666,
    "Collision": true,
    "Weather": "HardRainNight",
    "Collision Type": "Actor(id=494, type=vehicle.nissan.patrol)",
    "Time to Collision": 5.742680072784424,
    "Speed at Collision": 20.5638329840466,
    "Intensity": 21636.97253730379
  },
  {
    "Scenario Name": "OtherLeadingVehicle_532",
    "Scenario Description": "The scenario realizes a common driving behavior, in which the user-controlled ego vehicle follows a leading car driving down a given road. At some point the leading car has to decelerate. The ego vehicle has to react accordingly by changing lane to avoid a collision and follow the leading car in other lane. The scenario ends either via a timeout, or if the ego vehicle drives some distance.",
    "Map": "Map(name=Carla/Maps/Town05)",
    "First Vehicle Location": 60,
    "Second Vehicle Location": 61,
    "First Vehicle Speed": 5.555555555555555,
    "Second Vehicle Speed": 8.333333333333334,
    "Collision": true,
    "Weather": "HardRainNoon",
    "Collision Type": "Actor(id=500, type=vehicle.nissan.patrol)",
    "Time to Collision": 5.937849044799805,
    "Speed at Collision": 18.735925224840667,
    "Intensity": 21644.230812617905
  },
  {
    "Scenario Name": "OtherLeadingVehicle_533",
    "Scenario Description": "The scenario realizes a common driving behavior, in which the user-controlled ego vehicle follows a leading car driving down a given road. At some point the leading car has to decelerate. The ego vehicle has to react accordingly by changing lane to avoid a collision and follow the leading car in other lane. The scenario ends either via a timeout, or if the ego vehicle drives some distance.",
    "Map": "Map(name=Carla/Maps/Town05)",
    "First Vehicle Location": 47,
    "Second Vehicle Location": 48,
    "First Vehicle Speed": 2.7777777777777777,
    "Second Vehicle Speed": 5.555555555555555,
    "Collision": true,
    "Weather": "HardRainNight",
    "Collision Type": "Actor(id=506, type=vehicle.nissan.patrol)",
    "Time to Collision": 4.9244489669799805,
    "Speed at Collision": 18.667949993602225,
    "Intensity": 23449.55234994739
  },
  {
    "Scenario Name": "OtherLeadingVehicle_534",
    "Scenario Description": "The scenario realizes a common driving behavior, in which the user-controlled ego vehicle follows a leading car driving down a given road. At some point the leading car has to decelerate. The ego vehicle has to react accordingly by changing lane to avoid a collision and follow the leading car in other lane. The scenario ends either via a timeout, or if the ego vehicle drives some distance.",
    "Map": "Map(name=Carla/Maps/Town05)",
    "First Vehicle Location": 60,
    "Second Vehicle Location": 61,
    "First Vehicle Speed": 5.277777777777778,
    "Second Vehicle Speed": 8.055555555555555,
    "Collision": true,
    "Weather": "HardRainNight",
    "Collision Type": "Actor(id=512, type=vehicle.nissan.patrol)",
    "Time to Collision": 5.888439655303955,
    "Speed at Collision": 21.08618247518316,
    "Intensity": 24886.016182032257
  },
  {
    "Scenario Name": "OtherLeadingVehicle_535",
    "Scenario Description": "The scenario realizes a common driving behavior, in which the user-controlled ego vehicle follows a leading car driving down a given road. At some point the leading car has to decelerate. The ego vehicle has to react accordingly by changing lane to avoid a collision and follow the leading car in other lane. The scenario ends either via a timeout, or if the ego vehicle drives some distance.",
    "Map": "Map(name=Carla/Maps/Town05)",
    "First Vehicle Location": 91,
    "Second Vehicle Location": 92,
    "First Vehicle Speed": 14.444444444444445,
    "Second Vehicle Speed": 17.22222222222222,
    "Collision": true,
    "Weather": "ClearNoon",
    "Collision Type": "Actor(id=518, type=vehicle.nissan.patrol)",
    "Time to Collision": 15.058430671691895,
    "Speed at Collision": 18.973822165868942,
    "Intensity": 18609.28392868897
  },
  {
    "Scenario Name": "OtherLeadingVehicle_537",
    "Scenario Description": "The scenario realizes a common driving behavior, in which the user-controlled ego vehicle follows a leading car driving down a given road. At some point the leading car has to decelerate. The ego vehicle has to react accordingly by changing lane to avoid a collision and follow the leading car in other lane. The scenario ends either via a timeout, or if the ego vehicle drives some distance.",
    "Map": "Map(name=Carla/Maps/Town05)",
    "First Vehicle Location": 26,
    "Second Vehicle Location": 27,
    "First Vehicle Speed": 12.5,
    "Second Vehicle Speed": 15.277777777777777,
    "Collision": true,
    "Weather": "ClearNoon",
    "Collision Type": "Actor(id=530, type=vehicle.nissan.patrol)",
    "Time to Collision": 4.035470247268677,
    "Speed at Collision": 16.384370217932936,
    "Intensity": 16030.89440906526
  },
  {
    "Scenario Name": "OtherLeadingVehicle_539",
    "Scenario Description": "The scenario realizes a common driving behavior, in which the user-controlled ego vehicle follows a leading car driving down a given road. At some point the leading car has to decelerate. The ego vehicle has to react accordingly by changing lane to avoid a collision and follow the leading car in other lane. The scenario ends either via a timeout, or if the ego vehicle drives some distance.",
    "Map": "Map(name=Carla/Maps/Town05)",
    "First Vehicle Location": 19,
    "Second Vehicle Location": 20,
    "First Vehicle Speed": 10.833333333333334,
    "Second Vehicle Speed": 13.61111111111111,
    "Collision": true,
    "Weather": "HardRainNight",
    "Collision Type": "Actor(id=542, type=vehicle.nissan.patrol)",
    "Time to Collision": 3.4399092197418213,
    "Speed at Collision": 13.858809127770531,
    "Intensity": 14005.995101282766
  },
  {
    "Scenario Name": "OtherLeadingVehicle_540",
    "Scenario Description": "The scenario realizes a common driving behavior, in which the user-controlled ego vehicle follows a leading car driving down a given road. At some point the leading car has to decelerate. The ego vehicle has to react accordingly by changing lane to avoid a collision and follow the leading car in other lane. The scenario ends either via a timeout, or if the ego vehicle drives some distance.",
    "Map": "Map(name=Carla/Maps/Town05)",
    "First Vehicle Location": 82,
    "Second Vehicle Location": 83,
    "First Vehicle Speed": 14.722222222222221,
    "Second Vehicle Speed": 17.5,
    "Collision": true,
    "Weather": "HardRainNight",
    "Collision Type": "Actor(id=548, type=vehicle.nissan.patrol)",
    "Time to Collision": 10.511425018310547,
    "Speed at Collision": 23.182963385281045,
    "Intensity": 23807.277273107364
  },
  {
    "Scenario Name": "OtherLeadingVehicle_541",
    "Scenario Description": "The scenario realizes a common driving behavior, in which the user-controlled ego vehicle follows a leading car driving down a given road. At some point the leading car has to decelerate. The ego vehicle has to react accordingly by changing lane to avoid a collision and follow the leading car in other lane. The scenario ends either via a timeout, or if the ego vehicle drives some distance.",
    "Map": "Map(name=Carla/Maps/Town05)",
    "First Vehicle Location": 11,
    "Second Vehicle Location": 12,
    "First Vehicle Speed": 12.222222222222221,
    "Second Vehicle Speed": 15.0,
    "Collision": true,
    "Weather": "HardRainNight",
    "Collision Type": "Actor(id=554, type=vehicle.nissan.patrol)",
    "Time to Collision": 2.584357738494873,
    "Speed at Collision": 9.678526099052208,
    "Intensity": 8695.724862189996
  },
  {
    "Scenario Name": "OtherLeadingVehicle_542",
    "Scenario Description": "The scenario realizes a common driving behavior, in which the user-controlled ego vehicle follows a leading car driving down a given road. At some point the leading car has to decelerate. The ego vehicle has to react accordingly by changing lane to avoid a collision and follow the leading car in other lane. The scenario ends either via a timeout, or if the ego vehicle drives some distance.",
    "Map": "Map(name=Carla/Maps/Town05)",
    "First Vehicle Location": 55,
    "Second Vehicle Location": 56,
    "First Vehicle Speed": 12.5,
    "Second Vehicle Speed": 15.277777777777777,
    "Collision": true,
    "Weather": "HardRainNight",
    "Collision Type": "Actor(id=560, type=vehicle.nissan.patrol)",
    "Time to Collision": 5.958905458450317,
    "Speed at Collision": 21.444275629567084,
    "Intensity": 22356.330222859717
  },
  {
    "Scenario Name": "OtherLeadingVehicle_543",
    "Scenario Description": "The scenario realizes a common driving behavior, in which the user-controlled ego vehicle follows a leading car driving down a given road. At some point the leading car has to decelerate. The ego vehicle has to react accordingly by changing lane to avoid a collision and follow the leading car in other lane. The scenario ends either via a timeout, or if the ego vehicle drives some distance.",
    "Map": "Map(name=Carla/Maps/Town05)",
    "First Vehicle Location": 64,
    "Second Vehicle Location": 65,
    "First Vehicle Speed": 10.277777777777777,
    "Second Vehicle Speed": 13.055555555555555,
    "Collision": true,
    "Weather": "HardRainNoon",
    "Collision Type": "Actor(id=566, type=vehicle.nissan.patrol)",
    "Time to Collision": 7.211918830871582,
    "Speed at Collision": 23.923236756378994,
    "Intensity": 26286.792176992498
  },
  {
    "Scenario Name": "OtherLeadingVehicle_544",
    "Scenario Description": "The scenario realizes a common driving behavior, in which the user-controlled ego vehicle follows a leading car driving down a given road. At some point the leading car has to decelerate. The ego vehicle has to react accordingly by changing lane to avoid a collision and follow the leading car in other lane. The scenario ends either via a timeout, or if the ego vehicle drives some distance.",
    "Map": "Map(name=Carla/Maps/Town05)",
    "First Vehicle Location": 69,
    "Second Vehicle Location": 70,
    "First Vehicle Speed": 12.777777777777777,
    "Second Vehicle Speed": 15.555555555555555,
    "Collision": true,
    "Weather": "ClearNoon",
    "Collision Type": "Actor(id=572, type=vehicle.nissan.patrol)",
    "Time to Collision": 8.51877498626709,
    "Speed at Collision": 26.1221917050017,
    "Intensity": 28068.46179222711
  },
  {
    "Scenario Name": "OtherLeadingVehicle_546",
    "Scenario Description": "The scenario realizes a common driving behavior, in which the user-controlled ego vehicle follows a leading car driving down a given road. At some point the leading car has to decelerate. The ego vehicle has to react accordingly by changing lane to avoid a collision and follow the leading car in other lane. The scenario ends either via a timeout, or if the ego vehicle drives some distance.",
    "Map": "Map(name=Carla/Maps/Town05)",
    "First Vehicle Location": 100,
    "Second Vehicle Location": 101,
    "First Vehicle Speed": 11.38888888888889,
    "Second Vehicle Speed": 14.166666666666666,
    "Collision": true,
    "Weather": "HardRainNoon",
    "Collision Type": "Actor(id=584, type=vehicle.nissan.patrol)",
    "Time to Collision": 10.365567207336426,
    "Speed at Collision": 23.977091492493717,
    "Intensity": 26833.99297776529
  },
  {
    "Scenario Name": "OtherLeadingVehicle_547",
    "Scenario Description": "The scenario realizes a common driving behavior, in which the user-controlled ego vehicle follows a leading car driving down a given road. At some point the leading car has to decelerate. The ego vehicle has to react accordingly by changing lane to avoid a collision and follow the leading car in other lane. The scenario ends either via a timeout, or if the ego vehicle drives some distance.",
    "Map": "Map(name=Carla/Maps/Town05)",
    "First Vehicle Location": 47,
    "Second Vehicle Location": 48,
    "First Vehicle Speed": 16.666666666666668,
    "Second Vehicle Speed": 19.444444444444443,
    "Collision": true,
    "Weather": "HardRainNoon",
    "Collision Type": "Actor(id=590, type=vehicle.nissan.patrol)",
    "Time to Collision": 5.741175413131714,
    "Speed at Collision": 21.04947235812099,
    "Intensity": 20320.470036280683
  },
  {
    "Scenario Name": "OtherLeadingVehicle_551",
    "Scenario Description": "The scenario realizes a common driving behavior, in which the user-controlled ego vehicle follows a leading car driving down a given road. At some point the leading car has to decelerate. The ego vehicle has to react accordingly by changing lane to avoid a collision and follow the leading car in other lane. The scenario ends either via a timeout, or if the ego vehicle drives some distance.",
    "Map": "Map(name=Carla/Maps/Town05)",
    "First Vehicle Location": 37,
    "Second Vehicle Location": 38,
    "First Vehicle Speed": 4.166666666666667,
    "Second Vehicle Speed": 6.944444444444445,
    "Collision": true,
    "Weather": "HardRainNight",
    "Collision Type": "Actor(id=614, type=vehicle.nissan.patrol)",
    "Time to Collision": 4.373990297317505,
    "Speed at Collision": 16.71097010752896,
    "Intensity": 20785.116323347174
  },
  {
    "Scenario Name": "OtherLeadingVehicle_552",
    "Scenario Description": "The scenario realizes a common driving behavior, in which the user-controlled ego vehicle follows a leading car driving down a given road. At some point the leading car has to decelerate. The ego vehicle has to react accordingly by changing lane to avoid a collision and follow the leading car in other lane. The scenario ends either via a timeout, or if the ego vehicle drives some distance.",
    "Map": "Map(name=Carla/Maps/Town05)",
    "First Vehicle Location": 67,
    "Second Vehicle Location": 68,
    "First Vehicle Speed": 9.722222222222221,
    "Second Vehicle Speed": 12.5,
    "Collision": true,
    "Weather": "ClearNight",
    "Collision Type": "Actor(id=620, type=vehicle.nissan.patrol)",
    "Time to Collision": 12.472985744476318,
    "Speed at Collision": 11.793178609617593,
    "Intensity": 11279.200658625721
  },
  {
    "Scenario Name": "OtherLeadingVehicle_553",
    "Scenario Description": "The scenario realizes a common driving behavior, in which the user-controlled ego vehicle follows a leading car driving down a given road. At some point the leading car has to decelerate. The ego vehicle has to react accordingly by changing lane to avoid a collision and follow the leading car in other lane. The scenario ends either via a timeout, or if the ego vehicle drives some distance.",
    "Map": "Map(name=Carla/Maps/Town05)",
    "First Vehicle Location": 20,
    "Second Vehicle Location": 21,
    "First Vehicle Speed": 10.277777777777777,
    "Second Vehicle Speed": 13.055555555555555,
    "Collision": true,
    "Weather": "HardRainNoon",
    "Collision Type": "Actor(id=626, type=vehicle.nissan.patrol)",
    "Time to Collision": 4.140485048294067,
    "Speed at Collision": 8.495370388337705,
    "Intensity": 6820.866775228511
  },
  {
    "Scenario Name": "OtherLeadingVehicle_554",
    "Scenario Description": "The scenario realizes a common driving behavior, in which the user-controlled ego vehicle follows a leading car driving down a given road. At some point the leading car has to decelerate. The ego vehicle has to react accordingly by changing lane to avoid a collision and follow the leading car in other lane. The scenario ends either via a timeout, or if the ego vehicle drives some distance.",
    "Map": "Map(name=Carla/Maps/Town05)",
    "First Vehicle Location": 87,
    "Second Vehicle Location": 88,
    "First Vehicle Speed": 3.888888888888889,
    "Second Vehicle Speed": 6.666666666666666,
    "Collision": true,
    "Weather": "ClearNoon",
    "Collision Type": "Actor(id=632, type=vehicle.nissan.patrol)",
    "Time to Collision": 14.858922958374023,
    "Speed at Collision": 8.490386587568949,
    "Intensity": 10357.678533306975
  },
  {
    "Scenario Name": "OtherLeadingVehicle_555",
    "Scenario Description": "The scenario realizes a common driving behavior, in which the user-controlled ego vehicle follows a leading car driving down a given road. At some point the leading car has to decelerate. The ego vehicle has to react accordingly by changing lane to avoid a collision and follow the leading car in other lane. The scenario ends either via a timeout, or if the ego vehicle drives some distance.",
    "Map": "Map(name=Carla/Maps/Town05)",
    "First Vehicle Location": 33,
    "Second Vehicle Location": 34,
    "First Vehicle Speed": 12.222222222222221,
    "Second Vehicle Speed": 15.0,
    "Collision": true,
    "Weather": "ClearNight",
    "Collision Type": "Actor(id=638, type=vehicle.nissan.patrol)",
    "Time to Collision": 4.730211019515991,
    "Speed at Collision": 15.018898258946605,
    "Intensity": 14302.294827357782
  },
  {
    "Scenario Name": "OtherLeadingVehicle_556",
    "Scenario Description": "The scenario realizes a common driving behavior, in which the user-controlled ego vehicle follows a leading car driving down a given road. At some point the leading car has to decelerate. The ego vehicle has to react accordingly by changing lane to avoid a collision and follow the leading car in other lane. The scenario ends either via a timeout, or if the ego vehicle drives some distance.",
    "Map": "Map(name=Carla/Maps/Town05)",
    "First Vehicle Location": 42,
    "Second Vehicle Location": 43,
    "First Vehicle Speed": 2.7777777777777777,
    "Second Vehicle Speed": 5.555555555555555,
    "Collision": true,
    "Weather": "HardRainNoon",
    "Collision Type": "Actor(id=644, type=vehicle.nissan.patrol)",
    "Time to Collision": 4.669001340866089,
    "Speed at Collision": 17.67916113889022,
    "Intensity": 37509.18528607399
  },
  {
    "Scenario Name": "OtherLeadingVehicle_559",
    "Scenario Description": "The scenario realizes a common driving behavior, in which the user-controlled ego vehicle follows a leading car driving down a given road. At some point the leading car has to decelerate. The ego vehicle has to react accordingly by changing lane to avoid a collision and follow the leading car in other lane. The scenario ends either via a timeout, or if the ego vehicle drives some distance.",
    "Map": "Map(name=Carla/Maps/Town05)",
    "First Vehicle Location": 21,
    "Second Vehicle Location": 22,
    "First Vehicle Speed": 5.833333333333333,
    "Second Vehicle Speed": 8.61111111111111,
    "Collision": true,
    "Weather": "ClearNoon",
    "Collision Type": "Actor(id=662, type=vehicle.nissan.patrol)",
    "Time to Collision": 3.383807897567749,
    "Speed at Collision": 13.655219703752635,
    "Intensity": 15111.370718068203
  },
  {
    "Scenario Name": "OtherLeadingVehicle_560",
    "Scenario Description": "The scenario realizes a common driving behavior, in which the user-controlled ego vehicle follows a leading car driving down a given road. At some point the leading car has to decelerate. The ego vehicle has to react accordingly by changing lane to avoid a collision and follow the leading car in other lane. The scenario ends either via a timeout, or if the ego vehicle drives some distance.",
    "Map": "Map(name=Carla/Maps/Town05)",
    "First Vehicle Location": 65,
    "Second Vehicle Location": 66,
    "First Vehicle Speed": 7.222222222222222,
    "Second Vehicle Speed": 10.0,
    "Collision": true,
    "Weather": "ClearNight",
    "Collision Type": "Actor(id=668, type=vehicle.nissan.patrol)",
    "Time to Collision": 6.661287546157837,
    "Speed at Collision": 22.653708336959504,
    "Intensity": 26878.109455639482
  },
  {
    "Scenario Name": "OtherLeadingVehicle_561",
    "Scenario Description": "The scenario realizes a common driving behavior, in which the user-controlled ego vehicle follows a leading car driving down a given road. At some point the leading car has to decelerate. The ego vehicle has to react accordingly by changing lane to avoid a collision and follow the leading car in other lane. The scenario ends either via a timeout, or if the ego vehicle drives some distance.",
    "Map": "Map(name=Carla/Maps/Town05)",
    "First Vehicle Location": 53,
    "Second Vehicle Location": 54,
    "First Vehicle Speed": 13.333333333333332,
    "Second Vehicle Speed": 16.11111111111111,
    "Collision": true,
    "Weather": "HardRainNoon",
    "Collision Type": "Actor(id=674, type=vehicle.nissan.patrol)",
    "Time to Collision": 5.974263668060303,
    "Speed at Collision": 21.22484088126354,
    "Intensity": 22387.674853312543
  },
  {
    "Scenario Name": "OtherLeadingVehicle_563",
    "Scenario Description": "The scenario realizes a common driving behavior, in which the user-controlled ego vehicle follows a leading car driving down a given road. At some point the leading car has to decelerate. The ego vehicle has to react accordingly by changing lane to avoid a collision and follow the leading car in other lane. The scenario ends either via a timeout, or if the ego vehicle drives some distance.",
    "Map": "Map(name=Carla/Maps/Town05)",
    "First Vehicle Location": 78,
    "Second Vehicle Location": 79,
    "First Vehicle Speed": 7.5,
    "Second Vehicle Speed": 10.277777777777777,
    "Collision": true,
    "Weather": "ClearNight",
    "Collision Type": "Actor(id=686, type=vehicle.nissan.patrol)",
    "Time to Collision": 7.573782205581665,
    "Speed at Collision": 23.64929292746159,
    "Intensity": 27084.887514959122
  },
  {
    "Scenario Name": "OtherLeadingVehicle_564",
    "Scenario Description": "The scenario realizes a common driving behavior, in which the user-controlled ego vehicle follows a leading car driving down a given road. At some point the leading car has to decelerate. The ego vehicle has to react accordingly by changing lane to avoid a collision and follow the leading car in other lane. The scenario ends either via a timeout, or if the ego vehicle drives some distance.",
    "Map": "Map(name=Carla/Maps/Town05)",
    "First Vehicle Location": 70,
    "Second Vehicle Location": 71,
    "First Vehicle Speed": 12.5,
    "Second Vehicle Speed": 15.277777777777777,
    "Collision": true,
    "Weather": "ClearNoon",
    "Collision Type": "Actor(id=692, type=vehicle.nissan.patrol)",
    "Time to Collision": 8.503489971160889,
    "Speed at Collision": 26.477190699914143,
    "Intensity": 28769.556300371154
  },
  {
    "Scenario Name": "OtherLeadingVehicle_565",
    "Scenario Description": "The scenario realizes a common driving behavior, in which the user-controlled ego vehicle follows a leading car driving down a given road. At some point the leading car has to decelerate. The ego vehicle has to react accordingly by changing lane to avoid a collision and follow the leading car in other lane. The scenario ends either via a timeout, or if the ego vehicle drives some distance.",
    "Map": "Map(name=Carla/Maps/Town05)",
    "First Vehicle Location": 11,
    "Second Vehicle Location": 12,
    "First Vehicle Speed": 11.666666666666666,
    "Second Vehicle Speed": 14.444444444444445,
    "Collision": true,
    "Weather": "ClearNoon",
    "Collision Type": "Actor(id=698, type=vehicle.nissan.patrol)",
    "Time to Collision": 2.533315896987915,
    "Speed at Collision": 10.078250476195358,
    "Intensity": 8044.529493052036
  },
  {
    "Scenario Name": "OtherLeadingVehicle_567",
    "Scenario Description": "The scenario realizes a common driving behavior, in which the user-controlled ego vehicle follows a leading car driving down a given road. At some point the leading car has to decelerate. The ego vehicle has to react accordingly by changing lane to avoid a collision and follow the leading car in other lane. The scenario ends either via a timeout, or if the ego vehicle drives some distance.",
    "Map": "Map(name=Carla/Maps/Town05)",
    "First Vehicle Location": 11,
    "Second Vehicle Location": 12,
    "First Vehicle Speed": 8.61111111111111,
    "Second Vehicle Speed": 11.38888888888889,
    "Collision": true,
    "Weather": "ClearNoon",
    "Collision Type": "Actor(id=710, type=vehicle.nissan.patrol)",
    "Time to Collision": 2.4343254566192627,
    "Speed at Collision": 9.726930619865565,
    "Intensity": 9165.080536557265
  },
  {
    "Scenario Name": "OtherLeadingVehicle_568",
    "Scenario Description": "The scenario realizes a common driving behavior, in which the user-controlled ego vehicle follows a leading car driving down a given road. At some point the leading car has to decelerate. The ego vehicle has to react accordingly by changing lane to avoid a collision and follow the leading car in other lane. The scenario ends either via a timeout, or if the ego vehicle drives some distance.",
    "Map": "Map(name=Carla/Maps/Town05)",
    "First Vehicle Location": 73,
    "Second Vehicle Location": 74,
    "First Vehicle Speed": 6.111111111111111,
    "Second Vehicle Speed": 8.88888888888889,
    "Collision": true,
    "Weather": "ClearNight",
    "Collision Type": "Actor(id=716, type=vehicle.nissan.patrol)",
    "Time to Collision": 7.582313299179077,
    "Speed at Collision": 17.37794730704562,
    "Intensity": 19640.77406870962
  },
  {
    "Scenario Name": "OtherLeadingVehicle_569",
    "Scenario Description": "The scenario realizes a common driving behavior, in which the user-controlled ego vehicle follows a leading car driving down a given road. At some point the leading car has to decelerate. The ego vehicle has to react accordingly by changing lane to avoid a collision and follow the leading car in other lane. The scenario ends either via a timeout, or if the ego vehicle drives some distance.",
    "Map": "Map(name=Carla/Maps/Town05)",
    "First Vehicle Location": 72,
    "Second Vehicle Location": 73,
    "First Vehicle Speed": 11.944444444444445,
    "Second Vehicle Speed": 14.722222222222221,
    "Collision": true,
    "Weather": "HardRainNight",
    "Collision Type": "Actor(id=722, type=vehicle.nissan.patrol)",
    "Time to Collision": 9.05207109451294,
    "Speed at Collision": 19.90000190383149,
    "Intensity": 20455.582503806072
  },
  {
    "Scenario Name": "OtherLeadingVehicle_570",
    "Scenario Description": "The scenario realizes a common driving behavior, in which the user-controlled ego vehicle follows a leading car driving down a given road. At some point the leading car has to decelerate. The ego vehicle has to react accordingly by changing lane to avoid a collision and follow the leading car in other lane. The scenario ends either via a timeout, or if the ego vehicle drives some distance.",
    "Map": "Map(name=Carla/Maps/Town05)",
    "First Vehicle Location": 17,
    "Second Vehicle Location": 18,
    "First Vehicle Speed": 12.5,
    "Second Vehicle Speed": 15.277777777777777,
    "Collision": true,
    "Weather": "ClearNoon",
    "Collision Type": "Actor(id=728, type=vehicle.nissan.patrol)",
    "Time to Collision": 3.3018388748168945,
    "Speed at Collision": 13.47529772514818,
    "Intensity": 12288.888243130501
  }
]