[
  {
    "Scenario Name": "OtherLeadingVehicle_300",
    "Scenario Description": "The scenario realizes a common driving behavior, in which the user-controlled ego vehicle follows a leading car driving down a given road. At some point the leading car has to decelerate. The ego vehicle has to react accordingly by changing lane to avoid a collision and follow the leading car in other lane. The scenario ends either via a timeout, or if the ego vehicle drives some distance.",
    "Map": "Map(name=Carla/Maps/Town05)",
    "First Vehicle Location": 13,
    "Second Vehicle Location": 14,
    "First Vehicle Speed": 16.11111111111111,
    "Second Vehicle Speed": 18.88888888888889,
    "Collision": false,
    "Weather": "HardRainNoon"
  },
  {
    "Scenario Name": "OtherLeadingVehicle_304",
    "Scenario Description": "The scenario realizes a common driving behavior, in which the user-controlled ego vehicle follows a leading car driving down a given road. At some point the leading car has to decelerate. The ego vehicle has to react accordingly by changing lane to avoid a collision and follow the leading car in other lane. The scenario ends either via a timeout, or if the ego vehicle drives some distance.",
    "Map": "Map(name=Carla/Maps/Town05)",
    "First Vehicle Location": 67,
    "Second Vehicle Location": 68,
    "First Vehicle Speed": 14.722222222222221,
    "Second Vehicle Speed": 17.5,
    "Collision": false,
    "Weather": "ClearNight"
  },
  {
    "Scenario Name": "OtherLeadingVehicle_309",
    "Scenario Description": "The scenario realizes a common driving behavior, in which the user-controlled ego vehicle follows a leading car driving down a given road. At some point the leading car has to decelerate. The ego vehicle has to react accordingly by changing lane to avoid a collision and follow the leading car in other lane. The scenario ends either via a timeout, or if the ego vehicle drives some distance.",
    "Map": "Map(name=Carla/Maps/Town05)",
    "First Vehicle Location": 41,
    "Second Vehicle Location": 42,
    "First Vehicle Speed": 7.5,
    "Second Vehicle Speed": 10.277777777777777,
    "Collision": false,
    "Weather": "HardRainNight"
  },
  {
    "Scenario Name": "OtherLeadingVehicle_319",
    "Scenario Description": "The scenario realizes a common driving behavior, in which the user-controlled ego vehicle follows a leading car driving down a given road. At some point the leading car has to decelerate. The ego vehicle has to react accordingly by changing lane to avoid a collision and follow the leading car in other lane. The scenario ends either via a timeout, or if the ego vehicle drives some distance.",
    "Map": "Map(name=Carla/Maps/Town05)",
    "First Vehicle Location": 25,
    "Second Vehicle Location": 26,
    "First Vehicle Speed": 10.833333333333334,
    "Second Vehicle Speed": 13.61111111111111,
    "Collision": false,
    "Weather": "ClearNoon"
  },
  {
    "Scenario Name": "OtherLeadingVehicle_321",
    "Scenario Description": "The scenario realizes a common driving behavior, in which the user-controlled ego vehicle follows a leading car driving down a given road. At some point the leading car has to decelerate. The ego vehicle has to react accordingly by changing lane to avoid a collision and follow the leading car in other lane. The scenario ends either via a timeout, or if the ego vehicle drives some distance.",
    "Map": "Map(name=Carla/Maps/Town05)",
    "First Vehicle Location": 95,
    "Second Vehicle Location": 96,
    "First Vehicle Speed": 14.166666666666666,
    "Second Vehicle Speed": 16.944444444444443,
    "Collision": false,
    "Weather": "ClearNight"
  },
  {
    "Scenario Name": "OtherLeadingVehicle_323",
    "Scenario Description": "The scenario realizes a common driving behavior, in which the user-controlled ego vehicle follows a leading car driving down a given road. At some point the leading car has to decelerate. The ego vehicle has to react accordingly by changing lane to avoid a collision and follow the leading car in other lane. The scenario ends either via a timeout, or if the ego vehicle drives some distance.",
    "Map": "Map(name=Carla/Maps/Town05)",
    "First Vehicle Location": 99,
    "Second Vehicle Location": 100,
    "First Vehicle Speed": 11.38888888888889,
    "Second Vehicle Speed": 14.166666666666666,
    "Collision": false,
    "Weather": "HardRainNight"
  },
  {
    "Scenario Name": "OtherLeadingVehicle_329",
    "Scenario Description": "The scenario realizes a common driving behavior, in which the user-controlled ego vehicle follows a leading car driving down a given road. At some point the leading car has to decelerate. The ego vehicle has to react accordingly by changing lane to avoid a collision and follow the leading car in other lane. The scenario ends either via a timeout, or if the ego vehicle drives some distance.",
    "Map": "Map(name=Carla/Maps/Town05)",
    "First Vehicle Location": 67,
    "Second Vehicle Location": 68,
    "First Vehicle Speed": 10.0,
    "Second Vehicle Speed": 12.777777777777777,
    "Collision": false,
    "Weather": "ClearNight"
  },
  {
    "Scenario Name": "OtherLeadingVehicle_331",
    "Scenario Description": "The scenario realizes a common driving behavior, in which the user-controlled ego vehicle follows a leading car driving down a given road. At some point the leading car has to decelerate. The ego vehicle has to react accordingly by changing lane to avoid a collision and follow the leading car in other lane. The scenario ends either via a timeout, or if the ego vehicle drives some distance.",
    "Map": "Map(name=Carla/Maps/Town05)",
    "First Vehicle Location": 74,
    "Second Vehicle Location": 75,
    "First Vehicle Speed": 12.5,
    "Second Vehicle Speed": 15.277777777777777,
    "Collision": false,
    "Weather": "HardRainNoon"
  },
  {
    "Scenario Name": "OtherLeadingVehicle_337",
    "Scenario Description": "The scenario realizes a common driving behavior, in which the user-controlled ego vehicle follows a leading car driving down a given road. At some point the leading car has to decelerate. The ego vehicle has to react accordingly by changing lane to avoid a collision and follow the leading car in other lane. The scenario ends either via a timeout, or if the ego vehicle drives some distance.",
    "Map": "Map(name=Carla/Maps/Town05)",
    "First Vehicle Location": 17,
    "Second Vehicle Location": 18,
    "First Vehicle Speed": 16.11111111111111,
    "Second Vehicle Speed": 18.88888888888889,
    "Collision": false,
    "Weather": "HardRainNoon"
  },
  {
    "Scenario Name": "OtherLeadingVehicle_339",
    "Scenario Description": "The scenario realizes a common driving behavior, in which the user-controlled ego vehicle follows a leading car driving down a given road. At some point the leading car has to decelerate. The ego vehicle has to react accordingly by changing lane to avoid a collision and follow the leading car in other lane. The scenario ends either via a timeout, or if the ego vehicle drives some distance.",
    "Map": "Map(name=Carla/Maps/Town05)",
    "First Vehicle Location": 24,
    "Second Vehicle Location": 25,
    "First Vehicle Speed": 11.11111111111111,
    "Second Vehicle Speed": 13.88888888888889,
    "Collision": false,
    "Weather": "HardRainNoon"
  },
  {
    "Scenario Name": "OtherLeadingVehicle_341",
    "Scenario Description": "The scenario realizes a common driving behavior, in which the user-controlled ego vehicle follows a leading car driving down a given road. At some point the leading car has to decelerate. The ego vehicle has to react accordingly by changing lane to avoid a collision and follow the leading car in other lane. The scenario ends either via a timeout, or if the ego vehicle drives some distance.",
    "Map": "Map(name=Carla/Maps/Town05)",
    "First Vehicle Location": 98,
    "Second Vehicle Location": 99,
    "First Vehicle Speed": 6.111111111111111,
    "Second Vehicle Speed": 8.88888888888889,
    "Collision": false,
    "Weather": "ClearNight"
  },
  {
    "Scenario Name": "OtherLeadingVehicle_351",
    "Scenario Description": "The scenario realizes a common driving behavior, in which the user-controlled ego vehicle follows a leading car driving down a given road. At some point the leading car has to decelerate. The ego vehicle has to react accordingly by changing lane to avoid a collision and follow the leading car in other lane. The scenario ends either via a timeout, or if the ego vehicle drives some distance.",
    "Map": "Map(name=Carla/Maps/Town05)",
    "First Vehicle Location": 53,
    "Second Vehicle Location": 54,
    "First Vehicle Speed": 11.38888888888889,
    "Second Vehicle Speed": 14.166666666666666,
    "Collision": false,
    "Weather": "HardRainNoon"
  },
  {
    "Scenario Name": "OtherLeadingVehicle_353",
    "Scenario Description": "The scenario realizes a common driving behavior, in which the user-controlled ego vehicle follows a leading car driving down a given road. At some point the leading car has to decelerate. The ego vehicle has to react accordingly by changing lane to avoid a collision and follow the leading car in other lane. The scenario ends either via a timeout, or if the ego vehicle drives some distance.",
    "Map": "Map(name=Carla/Maps/Town05)",
    "First Vehicle Location": 61,
    "Second Vehicle Location": 62,
    "First Vehicle Speed": 15.0,
    "Second Vehicle Speed": 17.77777777777778,
    "Collision": false,
    "Weather": "HardRainNoon"
  },
  {
    "Scenario Name": "OtherLeadingVehicle_354",
    "Scenario Description": "The scenario realizes a common driving behavior, in which the user-controlled ego vehicle follows a leading car driving down a given road. At some point the leading car has to decelerate. The ego vehicle has to react accordingly by changing lane to avoid a collision and follow the leading car in other lane. The scenario ends either via a timeout, or if the ego vehicle drives some distance.",
    "Map": "Map(name=Carla/Maps/Town05)",
    "First Vehicle Location": 92,
    "Second Vehicle Location": 93,
    "First Vehicle Speed": 16.38888888888889,
    "Second Vehicle Speed": 19.166666666666668,
    "Collision": false,
    "Weather": "ClearNoon"
  },
  {
    "Scenario Name": "OtherLeadingVehicle_358",
    "Scenario Description": "The scenario realizes a common driving behavior, in which the user-controlled ego vehicle follows a leading car driving down a given road. At some point the leading car has to decelerate. The ego vehicle has to react accordingly by changing lane to avoid a collision and follow the leading car in other lane. The scenario ends either via a timeout, or if the ego vehicle drives some distance.",
    "Map": "Map(name=Carla/Maps/Town05)",
    "First Vehicle Location": 85,
    "Second Vehicle Location": 86,
    "First Vehicle Speed": 5.833333333333333,
    "Second Vehicle Speed": 8.61111111111111,
    "Collision": false,
    "Weather": "HardRainNoon"
  },
  {
    "Scenario Name": "OtherLeadingVehicle_359",
    "Scenario Description": "The scenario realizes a common driving behavior, in which the user-controlled ego vehicle follows a leading car driving down a given road. At some point the leading car has to decelerate. The ego vehicle has to react accordingly by changing lane to avoid a collision and follow the leading car in other lane. The scenario ends either via a timeout, or if the ego vehicle drives some distance.",
    "Map": "Map(name=Carla/Maps/Town05)",
    "First Vehicle Location": 53,
    "Second Vehicle Location": 54,
    "First Vehicle Speed": 3.333333333333333,
    "Second Vehicle Speed": 6.111111111111111,
    "Collision": false,
    "Weather": "ClearNight"
  },
  {
    "Scenario Name": "OtherLeadingVehicle_378",
    "Scenario Description": "The scenario realizes a common driving behavior, in which the user-controlled ego vehicle follows a leading car driving down a given road. At some point the leading car has to decelerate. The ego vehicle has to react accordingly by changing lane to avoid a collision and follow the leading car in other lane. The scenario ends either via a timeout, or if the ego vehicle drives some distance.",
    "Map": "Map(name=Carla/Maps/Town05)",
    "First Vehicle Location": 79,
    "Second Vehicle Location": 80,
    "First Vehicle Speed": 13.61111111111111,
    "Second Vehicle Speed": 16.38888888888889,
    "Collision": false,
    "Weather": "HardRainNight"
  },
  {
    "Scenario Name": "OtherLeadingVehicle_381",
    "Scenario Description": "The scenario realizes a common driving behavior, in which the user-controlled ego vehicle follows a leading car driving down a given road. At some point the leading car has to decelerate. The ego vehicle has to react accordingly by changing lane to avoid a collision and follow the leading car in other lane. The scenario ends either via a timeout, or if the ego vehicle drives some distance.",
    "Map": "Map(name=Carla/Maps/Town05)",
    "First Vehicle Location": 64,
    "Second Vehicle Location": 65,
    "First Vehicle Speed": 9.722222222222221,
    "Second Vehicle Speed": 12.5,
    "Collision": false,
    "Weather": "ClearNoon"
  },
  {
    "Scenario Name": "OtherLeadingVehicle_382",
    "Scenario Description": "The scenario realizes a common driving behavior, in which the user-controlled ego vehicle follows a leading car driving down a given road. At some point the leading car has to decelerate. The ego vehicle has to react accordingly by changing lane to avoid a collision and follow the leading car in other lane. The scenario ends either via a timeout, or if the ego vehicle drives some distance.",
    "Map": "Map(name=Carla/Maps/Town05)",
    "First Vehicle Location": 60,
    "Second Vehicle Location": 61,
    "First Vehicle Speed": 6.944444444444445,
    "Second Vehicle Speed": 9.722222222222221,
    "Collision": false,
    "Weather": "ClearNoon"
  },
  {
    "Scenario Name": "OtherLeadingVehicle_386",
    "Scenario Description": "The scenario realizes a common driving behavior, in which the user-controlled ego vehicle follows a leading car driving down a given road. At some point the leading car has to decelerate. The ego vehicle has to react accordingly by changing lane to avoid a collision and follow the leading car in other lane. The scenario ends either via a timeout, or if the ego vehicle drives some distance.",
    "Map": "Map(name=Carla/Maps/Town05)",
    "First Vehicle Location": 87,
    "Second Vehicle Location": 88,
    "First Vehicle Speed": 12.222222222222221,
    "Second Vehicle Speed": 15.0,
    "Collision": false,
    "Weather": "HardRainNight"
  },
  {
    "Scenario Name": "OtherLeadingVehicle_387",
    "Scenario Description": "The scenario realizes a common driving behavior, in which the user-controlled ego vehicle follows a leading car driving down a given road. At some point the leading car has to decelerate. The ego vehicle has to react accordingly by changing lane to avoid a collision and follow the leading car in other lane. The scenario ends either via a timeout, or if the ego vehicle drives some distance.",
    "Map": "Map(name=Carla/Maps/Town05)",
    "First Vehicle Location": 87,
    "Second Vehicle Location": 88,
    "First Vehicle Speed": 8.055555555555555,
    "Second Vehicle Speed": 10.833333333333334,
    "Collision": false,
    "Weather": "ClearNight"
  },
  {
    "Scenario Name": "OtherLeadingVehicle_395",
    "Scenario Description": "The scenario realizes a common driving behavior, in which the user-controlled ego vehicle follows a leading car driving down a given road. At some point the leading car has to decelerate. The ego vehicle has to react accordingly by changing lane to avoid a collision and follow the leading car in other lane. The scenario ends either via a timeout, or if the ego vehicle drives some distance.",
    "Map": "Map(name=Carla/Maps/Town05)",
    "First Vehicle Location": 83,
    "Second Vehicle Location": 84,
    "First Vehicle Speed": 8.61111111111111,
    "Second Vehicle Speed": 11.38888888888889,
    "Collision": false,
    "Weather": "HardRainNight"
  },
  {
    "Scenario Name": "OtherLeadingVehicle_399",
    "Scenario Description": "The scenario realizes a common driving behavior, in which the user-controlled ego vehicle follows a leading car driving down a given road. At some point the leading car has to decelerate. The ego vehicle has to react accordingly by changing lane to avoid a collision and follow the leading car in other lane. The scenario ends either via a timeout, or if the ego vehicle drives some distance.",
    "Map": "Map(name=Carla/Maps/Town05)",
    "First Vehicle Location": 84,
    "Second Vehicle Location": 85,
    "First Vehicle Speed": 8.055555555555555,
    "Second Vehicle Speed": 10.833333333333334,
    "Collision": false,
    "Weather": "ClearNoon"
  }
]