[
  {
    "Scenario Name": "OtherLeadingVehicle_409",
    "Scenario Description": "The scenario realizes a common driving behavior, in which the user-controlled ego vehicle follows a leading car driving down a given road. At some point the leading car has to decelerate. The ego vehicle has to react accordingly by changing lane to avoid a collision and follow the leading car in other lane. The scenario ends either via a timeout, or if the ego vehicle drives some distance.",
    "Map": "Map(name=Carla/Maps/Town05)",
    "First Vehicle Location": 40,
    "Second Vehicle Location": 41,
    "First Vehicle Speed": 14.722222222222221,
    "Second Vehicle Speed": 17.5,
    "Collision": false,
    "Weather": "HardRainNoon"
  },
  {
    "Scenario Name": "OtherLeadingVehicle_412",
    "Scenario Description": "The scenario realizes a common driving behavior, in which the user-controlled ego vehicle follows a leading car driving down a given road. At some point the leading car has to decelerate. The ego vehicle has to react accordingly by changing lane to avoid a collision and follow the leading car in other lane. The scenario ends either via a timeout, or if the ego vehicle drives some distance.",
    "Map": "Map(name=Carla/Maps/Town05)",
    "First Vehicle Location": 71,
    "Second Vehicle Location": 72,
    "First Vehicle Speed": 14.166666666666666,
    "Second Vehicle Speed": 16.944444444444443,
    "Collision": false,
    "Weather": "ClearNoon"
  },
  {
    "Scenario Name": "OtherLeadingVehicle_414",
    "Scenario Description": "The scenario realizes a common driving behavior, in which the user-controlled ego vehicle follows a leading car driving down a given road. At some point the leading car has to decelerate. The ego vehicle has to react accordingly by changing lane to avoid a collision and follow the leading car in other lane. The scenario ends either via a timeout, or if the ego vehicle drives some distance.",
    "Map": "Map(name=Carla/Maps/Town05)",
    "First Vehicle Location": 94,
    "Second Vehicle Location": 95,
    "First Vehicle Speed": 13.055555555555555,
    "Second Vehicle Speed": 15.833333333333332,
    "Collision": false,
    "Weather": "HardRainNoon"
  },
  {
    "Scenario Name": "OtherLeadingVehicle_425",
    "Scenario Description": "The scenario realizes a common driving behavior, in which the user-controlled ego vehicle follows a leading car driving down a given road. At some point the leading car has to decelerate. The ego vehicle has to react accordingly by changing lane to avoid a collision and follow the leading car in other lane. The scenario ends either via a timeout, or if the ego vehicle drives some distance.",
    "Map": "Map(name=Carla/Maps/Town05)",
    "First Vehicle Location": 65,
    "Second Vehicle Location": 66,
    "First Vehicle Speed": 3.888888888888889,
    "Second Vehicle Speed": 6.666666666666666,
    "Collision": false,
    "Weather": "HardRainNight"
  },
  {
    "Scenario Name": "OtherLeadingVehicle_428",
    "Scenario Description": "The scenario realizes a common driving behavior, in which the user-controlled ego vehicle follows a leading car driving down a given road. At some point the leading car has to decelerate. The ego vehicle has to react accordingly by changing lane to avoid a collision and follow the leading car in other lane. The scenario ends either via a timeout, or if the ego vehicle drives some distance.",
    "Map": "Map(name=Carla/Maps/Town05)",
    "First Vehicle Location": 98,
    "Second Vehicle Location": 99,
    "First Vehicle Speed": 10.0,
    "Second Vehicle Speed": 12.777777777777777,
    "Collision": false,
    "Weather": "ClearNight"
  },
  {
    "Scenario Name": "OtherLeadingVehicle_431",
    "Scenario Description": "The scenario realizes a common driving behavior, in which the user-controlled ego vehicle follows a leading car driving down a given road. At some point the leading car has to decelerate. The ego vehicle has to react accordingly by changing lane to avoid a collision and follow the leading car in other lane. The scenario ends either via a timeout, or if the ego vehicle drives some distance.",
    "Map": "Map(name=Carla/Maps/Town05)",
    "First Vehicle Location": 42,
    "Second Vehicle Location": 43,
    "First Vehicle Speed": 9.166666666666666,
    "Second Vehicle Speed": 11.944444444444445,
    "Collision": false,
    "Weather": "ClearNight"
  },
  {
    "Scenario Name": "OtherLeadingVehicle_439",
    "Scenario Description": "The scenario realizes a common driving behavior, in which the user-controlled ego vehicle follows a leading car driving down a given road. At some point the leading car has to decelerate. The ego vehicle has to react accordingly by changing lane to avoid a collision and follow the leading car in other lane. The scenario ends either via a timeout, or if the ego vehicle drives some distance.",
    "Map": "Map(name=Carla/Maps/Town05)",
    "First Vehicle Location": 73,
    "Second Vehicle Location": 74,
    "First Vehicle Speed": 10.555555555555555,
    "Second Vehicle Speed": 13.333333333333332,
    "Collision": false,
    "Weather": "ClearNight"
  },
  {
    "Scenario Name": "OtherLeadingVehicle_446",
    "Scenario Description": "The scenario realizes a common driving behavior, in which the user-controlled ego vehicle follows a leading car driving down a given road. At some point the leading car has to decelerate. The ego vehicle has to react accordingly by changing lane to avoid a collision and follow the leading car in other lane. The scenario ends either via a timeout, or if the ego vehicle drives some distance.",
    "Map": "Map(name=Carla/Maps/Town05)",
    "First Vehicle Location": 100,
    "Second Vehicle Location": 101,
    "First Vehicle Speed": 11.666666666666666,
    "Second Vehicle Speed": 14.444444444444445,
    "Collision": false,
    "Weather": "ClearNoon"
  },
  {
    "Scenario Name": "OtherLeadingVehicle_448",
    "Scenario Description": "The scenario realizes a common driving behavior, in which the user-controlled ego vehicle follows a leading car driving down a given road. At some point the leading car has to decelerate. The ego vehicle has to react accordingly by changing lane to avoid a collision and follow the leading car in other lane. The scenario ends either via a timeout, or if the ego vehicle drives some distance.",
    "Map": "Map(name=Carla/Maps/Town05)",
    "First Vehicle Location": 73,
    "Second Vehicle Location": 74,
    "First Vehicle Speed": 15.277777777777777,
    "Second Vehicle Speed": 18.055555555555554,
    "Collision": false,
    "Weather": "ClearNoon"
  },
  {
    "Scenario Name": "OtherLeadingVehicle_455",
    "Scenario Description": "The scenario realizes a common driving behavior, in which the user-controlled ego vehicle follows a leading car driving down a given road. At some point the leading car has to decelerate. The ego vehicle has to react accordingly by changing lane to avoid a collision and follow the leading car in other lane. The scenario ends either via a timeout, or if the ego vehicle drives some distance.",
    "Map": "Map(name=Carla/Maps/Town05)",
    "First Vehicle Location": 94,
    "Second Vehicle Location": 95,
    "First Vehicle Speed": 13.61111111111111,
    "Second Vehicle Speed": 16.38888888888889,
    "Collision": false,
    "Weather": "HardRainNight"
  },
  {
    "Scenario Name": "OtherLeadingVehicle_456",
    "Scenario Description": "The scenario realizes a common driving behavior, in which the user-controlled ego vehicle follows a leading car driving down a given road. At some point the leading car has to decelerate. The ego vehicle has to react accordingly by changing lane to avoid a collision and follow the leading car in other lane. The scenario ends either via a timeout, or if the ego vehicle drives some distance.",
    "Map": "Map(name=Carla/Maps/Town05)",
    "First Vehicle Location": 42,
    "Second Vehicle Location": 43,
    "First Vehicle Speed": 3.611111111111111,
    "Second Vehicle Speed": 6.388888888888888,
    "Collision": false,
    "Weather": "ClearNoon"
  },
  {
    "Scenario Name": "OtherLeadingVehicle_462",
    "Scenario Description": "The scenario realizes a common driving behavior, in which the user-controlled ego vehicle follows a leading car driving down a given road. At some point the leading car has to decelerate. The ego vehicle has to react accordingly by changing lane to avoid a collision and follow the leading car in other lane. The scenario ends either via a timeout, or if the ego vehicle drives some distance.",
    "Map": "Map(name=Carla/Maps/Town05)",
    "First Vehicle Location": 83,
    "Second Vehicle Location": 84,
    "First Vehicle Speed": 15.833333333333332,
    "Second Vehicle Speed": 18.61111111111111,
    "Collision": false,
    "Weather": "HardRainNoon"
  },
  {
    "Scenario Name": "OtherLeadingVehicle_464",
    "Scenario Description": "The scenario realizes a common driving behavior, in which the user-controlled ego vehicle follows a leading car driving down a given road. At some point the leading car has to decelerate. The ego vehicle has to react accordingly by changing lane to avoid a collision and follow the leading car in other lane. The scenario ends either via a timeout, or if the ego vehicle drives some distance.",
    "Map": "Map(name=Carla/Maps/Town05)",
    "First Vehicle Location": 38,
    "Second Vehicle Location": 39,
    "First Vehicle Speed": 10.277777777777777,
    "Second Vehicle Speed": 13.055555555555555,
    "Collision": false,
    "Weather": "HardRainNight"
  },
  {
    "Scenario Name": "OtherLeadingVehicle_468",
    "Scenario Description": "The scenario realizes a common driving behavior, in which the user-controlled ego vehicle follows a leading car driving down a given road. At some point the leading car has to decelerate. The ego vehicle has to react accordingly by changing lane to avoid a collision and follow the leading car in other lane. The scenario ends either via a timeout, or if the ego vehicle drives some distance.",
    "Map": "Map(name=Carla/Maps/Town05)",
    "First Vehicle Location": 92,
    "Second Vehicle Location": 93,
    "First Vehicle Speed": 6.944444444444445,
    "Second Vehicle Speed": 9.722222222222221,
    "Collision": false,
    "Weather": "ClearNight"
  },
  {
    "Scenario Name": "OtherLeadingVehicle_471",
    "Scenario Description": "The scenario realizes a common driving behavior, in which the user-controlled ego vehicle follows a leading car driving down a given road. At some point the leading car has to decelerate. The ego vehicle has to react accordingly by changing lane to avoid a collision and follow the leading car in other lane. The scenario ends either via a timeout, or if the ego vehicle drives some distance.",
    "Map": "Map(name=Carla/Maps/Town05)",
    "First Vehicle Location": 38,
    "Second Vehicle Location": 39,
    "First Vehicle Speed": 14.166666666666666,
    "Second Vehicle Speed": 16.944444444444443,
    "Collision": false,
    "Weather": "ClearNight"
  }
]