[
  {
    "Scenario Name": "OtherLeadingVehicle_400",
    "Scenario Description": "The scenario realizes a common driving behavior, in which the user-controlled ego vehicle follows a leading car driving down a given road. At some point the leading car has to decelerate. The ego vehicle has to react accordingly by changing lane to avoid a collision and follow the leading car in other lane. The scenario ends either via a timeout, or if the ego vehicle drives some distance.",
    "Map": "Map(name=Carla/Maps/Town05)",
    "First Vehicle Location": 39,
    "Second Vehicle Location": 40,
    "First Vehicle Speed": 10.277777777777777,
    "Second Vehicle Speed": 13.055555555555555,
    "Collision": true,
    "Weather": "HardRainNoon",
    "Collision Type": "Actor(id=1460, type=vehicle.nissan.patrol)",
    "Time to Collision": 8.509161472320557,
    "Speed at Collision": 7.774509813123626,
    "Intensity": 5996.92814716238
  },
  {
    "Scenario Name": "OtherLeadingVehicle_401",
    "Scenario Description": "The scenario realizes a common driving behavior, in which the user-controlled ego vehicle follows a leading car driving down a given road. At some point the leading car has to decelerate. The ego vehicle has to react accordingly by changing lane to avoid a collision and follow the leading car in other lane. The scenario ends either via a timeout, or if the ego vehicle drives some distance.",
    "Map": "Map(name=Carla/Maps/Town05)",
    "First Vehicle Location": 46,
    "Second Vehicle Location": 47,
    "First Vehicle Speed": 15.0,
    "Second Vehicle Speed": 17.77777777777778,
    "Collision": true,
    "Weather": "ClearNight",
    "Collision Type": "Actor(id=1466, type=vehicle.nissan.patrol)",
    "Time to Collision": 5.741969108581543,
    "Speed at Collision": 18.440242868441125,
    "Intensity": 17576.12531105389
  },
  {
    "Scenario Name": "OtherLeadingVehicle_402",
    "Scenario Description": "The scenario realizes a common driving behavior, in which the user-controlled ego vehicle follows a leading car driving down a given road. At some point the leading car has to decelerate. The ego vehicle has to react accordingly by changing lane to avoid a collision and follow the leading car in other lane. The scenario ends either via a timeout, or if the ego vehicle drives some distance.",
    "Map": "Map(name=Carla/Maps/Town05)",
    "First Vehicle Location": 75,
    "Second Vehicle Location": 76,
    "First Vehicle Speed": 3.0555555555555554,
    "Second Vehicle Speed": 5.833333333333333,
    "Collision": true,
    "Weather": "HardRainNight",
    "Collision Type": "Actor(id=1472, type=vehicle.nissan.patrol)",
    "Time to Collision": 7.509762525558472,
    "Speed at Collision": 15.25770523523752,
    "Intensity": 18359.812266019195
  },
  {
    "Scenario Name": "OtherLeadingVehicle_403",
    "Scenario Description": "The scenario realizes a common driving behavior, in which the user-controlled ego vehicle follows a leading car driving down a given road. At some point the leading car has to decelerate. The ego vehicle has to react accordingly by changing lane to avoid a collision and follow the leading car in other lane. The scenario ends either via a timeout, or if the ego vehicle drives some distance.",
    "Map": "Map(name=Carla/Maps/Town05)",
    "First Vehicle Location": 15,
    "Second Vehicle Location": 16,
    "First Vehicle Speed": 7.5,
    "Second Vehicle Speed": 10.277777777777777,
    "Collision": true,
    "Weather": "HardRainNoon",
    "Collision Type": "Actor(id=1478, type=vehicle.nissan.patrol)",
    "Time to Collision": 4.6463987827301025,
    "Speed at Collision": 5.229285281905479,
    "Intensity": 3925.7341175114943
  },
  {
    "Scenario Name": "OtherLeadingVehicle_404",
    "Scenario Description": "The scenario realizes a common driving behavior, in which the user-controlled ego vehicle follows a leading car driving down a given road. At some point the leading car has to decelerate. The ego vehicle has to react accordingly by changing lane to avoid a collision and follow the leading car in other lane. The scenario ends either via a timeout, or if the ego vehicle drives some distance.",
    "Map": "Map(name=Carla/Maps/Town05)",
    "First Vehicle Location": 49,
    "Second Vehicle Location": 50,
    "First Vehicle Speed": 7.777777777777778,
    "Second Vehicle Speed": 10.555555555555555,
    "Collision": true,
    "Weather": "HardRainNoon",
    "Collision Type": "Actor(id=1484, type=vehicle.nissan.patrol)",
    "Time to Collision": 5.748699426651001,
    "Speed at Collision": 14.97428494210031,
    "Intensity": 16154.26239158253
  },
  {
    "Scenario Name": "OtherLeadingVehicle_405",
    "Scenario Description": "The scenario realizes a common driving behavior, in which the user-controlled ego vehicle follows a leading car driving down a given road. At some point the leading car has to decelerate. The ego vehicle has to react accordingly by changing lane to avoid a collision and follow the leading car in other lane. The scenario ends either via a timeout, or if the ego vehicle drives some distance.",
    "Map": "Map(name=Carla/Maps/Town05)",
    "First Vehicle Location": 39,
    "Second Vehicle Location": 40,
    "First Vehicle Speed": 11.11111111111111,
    "Second Vehicle Speed": 13.88888888888889,
    "Collision": true,
    "Weather": "ClearNoon",
    "Collision Type": "Actor(id=1490, type=vehicle.nissan.patrol)",
    "Time to Collision": 5.3336474895477295,
    "Speed at Collision": 14.168538306894307,
    "Intensity": 13694.142271115319
  },
  {
    "Scenario Name": "OtherLeadingVehicle_406",
    "Scenario Description": "The scenario realizes a common driving behavior, in which the user-controlled ego vehicle follows a leading car driving down a given road. At some point the leading car has to decelerate. The ego vehicle has to react accordingly by changing lane to avoid a collision and follow the leading car in other lane. The scenario ends either via a timeout, or if the ego vehicle drives some distance.",
    "Map": "Map(name=Carla/Maps/Town05)",
    "First Vehicle Location": 26,
    "Second Vehicle Location": 27,
    "First Vehicle Speed": 10.0,
    "Second Vehicle Speed": 12.777777777777777,
    "Collision": true,
    "Weather": "ClearNight",
    "Collision Type": "Actor(id=1496, type=vehicle.nissan.patrol)",
    "Time to Collision": 6.595994234085083,
    "Speed at Collision": 7.329254611738165,
    "Intensity": 5342.507058159284
  },
  {
    "Scenario Name": "OtherLeadingVehicle_407",
    "Scenario Description": "The scenario realizes a common driving behavior, in which the user-controlled ego vehicle follows a leading car driving down a given road. At some point the leading car has to decelerate. The ego vehicle has to react accordingly by changing lane to avoid a collision and follow the leading car in other lane. The scenario ends either via a timeout, or if the ego vehicle drives some distance.",
    "Map": "Map(name=Carla/Maps/Town05)",
    "First Vehicle Location": 61,
    "Second Vehicle Location": 62,
    "First Vehicle Speed": 8.055555555555555,
    "Second Vehicle Speed": 10.833333333333334,
    "Collision": true,
    "Weather": "ClearNoon",
    "Collision Type": "Actor(id=1502, type=vehicle.nissan.patrol)",
    "Time to Collision": 6.552172660827637,
    "Speed at Collision": 19.239015733472407,
    "Intensity": 21137.4383341662
  },
  {
    "Scenario Name": "OtherLeadingVehicle_408",
    "Scenario Description": "The scenario realizes a common driving behavior, in which the user-controlled ego vehicle follows a leading car driving down a given road. At some point the leading car has to decelerate. The ego vehicle has to react accordingly by changing lane to avoid a collision and follow the leading car in other lane. The scenario ends either via a timeout, or if the ego vehicle drives some distance.",
    "Map": "Map(name=Carla/Maps/Town05)",
    "First Vehicle Location": 40,
    "Second Vehicle Location": 41,
    "First Vehicle Speed": 6.666666666666666,
    "Second Vehicle Speed": 9.444444444444445,
    "Collision": true,
    "Weather": "HardRainNoon",
    "Collision Type": "Actor(id=1508, type=vehicle.nissan.patrol)",
    "Time to Collision": 4.813859462738037,
    "Speed at Collision": 18.11057690393257,
    "Intensity": 20109.582767501135
  },
  {
    "Scenario Name": "OtherLeadingVehicle_410",
    "Scenario Description": "The scenario realizes a common driving behavior, in which the user-controlled ego vehicle follows a leading car driving down a given road. At some point the leading car has to decelerate. The ego vehicle has to react accordingly by changing lane to avoid a collision and follow the leading car in other lane. The scenario ends either via a timeout, or if the ego vehicle drives some distance.",
    "Map": "Map(name=Carla/Maps/Town05)",
    "First Vehicle Location": 46,
    "Second Vehicle Location": 47,
    "First Vehicle Speed": 6.944444444444445,
    "Second Vehicle Speed": 9.722222222222221,
    "Collision": true,
    "Weather": "ClearNight",
    "Collision Type": "Actor(id=1520, type=vehicle.nissan.patrol)",
    "Time to Collision": 6.455624103546143,
    "Speed at Collision": 10.733274927387649,
    "Intensity": 10962.107386158168
  },
  {
    "Scenario Name": "OtherLeadingVehicle_411",
    "Scenario Description": "The scenario realizes a common driving behavior, in which the user-controlled ego vehicle follows a leading car driving down a given road. At some point the leading car has to decelerate. The ego vehicle has to react accordingly by changing lane to avoid a collision and follow the leading car in other lane. The scenario ends either via a timeout, or if the ego vehicle drives some distance.",
    "Map": "Map(name=Carla/Maps/Town05)",
    "First Vehicle Location": 28,
    "Second Vehicle Location": 29,
    "First Vehicle Speed": 12.222222222222221,
    "Second Vehicle Speed": 15.0,
    "Collision": true,
    "Weather": "ClearNoon",
    "Collision Type": "Actor(id=1526, type=vehicle.nissan.patrol)",
    "Time to Collision": 5.920595645904541,
    "Speed at Collision": 8.780839968507332,
    "Intensity": 6502.598141583726
  },
  {
    "Scenario Name": "OtherLeadingVehicle_413",
    "Scenario Description": "The scenario realizes a common driving behavior, in which the user-controlled ego vehicle follows a leading car driving down a given road. At some point the leading car has to decelerate. The ego vehicle has to react accordingly by changing lane to avoid a collision and follow the leading car in other lane. The scenario ends either via a timeout, or if the ego vehicle drives some distance.",
    "Map": "Map(name=Carla/Maps/Town05)",
    "First Vehicle Location": 29,
    "Second Vehicle Location": 30,
    "First Vehicle Speed": 15.833333333333332,
    "Second Vehicle Speed": 18.61111111111111,
    "Collision": true,
    "Weather": "ClearNight",
    "Collision Type": "Actor(id=1538, type=vehicle.nissan.patrol)",
    "Time to Collision": 4.494711399078369,
    "Speed at Collision": 17.20190658359494,
    "Intensity": 17011.370584721855
  },
  {
    "Scenario Name": "OtherLeadingVehicle_415",
    "Scenario Description": "The scenario realizes a common driving behavior, in which the user-controlled ego vehicle follows a leading car driving down a given road. At some point the leading car has to decelerate. The ego vehicle has to react accordingly by changing lane to avoid a collision and follow the leading car in other lane. The scenario ends either via a timeout, or if the ego vehicle drives some distance.",
    "Map": "Map(name=Carla/Maps/Town05)",
    "First Vehicle Location": 17,
    "Second Vehicle Location": 18,
    "First Vehicle Speed": 6.944444444444445,
    "Second Vehicle Speed": 9.722222222222221,
    "Collision": true,
    "Weather": "ClearNoon",
    "Collision Type": "Actor(id=1550, type=vehicle.nissan.patrol)",
    "Time to Collision": 3.1041371822357178,
    "Speed at Collision": 9.997761541691554,
    "Intensity": 10918.630767589631
  },
  {
    "Scenario Name": "OtherLeadingVehicle_416",
    "Scenario Description": "The scenario realizes a common driving behavior, in which the user-controlled ego vehicle follows a leading car driving down a given road. At some point the leading car has to decelerate. The ego vehicle has to react accordingly by changing lane to avoid a collision and follow the leading car in other lane. The scenario ends either via a timeout, or if the ego vehicle drives some distance.",
    "Map": "Map(name=Carla/Maps/Town05)",
    "First Vehicle Location": 90,
    "Second Vehicle Location": 91,
    "First Vehicle Speed": 6.388888888888888,
    "Second Vehicle Speed": 9.166666666666666,
    "Collision": true,
    "Weather": "HardRainNoon",
    "Collision Type": "Actor(id=1556, type=vehicle.nissan.patrol)",
    "Time to Collision": 8.09477710723877,
    "Speed at Collision": 25.588126502515095,
    "Intensity": 30243.3749192752
  },
  {
    "Scenario Name": "OtherLeadingVehicle_417",
    "Scenario Description": "The scenario realizes a common driving behavior, in which the user-controlled ego vehicle follows a leading car driving down a given road. At some point the leading car has to decelerate. The ego vehicle has to react accordingly by changing lane to avoid a collision and follow the leading car in other lane. The scenario ends either via a timeout, or if the ego vehicle drives some distance.",
    "Map": "Map(name=Carla/Maps/Town05)",
    "First Vehicle Location": 35,
    "Second Vehicle Location": 36,
    "First Vehicle Speed": 16.11111111111111,
    "Second Vehicle Speed": 18.88888888888889,
    "Collision": true,
    "Weather": "HardRainNoon",
    "Collision Type": "Actor(id=1562, type=vehicle.nissan.patrol)",
    "Time to Collision": 5.016175746917725,
    "Speed at Collision": 18.810202341663267,
    "Intensity": 17812.733866080795
  },
  {
    "Scenario Name": "OtherLeadingVehicle_418",
    "Scenario Description": "The scenario realizes a common driving behavior, in which the user-controlled ego vehicle follows a leading car driving down a given road. At some point the leading car has to decelerate. The ego vehicle has to react accordingly by changing lane to avoid a collision and follow the leading car in other lane. The scenario ends either via a timeout, or if the ego vehicle drives some distance.",
    "Map": "Map(name=Carla/Maps/Town05)",
    "First Vehicle Location": 45,
    "Second Vehicle Location": 46,
    "First Vehicle Speed": 3.888888888888889,
    "Second Vehicle Speed": 6.666666666666666,
    "Collision": true,
    "Weather": "ClearNoon",
    "Collision Type": "Actor(id=1568, type=vehicle.nissan.patrol)",
    "Time to Collision": 5.342695474624634,
    "Speed at Collision": 12.857579812808876,
    "Intensity": 15195.139864098877
  },
  {
    "Scenario Name": "OtherLeadingVehicle_419",
    "Scenario Description": "The scenario realizes a common driving behavior, in which the user-controlled ego vehicle follows a leading car driving down a given road. At some point the leading car has to decelerate. The ego vehicle has to react accordingly by changing lane to avoid a collision and follow the leading car in other lane. The scenario ends either via a timeout, or if the ego vehicle drives some distance.",
    "Map": "Map(name=Carla/Maps/Town05)",
    "First Vehicle Location": 50,
    "Second Vehicle Location": 51,
    "First Vehicle Speed": 6.944444444444445,
    "Second Vehicle Speed": 9.722222222222221,
    "Collision": true,
    "Weather": "HardRainNight",
    "Collision Type": "Actor(id=1574, type=vehicle.nissan.patrol)",
    "Time to Collision": 5.480977773666382,
    "Speed at Collision": 19.518457914619436,
    "Intensity": 20982.556433422542
  },
  {
    "Scenario Name": "OtherLeadingVehicle_420",
    "Scenario Description": "The scenario realizes a common driving behavior, in which the user-controlled ego vehicle follows a leading car driving down a given road. At some point the leading car has to decelerate. The ego vehicle has to react accordingly by changing lane to avoid a collision and follow the leading car in other lane. The scenario ends either via a timeout, or if the ego vehicle drives some distance.",
    "Map": "Map(name=Carla/Maps/Town05)",
    "First Vehicle Location": 73,
    "Second Vehicle Location": 74,
    "First Vehicle Speed": 8.333333333333334,
    "Second Vehicle Speed": 11.11111111111111,
    "Collision": true,
    "Weather": "ClearNight",
    "Collision Type": "Actor(id=1580, type=vehicle.nissan.patrol)",
    "Time to Collision": 11.328529119491577,
    "Speed at Collision": 12.587681221948575,
    "Intensity": 12780.147040275862
  },
  {
    "Scenario Name": "OtherLeadingVehicle_421",
    "Scenario Description": "The scenario realizes a common driving behavior, in which the user-controlled ego vehicle follows a leading car driving down a given road. At some point the leading car has to decelerate. The ego vehicle has to react accordingly by changing lane to avoid a collision and follow the leading car in other lane. The scenario ends either via a timeout, or if the ego vehicle drives some distance.",
    "Map": "Map(name=Carla/Maps/Town05)",
    "First Vehicle Location": 69,
    "Second Vehicle Location": 70,
    "First Vehicle Speed": 3.333333333333333,
    "Second Vehicle Speed": 6.111111111111111,
    "Collision": true,
    "Weather": "HardRainNoon",
    "Collision Type": "Actor(id=1586, type=vehicle.nissan.patrol)",
    "Time to Collision": 6.383888244628906,
    "Speed at Collision": 20.345673179727275,
    "Intensity": 24875.78598803951
  },
  {
    "Scenario Name": "OtherLeadingVehicle_422",
    "Scenario Description": "The scenario realizes a common driving behavior, in which the user-controlled ego vehicle follows a leading car driving down a given road. At some point the leading car has to decelerate. The ego vehicle has to react accordingly by changing lane to avoid a collision and follow the leading car in other lane. The scenario ends either via a timeout, or if the ego vehicle drives some distance.",
    "Map": "Map(name=Carla/Maps/Town05)",
    "First Vehicle Location": 46,
    "Second Vehicle Location": 47,
    "First Vehicle Speed": 13.61111111111111,
    "Second Vehicle Speed": 16.38888888888889,
    "Collision": true,
    "Weather": "ClearNoon",
    "Collision Type": "Actor(id=1592, type=vehicle.nissan.patrol)",
    "Time to Collision": 5.906018972396851,
    "Speed at Collision": 16.063083373249857,
    "Intensity": 14867.141230449379
  },
  {
    "Scenario Name": "OtherLeadingVehicle_423",
    "Scenario Description": "The scenario realizes a common driving behavior, in which the user-controlled ego vehicle follows a leading car driving down a given road. At some point the leading car has to decelerate. The ego vehicle has to react accordingly by changing lane to avoid a collision and follow the leading car in other lane. The scenario ends either via a timeout, or if the ego vehicle drives some distance.",
    "Map": "Map(name=Carla/Maps/Town05)",
    "First Vehicle Location": 44,
    "Second Vehicle Location": 45,
    "First Vehicle Speed": 12.777777777777777,
    "Second Vehicle Speed": 15.555555555555555,
    "Collision": true,
    "Weather": "ClearNoon",
    "Collision Type": "Actor(id=1598, type=vehicle.nissan.patrol)",
    "Time to Collision": 5.472109317779541,
    "Speed at Collision": 17.6606733727437,
    "Intensity": 17502.05893893009
  },
  {
    "Scenario Name": "OtherLeadingVehicle_424",
    "Scenario Description": "The scenario realizes a common driving behavior, in which the user-controlled ego vehicle follows a leading car driving down a given road. At some point the leading car has to decelerate. The ego vehicle has to react accordingly by changing lane to avoid a collision and follow the leading car in other lane. The scenario ends either via a timeout, or if the ego vehicle drives some distance.",
    "Map": "Map(name=Carla/Maps/Town05)",
    "First Vehicle Location": 83,
    "Second Vehicle Location": 84,
    "First Vehicle Speed": 16.11111111111111,
    "Second Vehicle Speed": 18.88888888888889,
    "Collision": true,
    "Weather": "ClearNight",
    "Collision Type": "Actor(id=1604, type=vehicle.nissan.patrol)",
    "Time to Collision": 11.584532260894775,
    "Speed at Collision": 22.055640415342616,
    "Intensity": 21785.99355416241
  },
  {
    "Scenario Name": "OtherLeadingVehicle_426",
    "Scenario Description": "The scenario realizes a common driving behavior, in which the user-controlled ego vehicle follows a leading car driving down a given road. At some point the leading car has to decelerate. The ego vehicle has to react accordingly by changing lane to avoid a collision and follow the leading car in other lane. The scenario ends either via a timeout, or if the ego vehicle drives some distance.",
    "Map": "Map(name=Carla/Maps/Town05)",
    "First Vehicle Location": 48,
    "Second Vehicle Location": 49,
    "First Vehicle Speed": 2.7777777777777777,
    "Second Vehicle Speed": 5.555555555555555,
    "Collision": true,
    "Weather": "HardRainNoon",
    "Collision Type": "Actor(id=1616, type=vehicle.nissan.patrol)",
    "Time to Collision": 9.26571798324585,
    "Speed at Collision": 5.683054828600466,
    "Intensity": 11840.024231824214
  },
  {
    "Scenario Name": "OtherLeadingVehicle_427",
    "Scenario Description": "The scenario realizes a common driving behavior, in which the user-controlled ego vehicle follows a leading car driving down a given road. At some point the leading car has to decelerate. The ego vehicle has to react accordingly by changing lane to avoid a collision and follow the leading car in other lane. The scenario ends either via a timeout, or if the ego vehicle drives some distance.",
    "Map": "Map(name=Carla/Maps/Town05)",
    "First Vehicle Location": 80,
    "Second Vehicle Location": 81,
    "First Vehicle Speed": 7.222222222222222,
    "Second Vehicle Speed": 10.0,
    "Collision": true,
    "Weather": "HardRainNight",
    "Collision Type": "Actor(id=1622, type=vehicle.nissan.patrol)",
    "Time to Collision": 14.851377248764038,
    "Speed at Collision": 10.59220979638215,
    "Intensity": 11363.442214293238
  },
  {
    "Scenario Name": "OtherLeadingVehicle_429",
    "Scenario Description": "The scenario realizes a common driving behavior, in which the user-controlled ego vehicle follows a leading car driving down a given road. At some point the leading car has to decelerate. The ego vehicle has to react accordingly by changing lane to avoid a collision and follow the leading car in other lane. The scenario ends either via a timeout, or if the ego vehicle drives some distance.",
    "Map": "Map(name=Carla/Maps/Town05)",
    "First Vehicle Location": 72,
    "Second Vehicle Location": 73,
    "First Vehicle Speed": 5.277777777777778,
    "Second Vehicle Speed": 8.055555555555555,
    "Collision": true,
    "Weather": "ClearNoon",
    "Collision Type": "Actor(id=1634, type=vehicle.nissan.patrol)",
    "Time to Collision": 10.32508635520935,
    "Speed at Collision": 10.637004204932733,
    "Intensity": 11173.979708024359
  },
  {
    "Scenario Name": "OtherLeadingVehicle_430",
    "Scenario Description": "The scenario realizes a common driving behavior, in which the user-controlled ego vehicle follows a leading car driving down a given road. At some point the leading car has to decelerate. The ego vehicle has to react accordingly by changing lane to avoid a collision and follow the leading car in other lane. The scenario ends either via a timeout, or if the ego vehicle drives some distance.",
    "Map": "Map(name=Carla/Maps/Town05)",
    "First Vehicle Location": 15,
    "Second Vehicle Location": 16,
    "First Vehicle Speed": 5.833333333333333,
    "Second Vehicle Speed": 8.61111111111111,
    "Collision": true,
    "Weather": "HardRainNoon",
    "Collision Type": "Actor(id=1640, type=vehicle.nissan.patrol)",
    "Time to Collision": 2.80993914604187,
    "Speed at Collision": 11.418886178108725,
    "Intensity": 12440.351875334316
  },
  {
    "Scenario Name": "OtherLeadingVehicle_432",
    "Scenario Description": "The scenario realizes a common driving behavior, in which the user-controlled ego vehicle follows a leading car driving down a given road. At some point the leading car has to decelerate. The ego vehicle has to react accordingly by changing lane to avoid a collision and follow the leading car in other lane. The scenario ends either via a timeout, or if the ego vehicle drives some distance.",
    "Map": "Map(name=Carla/Maps/Town05)",
    "First Vehicle Location": 76,
    "Second Vehicle Location": 77,
    "First Vehicle Speed": 9.166666666666666,
    "Second Vehicle Speed": 11.944444444444445,
    "Collision": true,
    "Weather": "HardRainNoon",
    "Collision Type": "Actor(id=1652, type=vehicle.nissan.patrol)",
    "Time to Collision": 8.00324821472168,
    "Speed at Collision": 25.290284535594576,
    "Intensity": 28447.371173545496
  },
  {
    "Scenario Name": "OtherLeadingVehicle_433",
    "Scenario Description": "The scenario realizes a common driving behavior, in which the user-controlled ego vehicle follows a leading car driving down a given road. At some point the leading car has to decelerate. The ego vehicle has to react accordingly by changing lane to avoid a collision and follow the leading car in other lane. The scenario ends either via a timeout, or if the ego vehicle drives some distance.",
    "Map": "Map(name=Carla/Maps/Town05)",
    "First Vehicle Location": 41,
    "Second Vehicle Location": 42,
    "First Vehicle Speed": 6.944444444444445,
    "Second Vehicle Speed": 9.722222222222221,
    "Collision": true,
    "Weather": "ClearNoon",
    "Collision Type": "Actor(id=1658, type=vehicle.nissan.patrol)",
    "Time to Collision": 4.947689056396484,
    "Speed at Collision": 15.489498291752602,
    "Intensity": 17016.098117563844
  },
  {
    "Scenario Name": "OtherLeadingVehicle_434",
    "Scenario Description": "The scenario realizes a common driving behavior, in which the user-controlled ego vehicle follows a leading car driving down a given road. At some point the leading car has to decelerate. The ego vehicle has to react accordingly by changing lane to avoid a collision and follow the leading car in other lane. The scenario ends either via a timeout, or if the ego vehicle drives some distance.",
    "Map": "Map(name=Carla/Maps/Town05)",
    "First Vehicle Location": 67,
    "Second Vehicle Location": 68,
    "First Vehicle Speed": 6.111111111111111,
    "Second Vehicle Speed": 8.88888888888889,
    "Collision": true,
    "Weather": "HardRainNight",
    "Collision Type": "Actor(id=1664, type=vehicle.nissan.patrol)",
    "Time to Collision": 6.695948362350464,
    "Speed at Collision": 22.12658312828105,
    "Intensity": 26045.52721043685
  },
  {
    "Scenario Name": "OtherLeadingVehicle_435",
    "Scenario Description": "The scenario realizes a common driving behavior, in which the user-controlled ego vehicle follows a leading car driving down a given road. At some point the leading car has to decelerate. The ego vehicle has to react accordingly by changing lane to avoid a collision and follow the leading car in other lane. The scenario ends either via a timeout, or if the ego vehicle drives some distance.",
    "Map": "Map(name=Carla/Maps/Town05)",
    "First Vehicle Location": 86,
    "Second Vehicle Location": 87,
    "First Vehicle Speed": 10.0,
    "Second Vehicle Speed": 12.777777777777777,
    "Collision": true,
    "Weather": "HardRainNoon",
    "Collision Type": "Actor(id=1670, type=vehicle.nissan.patrol)",
    "Time to Collision": 8.79249906539917,
    "Speed at Collision": 27.161179384512923,
    "Intensity": 30927.073779955455
  },
  {
    "Scenario Name": "OtherLeadingVehicle_436",
    "Scenario Description": "The scenario realizes a common driving behavior, in which the user-controlled ego vehicle follows a leading car driving down a given road. At some point the leading car has to decelerate. The ego vehicle has to react accordingly by changing lane to avoid a collision and follow the leading car in other lane. The scenario ends either via a timeout, or if the ego vehicle drives some distance.",
    "Map": "Map(name=Carla/Maps/Town05)",
    "First Vehicle Location": 95,
    "Second Vehicle Location": 96,
    "First Vehicle Speed": 13.88888888888889,
    "Second Vehicle Speed": 16.666666666666668,
    "Collision": true,
    "Weather": "ClearNight",
    "Collision Type": "Actor(id=1676, type=vehicle.nissan.patrol)",
    "Time to Collision": 11.624895572662354,
    "Speed at Collision": 22.083224398132504,
    "Intensity": 22628.528008234927
  },
  {
    "Scenario Name": "OtherLeadingVehicle_437",
    "Scenario Description": "The scenario realizes a common driving behavior, in which the user-controlled ego vehicle follows a leading car driving down a given road. At some point the leading car has to decelerate. The ego vehicle has to react accordingly by changing lane to avoid a collision and follow the leading car in other lane. The scenario ends either via a timeout, or if the ego vehicle drives some distance.",
    "Map": "Map(name=Carla/Maps/Town05)",
    "First Vehicle Location": 77,
    "Second Vehicle Location": 78,
    "First Vehicle Speed": 9.444444444444445,
    "Second Vehicle Speed": 12.222222222222221,
    "Collision": true,
    "Weather": "HardRainNoon",
    "Collision Type": "Actor(id=1682, type=vehicle.nissan.patrol)",
    "Time to Collision": 8.049785375595093,
    "Speed at Collision": 25.5846536269223,
    "Intensity": 29277.837692458943
  },
  {
    "Scenario Name": "OtherLeadingVehicle_438",
    "Scenario Description": "The scenario realizes a common driving behavior, in which the user-controlled ego vehicle follows a leading car driving down a given road. At some point the leading car has to decelerate. The ego vehicle has to react accordingly by changing lane to avoid a collision and follow the leading car in other lane. The scenario ends either via a timeout, or if the ego vehicle drives some distance.",
    "Map": "Map(name=Carla/Maps/Town05)",
    "First Vehicle Location": 56,
    "Second Vehicle Location": 57,
    "First Vehicle Speed": 5.555555555555555,
    "Second Vehicle Speed": 8.333333333333334,
    "Collision": true,
    "Weather": "HardRainNoon",
    "Collision Type": "Actor(id=1688, type=vehicle.nissan.patrol)",
    "Time to Collision": 5.591681241989136,
    "Speed at Collision": 20.412379034643564,
    "Intensity": 23752.70834178618
  },
  {
    "Scenario Name": "OtherLeadingVehicle_440",
    "Scenario Description": "The scenario realizes a common driving behavior, in which the user-controlled ego vehicle follows a leading car driving down a given road. At some point the leading car has to decelerate. The ego vehicle has to react accordingly by changing lane to avoid a collision and follow the leading car in other lane. The scenario ends either via a timeout, or if the ego vehicle drives some distance.",
    "Map": "Map(name=Carla/Maps/Town05)",
    "First Vehicle Location": 49,
    "Second Vehicle Location": 50,
    "First Vehicle Speed": 12.222222222222221,
    "Second Vehicle Speed": 15.0,
    "Collision": true,
    "Weather": "ClearNoon",
    "Collision Type": "Actor(id=1700, type=vehicle.nissan.patrol)",
    "Time to Collision": 5.672440052032471,
    "Speed at Collision": 20.669057159782547,
    "Intensity": 21501.183060064053
  },
  {
    "Scenario Name": "OtherLeadingVehicle_441",
    "Scenario Description": "The scenario realizes a common driving behavior, in which the user-controlled ego vehicle follows a leading car driving down a given road. At some point the leading car has to decelerate. The ego vehicle has to react accordingly by changing lane to avoid a collision and follow the leading car in other lane. The scenario ends either via a timeout, or if the ego vehicle drives some distance.",
    "Map": "Map(name=Carla/Maps/Town05)",
    "First Vehicle Location": 98,
    "Second Vehicle Location": 99,
    "First Vehicle Speed": 6.666666666666666,
    "Second Vehicle Speed": 9.444444444444445,
    "Collision": true,
    "Weather": "HardRainNoon",
    "Collision Type": "Actor(id=1706, type=vehicle.nissan.patrol)",
    "Time to Collision": 8.772411346435547,
    "Speed at Collision": 23.602037718698334,
    "Intensity": 27285.03623032529
  },
  {
    "Scenario Name": "OtherLeadingVehicle_442",
    "Scenario Description": "The scenario realizes a common driving behavior, in which the user-controlled ego vehicle follows a leading car driving down a given road. At some point the leading car has to decelerate. The ego vehicle has to react accordingly by changing lane to avoid a collision and follow the leading car in other lane. The scenario ends either via a timeout, or if the ego vehicle drives some distance.",
    "Map": "Map(name=Carla/Maps/Town05)",
    "First Vehicle Location": 47,
    "Second Vehicle Location": 48,
    "First Vehicle Speed": 6.111111111111111,
    "Second Vehicle Speed": 8.88888888888889,
    "Collision": true,
    "Weather": "ClearNight",
    "Collision Type": "Actor(id=1712, type=vehicle.nissan.patrol)",
    "Time to Collision": 5.184201002120972,
    "Speed at Collision": 19.17648978543022,
    "Intensity": 22767.372770802347
  },
  {
    "Scenario Name": "OtherLeadingVehicle_443",
    "Scenario Description": "The scenario realizes a common driving behavior, in which the user-controlled ego vehicle follows a leading car driving down a given road. At some point the leading car has to decelerate. The ego vehicle has to react accordingly by changing lane to avoid a collision and follow the leading car in other lane. The scenario ends either via a timeout, or if the ego vehicle drives some distance.",
    "Map": "Map(name=Carla/Maps/Town05)",
    "First Vehicle Location": 33,
    "Second Vehicle Location": 34,
    "First Vehicle Speed": 6.388888888888888,
    "Second Vehicle Speed": 9.166666666666666,
    "Collision": true,
    "Weather": "HardRainNight",
    "Collision Type": "Actor(id=1718, type=vehicle.nissan.patrol)",
    "Time to Collision": 4.3491387367248535,
    "Speed at Collision": 16.477772829142456,
    "Intensity": 18647.73371378114
  },
  {
    "Scenario Name": "OtherLeadingVehicle_444",
    "Scenario Description": "The scenario realizes a common driving behavior, in which the user-controlled ego vehicle follows a leading car driving down a given road. At some point the leading car has to decelerate. The ego vehicle has to react accordingly by changing lane to avoid a collision and follow the leading car in other lane. The scenario ends either via a timeout, or if the ego vehicle drives some distance.",
    "Map": "Map(name=Carla/Maps/Town05)",
    "First Vehicle Location": 76,
    "Second Vehicle Location": 77,
    "First Vehicle Speed": 10.277777777777777,
    "Second Vehicle Speed": 13.055555555555555,
    "Collision": true,
    "Weather": "HardRainNoon",
    "Collision Type": "Actor(id=1724, type=vehicle.nissan.patrol)",
    "Time to Collision": 8.35986065864563,
    "Speed at Collision": 25.96073610491509,
    "Intensity": 28115.443382640406
  },
  {
    "Scenario Name": "OtherLeadingVehicle_445",
    "Scenario Description": "The scenario realizes a common driving behavior, in which the user-controlled ego vehicle follows a leading car driving down a given road. At some point the leading car has to decelerate. The ego vehicle has to react accordingly by changing lane to avoid a collision and follow the leading car in other lane. The scenario ends either via a timeout, or if the ego vehicle drives some distance.",
    "Map": "Map(name=Carla/Maps/Town05)",
    "First Vehicle Location": 52,
    "Second Vehicle Location": 53,
    "First Vehicle Speed": 5.277777777777778,
    "Second Vehicle Speed": 8.055555555555555,
    "Collision": true,
    "Weather": "ClearNoon",
    "Collision Type": "Actor(id=1730, type=vehicle.nissan.patrol)",
    "Time to Collision": 17.846662044525146,
    "Speed at Collision": 4.268690994312247,
    "Intensity": 9145.029624328568
  },
  {
    "Scenario Name": "OtherLeadingVehicle_447",
    "Scenario Description": "The scenario realizes a common driving behavior, in which the user-controlled ego vehicle follows a leading car driving down a given road. At some point the leading car has to decelerate. The ego vehicle has to react accordingly by changing lane to avoid a collision and follow the leading car in other lane. The scenario ends either via a timeout, or if the ego vehicle drives some distance.",
    "Map": "Map(name=Carla/Maps/Town05)",
    "First Vehicle Location": 35,
    "Second Vehicle Location": 36,
    "First Vehicle Speed": 7.222222222222222,
    "Second Vehicle Speed": 10.0,
    "Collision": true,
    "Weather": "ClearNoon",
    "Collision Type": "Actor(id=1742, type=vehicle.nissan.patrol)",
    "Time to Collision": 4.508103847503662,
    "Speed at Collision": 17.34619870722083,
    "Intensity": 19327.51125194751
  },
  {
    "Scenario Name": "OtherLeadingVehicle_449",
    "Scenario Description": "The scenario realizes a common driving behavior, in which the user-controlled ego vehicle follows a leading car driving down a given road. At some point the leading car has to decelerate. The ego vehicle has to react accordingly by changing lane to avoid a collision and follow the leading car in other lane. The scenario ends either via a timeout, or if the ego vehicle drives some distance.",
    "Map": "Map(name=Carla/Maps/Town05)",
    "First Vehicle Location": 15,
    "Second Vehicle Location": 16,
    "First Vehicle Speed": 11.38888888888889,
    "Second Vehicle Speed": 14.166666666666666,
    "Collision": true,
    "Weather": "ClearNight",
    "Collision Type": "Actor(id=1754, type=vehicle.nissan.patrol)",
    "Time to Collision": 3.1076526641845703,
    "Speed at Collision": 12.375404858919268,
    "Intensity": 12078.969995679043
  },
  {
    "Scenario Name": "OtherLeadingVehicle_450",
    "Scenario Description": "The scenario realizes a common driving behavior, in which the user-controlled ego vehicle follows a leading car driving down a given road. At some point the leading car has to decelerate. The ego vehicle has to react accordingly by changing lane to avoid a collision and follow the leading car in other lane. The scenario ends either via a timeout, or if the ego vehicle drives some distance.",
    "Map": "Map(name=Carla/Maps/Town05)",
    "First Vehicle Location": 55,
    "Second Vehicle Location": 56,
    "First Vehicle Speed": 14.444444444444445,
    "Second Vehicle Speed": 17.22222222222222,
    "Collision": true,
    "Weather": "HardRainNoon",
    "Collision Type": "Actor(id=1760, type=vehicle.nissan.patrol)",
    "Time to Collision": 6.129500865936279,
    "Speed at Collision": 21.763553851882843,
    "Intensity": 21991.056577167434
  },
  {
    "Scenario Name": "OtherLeadingVehicle_451",
    "Scenario Description": "The scenario realizes a common driving behavior, in which the user-controlled ego vehicle follows a leading car driving down a given road. At some point the leading car has to decelerate. The ego vehicle has to react accordingly by changing lane to avoid a collision and follow the leading car in other lane. The scenario ends either via a timeout, or if the ego vehicle drives some distance.",
    "Map": "Map(name=Carla/Maps/Town05)",
    "First Vehicle Location": 75,
    "Second Vehicle Location": 76,
    "First Vehicle Speed": 6.111111111111111,
    "Second Vehicle Speed": 8.88888888888889,
    "Collision": true,
    "Weather": "ClearNoon",
    "Collision Type": "Actor(id=1766, type=vehicle.nissan.patrol)",
    "Time to Collision": 10.666972398757935,
    "Speed at Collision": 11.529653940145351,
    "Intensity": 12315.78068284222
  },
  {
    "Scenario Name": "OtherLeadingVehicle_452",
    "Scenario Description": "The scenario realizes a common driving behavior, in which the user-controlled ego vehicle follows a leading car driving down a given road. At some point the leading car has to decelerate. The ego vehicle has to react accordingly by changing lane to avoid a collision and follow the leading car in other lane. The scenario ends either via a timeout, or if the ego vehicle drives some distance.",
    "Map": "Map(name=Carla/Maps/Town05)",
    "First Vehicle Location": 70,
    "Second Vehicle Location": 71,
    "First Vehicle Speed": 15.555555555555555,
    "Second Vehicle Speed": 18.333333333333332,
    "Collision": true,
    "Weather": "HardRainNoon",
    "Collision Type": "Actor(id=1772, type=vehicle.nissan.patrol)",
    "Time to Collision": 10.945489645004272,
    "Speed at Collision": 20.102467072988674,
    "Intensity": 20220.512848469298
  },
  {
    "Scenario Name": "OtherLeadingVehicle_453",
    "Scenario Description": "The scenario realizes a common driving behavior, in which the user-controlled ego vehicle follows a leading car driving down a given road. At some point the leading car has to decelerate. The ego vehicle has to react accordingly by changing lane to avoid a collision and follow the leading car in other lane. The scenario ends either via a timeout, or if the ego vehicle drives some distance.",
    "Map": "Map(name=Carla/Maps/Town05)",
    "First Vehicle Location": 40,
    "Second Vehicle Location": 41,
    "First Vehicle Speed": 6.666666666666666,
    "Second Vehicle Speed": 9.444444444444445,
    "Collision": true,
    "Weather": "ClearNoon",
    "Collision Type": "Actor(id=1778, type=vehicle.nissan.patrol)",
    "Time to Collision": 7.194117784500122,
    "Speed at Collision": 8.405913989875545,
    "Intensity": 7960.478976004789
  },
  {
    "Scenario Name": "OtherLeadingVehicle_454",
    "Scenario Description": "The scenario realizes a common driving behavior, in which the user-controlled ego vehicle follows a leading car driving down a given road. At some point the leading car has to decelerate. The ego vehicle has to react accordingly by changing lane to avoid a collision and follow the leading car in other lane. The scenario ends either via a timeout, or if the ego vehicle drives some distance.",
    "Map": "Map(name=Carla/Maps/Town05)",
    "First Vehicle Location": 59,
    "Second Vehicle Location": 60,
    "First Vehicle Speed": 6.944444444444445,
    "Second Vehicle Speed": 9.722222222222221,
    "Collision": true,
    "Weather": "ClearNoon",
    "Collision Type": "Actor(id=1784, type=vehicle.nissan.patrol)",
    "Time to Collision": 13.470375299453735,
    "Speed at Collision": 7.490055046849203,
    "Intensity": 7286.484581128097
  },
  {
    "Scenario Name": "OtherLeadingVehicle_457",
    "Scenario Description": "The scenario realizes a common driving behavior, in which the user-controlled ego vehicle follows a leading car driving down a given road. At some point the leading car has to decelerate. The ego vehicle has to react accordingly by changing lane to avoid a collision and follow the leading car in other lane. The scenario ends either via a timeout, or if the ego vehicle drives some distance.",
    "Map": "Map(name=Carla/Maps/Town05)",
    "First Vehicle Location": 81,
    "Second Vehicle Location": 82,
    "First Vehicle Speed": 9.444444444444445,
    "Second Vehicle Speed": 12.222222222222221,
    "Collision": true,
    "Weather": "HardRainNight",
    "Collision Type": "Actor(id=1802, type=vehicle.nissan.patrol)",
    "Time to Collision": 8.456921815872192,
    "Speed at Collision": 25.044493536703108,
    "Intensity": 28093.574753894365
  },
  {
    "Scenario Name": "OtherLeadingVehicle_458",
    "Scenario Description": "The scenario realizes a common driving behavior, in which the user-controlled ego vehicle follows a leading car driving down a given road. At some point the leading car has to decelerate. The ego vehicle has to react accordingly by changing lane to avoid a collision and follow the leading car in other lane. The scenario ends either via a timeout, or if the ego vehicle drives some distance.",
    "Map": "Map(name=Carla/Maps/Town05)",
    "First Vehicle Location": 35,
    "Second Vehicle Location": 36,
    "First Vehicle Speed": 11.666666666666666,
    "Second Vehicle Speed": 14.444444444444445,
    "Collision": true,
    "Weather": "HardRainNight",
    "Collision Type": "Actor(id=1808, type=vehicle.nissan.patrol)",
    "Time to Collision": 10.827552318572998,
    "Speed at Collision": 6.204434488904249,
    "Intensity": 3649.311135649796
  },
  {
    "Scenario Name": "OtherLeadingVehicle_459",
    "Scenario Description": "The scenario realizes a common driving behavior, in which the user-controlled ego vehicle follows a leading car driving down a given road. At some point the leading car has to decelerate. The ego vehicle has to react accordingly by changing lane to avoid a collision and follow the leading car in other lane. The scenario ends either via a timeout, or if the ego vehicle drives some distance.",
    "Map": "Map(name=Carla/Maps/Town05)",
    "First Vehicle Location": 26,
    "Second Vehicle Location": 27,
    "First Vehicle Speed": 12.777777777777777,
    "Second Vehicle Speed": 15.555555555555555,
    "Collision": true,
    "Weather": "ClearNoon",
    "Collision Type": "Actor(id=1814, type=vehicle.nissan.patrol)",
    "Time to Collision": 4.270110130310059,
    "Speed at Collision": 13.823051606201739,
    "Intensity": 12246.851745777525
  },
  {
    "Scenario Name": "OtherLeadingVehicle_460",
    "Scenario Description": "The scenario realizes a common driving behavior, in which the user-controlled ego vehicle follows a leading car driving down a given road. At some point the leading car has to decelerate. The ego vehicle has to react accordingly by changing lane to avoid a collision and follow the leading car in other lane. The scenario ends either via a timeout, or if the ego vehicle drives some distance.",
    "Map": "Map(name=Carla/Maps/Town05)",
    "First Vehicle Location": 62,
    "Second Vehicle Location": 63,
    "First Vehicle Speed": 9.166666666666666,
    "Second Vehicle Speed": 11.944444444444445,
    "Collision": true,
    "Weather": "ClearNight",
    "Collision Type": "Actor(id=1820, type=vehicle.nissan.patrol)",
    "Time to Collision": 10.334744215011597,
    "Speed at Collision": 11.264215797434412,
    "Intensity": 10787.747144964203
  },
  {
    "Scenario Name": "OtherLeadingVehicle_461",
    "Scenario Description": "The scenario realizes a common driving behavior, in which the user-controlled ego vehicle follows a leading car driving down a given road. At some point the leading car has to decelerate. The ego vehicle has to react accordingly by changing lane to avoid a collision and follow the leading car in other lane. The scenario ends either via a timeout, or if the ego vehicle drives some distance.",
    "Map": "Map(name=Carla/Maps/Town05)",
    "First Vehicle Location": 70,
    "Second Vehicle Location": 71,
    "First Vehicle Speed": 15.277777777777777,
    "Second Vehicle Speed": 18.055555555555554,
    "Collision": true,
    "Weather": "HardRainNight",
    "Collision Type": "Actor(id=1826, type=vehicle.nissan.patrol)",
    "Time to Collision": 9.716227293014526,
    "Speed at Collision": 24.404762846290676,
    "Intensity": 24936.60937995959
  },
  {
    "Scenario Name": "OtherLeadingVehicle_463",
    "Scenario Description": "The scenario realizes a common driving behavior, in which the user-controlled ego vehicle follows a leading car driving down a given road. At some point the leading car has to decelerate. The ego vehicle has to react accordingly by changing lane to avoid a collision and follow the leading car in other lane. The scenario ends either via a timeout, or if the ego vehicle drives some distance.",
    "Map": "Map(name=Carla/Maps/Town05)",
    "First Vehicle Location": 56,
    "Second Vehicle Location": 57,
    "First Vehicle Speed": 13.055555555555555,
    "Second Vehicle Speed": 15.833333333333332,
    "Collision": true,
    "Weather": "ClearNoon",
    "Collision Type": "Actor(id=1838, type=vehicle.nissan.patrol)",
    "Time to Collision": 6.1416404247283936,
    "Speed at Collision": 21.611395466926613,
    "Intensity": 22382.017355594777
  },
  {
    "Scenario Name": "OtherLeadingVehicle_465",
    "Scenario Description": "The scenario realizes a common driving behavior, in which the user-controlled ego vehicle follows a leading car driving down a given road. At some point the leading car has to decelerate. The ego vehicle has to react accordingly by changing lane to avoid a collision and follow the leading car in other lane. The scenario ends either via a timeout, or if the ego vehicle drives some distance.",
    "Map": "Map(name=Carla/Maps/Town05)",
    "First Vehicle Location": 24,
    "Second Vehicle Location": 25,
    "First Vehicle Speed": 5.833333333333333,
    "Second Vehicle Speed": 8.61111111111111,
    "Collision": true,
    "Weather": "ClearNoon",
    "Collision Type": "Actor(id=1850, type=vehicle.nissan.patrol)",
    "Time to Collision": 3.791980028152466,
    "Speed at Collision": 10.769050160156729,
    "Intensity": 11206.84141921529
  },
  {
    "Scenario Name": "OtherLeadingVehicle_466",
    "Scenario Description": "The scenario realizes a common driving behavior, in which the user-controlled ego vehicle follows a leading car driving down a given road. At some point the leading car has to decelerate. The ego vehicle has to react accordingly by changing lane to avoid a collision and follow the leading car in other lane. The scenario ends either via a timeout, or if the ego vehicle drives some distance.",
    "Map": "Map(name=Carla/Maps/Town05)",
    "First Vehicle Location": 65,
    "Second Vehicle Location": 66,
    "First Vehicle Speed": 13.88888888888889,
    "Second Vehicle Speed": 16.666666666666668,
    "Collision": true,
    "Weather": "HardRainNoon",
    "Collision Type": "Actor(id=1856, type=vehicle.nissan.patrol)",
    "Time to Collision": 8.37537670135498,
    "Speed at Collision": 26.23412542966905,
    "Intensity": 27893.366029610566
  },
  {
    "Scenario Name": "OtherLeadingVehicle_467",
    "Scenario Description": "The scenario realizes a common driving behavior, in which the user-controlled ego vehicle follows a leading car driving down a given road. At some point the leading car has to decelerate. The ego vehicle has to react accordingly by changing lane to avoid a collision and follow the leading car in other lane. The scenario ends either via a timeout, or if the ego vehicle drives some distance.",
    "Map": "Map(name=Carla/Maps/Town05)",
    "First Vehicle Location": 86,
    "Second Vehicle Location": 87,
    "First Vehicle Speed": 12.5,
    "Second Vehicle Speed": 15.277777777777777,
    "Collision": true,
    "Weather": "HardRainNoon",
    "Collision Type": "Actor(id=1862, type=vehicle.nissan.patrol)",
    "Time to Collision": 12.985492706298828,
    "Speed at Collision": 17.64774139445208,
    "Intensity": 17565.93788594294
  },
  {
    "Scenario Name": "OtherLeadingVehicle_469",
    "Scenario Description": "The scenario realizes a common driving behavior, in which the user-controlled ego vehicle follows a leading car driving down a given road. At some point the leading car has to decelerate. The ego vehicle has to react accordingly by changing lane to avoid a collision and follow the leading car in other lane. The scenario ends either via a timeout, or if the ego vehicle drives some distance.",
    "Map": "Map(name=Carla/Maps/Town05)",
    "First Vehicle Location": 91,
    "Second Vehicle Location": 92,
    "First Vehicle Speed": 5.555555555555555,
    "Second Vehicle Speed": 8.333333333333334,
    "Collision": true,
    "Weather": "ClearNight",
    "Collision Type": "Actor(id=1874, type=vehicle.nissan.patrol)",
    "Time to Collision": 8.172563552856445,
    "Speed at Collision": 20.619954450238367,
    "Intensity": 24477.682771499058
  },
  {
    "Scenario Name": "OtherLeadingVehicle_470",
    "Scenario Description": "The scenario realizes a common driving behavior, in which the user-controlled ego vehicle follows a leading car driving down a given road. At some point the leading car has to decelerate. The ego vehicle has to react accordingly by changing lane to avoid a collision and follow the leading car in other lane. The scenario ends either via a timeout, or if the ego vehicle drives some distance.",
    "Map": "Map(name=Carla/Maps/Town05)",
    "First Vehicle Location": 19,
    "Second Vehicle Location": 20,
    "First Vehicle Speed": 13.61111111111111,
    "Second Vehicle Speed": 16.38888888888889,
    "Collision": true,
    "Weather": "HardRainNight",
    "Collision Type": "Actor(id=1880, type=vehicle.nissan.patrol)",
    "Time to Collision": 3.6782679557800293,
    "Speed at Collision": 11.858690126590094,
    "Intensity": 9993.393509108022
  }
]