[
  {
    "Scenario Name": "OtherLeadingVehicle_101",
    "Scenario Description": "The scenario realizes a common driving behavior, in which the user-controlled ego vehicle follows a leading car driving down a given road. At some point the leading car has to decelerate. The ego vehicle has to react accordingly by changing lane to avoid a collision and follow the leading car in other lane. The scenario ends either via a timeout, or if the ego vehicle drives some distance.",
    "Map": "Map(name=Carla/Maps/Town05)",
    "First Vehicle Location": 18,
    "Second Vehicle Location": 19,
    "First Vehicle Speed": 11.11111111111111,
    "Second Vehicle Speed": 13.88888888888889,
    "Collision": true,
    "Weather": "ClearNight",
    "Collision Type": "Actor(id=746, type=vehicle.nissan.patrol)",
    "Time to Collision": 10.6399667263031,
    "Speed at Collision": 4.8467522331939135,
    "Intensity": 2840.899378276782
  },
  {
    "Scenario Name": "OtherLeadingVehicle_102",
    "Scenario Description": "The scenario realizes a common driving behavior, in which the user-controlled ego vehicle follows a leading car driving down a given road. At some point the leading car has to decelerate. The ego vehicle has to react accordingly by changing lane to avoid a collision and follow the leading car in other lane. The scenario ends either via a timeout, or if the ego vehicle drives some distance.",
    "Map": "Map(name=Carla/Maps/Town05)",
    "First Vehicle Location": 22,
    "Second Vehicle Location": 23,
    "First Vehicle Speed": 10.0,
    "Second Vehicle Speed": 12.777777777777777,
    "Collision": true,
    "Weather": "HardRainNight",
    "Collision Type": "Actor(id=752, type=vehicle.nissan.patrol)",
    "Time to Collision": 3.701185464859009,
    "Speed at Collision": 14.796868156397982,
    "Intensity": 14961.633237922775
  },
  {
    "Scenario Name": "OtherLeadingVehicle_103",
    "Scenario Description": "The scenario realizes a common driving behavior, in which the user-controlled ego vehicle follows a leading car driving down a given road. At some point the leading car has to decelerate. The ego vehicle has to react accordingly by changing lane to avoid a collision and follow the leading car in other lane. The scenario ends either via a timeout, or if the ego vehicle drives some distance.",
    "Map": "Map(name=Carla/Maps/Town05)",
    "First Vehicle Location": 69,
    "Second Vehicle Location": 70,
    "First Vehicle Speed": 2.7777777777777777,
    "Second Vehicle Speed": 5.555555555555555,
    "Collision": true,
    "Weather": "HardRainNoon",
    "Collision Type": "Actor(id=758, type=vehicle.nissan.patrol)",
    "Time to Collision": 6.243899822235107,
    "Speed at Collision": 21.84482530337979,
    "Intensity": 27319.13438134701
  },
  {
    "Scenario Name": "OtherLeadingVehicle_104",
    "Scenario Description": "The scenario realizes a common driving behavior, in which the user-controlled ego vehicle follows a leading car driving down a given road. At some point the leading car has to decelerate. The ego vehicle has to react accordingly by changing lane to avoid a collision and follow the leading car in other lane. The scenario ends either via a timeout, or if the ego vehicle drives some distance.",
    "Map": "Map(name=Carla/Maps/Town05)",
    "First Vehicle Location": 14,
    "Second Vehicle Location": 15,
    "First Vehicle Speed": 16.11111111111111,
    "Second Vehicle Speed": 18.88888888888889,
    "Collision": true,
    "Weather": "ClearNight",
    "Collision Type": "Actor(id=764, type=vehicle.nissan.patrol)",
    "Time to Collision": 3.1387579441070557,
    "Speed at Collision": 12.6659831942061,
    "Intensity": 10063.772849427316
  },
  {
    "Scenario Name": "OtherLeadingVehicle_105",
    "Scenario Description": "The scenario realizes a common driving behavior, in which the user-controlled ego vehicle follows a leading car driving down a given road. At some point the leading car has to decelerate. The ego vehicle has to react accordingly by changing lane to avoid a collision and follow the leading car in other lane. The scenario ends either via a timeout, or if the ego vehicle drives some distance.",
    "Map": "Map(name=Carla/Maps/Town05)",
    "First Vehicle Location": 70,
    "Second Vehicle Location": 71,
    "First Vehicle Speed": 3.888888888888889,
    "Second Vehicle Speed": 6.666666666666666,
    "Collision": true,
    "Weather": "HardRainNoon",
    "Collision Type": "Actor(id=770, type=vehicle.nissan.patrol)",
    "Time to Collision": 8.949673414230347,
    "Speed at Collision": 10.998709122948657,
    "Intensity": 12726.560224500397
  },
  {
    "Scenario Name": "OtherLeadingVehicle_106",
    "Scenario Description": "The scenario realizes a common driving behavior, in which the user-controlled ego vehicle follows a leading car driving down a given road. At some point the leading car has to decelerate. The ego vehicle has to react accordingly by changing lane to avoid a collision and follow the leading car in other lane. The scenario ends either via a timeout, or if the ego vehicle drives some distance.",
    "Map": "Map(name=Carla/Maps/Town05)",
    "First Vehicle Location": 47,
    "Second Vehicle Location": 48,
    "First Vehicle Speed": 11.944444444444445,
    "Second Vehicle Speed": 14.722222222222221,
    "Collision": true,
    "Weather": "ClearNoon",
    "Collision Type": "Actor(id=776, type=vehicle.nissan.patrol)",
    "Time to Collision": 7.5970375537872314,
    "Speed at Collision": 10.733227626428564,
    "Intensity": 9036.692269240495
  },
  {
    "Scenario Name": "OtherLeadingVehicle_107",
    "Scenario Description": "The scenario realizes a common driving behavior, in which the user-controlled ego vehicle follows a leading car driving down a given road. At some point the leading car has to decelerate. The ego vehicle has to react accordingly by changing lane to avoid a collision and follow the leading car in other lane. The scenario ends either via a timeout, or if the ego vehicle drives some distance.",
    "Map": "Map(name=Carla/Maps/Town05)",
    "First Vehicle Location": 16,
    "Second Vehicle Location": 17,
    "First Vehicle Speed": 7.777777777777778,
    "Second Vehicle Speed": 10.555555555555555,
    "Collision": true,
    "Weather": "ClearNoon",
    "Collision Type": "Actor(id=782, type=vehicle.nissan.patrol)",
    "Time to Collision": 3.02687406539917,
    "Speed at Collision": 12.279877191866163,
    "Intensity": 12780.885239176876
  },
  {
    "Scenario Name": "OtherLeadingVehicle_109",
    "Scenario Description": "The scenario realizes a common driving behavior, in which the user-controlled ego vehicle follows a leading car driving down a given road. At some point the leading car has to decelerate. The ego vehicle has to react accordingly by changing lane to avoid a collision and follow the leading car in other lane. The scenario ends either via a timeout, or if the ego vehicle drives some distance.",
    "Map": "Map(name=Carla/Maps/Town05)",
    "First Vehicle Location": 73,
    "Second Vehicle Location": 74,
    "First Vehicle Speed": 11.944444444444445,
    "Second Vehicle Speed": 14.722222222222221,
    "Collision": true,
    "Weather": "ClearNoon",
    "Collision Type": "Actor(id=794, type=vehicle.nissan.patrol)",
    "Time to Collision": 8.71185827255249,
    "Speed at Collision": 23.33530345337538,
    "Intensity": 24941.37326346909
  },
  {
    "Scenario Name": "OtherLeadingVehicle_111",
    "Scenario Description": "The scenario realizes a common driving behavior, in which the user-controlled ego vehicle follows a leading car driving down a given road. At some point the leading car has to decelerate. The ego vehicle has to react accordingly by changing lane to avoid a collision and follow the leading car in other lane. The scenario ends either via a timeout, or if the ego vehicle drives some distance.",
    "Map": "Map(name=Carla/Maps/Town05)",
    "First Vehicle Location": 26,
    "Second Vehicle Location": 27,
    "First Vehicle Speed": 15.833333333333332,
    "Second Vehicle Speed": 18.61111111111111,
    "Collision": true,
    "Weather": "HardRainNight",
    "Collision Type": "Actor(id=806, type=vehicle.nissan.patrol)",
    "Time to Collision": 4.567654848098755,
    "Speed at Collision": 13.375970485293923,
    "Intensity": 10810.751181469836
  },
  {
    "Scenario Name": "OtherLeadingVehicle_112",
    "Scenario Description": "The scenario realizes a common driving behavior, in which the user-controlled ego vehicle follows a leading car driving down a given road. At some point the leading car has to decelerate. The ego vehicle has to react accordingly by changing lane to avoid a collision and follow the leading car in other lane. The scenario ends either via a timeout, or if the ego vehicle drives some distance.",
    "Map": "Map(name=Carla/Maps/Town05)",
    "First Vehicle Location": 49,
    "Second Vehicle Location": 50,
    "First Vehicle Speed": 11.38888888888889,
    "Second Vehicle Speed": 14.166666666666666,
    "Collision": true,
    "Weather": "ClearNight",
    "Collision Type": "Actor(id=812, type=vehicle.nissan.patrol)",
    "Time to Collision": 5.607217073440552,
    "Speed at Collision": 20.526507679515984,
    "Intensity": 21657.380185817085
  },
  {
    "Scenario Name": "OtherLeadingVehicle_113",
    "Scenario Description": "The scenario realizes a common driving behavior, in which the user-controlled ego vehicle follows a leading car driving down a given road. At some point the leading car has to decelerate. The ego vehicle has to react accordingly by changing lane to avoid a collision and follow the leading car in other lane. The scenario ends either via a timeout, or if the ego vehicle drives some distance.",
    "Map": "Map(name=Carla/Maps/Town05)",
    "First Vehicle Location": 59,
    "Second Vehicle Location": 60,
    "First Vehicle Speed": 11.11111111111111,
    "Second Vehicle Speed": 13.88888888888889,
    "Collision": true,
    "Weather": "HardRainNoon",
    "Collision Type": "Actor(id=818, type=vehicle.nissan.patrol)",
    "Time to Collision": 6.225550889968872,
    "Speed at Collision": 21.73538689772825,
    "Intensity": 23410.025904249324
  },
  {
    "Scenario Name": "OtherLeadingVehicle_114",
    "Scenario Description": "The scenario realizes a common driving behavior, in which the user-controlled ego vehicle follows a leading car driving down a given road. At some point the leading car has to decelerate. The ego vehicle has to react accordingly by changing lane to avoid a collision and follow the leading car in other lane. The scenario ends either via a timeout, or if the ego vehicle drives some distance.",
    "Map": "Map(name=Carla/Maps/Town05)",
    "First Vehicle Location": 79,
    "Second Vehicle Location": 80,
    "First Vehicle Speed": 4.722222222222222,
    "Second Vehicle Speed": 7.5,
    "Collision": true,
    "Weather": "ClearNight",
    "Collision Type": "Actor(id=824, type=vehicle.nissan.patrol)",
    "Time to Collision": 7.32259726524353,
    "Speed at Collision": 19.82902878534576,
    "Intensity": 23278.188314721912
  },
  {
    "Scenario Name": "OtherLeadingVehicle_116",
    "Scenario Description": "The scenario realizes a common driving behavior, in which the user-controlled ego vehicle follows a leading car driving down a given road. At some point the leading car has to decelerate. The ego vehicle has to react accordingly by changing lane to avoid a collision and follow the leading car in other lane. The scenario ends either via a timeout, or if the ego vehicle drives some distance.",
    "Map": "Map(name=Carla/Maps/Town05)",
    "First Vehicle Location": 27,
    "Second Vehicle Location": 28,
    "First Vehicle Speed": 7.5,
    "Second Vehicle Speed": 10.277777777777777,
    "Collision": true,
    "Weather": "ClearNight",
    "Collision Type": "Actor(id=836, type=vehicle.nissan.patrol)",
    "Time to Collision": 3.913412094116211,
    "Speed at Collision": 15.78717305161171,
    "Intensity": 17204.75840032349
  },
  {
    "Scenario Name": "OtherLeadingVehicle_117",
    "Scenario Description": "The scenario realizes a common driving behavior, in which the user-controlled ego vehicle follows a leading car driving down a given road. At some point the leading car has to decelerate. The ego vehicle has to react accordingly by changing lane to avoid a collision and follow the leading car in other lane. The scenario ends either via a timeout, or if the ego vehicle drives some distance.",
    "Map": "Map(name=Carla/Maps/Town05)",
    "First Vehicle Location": 53,
    "Second Vehicle Location": 54,
    "First Vehicle Speed": 7.222222222222222,
    "Second Vehicle Speed": 10.0,
    "Collision": true,
    "Weather": "ClearNight",
    "Collision Type": "Actor(id=842, type=vehicle.nissan.patrol)",
    "Time to Collision": 7.419429063796997,
    "Speed at Collision": 10.822321257477475,
    "Intensity": 11010.814379189826
  },
  {
    "Scenario Name": "OtherLeadingVehicle_118",
    "Scenario Description": "The scenario realizes a common driving behavior, in which the user-controlled ego vehicle follows a leading car driving down a given road. At some point the leading car has to decelerate. The ego vehicle has to react accordingly by changing lane to avoid a collision and follow the leading car in other lane. The scenario ends either via a timeout, or if the ego vehicle drives some distance.",
    "Map": "Map(name=Carla/Maps/Town05)",
    "First Vehicle Location": 82,
    "Second Vehicle Location": 83,
    "First Vehicle Speed": 5.0,
    "Second Vehicle Speed": 7.777777777777778,
    "Collision": true,
    "Weather": "ClearNight",
    "Collision Type": "Actor(id=848, type=vehicle.nissan.patrol)",
    "Time to Collision": 19.410526037216187,
    "Speed at Collision": 7.195341548284017,
    "Intensity": 8143.094169524352
  },
  {
    "Scenario Name": "OtherLeadingVehicle_119",
    "Scenario Description": "The scenario realizes a common driving behavior, in which the user-controlled ego vehicle follows a leading car driving down a given road. At some point the leading car has to decelerate. The ego vehicle has to react accordingly by changing lane to avoid a collision and follow the leading car in other lane. The scenario ends either via a timeout, or if the ego vehicle drives some distance.",
    "Map": "Map(name=Carla/Maps/Town05)",
    "First Vehicle Location": 27,
    "Second Vehicle Location": 28,
    "First Vehicle Speed": 4.166666666666667,
    "Second Vehicle Speed": 6.944444444444445,
    "Collision": true,
    "Weather": "ClearNoon",
    "Collision Type": "Actor(id=854, type=vehicle.nissan.patrol)",
    "Time to Collision": 3.777446746826172,
    "Speed at Collision": 14.802550061525203,
    "Intensity": 17397.728583546577
  },
  {
    "Scenario Name": "OtherLeadingVehicle_120",
    "Scenario Description": "The scenario realizes a common driving behavior, in which the user-controlled ego vehicle follows a leading car driving down a given road. At some point the leading car has to decelerate. The ego vehicle has to react accordingly by changing lane to avoid a collision and follow the leading car in other lane. The scenario ends either via a timeout, or if the ego vehicle drives some distance.",
    "Map": "Map(name=Carla/Maps/Town05)",
    "First Vehicle Location": 57,
    "Second Vehicle Location": 58,
    "First Vehicle Speed": 15.277777777777777,
    "Second Vehicle Speed": 18.055555555555554,
    "Collision": true,
    "Weather": "ClearNight",
    "Collision Type": "Actor(id=860, type=vehicle.nissan.patrol)",
    "Time to Collision": 6.3347108364105225,
    "Speed at Collision": 22.12944792981792,
    "Intensity": 22112.796918288903
  },
  {
    "Scenario Name": "OtherLeadingVehicle_121",
    "Scenario Description": "The scenario realizes a common driving behavior, in which the user-controlled ego vehicle follows a leading car driving down a given road. At some point the leading car has to decelerate. The ego vehicle has to react accordingly by changing lane to avoid a collision and follow the leading car in other lane. The scenario ends either via a timeout, or if the ego vehicle drives some distance.",
    "Map": "Map(name=Carla/Maps/Town05)",
    "First Vehicle Location": 82,
    "Second Vehicle Location": 83,
    "First Vehicle Speed": 4.722222222222222,
    "Second Vehicle Speed": 7.5,
    "Collision": true,
    "Weather": "ClearNoon",
    "Collision Type": "Actor(id=866, type=vehicle.nissan.patrol)",
    "Time to Collision": 7.3948445320129395,
    "Speed at Collision": 21.18057830369862,
    "Intensity": 25543.191857468304
  },
  {
    "Scenario Name": "OtherLeadingVehicle_123",
    "Scenario Description": "The scenario realizes a common driving behavior, in which the user-controlled ego vehicle follows a leading car driving down a given road. At some point the leading car has to decelerate. The ego vehicle has to react accordingly by changing lane to avoid a collision and follow the leading car in other lane. The scenario ends either via a timeout, or if the ego vehicle drives some distance.",
    "Map": "Map(name=Carla/Maps/Town05)",
    "First Vehicle Location": 18,
    "Second Vehicle Location": 19,
    "First Vehicle Speed": 6.111111111111111,
    "Second Vehicle Speed": 8.88888888888889,
    "Collision": true,
    "Weather": "ClearNight",
    "Collision Type": "Actor(id=878, type=vehicle.nissan.patrol)",
    "Time to Collision": 3.1588244438171387,
    "Speed at Collision": 12.737492379518212,
    "Intensity": 13996.973181257357
  },
  {
    "Scenario Name": "OtherLeadingVehicle_124",
    "Scenario Description": "The scenario realizes a common driving behavior, in which the user-controlled ego vehicle follows a leading car driving down a given road. At some point the leading car has to decelerate. The ego vehicle has to react accordingly by changing lane to avoid a collision and follow the leading car in other lane. The scenario ends either via a timeout, or if the ego vehicle drives some distance.",
    "Map": "Map(name=Carla/Maps/Town05)",
    "First Vehicle Location": 58,
    "Second Vehicle Location": 59,
    "First Vehicle Speed": 2.7777777777777777,
    "Second Vehicle Speed": 5.555555555555555,
    "Collision": true,
    "Weather": "HardRainNoon",
    "Collision Type": "Actor(id=884, type=vehicle.nissan.patrol)",
    "Time to Collision": 5.6774585247039795,
    "Speed at Collision": 17.778575617187446,
    "Intensity": 21946.108401255828
  },
  {
    "Scenario Name": "OtherLeadingVehicle_125",
    "Scenario Description": "The scenario realizes a common driving behavior, in which the user-controlled ego vehicle follows a leading car driving down a given road. At some point the leading car has to decelerate. The ego vehicle has to react accordingly by changing lane to avoid a collision and follow the leading car in other lane. The scenario ends either via a timeout, or if the ego vehicle drives some distance.",
    "Map": "Map(name=Carla/Maps/Town05)",
    "First Vehicle Location": 64,
    "Second Vehicle Location": 65,
    "First Vehicle Speed": 15.833333333333332,
    "Second Vehicle Speed": 18.61111111111111,
    "Collision": true,
    "Weather": "HardRainNight",
    "Collision Type": "Actor(id=890, type=vehicle.nissan.patrol)",
    "Time to Collision": 9.11650800704956,
    "Speed at Collision": 23.868970210235418,
    "Intensity": 24078.425346747088
  },
  {
    "Scenario Name": "OtherLeadingVehicle_127",
    "Scenario Description": "The scenario realizes a common driving behavior, in which the user-controlled ego vehicle follows a leading car driving down a given road. At some point the leading car has to decelerate. The ego vehicle has to react accordingly by changing lane to avoid a collision and follow the leading car in other lane. The scenario ends either via a timeout, or if the ego vehicle drives some distance.",
    "Map": "Map(name=Carla/Maps/Town05)",
    "First Vehicle Location": 50,
    "Second Vehicle Location": 51,
    "First Vehicle Speed": 9.722222222222221,
    "Second Vehicle Speed": 12.5,
    "Collision": true,
    "Weather": "ClearNight",
    "Collision Type": "Actor(id=902, type=vehicle.nissan.patrol)",
    "Time to Collision": 7.4876062870025635,
    "Speed at Collision": 10.73321825470831,
    "Intensity": 9898.71815977446
  },
  {
    "Scenario Name": "OtherLeadingVehicle_128",
    "Scenario Description": "The scenario realizes a common driving behavior, in which the user-controlled ego vehicle follows a leading car driving down a given road. At some point the leading car has to decelerate. The ego vehicle has to react accordingly by changing lane to avoid a collision and follow the leading car in other lane. The scenario ends either via a timeout, or if the ego vehicle drives some distance.",
    "Map": "Map(name=Carla/Maps/Town05)",
    "First Vehicle Location": 39,
    "Second Vehicle Location": 40,
    "First Vehicle Speed": 13.333333333333332,
    "Second Vehicle Speed": 16.11111111111111,
    "Collision": true,
    "Weather": "ClearNoon",
    "Collision Type": "Actor(id=908, type=vehicle.nissan.patrol)",
    "Time to Collision": 5.150151491165161,
    "Speed at Collision": 19.30382041657848,
    "Intensity": 19544.53940287681
  },
  {
    "Scenario Name": "OtherLeadingVehicle_130",
    "Scenario Description": "The scenario realizes a common driving behavior, in which the user-controlled ego vehicle follows a leading car driving down a given road. At some point the leading car has to decelerate. The ego vehicle has to react accordingly by changing lane to avoid a collision and follow the leading car in other lane. The scenario ends either via a timeout, or if the ego vehicle drives some distance.",
    "Map": "Map(name=Carla/Maps/Town05)",
    "First Vehicle Location": 67,
    "Second Vehicle Location": 68,
    "First Vehicle Speed": 6.111111111111111,
    "Second Vehicle Speed": 8.88888888888889,
    "Collision": true,
    "Weather": "ClearNight",
    "Collision Type": "Actor(id=920, type=vehicle.nissan.patrol)",
    "Time to Collision": 7.219243049621582,
    "Speed at Collision": 16.327666319824218,
    "Intensity": 18375.823952108636
  },
  {
    "Scenario Name": "OtherLeadingVehicle_131",
    "Scenario Description": "The scenario realizes a common driving behavior, in which the user-controlled ego vehicle follows a leading car driving down a given road. At some point the leading car has to decelerate. The ego vehicle has to react accordingly by changing lane to avoid a collision and follow the leading car in other lane. The scenario ends either via a timeout, or if the ego vehicle drives some distance.",
    "Map": "Map(name=Carla/Maps/Town05)",
    "First Vehicle Location": 27,
    "Second Vehicle Location": 28,
    "First Vehicle Speed": 8.333333333333334,
    "Second Vehicle Speed": 11.11111111111111,
    "Collision": true,
    "Weather": "ClearNoon",
    "Collision Type": "Actor(id=926, type=vehicle.nissan.patrol)",
    "Time to Collision": 4.088513135910034,
    "Speed at Collision": 12.875531896442219,
    "Intensity": 13147.484212781646
  },
  {
    "Scenario Name": "OtherLeadingVehicle_132",
    "Scenario Description": "The scenario realizes a common driving behavior, in which the user-controlled ego vehicle follows a leading car driving down a given road. At some point the leading car has to decelerate. The ego vehicle has to react accordingly by changing lane to avoid a collision and follow the leading car in other lane. The scenario ends either via a timeout, or if the ego vehicle drives some distance.",
    "Map": "Map(name=Carla/Maps/Town05)",
    "First Vehicle Location": 46,
    "Second Vehicle Location": 47,
    "First Vehicle Speed": 13.055555555555555,
    "Second Vehicle Speed": 15.833333333333332,
    "Collision": true,
    "Weather": "ClearNight",
    "Collision Type": "Actor(id=932, type=vehicle.nissan.patrol)",
    "Time to Collision": 5.552860498428345,
    "Speed at Collision": 20.39723938205551,
    "Intensity": 20836.393491756757
  },
  {
    "Scenario Name": "OtherLeadingVehicle_133",
    "Scenario Description": "The scenario realizes a common driving behavior, in which the user-controlled ego vehicle follows a leading car driving down a given road. At some point the leading car has to decelerate. The ego vehicle has to react accordingly by changing lane to avoid a collision and follow the leading car in other lane. The scenario ends either via a timeout, or if the ego vehicle drives some distance.",
    "Map": "Map(name=Carla/Maps/Town05)",
    "First Vehicle Location": 93,
    "Second Vehicle Location": 94,
    "First Vehicle Speed": 13.61111111111111,
    "Second Vehicle Speed": 16.38888888888889,
    "Collision": true,
    "Weather": "HardRainNoon",
    "Collision Type": "Actor(id=938, type=vehicle.nissan.patrol)",
    "Time to Collision": 13.59409213066101,
    "Speed at Collision": 19.504774727440093,
    "Intensity": 19254.539173867222
  },
  {
    "Scenario Name": "OtherLeadingVehicle_134",
    "Scenario Description": "The scenario realizes a common driving behavior, in which the user-controlled ego vehicle follows a leading car driving down a given road. At some point the leading car has to decelerate. The ego vehicle has to react accordingly by changing lane to avoid a collision and follow the leading car in other lane. The scenario ends either via a timeout, or if the ego vehicle drives some distance.",
    "Map": "Map(name=Carla/Maps/Town05)",
    "First Vehicle Location": 73,
    "Second Vehicle Location": 74,
    "First Vehicle Speed": 13.333333333333332,
    "Second Vehicle Speed": 16.11111111111111,
    "Collision": true,
    "Weather": "ClearNoon",
    "Collision Type": "Actor(id=944, type=vehicle.nissan.patrol)",
    "Time to Collision": 9.614953756332397,
    "Speed at Collision": 21.180424248607057,
    "Intensity": 21619.124517940934
  },
  {
    "Scenario Name": "OtherLeadingVehicle_136",
    "Scenario Description": "The scenario realizes a common driving behavior, in which the user-controlled ego vehicle follows a leading car driving down a given road. At some point the leading car has to decelerate. The ego vehicle has to react accordingly by changing lane to avoid a collision and follow the leading car in other lane. The scenario ends either via a timeout, or if the ego vehicle drives some distance.",
    "Map": "Map(name=Carla/Maps/Town05)",
    "First Vehicle Location": 19,
    "Second Vehicle Location": 20,
    "First Vehicle Speed": 10.833333333333334,
    "Second Vehicle Speed": 13.61111111111111,
    "Collision": true,
    "Weather": "ClearNoon",
    "Collision Type": "Actor(id=956, type=vehicle.nissan.patrol)",
    "Time to Collision": 3.4192187786102295,
    "Speed at Collision": 14.08100260947645,
    "Intensity": 13767.827788457584
  },
  {
    "Scenario Name": "OtherLeadingVehicle_137",
    "Scenario Description": "The scenario realizes a common driving behavior, in which the user-controlled ego vehicle follows a leading car driving down a given road. At some point the leading car has to decelerate. The ego vehicle has to react accordingly by changing lane to avoid a collision and follow the leading car in other lane. The scenario ends either via a timeout, or if the ego vehicle drives some distance.",
    "Map": "Map(name=Carla/Maps/Town05)",
    "First Vehicle Location": 16,
    "Second Vehicle Location": 17,
    "First Vehicle Speed": 16.38888888888889,
    "Second Vehicle Speed": 19.166666666666668,
    "Collision": true,
    "Weather": "HardRainNight",
    "Collision Type": "Actor(id=962, type=vehicle.nissan.patrol)",
    "Time to Collision": 3.5060157775878906,
    "Speed at Collision": 11.612294591716779,
    "Intensity": 8638.710666888386
  },
  {
    "Scenario Name": "OtherLeadingVehicle_138",
    "Scenario Description": "The scenario realizes a common driving behavior, in which the user-controlled ego vehicle follows a leading car driving down a given road. At some point the leading car has to decelerate. The ego vehicle has to react accordingly by changing lane to avoid a collision and follow the leading car in other lane. The scenario ends either via a timeout, or if the ego vehicle drives some distance.",
    "Map": "Map(name=Carla/Maps/Town05)",
    "First Vehicle Location": 98,
    "Second Vehicle Location": 99,
    "First Vehicle Speed": 15.833333333333332,
    "Second Vehicle Speed": 18.61111111111111,
    "Collision": true,
    "Weather": "HardRainNight",
    "Collision Type": "Actor(id=968, type=vehicle.nissan.patrol)",
    "Time to Collision": 13.004068851470947,
    "Speed at Collision": 22.06637264938357,
    "Intensity": 23324.371168792946
  },
  {
    "Scenario Name": "OtherLeadingVehicle_140",
    "Scenario Description": "The scenario realizes a common driving behavior, in which the user-controlled ego vehicle follows a leading car driving down a given road. At some point the leading car has to decelerate. The ego vehicle has to react accordingly by changing lane to avoid a collision and follow the leading car in other lane. The scenario ends either via a timeout, or if the ego vehicle drives some distance.",
    "Map": "Map(name=Carla/Maps/Town05)",
    "First Vehicle Location": 72,
    "Second Vehicle Location": 73,
    "First Vehicle Speed": 4.722222222222222,
    "Second Vehicle Speed": 7.5,
    "Collision": true,
    "Weather": "HardRainNight",
    "Collision Type": "Actor(id=980, type=vehicle.nissan.patrol)",
    "Time to Collision": 6.827881097793579,
    "Speed at Collision": 19.795928962066238,
    "Intensity": 23289.231428475647
  },
  {
    "Scenario Name": "OtherLeadingVehicle_141",
    "Scenario Description": "The scenario realizes a common driving behavior, in which the user-controlled ego vehicle follows a leading car driving down a given road. At some point the leading car has to decelerate. The ego vehicle has to react accordingly by changing lane to avoid a collision and follow the leading car in other lane. The scenario ends either via a timeout, or if the ego vehicle drives some distance.",
    "Map": "Map(name=Carla/Maps/Town05)",
    "First Vehicle Location": 45,
    "Second Vehicle Location": 46,
    "First Vehicle Speed": 6.944444444444445,
    "Second Vehicle Speed": 9.722222222222221,
    "Collision": true,
    "Weather": "ClearNoon",
    "Collision Type": "Actor(id=986, type=vehicle.nissan.patrol)",
    "Time to Collision": 5.051814079284668,
    "Speed at Collision": 19.261769280171386,
    "Intensity": 21802.50715179372
  },
  {
    "Scenario Name": "OtherLeadingVehicle_142",
    "Scenario Description": "The scenario realizes a common driving behavior, in which the user-controlled ego vehicle follows a leading car driving down a given road. At some point the leading car has to decelerate. The ego vehicle has to react accordingly by changing lane to avoid a collision and follow the leading car in other lane. The scenario ends either via a timeout, or if the ego vehicle drives some distance.",
    "Map": "Map(name=Carla/Maps/Town05)",
    "First Vehicle Location": 15,
    "Second Vehicle Location": 16,
    "First Vehicle Speed": 8.055555555555555,
    "Second Vehicle Speed": 10.833333333333334,
    "Collision": true,
    "Weather": "HardRainNight",
    "Collision Type": "Actor(id=992, type=vehicle.nissan.patrol)",
    "Time to Collision": 2.950052499771118,
    "Speed at Collision": 11.743407371946727,
    "Intensity": 11780.96792152489
  },
  {
    "Scenario Name": "OtherLeadingVehicle_143",
    "Scenario Description": "The scenario realizes a common driving behavior, in which the user-controlled ego vehicle follows a leading car driving down a given road. At some point the leading car has to decelerate. The ego vehicle has to react accordingly by changing lane to avoid a collision and follow the leading car in other lane. The scenario ends either via a timeout, or if the ego vehicle drives some distance.",
    "Map": "Map(name=Carla/Maps/Town05)",
    "First Vehicle Location": 100,
    "Second Vehicle Location": 101,
    "First Vehicle Speed": 10.833333333333334,
    "Second Vehicle Speed": 13.61111111111111,
    "Collision": true,
    "Weather": "HardRainNoon",
    "Collision Type": "Actor(id=998, type=vehicle.nissan.patrol)",
    "Time to Collision": 10.092089176177979,
    "Speed at Collision": 24.696041757266634,
    "Intensity": 26466.441662212932
  },
  {
    "Scenario Name": "OtherLeadingVehicle_145",
    "Scenario Description": "The scenario realizes a common driving behavior, in which the user-controlled ego vehicle follows a leading car driving down a given road. At some point the leading car has to decelerate. The ego vehicle has to react accordingly by changing lane to avoid a collision and follow the leading car in other lane. The scenario ends either via a timeout, or if the ego vehicle drives some distance.",
    "Map": "Map(name=Carla/Maps/Town05)",
    "First Vehicle Location": 73,
    "Second Vehicle Location": 74,
    "First Vehicle Speed": 6.388888888888888,
    "Second Vehicle Speed": 9.166666666666666,
    "Collision": true,
    "Weather": "HardRainNoon",
    "Collision Type": "Actor(id=1010, type=vehicle.nissan.patrol)",
    "Time to Collision": 7.03745174407959,
    "Speed at Collision": 23.525951971986856,
    "Intensity": 27463.41684160149
  },
  {
    "Scenario Name": "OtherLeadingVehicle_146",
    "Scenario Description": "The scenario realizes a common driving behavior, in which the user-controlled ego vehicle follows a leading car driving down a given road. At some point the leading car has to decelerate. The ego vehicle has to react accordingly by changing lane to avoid a collision and follow the leading car in other lane. The scenario ends either via a timeout, or if the ego vehicle drives some distance.",
    "Map": "Map(name=Carla/Maps/Town05)",
    "First Vehicle Location": 69,
    "Second Vehicle Location": 70,
    "First Vehicle Speed": 11.666666666666666,
    "Second Vehicle Speed": 14.444444444444445,
    "Collision": true,
    "Weather": "HardRainNight",
    "Collision Type": "Actor(id=1016, type=vehicle.nissan.patrol)",
    "Time to Collision": 8.806377649307251,
    "Speed at Collision": 19.529097812950138,
    "Intensity": 20269.131197079343
  },
  {
    "Scenario Name": "OtherLeadingVehicle_147",
    "Scenario Description": "The scenario realizes a common driving behavior, in which the user-controlled ego vehicle follows a leading car driving down a given road. At some point the leading car has to decelerate. The ego vehicle has to react accordingly by changing lane to avoid a collision and follow the leading car in other lane. The scenario ends either via a timeout, or if the ego vehicle drives some distance.",
    "Map": "Map(name=Carla/Maps/Town05)",
    "First Vehicle Location": 38,
    "Second Vehicle Location": 39,
    "First Vehicle Speed": 7.222222222222222,
    "Second Vehicle Speed": 10.0,
    "Collision": true,
    "Weather": "ClearNoon",
    "Collision Type": "Actor(id=1022, type=vehicle.nissan.patrol)",
    "Time to Collision": 7.459064722061157,
    "Speed at Collision": 7.658919473810406,
    "Intensity": 7004.506008832253
  },
  {
    "Scenario Name": "OtherLeadingVehicle_148",
    "Scenario Description": "The scenario realizes a common driving behavior, in which the user-controlled ego vehicle follows a leading car driving down a given road. At some point the leading car has to decelerate. The ego vehicle has to react accordingly by changing lane to avoid a collision and follow the leading car in other lane. The scenario ends either via a timeout, or if the ego vehicle drives some distance.",
    "Map": "Map(name=Carla/Maps/Town05)",
    "First Vehicle Location": 58,
    "Second Vehicle Location": 59,
    "First Vehicle Speed": 3.611111111111111,
    "Second Vehicle Speed": 6.388888888888888,
    "Collision": true,
    "Weather": "ClearNight",
    "Collision Type": "Actor(id=1028, type=vehicle.nissan.patrol)",
    "Time to Collision": 5.594675064086914,
    "Speed at Collision": 20.5120555020416,
    "Intensity": 25805.38990830286
  },
  {
    "Scenario Name": "OtherLeadingVehicle_149",
    "Scenario Description": "The scenario realizes a common driving behavior, in which the user-controlled ego vehicle follows a leading car driving down a given road. At some point the leading car has to decelerate. The ego vehicle has to react accordingly by changing lane to avoid a collision and follow the leading car in other lane. The scenario ends either via a timeout, or if the ego vehicle drives some distance.",
    "Map": "Map(name=Carla/Maps/Town05)",
    "First Vehicle Location": 20,
    "Second Vehicle Location": 21,
    "First Vehicle Speed": 14.166666666666666,
    "Second Vehicle Speed": 16.944444444444443,
    "Collision": true,
    "Weather": "HardRainNight",
    "Collision Type": "Actor(id=1034, type=vehicle.nissan.patrol)",
    "Time to Collision": 3.7610397338867188,
    "Speed at Collision": 14.789160345728327,
    "Intensity": 13249.45095778957
  },
  {
    "Scenario Name": "OtherLeadingVehicle_150",
    "Scenario Description": "The scenario realizes a common driving behavior, in which the user-controlled ego vehicle follows a leading car driving down a given road. At some point the leading car has to decelerate. The ego vehicle has to react accordingly by changing lane to avoid a collision and follow the leading car in other lane. The scenario ends either via a timeout, or if the ego vehicle drives some distance.",
    "Map": "Map(name=Carla/Maps/Town05)",
    "First Vehicle Location": 85,
    "Second Vehicle Location": 86,
    "First Vehicle Speed": 12.222222222222221,
    "Second Vehicle Speed": 15.0,
    "Collision": true,
    "Weather": "HardRainNoon",
    "Collision Type": "Actor(id=1040, type=vehicle.nissan.patrol)",
    "Time to Collision": 9.543578863143921,
    "Speed at Collision": 26.824695049674812,
    "Intensity": 29215.997650606187
  },
  {
    "Scenario Name": "OtherLeadingVehicle_151",
    "Scenario Description": "The scenario realizes a common driving behavior, in which the user-controlled ego vehicle follows a leading car driving down a given road. At some point the leading car has to decelerate. The ego vehicle has to react accordingly by changing lane to avoid a collision and follow the leading car in other lane. The scenario ends either via a timeout, or if the ego vehicle drives some distance.",
    "Map": "Map(name=Carla/Maps/Town05)",
    "First Vehicle Location": 42,
    "Second Vehicle Location": 43,
    "First Vehicle Speed": 12.777777777777777,
    "Second Vehicle Speed": 15.555555555555555,
    "Collision": true,
    "Weather": "ClearNoon",
    "Collision Type": "Actor(id=1046, type=vehicle.nissan.patrol)",
    "Time to Collision": 5.439141511917114,
    "Speed at Collision": 16.06765712015883,
    "Intensity": 15417.81801326796
  },
  {
    "Scenario Name": "OtherLeadingVehicle_152",
    "Scenario Description": "The scenario realizes a common driving behavior, in which the user-controlled ego vehicle follows a leading car driving down a given road. At some point the leading car has to decelerate. The ego vehicle has to react accordingly by changing lane to avoid a collision and follow the leading car in other lane. The scenario ends either via a timeout, or if the ego vehicle drives some distance.",
    "Map": "Map(name=Carla/Maps/Town05)",
    "First Vehicle Location": 16,
    "Second Vehicle Location": 17,
    "First Vehicle Speed": 2.7777777777777777,
    "Second Vehicle Speed": 5.555555555555555,
    "Collision": true,
    "Weather": "ClearNoon",
    "Collision Type": "Actor(id=1052, type=vehicle.nissan.patrol)",
    "Time to Collision": 6.45211386680603,
    "Speed at Collision": 2.585728607616896,
    "Intensity": 5624.718633118194
  },
  {
    "Scenario Name": "OtherLeadingVehicle_153",
    "Scenario Description": "The scenario realizes a common driving behavior, in which the user-controlled ego vehicle follows a leading car driving down a given road. At some point the leading car has to decelerate. The ego vehicle has to react accordingly by changing lane to avoid a collision and follow the leading car in other lane. The scenario ends either via a timeout, or if the ego vehicle drives some distance.",
    "Map": "Map(name=Carla/Maps/Town05)",
    "First Vehicle Location": 68,
    "Second Vehicle Location": 69,
    "First Vehicle Speed": 11.38888888888889,
    "Second Vehicle Speed": 14.166666666666666,
    "Collision": true,
    "Weather": "HardRainNoon",
    "Collision Type": "Actor(id=1058, type=vehicle.nissan.patrol)",
    "Time to Collision": 9.196520328521729,
    "Speed at Collision": 17.110439498941663,
    "Intensity": 17295.645219472946
  },
  {
    "Scenario Name": "OtherLeadingVehicle_154",
    "Scenario Description": "The scenario realizes a common driving behavior, in which the user-controlled ego vehicle follows a leading car driving down a given road. At some point the leading car has to decelerate. The ego vehicle has to react accordingly by changing lane to avoid a collision and follow the leading car in other lane. The scenario ends either via a timeout, or if the ego vehicle drives some distance.",
    "Map": "Map(name=Carla/Maps/Town05)",
    "First Vehicle Location": 35,
    "Second Vehicle Location": 36,
    "First Vehicle Speed": 15.555555555555555,
    "Second Vehicle Speed": 18.333333333333332,
    "Collision": true,
    "Weather": "HardRainNoon",
    "Collision Type": "Actor(id=1064, type=vehicle.nissan.patrol)",
    "Time to Collision": 5.035257577896118,
    "Speed at Collision": 18.252647789840548,
    "Intensity": 17015.92704529489
  },
  {
    "Scenario Name": "OtherLeadingVehicle_155",
    "Scenario Description": "The scenario realizes a common driving behavior, in which the user-controlled ego vehicle follows a leading car driving down a given road. At some point the leading car has to decelerate. The ego vehicle has to react accordingly by changing lane to avoid a collision and follow the leading car in other lane. The scenario ends either via a timeout, or if the ego vehicle drives some distance.",
    "Map": "Map(name=Carla/Maps/Town05)",
    "First Vehicle Location": 98,
    "Second Vehicle Location": 99,
    "First Vehicle Speed": 12.222222222222221,
    "Second Vehicle Speed": 15.0,
    "Collision": true,
    "Weather": "ClearNoon",
    "Collision Type": "Actor(id=1070, type=vehicle.nissan.patrol)",
    "Time to Collision": 15.760814905166626,
    "Speed at Collision": 17.099396902257045,
    "Intensity": 17077.558913296267
  },
  {
    "Scenario Name": "OtherLeadingVehicle_156",
    "Scenario Description": "The scenario realizes a common driving behavior, in which the user-controlled ego vehicle follows a leading car driving down a given road. At some point the leading car has to decelerate. The ego vehicle has to react accordingly by changing lane to avoid a collision and follow the leading car in other lane. The scenario ends either via a timeout, or if the ego vehicle drives some distance.",
    "Map": "Map(name=Carla/Maps/Town05)",
    "First Vehicle Location": 71,
    "Second Vehicle Location": 72,
    "First Vehicle Speed": 8.88888888888889,
    "Second Vehicle Speed": 11.666666666666666,
    "Collision": true,
    "Weather": "HardRainNight",
    "Collision Type": "Actor(id=1076, type=vehicle.nissan.patrol)",
    "Time to Collision": 7.564927577972412,
    "Speed at Collision": 23.922185758186462,
    "Intensity": 26841.302740573796
  },
  {
    "Scenario Name": "OtherLeadingVehicle_157",
    "Scenario Description": "The scenario realizes a common driving behavior, in which the user-controlled ego vehicle follows a leading car driving down a given road. At some point the leading car has to decelerate. The ego vehicle has to react accordingly by changing lane to avoid a collision and follow the leading car in other lane. The scenario ends either via a timeout, or if the ego vehicle drives some distance.",
    "Map": "Map(name=Carla/Maps/Town05)",
    "First Vehicle Location": 23,
    "Second Vehicle Location": 24,
    "First Vehicle Speed": 7.5,
    "Second Vehicle Speed": 10.277777777777777,
    "Collision": true,
    "Weather": "ClearNoon",
    "Collision Type": "Actor(id=1082, type=vehicle.nissan.patrol)",
    "Time to Collision": 3.9495363235473633,
    "Speed at Collision": 10.326887541091455,
    "Intensity": 10238.658530910257
  },
  {
    "Scenario Name": "OtherLeadingVehicle_158",
    "Scenario Description": "The scenario realizes a common driving behavior, in which the user-controlled ego vehicle follows a leading car driving down a given road. At some point the leading car has to decelerate. The ego vehicle has to react accordingly by changing lane to avoid a collision and follow the leading car in other lane. The scenario ends either via a timeout, or if the ego vehicle drives some distance.",
    "Map": "Map(name=Carla/Maps/Town05)",
    "First Vehicle Location": 92,
    "Second Vehicle Location": 93,
    "First Vehicle Speed": 12.5,
    "Second Vehicle Speed": 15.277777777777777,
    "Collision": true,
    "Weather": "ClearNoon",
    "Collision Type": "Actor(id=1088, type=vehicle.nissan.patrol)",
    "Time to Collision": 13.443073749542236,
    "Speed at Collision": 18.182184237275447,
    "Intensity": 18218.311099132712
  },
  {
    "Scenario Name": "OtherLeadingVehicle_159",
    "Scenario Description": "The scenario realizes a common driving behavior, in which the user-controlled ego vehicle follows a leading car driving down a given road. At some point the leading car has to decelerate. The ego vehicle has to react accordingly by changing lane to avoid a collision and follow the leading car in other lane. The scenario ends either via a timeout, or if the ego vehicle drives some distance.",
    "Map": "Map(name=Carla/Maps/Town05)",
    "First Vehicle Location": 18,
    "Second Vehicle Location": 19,
    "First Vehicle Speed": 3.0555555555555554,
    "Second Vehicle Speed": 5.833333333333333,
    "Collision": true,
    "Weather": "HardRainNoon",
    "Collision Type": "Actor(id=1094, type=vehicle.nissan.patrol)",
    "Time to Collision": 3.7317898273468018,
    "Speed at Collision": 5.944158951395349,
    "Intensity": 12233.011759267669
  },
  {
    "Scenario Name": "OtherLeadingVehicle_160",
    "Scenario Description": "The scenario realizes a common driving behavior, in which the user-controlled ego vehicle follows a leading car driving down a given road. At some point the leading car has to decelerate. The ego vehicle has to react accordingly by changing lane to avoid a collision and follow the leading car in other lane. The scenario ends either via a timeout, or if the ego vehicle drives some distance.",
    "Map": "Map(name=Carla/Maps/Town05)",
    "First Vehicle Location": 71,
    "Second Vehicle Location": 72,
    "First Vehicle Speed": 5.0,
    "Second Vehicle Speed": 7.777777777777778,
    "Collision": true,
    "Weather": "HardRainNight",
    "Collision Type": "Actor(id=1100, type=vehicle.nissan.patrol)",
    "Time to Collision": 14.837352275848389,
    "Speed at Collision": 7.509383322712755,
    "Intensity": 9213.150876340715
  },
  {
    "Scenario Name": "OtherLeadingVehicle_161",
    "Scenario Description": "The scenario realizes a common driving behavior, in which the user-controlled ego vehicle follows a leading car driving down a given road. At some point the leading car has to decelerate. The ego vehicle has to react accordingly by changing lane to avoid a collision and follow the leading car in other lane. The scenario ends either via a timeout, or if the ego vehicle drives some distance.",
    "Map": "Map(name=Carla/Maps/Town05)",
    "First Vehicle Location": 18,
    "Second Vehicle Location": 19,
    "First Vehicle Speed": 11.666666666666666,
    "Second Vehicle Speed": 14.444444444444445,
    "Collision": true,
    "Weather": "HardRainNoon",
    "Collision Type": "Actor(id=1106, type=vehicle.nissan.patrol)",
    "Time to Collision": 4.107076168060303,
    "Speed at Collision": 8.221539972809865,
    "Intensity": 6073.081082930197
  },
  {
    "Scenario Name": "OtherLeadingVehicle_162",
    "Scenario Description": "The scenario realizes a common driving behavior, in which the user-controlled ego vehicle follows a leading car driving down a given road. At some point the leading car has to decelerate. The ego vehicle has to react accordingly by changing lane to avoid a collision and follow the leading car in other lane. The scenario ends either via a timeout, or if the ego vehicle drives some distance.",
    "Map": "Map(name=Carla/Maps/Town05)",
    "First Vehicle Location": 33,
    "Second Vehicle Location": 34,
    "First Vehicle Speed": 15.833333333333332,
    "Second Vehicle Speed": 18.61111111111111,
    "Collision": true,
    "Weather": "HardRainNight",
    "Collision Type": "Actor(id=1112, type=vehicle.nissan.patrol)",
    "Time to Collision": 4.773360729217529,
    "Speed at Collision": 18.173503575166933,
    "Intensity": 17918.04148718309
  },
  {
    "Scenario Name": "OtherLeadingVehicle_163",
    "Scenario Description": "The scenario realizes a common driving behavior, in which the user-controlled ego vehicle follows a leading car driving down a given road. At some point the leading car has to decelerate. The ego vehicle has to react accordingly by changing lane to avoid a collision and follow the leading car in other lane. The scenario ends either via a timeout, or if the ego vehicle drives some distance.",
    "Map": "Map(name=Carla/Maps/Town05)",
    "First Vehicle Location": 95,
    "Second Vehicle Location": 96,
    "First Vehicle Speed": 11.11111111111111,
    "Second Vehicle Speed": 13.88888888888889,
    "Collision": true,
    "Weather": "ClearNight",
    "Collision Type": "Actor(id=1118, type=vehicle.nissan.patrol)",
    "Time to Collision": 9.885380744934082,
    "Speed at Collision": 25.889991357156717,
    "Intensity": 28397.375644658732
  },
  {
    "Scenario Name": "OtherLeadingVehicle_164",
    "Scenario Description": "The scenario realizes a common driving behavior, in which the user-controlled ego vehicle follows a leading car driving down a given road. At some point the leading car has to decelerate. The ego vehicle has to react accordingly by changing lane to avoid a collision and follow the leading car in other lane. The scenario ends either via a timeout, or if the ego vehicle drives some distance.",
    "Map": "Map(name=Carla/Maps/Town05)",
    "First Vehicle Location": 84,
    "Second Vehicle Location": 85,
    "First Vehicle Speed": 9.444444444444445,
    "Second Vehicle Speed": 12.222222222222221,
    "Collision": true,
    "Weather": "HardRainNoon",
    "Collision Type": "Actor(id=1124, type=vehicle.nissan.patrol)",
    "Time to Collision": 8.800161361694336,
    "Speed at Collision": 22.525380093449897,
    "Intensity": 25161.783093287915
  },
  {
    "Scenario Name": "OtherLeadingVehicle_165",
    "Scenario Description": "The scenario realizes a common driving behavior, in which the user-controlled ego vehicle follows a leading car driving down a given road. At some point the leading car has to decelerate. The ego vehicle has to react accordingly by changing lane to avoid a collision and follow the leading car in other lane. The scenario ends either via a timeout, or if the ego vehicle drives some distance.",
    "Map": "Map(name=Carla/Maps/Town05)",
    "First Vehicle Location": 42,
    "Second Vehicle Location": 43,
    "First Vehicle Speed": 5.277777777777778,
    "Second Vehicle Speed": 8.055555555555555,
    "Collision": true,
    "Weather": "HardRainNight",
    "Collision Type": "Actor(id=1130, type=vehicle.nissan.patrol)",
    "Time to Collision": 4.8942742347717285,
    "Speed at Collision": 15.782507245785583,
    "Intensity": 18337.58879761454
  },
  {
    "Scenario Name": "OtherLeadingVehicle_166",
    "Scenario Description": "The scenario realizes a common driving behavior, in which the user-controlled ego vehicle follows a leading car driving down a given road. At some point the leading car has to decelerate. The ego vehicle has to react accordingly by changing lane to avoid a collision and follow the leading car in other lane. The scenario ends either via a timeout, or if the ego vehicle drives some distance.",
    "Map": "Map(name=Carla/Maps/Town05)",
    "First Vehicle Location": 17,
    "Second Vehicle Location": 18,
    "First Vehicle Speed": 10.0,
    "Second Vehicle Speed": 12.777777777777777,
    "Collision": true,
    "Weather": "ClearNoon",
    "Collision Type": "Actor(id=1136, type=vehicle.nissan.patrol)",
    "Time to Collision": 3.196455478668213,
    "Speed at Collision": 13.128092244017505,
    "Intensity": 12900.77749037501
  },
  {
    "Scenario Name": "OtherLeadingVehicle_167",
    "Scenario Description": "The scenario realizes a common driving behavior, in which the user-controlled ego vehicle follows a leading car driving down a given road. At some point the leading car has to decelerate. The ego vehicle has to react accordingly by changing lane to avoid a collision and follow the leading car in other lane. The scenario ends either via a timeout, or if the ego vehicle drives some distance.",
    "Map": "Map(name=Carla/Maps/Town05)",
    "First Vehicle Location": 85,
    "Second Vehicle Location": 86,
    "First Vehicle Speed": 13.055555555555555,
    "Second Vehicle Speed": 15.833333333333332,
    "Collision": true,
    "Weather": "ClearNoon",
    "Collision Type": "Actor(id=1142, type=vehicle.nissan.patrol)",
    "Time to Collision": 10.060982465744019,
    "Speed at Collision": 24.96283252710651,
    "Intensity": 26333.385320512687
  },
  {
    "Scenario Name": "OtherLeadingVehicle_168",
    "Scenario Description": "The scenario realizes a common driving behavior, in which the user-controlled ego vehicle follows a leading car driving down a given road. At some point the leading car has to decelerate. The ego vehicle has to react accordingly by changing lane to avoid a collision and follow the leading car in other lane. The scenario ends either via a timeout, or if the ego vehicle drives some distance.",
    "Map": "Map(name=Carla/Maps/Town05)",
    "First Vehicle Location": 11,
    "Second Vehicle Location": 12,
    "First Vehicle Speed": 16.666666666666668,
    "Second Vehicle Speed": 19.444444444444443,
    "Collision": true,
    "Weather": "ClearNoon",
    "Collision Type": "Actor(id=1148, type=vehicle.nissan.patrol)",
    "Time to Collision": 2.708281993865967,
    "Speed at Collision": 10.497891786181192,
    "Intensity": 9153.138821505712
  },
  {
    "Scenario Name": "OtherLeadingVehicle_170",
    "Scenario Description": "The scenario realizes a common driving behavior, in which the user-controlled ego vehicle follows a leading car driving down a given road. At some point the leading car has to decelerate. The ego vehicle has to react accordingly by changing lane to avoid a collision and follow the leading car in other lane. The scenario ends either via a timeout, or if the ego vehicle drives some distance.",
    "Map": "Map(name=Carla/Maps/Town05)",
    "First Vehicle Location": 47,
    "Second Vehicle Location": 48,
    "First Vehicle Speed": 12.777777777777777,
    "Second Vehicle Speed": 15.555555555555555,
    "Collision": true,
    "Weather": "ClearNoon",
    "Collision Type": "Actor(id=1160, type=vehicle.nissan.patrol)",
    "Time to Collision": 6.113330364227295,
    "Speed at Collision": 14.694816608119304,
    "Intensity": 13689.114118234234
  },
  {
    "Scenario Name": "OtherLeadingVehicle_171",
    "Scenario Description": "The scenario realizes a common driving behavior, in which the user-controlled ego vehicle follows a leading car driving down a given road. At some point the leading car has to decelerate. The ego vehicle has to react accordingly by changing lane to avoid a collision and follow the leading car in other lane. The scenario ends either via a timeout, or if the ego vehicle drives some distance.",
    "Map": "Map(name=Carla/Maps/Town05)",
    "First Vehicle Location": 12,
    "Second Vehicle Location": 13,
    "First Vehicle Speed": 5.0,
    "Second Vehicle Speed": 7.777777777777778,
    "Collision": true,
    "Weather": "ClearNight",
    "Collision Type": "Actor(id=1166, type=vehicle.nissan.patrol)",
    "Time to Collision": 2.466906785964966,
    "Speed at Collision": 9.704817025466124,
    "Intensity": 10666.797890704727
  },
  {
    "Scenario Name": "OtherLeadingVehicle_172",
    "Scenario Description": "The scenario realizes a common driving behavior, in which the user-controlled ego vehicle follows a leading car driving down a given road. At some point the leading car has to decelerate. The ego vehicle has to react accordingly by changing lane to avoid a collision and follow the leading car in other lane. The scenario ends either via a timeout, or if the ego vehicle drives some distance.",
    "Map": "Map(name=Carla/Maps/Town05)",
    "First Vehicle Location": 90,
    "Second Vehicle Location": 91,
    "First Vehicle Speed": 10.833333333333334,
    "Second Vehicle Speed": 13.61111111111111,
    "Collision": true,
    "Weather": "HardRainNight",
    "Collision Type": "Actor(id=1172, type=vehicle.nissan.patrol)",
    "Time to Collision": 9.584349393844604,
    "Speed at Collision": 24.13669889667581,
    "Intensity": 25689.737070819236
  },
  {
    "Scenario Name": "OtherLeadingVehicle_174",
    "Scenario Description": "The scenario realizes a common driving behavior, in which the user-controlled ego vehicle follows a leading car driving down a given road. At some point the leading car has to decelerate. The ego vehicle has to react accordingly by changing lane to avoid a collision and follow the leading car in other lane. The scenario ends either via a timeout, or if the ego vehicle drives some distance.",
    "Map": "Map(name=Carla/Maps/Town05)",
    "First Vehicle Location": 48,
    "Second Vehicle Location": 49,
    "First Vehicle Speed": 14.444444444444445,
    "Second Vehicle Speed": 17.22222222222222,
    "Collision": true,
    "Weather": "HardRainNight",
    "Collision Type": "Actor(id=146, type=vehicle.nissan.patrol)",
    "Time to Collision": 10.155303716659546,
    "Speed at Collision": 9.358814261390686,
    "Intensity": 6260.620495699843
  },
  {
    "Scenario Name": "OtherLeadingVehicle_175",
    "Scenario Description": "The scenario realizes a common driving behavior, in which the user-controlled ego vehicle follows a leading car driving down a given road. At some point the leading car has to decelerate. The ego vehicle has to react accordingly by changing lane to avoid a collision and follow the leading car in other lane. The scenario ends either via a timeout, or if the ego vehicle drives some distance.",
    "Map": "Map(name=Carla/Maps/Town05)",
    "First Vehicle Location": 96,
    "Second Vehicle Location": 97,
    "First Vehicle Speed": 11.944444444444445,
    "Second Vehicle Speed": 14.722222222222221,
    "Collision": true,
    "Weather": "ClearNoon",
    "Collision Type": "Actor(id=152, type=vehicle.nissan.patrol)",
    "Time to Collision": 11.513457298278809,
    "Speed at Collision": 21.18042211216963,
    "Intensity": 22205.532400439475
  },
  {
    "Scenario Name": "OtherLeadingVehicle_176",
    "Scenario Description": "The scenario realizes a common driving behavior, in which the user-controlled ego vehicle follows a leading car driving down a given road. At some point the leading car has to decelerate. The ego vehicle has to react accordingly by changing lane to avoid a collision and follow the leading car in other lane. The scenario ends either via a timeout, or if the ego vehicle drives some distance.",
    "Map": "Map(name=Carla/Maps/Town05)",
    "First Vehicle Location": 78,
    "Second Vehicle Location": 79,
    "First Vehicle Speed": 4.166666666666667,
    "Second Vehicle Speed": 6.944444444444445,
    "Collision": true,
    "Weather": "ClearNight",
    "Collision Type": "Actor(id=158, type=vehicle.nissan.patrol)",
    "Time to Collision": 6.969886541366577,
    "Speed at Collision": 23.345592737496716,
    "Intensity": 28111.031396171933
  },
  {
    "Scenario Name": "OtherLeadingVehicle_177",
    "Scenario Description": "The scenario realizes a common driving behavior, in which the user-controlled ego vehicle follows a leading car driving down a given road. At some point the leading car has to decelerate. The ego vehicle has to react accordingly by changing lane to avoid a collision and follow the leading car in other lane. The scenario ends either via a timeout, or if the ego vehicle drives some distance.",
    "Map": "Map(name=Carla/Maps/Town05)",
    "First Vehicle Location": 84,
    "Second Vehicle Location": 85,
    "First Vehicle Speed": 13.333333333333332,
    "Second Vehicle Speed": 16.11111111111111,
    "Collision": true,
    "Weather": "ClearNoon",
    "Collision Type": "Actor(id=164, type=vehicle.nissan.patrol)",
    "Time to Collision": 10.867242813110352,
    "Speed at Collision": 21.44984805051158,
    "Intensity": 22006.277950782485
  },
  {
    "Scenario Name": "OtherLeadingVehicle_178",
    "Scenario Description": "The scenario realizes a common driving behavior, in which the user-controlled ego vehicle follows a leading car driving down a given road. At some point the leading car has to decelerate. The ego vehicle has to react accordingly by changing lane to avoid a collision and follow the leading car in other lane. The scenario ends either via a timeout, or if the ego vehicle drives some distance.",
    "Map": "Map(name=Carla/Maps/Town05)",
    "First Vehicle Location": 34,
    "Second Vehicle Location": 35,
    "First Vehicle Speed": 3.333333333333333,
    "Second Vehicle Speed": 6.111111111111111,
    "Collision": true,
    "Weather": "ClearNight",
    "Collision Type": "Actor(id=170, type=vehicle.nissan.patrol)",
    "Time to Collision": 4.154738426208496,
    "Speed at Collision": 16.527032102578595,
    "Intensity": 20008.938554386576
  },
  {
    "Scenario Name": "OtherLeadingVehicle_179",
    "Scenario Description": "The scenario realizes a common driving behavior, in which the user-controlled ego vehicle follows a leading car driving down a given road. At some point the leading car has to decelerate. The ego vehicle has to react accordingly by changing lane to avoid a collision and follow the leading car in other lane. The scenario ends either via a timeout, or if the ego vehicle drives some distance.",
    "Map": "Map(name=Carla/Maps/Town05)",
    "First Vehicle Location": 83,
    "Second Vehicle Location": 84,
    "First Vehicle Speed": 12.777777777777777,
    "Second Vehicle Speed": 15.555555555555555,
    "Collision": true,
    "Weather": "HardRainNoon",
    "Collision Type": "Actor(id=176, type=vehicle.nissan.patrol)",
    "Time to Collision": 9.606422185897827,
    "Speed at Collision": 26.635673565930837,
    "Intensity": 28632.968569307686
  },
  {
    "Scenario Name": "OtherLeadingVehicle_180",
    "Scenario Description": "The scenario realizes a common driving behavior, in which the user-controlled ego vehicle follows a leading car driving down a given road. At some point the leading car has to decelerate. The ego vehicle has to react accordingly by changing lane to avoid a collision and follow the leading car in other lane. The scenario ends either via a timeout, or if the ego vehicle drives some distance.",
    "Map": "Map(name=Carla/Maps/Town05)",
    "First Vehicle Location": 38,
    "Second Vehicle Location": 39,
    "First Vehicle Speed": 14.166666666666666,
    "Second Vehicle Speed": 16.944444444444443,
    "Collision": true,
    "Weather": "ClearNoon",
    "Collision Type": "Actor(id=140, type=vehicle.nissan.patrol)",
    "Time to Collision": 15.135608911514282,
    "Speed at Collision": 6.655907871210874,
    "Intensity": 3435.150452913126
  },
  {
    "Scenario Name": "OtherLeadingVehicle_181",
    "Scenario Description": "The scenario realizes a common driving behavior, in which the user-controlled ego vehicle follows a leading car driving down a given road. At some point the leading car has to decelerate. The ego vehicle has to react accordingly by changing lane to avoid a collision and follow the leading car in other lane. The scenario ends either via a timeout, or if the ego vehicle drives some distance.",
    "Map": "Map(name=Carla/Maps/Town05)",
    "First Vehicle Location": 24,
    "Second Vehicle Location": 25,
    "First Vehicle Speed": 11.944444444444445,
    "Second Vehicle Speed": 14.722222222222221,
    "Collision": true,
    "Weather": "ClearNoon",
    "Collision Type": "Actor(id=146, type=vehicle.nissan.patrol)",
    "Time to Collision": 3.9015371799468994,
    "Speed at Collision": 15.71713919148017,
    "Intensity": 15381.534873676508
  },
  {
    "Scenario Name": "OtherLeadingVehicle_183",
    "Scenario Description": "The scenario realizes a common driving behavior, in which the user-controlled ego vehicle follows a leading car driving down a given road. At some point the leading car has to decelerate. The ego vehicle has to react accordingly by changing lane to avoid a collision and follow the leading car in other lane. The scenario ends either via a timeout, or if the ego vehicle drives some distance.",
    "Map": "Map(name=Carla/Maps/Town05)",
    "First Vehicle Location": 43,
    "Second Vehicle Location": 44,
    "First Vehicle Speed": 16.666666666666668,
    "Second Vehicle Speed": 19.444444444444443,
    "Collision": true,
    "Weather": "ClearNoon",
    "Collision Type": "Actor(id=158, type=vehicle.nissan.patrol)",
    "Time to Collision": 5.564011335372925,
    "Speed at Collision": 20.509250275809794,
    "Intensity": 19553.420604239178
  },
  {
    "Scenario Name": "OtherLeadingVehicle_184",
    "Scenario Description": "The scenario realizes a common driving behavior, in which the user-controlled ego vehicle follows a leading car driving down a given road. At some point the leading car has to decelerate. The ego vehicle has to react accordingly by changing lane to avoid a collision and follow the leading car in other lane. The scenario ends either via a timeout, or if the ego vehicle drives some distance.",
    "Map": "Map(name=Carla/Maps/Town05)",
    "First Vehicle Location": 79,
    "Second Vehicle Location": 80,
    "First Vehicle Speed": 14.166666666666666,
    "Second Vehicle Speed": 16.944444444444443,
    "Collision": true,
    "Weather": "HardRainNight",
    "Collision Type": "Actor(id=0, type=static.fence)",
    "Time to Collision": 11.69663381576538,
    "Speed at Collision": 10.643750903669918,
    "Intensity": 17972.7534810639
  },
  {
    "Scenario Name": "OtherLeadingVehicle_185",
    "Scenario Description": "The scenario realizes a common driving behavior, in which the user-controlled ego vehicle follows a leading car driving down a given road. At some point the leading car has to decelerate. The ego vehicle has to react accordingly by changing lane to avoid a collision and follow the leading car in other lane. The scenario ends either via a timeout, or if the ego vehicle drives some distance.",
    "Map": "Map(name=Carla/Maps/Town05)",
    "First Vehicle Location": 27,
    "Second Vehicle Location": 28,
    "First Vehicle Speed": 11.666666666666666,
    "Second Vehicle Speed": 14.444444444444445,
    "Collision": true,
    "Weather": "ClearNoon",
    "Collision Type": "Actor(id=170, type=vehicle.nissan.patrol)",
    "Time to Collision": 5.0302393436431885,
    "Speed at Collision": 9.887039677569712,
    "Intensity": 8055.02570729872
  },
  {
    "Scenario Name": "OtherLeadingVehicle_186",
    "Scenario Description": "The scenario realizes a common driving behavior, in which the user-controlled ego vehicle follows a leading car driving down a given road. At some point the leading car has to decelerate. The ego vehicle has to react accordingly by changing lane to avoid a collision and follow the leading car in other lane. The scenario ends either via a timeout, or if the ego vehicle drives some distance.",
    "Map": "Map(name=Carla/Maps/Town05)",
    "First Vehicle Location": 32,
    "Second Vehicle Location": 33,
    "First Vehicle Speed": 15.0,
    "Second Vehicle Speed": 17.77777777777778,
    "Collision": true,
    "Weather": "ClearNoon",
    "Collision Type": "Actor(id=176, type=vehicle.nissan.patrol)",
    "Time to Collision": 4.716105699539185,
    "Speed at Collision": 18.216594905953013,
    "Intensity": 17326.400337362873
  },
  {
    "Scenario Name": "OtherLeadingVehicle_188",
    "Scenario Description": "The scenario realizes a common driving behavior, in which the user-controlled ego vehicle follows a leading car driving down a given road. At some point the leading car has to decelerate. The ego vehicle has to react accordingly by changing lane to avoid a collision and follow the leading car in other lane. The scenario ends either via a timeout, or if the ego vehicle drives some distance.",
    "Map": "Map(name=Carla/Maps/Town05)",
    "First Vehicle Location": 37,
    "Second Vehicle Location": 38,
    "First Vehicle Speed": 3.0555555555555554,
    "Second Vehicle Speed": 5.833333333333333,
    "Collision": true,
    "Weather": "HardRainNoon",
    "Collision Type": "Actor(id=188, type=vehicle.nissan.patrol)",
    "Time to Collision": 8.451258182525635,
    "Speed at Collision": 5.599724954230989,
    "Intensity": 11802.42244828538
  },
  {
    "Scenario Name": "OtherLeadingVehicle_189",
    "Scenario Description": "The scenario realizes a common driving behavior, in which the user-controlled ego vehicle follows a leading car driving down a given road. At some point the leading car has to decelerate. The ego vehicle has to react accordingly by changing lane to avoid a collision and follow the leading car in other lane. The scenario ends either via a timeout, or if the ego vehicle drives some distance.",
    "Map": "Map(name=Carla/Maps/Town05)",
    "First Vehicle Location": 35,
    "Second Vehicle Location": 36,
    "First Vehicle Speed": 13.88888888888889,
    "Second Vehicle Speed": 16.666666666666668,
    "Collision": true,
    "Weather": "ClearNoon",
    "Collision Type": "Actor(id=194, type=vehicle.nissan.patrol)",
    "Time to Collision": 4.89423680305481,
    "Speed at Collision": 18.538882813560484,
    "Intensity": 18659.208433950967
  },
  {
    "Scenario Name": "OtherLeadingVehicle_190",
    "Scenario Description": "The scenario realizes a common driving behavior, in which the user-controlled ego vehicle follows a leading car driving down a given road. At some point the leading car has to decelerate. The ego vehicle has to react accordingly by changing lane to avoid a collision and follow the leading car in other lane. The scenario ends either via a timeout, or if the ego vehicle drives some distance.",
    "Map": "Map(name=Carla/Maps/Town05)",
    "First Vehicle Location": 65,
    "Second Vehicle Location": 66,
    "First Vehicle Speed": 14.444444444444445,
    "Second Vehicle Speed": 17.22222222222222,
    "Collision": true,
    "Weather": "ClearNight",
    "Collision Type": "Actor(id=200, type=vehicle.nissan.patrol)",
    "Time to Collision": 8.53876280784607,
    "Speed at Collision": 24.934486817623537,
    "Intensity": 25957.49103511746
  },
  {
    "Scenario Name": "OtherLeadingVehicle_191",
    "Scenario Description": "The scenario realizes a common driving behavior, in which the user-controlled ego vehicle follows a leading car driving down a given road. At some point the leading car has to decelerate. The ego vehicle has to react accordingly by changing lane to avoid a collision and follow the leading car in other lane. The scenario ends either via a timeout, or if the ego vehicle drives some distance.",
    "Map": "Map(name=Carla/Maps/Town05)",
    "First Vehicle Location": 27,
    "Second Vehicle Location": 28,
    "First Vehicle Speed": 3.888888888888889,
    "Second Vehicle Speed": 6.666666666666666,
    "Collision": true,
    "Weather": "ClearNoon",
    "Collision Type": "Actor(id=206, type=vehicle.nissan.patrol)",
    "Time to Collision": 3.714412212371826,
    "Speed at Collision": 14.831265564181498,
    "Intensity": 17527.356833180143
  },
  {
    "Scenario Name": "OtherLeadingVehicle_192",
    "Scenario Description": "The scenario realizes a common driving behavior, in which the user-controlled ego vehicle follows a leading car driving down a given road. At some point the leading car has to decelerate. The ego vehicle has to react accordingly by changing lane to avoid a collision and follow the leading car in other lane. The scenario ends either via a timeout, or if the ego vehicle drives some distance.",
    "Map": "Map(name=Carla/Maps/Town05)",
    "First Vehicle Location": 27,
    "Second Vehicle Location": 28,
    "First Vehicle Speed": 11.11111111111111,
    "Second Vehicle Speed": 13.88888888888889,
    "Collision": true,
    "Weather": "ClearNoon",
    "Collision Type": "Actor(id=212, type=vehicle.nissan.patrol)",
    "Time to Collision": 4.149089813232422,
    "Speed at Collision": 16.32481733555557,
    "Intensity": 16449.718165211092
  },
  {
    "Scenario Name": "OtherLeadingVehicle_193",
    "Scenario Description": "The scenario realizes a common driving behavior, in which the user-controlled ego vehicle follows a leading car driving down a given road. At some point the leading car has to decelerate. The ego vehicle has to react accordingly by changing lane to avoid a collision and follow the leading car in other lane. The scenario ends either via a timeout, or if the ego vehicle drives some distance.",
    "Map": "Map(name=Carla/Maps/Town05)",
    "First Vehicle Location": 54,
    "Second Vehicle Location": 55,
    "First Vehicle Speed": 9.722222222222221,
    "Second Vehicle Speed": 12.5,
    "Collision": true,
    "Weather": "ClearNight",
    "Collision Type": "Actor(id=218, type=vehicle.nissan.patrol)",
    "Time to Collision": 5.832613706588745,
    "Speed at Collision": 20.85745160260315,
    "Intensity": 22532.393145725284
  },
  {
    "Scenario Name": "OtherLeadingVehicle_194",
    "Scenario Description": "The scenario realizes a common driving behavior, in which the user-controlled ego vehicle follows a leading car driving down a given road. At some point the leading car has to decelerate. The ego vehicle has to react accordingly by changing lane to avoid a collision and follow the leading car in other lane. The scenario ends either via a timeout, or if the ego vehicle drives some distance.",
    "Map": "Map(name=Carla/Maps/Town05)",
    "First Vehicle Location": 19,
    "Second Vehicle Location": 20,
    "First Vehicle Speed": 5.277777777777778,
    "Second Vehicle Speed": 8.055555555555555,
    "Collision": true,
    "Weather": "HardRainNight",
    "Collision Type": "Actor(id=224, type=vehicle.nissan.patrol)",
    "Time to Collision": 3.1777844429016113,
    "Speed at Collision": 12.6433645287565,
    "Intensity": 15549.55166110564
  },
  {
    "Scenario Name": "OtherLeadingVehicle_195",
    "Scenario Description": "The scenario realizes a common driving behavior, in which the user-controlled ego vehicle follows a leading car driving down a given road. At some point the leading car has to decelerate. The ego vehicle has to react accordingly by changing lane to avoid a collision and follow the leading car in other lane. The scenario ends either via a timeout, or if the ego vehicle drives some distance.",
    "Map": "Map(name=Carla/Maps/Town05)",
    "First Vehicle Location": 41,
    "Second Vehicle Location": 42,
    "First Vehicle Speed": 6.388888888888888,
    "Second Vehicle Speed": 9.166666666666666,
    "Collision": true,
    "Weather": "ClearNoon",
    "Collision Type": "Actor(id=230, type=vehicle.nissan.patrol)",
    "Time to Collision": 4.755680799484253,
    "Speed at Collision": 18.377935701365608,
    "Intensity": 20924.30347616584
  },
  {
    "Scenario Name": "OtherLeadingVehicle_196",
    "Scenario Description": "The scenario realizes a common driving behavior, in which the user-controlled ego vehicle follows a leading car driving down a given road. At some point the leading car has to decelerate. The ego vehicle has to react accordingly by changing lane to avoid a collision and follow the leading car in other lane. The scenario ends either via a timeout, or if the ego vehicle drives some distance.",
    "Map": "Map(name=Carla/Maps/Town05)",
    "First Vehicle Location": 48,
    "Second Vehicle Location": 49,
    "First Vehicle Speed": 4.444444444444445,
    "Second Vehicle Speed": 7.222222222222222,
    "Collision": true,
    "Weather": "ClearNoon",
    "Collision Type": "Actor(id=236, type=vehicle.nissan.patrol)",
    "Time to Collision": 11.09115219116211,
    "Speed at Collision": 5.657806028118631,
    "Intensity": 5919.431495104449
  },
  {
    "Scenario Name": "OtherLeadingVehicle_197",
    "Scenario Description": "The scenario realizes a common driving behavior, in which the user-controlled ego vehicle follows a leading car driving down a given road. At some point the leading car has to decelerate. The ego vehicle has to react accordingly by changing lane to avoid a collision and follow the leading car in other lane. The scenario ends either via a timeout, or if the ego vehicle drives some distance.",
    "Map": "Map(name=Carla/Maps/Town05)",
    "First Vehicle Location": 83,
    "Second Vehicle Location": 84,
    "First Vehicle Speed": 11.11111111111111,
    "Second Vehicle Speed": 13.88888888888889,
    "Collision": true,
    "Weather": "HardRainNight",
    "Collision Type": "Actor(id=242, type=vehicle.nissan.patrol)",
    "Time to Collision": 13.403228282928467,
    "Speed at Collision": 15.270702808737793,
    "Intensity": 15061.623308204538
  },
  {
    "Scenario Name": "OtherLeadingVehicle_198",
    "Scenario Description": "The scenario realizes a common driving behavior, in which the user-controlled ego vehicle follows a leading car driving down a given road. At some point the leading car has to decelerate. The ego vehicle has to react accordingly by changing lane to avoid a collision and follow the leading car in other lane. The scenario ends either via a timeout, or if the ego vehicle drives some distance.",
    "Map": "Map(name=Carla/Maps/Town05)",
    "First Vehicle Location": 84,
    "Second Vehicle Location": 85,
    "First Vehicle Speed": 12.5,
    "Second Vehicle Speed": 15.277777777777777,
    "Collision": true,
    "Weather": "ClearNoon",
    "Collision Type": "Actor(id=248, type=vehicle.nissan.patrol)",
    "Time to Collision": 11.567423343658447,
    "Speed at Collision": 18.723193872459134,
    "Intensity": 18928.816597514626
  },
  {
    "Scenario Name": "OtherLeadingVehicle_199",
    "Scenario Description": "The scenario realizes a common driving behavior, in which the user-controlled ego vehicle follows a leading car driving down a given road. At some point the leading car has to decelerate. The ego vehicle has to react accordingly by changing lane to avoid a collision and follow the leading car in other lane. The scenario ends either via a timeout, or if the ego vehicle drives some distance.",
    "Map": "Map(name=Carla/Maps/Town05)",
    "First Vehicle Location": 87,
    "Second Vehicle Location": 88,
    "First Vehicle Speed": 14.722222222222221,
    "Second Vehicle Speed": 17.5,
    "Collision": true,
    "Weather": "ClearNight",
    "Collision Type": "Actor(id=254, type=vehicle.nissan.patrol)",
    "Time to Collision": 14.10620927810669,
    "Speed at Collision": 19.476638955032517,
    "Intensity": 18947.730135551927
  }
]