[
  {
    "Scenario Name": "OtherLeadingVehicle_741",
    "Scenario Description": "The scenario realizes a common driving behavior, in which the user-controlled ego vehicle follows a leading car driving down a given road. At some point the leading car has to decelerate. The ego vehicle has to react accordingly by changing lane to avoid a collision and follow the leading car in other lane. The scenario ends either via a timeout, or if the ego vehicle drives some distance.",
    "Map": "Map(name=Carla/Maps/Town05)",
    "First Vehicle Location": 18,
    "Second Vehicle Location": 19,
    "First Vehicle Speed": 13.333333333333332,
    "Second Vehicle Speed": 16.11111111111111,
    "Collision": true,
    "Weather": "HardRainNoon",
    "Collision Type": "Actor(id=146, type=vehicle.nissan.patrol)",
    "Time to Collision": 3.46341609954834,
    "Speed at Collision": 14.195919898265002,
    "Intensity": 12857.372470964661
  },
  {
    "Scenario Name": "OtherLeadingVehicle_742",
    "Scenario Description": "The scenario realizes a common driving behavior, in which the user-controlled ego vehicle follows a leading car driving down a given road. At some point the leading car has to decelerate. The ego vehicle has to react accordingly by changing lane to avoid a collision and follow the leading car in other lane. The scenario ends either via a timeout, or if the ego vehicle drives some distance.",
    "Map": "Map(name=Carla/Maps/Town05)",
    "First Vehicle Location": 89,
    "Second Vehicle Location": 90,
    "First Vehicle Speed": 7.222222222222222,
    "Second Vehicle Speed": 10.0,
    "Collision": true,
    "Weather": "ClearNight",
    "Collision Type": "Actor(id=152, type=vehicle.nissan.patrol)",
    "Time to Collision": 8.340001583099365,
    "Speed at Collision": 24.361044494606446,
    "Intensity": 27857.23370029832
  },
  {
    "Scenario Name": "OtherLeadingVehicle_745",
    "Scenario Description": "The scenario realizes a common driving behavior, in which the user-controlled ego vehicle follows a leading car driving down a given road. At some point the leading car has to decelerate. The ego vehicle has to react accordingly by changing lane to avoid a collision and follow the leading car in other lane. The scenario ends either via a timeout, or if the ego vehicle drives some distance.",
    "Map": "Map(name=Carla/Maps/Town05)",
    "First Vehicle Location": 94,
    "Second Vehicle Location": 95,
    "First Vehicle Speed": 5.555555555555555,
    "Second Vehicle Speed": 8.333333333333334,
    "Collision": true,
    "Weather": "HardRainNoon",
    "Collision Type": "Actor(id=170, type=vehicle.nissan.patrol)",
    "Time to Collision": 7.958258628845215,
    "Speed at Collision": 25.62028186547456,
    "Intensity": 30368.02145099461
  },
  {
    "Scenario Name": "OtherLeadingVehicle_746",
    "Scenario Description": "The scenario realizes a common driving behavior, in which the user-controlled ego vehicle follows a leading car driving down a given road. At some point the leading car has to decelerate. The ego vehicle has to react accordingly by changing lane to avoid a collision and follow the leading car in other lane. The scenario ends either via a timeout, or if the ego vehicle drives some distance.",
    "Map": "Map(name=Carla/Maps/Town05)",
    "First Vehicle Location": 30,
    "Second Vehicle Location": 31,
    "First Vehicle Speed": 2.7777777777777777,
    "Second Vehicle Speed": 5.555555555555555,
    "Collision": true,
    "Weather": "HardRainNoon",
    "Collision Type": "Actor(id=176, type=vehicle.nissan.patrol)",
    "Time to Collision": 4.006229639053345,
    "Speed at Collision": 12.11699195128242,
    "Intensity": 15132.089409497717
  },
  {
    "Scenario Name": "OtherLeadingVehicle_748",
    "Scenario Description": "The scenario realizes a common driving behavior, in which the user-controlled ego vehicle follows a leading car driving down a given road. At some point the leading car has to decelerate. The ego vehicle has to react accordingly by changing lane to avoid a collision and follow the leading car in other lane. The scenario ends either via a timeout, or if the ego vehicle drives some distance.",
    "Map": "Map(name=Carla/Maps/Town05)",
    "First Vehicle Location": 51,
    "Second Vehicle Location": 52,
    "First Vehicle Speed": 10.0,
    "Second Vehicle Speed": 12.777777777777777,
    "Collision": true,
    "Weather": "ClearNight",
    "Collision Type": "Actor(id=188, type=vehicle.nissan.patrol)",
    "Time to Collision": 6.283120155334473,
    "Speed at Collision": 14.628026489845317,
    "Intensity": 13997.675854282632
  },
  {
    "Scenario Name": "OtherLeadingVehicle_750",
    "Scenario Description": "The scenario realizes a common driving behavior, in which the user-controlled ego vehicle follows a leading car driving down a given road. At some point the leading car has to decelerate. The ego vehicle has to react accordingly by changing lane to avoid a collision and follow the leading car in other lane. The scenario ends either via a timeout, or if the ego vehicle drives some distance.",
    "Map": "Map(name=Carla/Maps/Town05)",
    "First Vehicle Location": 63,
    "Second Vehicle Location": 64,
    "First Vehicle Speed": 6.388888888888888,
    "Second Vehicle Speed": 9.166666666666666,
    "Collision": true,
    "Weather": "HardRainNoon",
    "Collision Type": "Actor(id=200, type=vehicle.nissan.patrol)",
    "Time to Collision": 6.254936695098877,
    "Speed at Collision": 22.124708812053395,
    "Intensity": 26000.236312534154
  },
  {
    "Scenario Name": "OtherLeadingVehicle_751",
    "Scenario Description": "The scenario realizes a common driving behavior, in which the user-controlled ego vehicle follows a leading car driving down a given road. At some point the leading car has to decelerate. The ego vehicle has to react accordingly by changing lane to avoid a collision and follow the leading car in other lane. The scenario ends either via a timeout, or if the ego vehicle drives some distance.",
    "Map": "Map(name=Carla/Maps/Town05)",
    "First Vehicle Location": 72,
    "Second Vehicle Location": 73,
    "First Vehicle Speed": 10.277777777777777,
    "Second Vehicle Speed": 13.055555555555555,
    "Collision": true,
    "Weather": "HardRainNight",
    "Collision Type": "Actor(id=206, type=vehicle.nissan.patrol)",
    "Time to Collision": 7.9601969718933105,
    "Speed at Collision": 24.804153891469024,
    "Intensity": 27901.527427645684
  },
  {
    "Scenario Name": "OtherLeadingVehicle_752",
    "Scenario Description": "The scenario realizes a common driving behavior, in which the user-controlled ego vehicle follows a leading car driving down a given road. At some point the leading car has to decelerate. The ego vehicle has to react accordingly by changing lane to avoid a collision and follow the leading car in other lane. The scenario ends either via a timeout, or if the ego vehicle drives some distance.",
    "Map": "Map(name=Carla/Maps/Town05)",
    "First Vehicle Location": 76,
    "Second Vehicle Location": 77,
    "First Vehicle Speed": 13.333333333333332,
    "Second Vehicle Speed": 16.11111111111111,
    "Collision": true,
    "Weather": "ClearNoon",
    "Collision Type": "Actor(id=212, type=vehicle.nissan.patrol)",
    "Time to Collision": 9.84526252746582,
    "Speed at Collision": 21.988600375202022,
    "Intensity": 22692.078093287775
  },
  {
    "Scenario Name": "OtherLeadingVehicle_754",
    "Scenario Description": "The scenario realizes a common driving behavior, in which the user-controlled ego vehicle follows a leading car driving down a given road. At some point the leading car has to decelerate. The ego vehicle has to react accordingly by changing lane to avoid a collision and follow the leading car in other lane. The scenario ends either via a timeout, or if the ego vehicle drives some distance.",
    "Map": "Map(name=Carla/Maps/Town05)",
    "First Vehicle Location": 58,
    "Second Vehicle Location": 59,
    "First Vehicle Speed": 3.611111111111111,
    "Second Vehicle Speed": 6.388888888888888,
    "Collision": true,
    "Weather": "HardRainNight",
    "Collision Type": "Actor(id=224, type=vehicle.nissan.patrol)",
    "Time to Collision": 5.577940464019775,
    "Speed at Collision": 20.346402674285162,
    "Intensity": 24567.22504121369
  },
  {
    "Scenario Name": "OtherLeadingVehicle_755",
    "Scenario Description": "The scenario realizes a common driving behavior, in which the user-controlled ego vehicle follows a leading car driving down a given road. At some point the leading car has to decelerate. The ego vehicle has to react accordingly by changing lane to avoid a collision and follow the leading car in other lane. The scenario ends either via a timeout, or if the ego vehicle drives some distance.",
    "Map": "Map(name=Carla/Maps/Town05)",
    "First Vehicle Location": 11,
    "Second Vehicle Location": 12,
    "First Vehicle Speed": 5.0,
    "Second Vehicle Speed": 7.777777777777778,
    "Collision": true,
    "Weather": "ClearNoon",
    "Collision Type": "Actor(id=230, type=vehicle.nissan.patrol)",
    "Time to Collision": 2.3107333183288574,
    "Speed at Collision": 9.002536844414522,
    "Intensity": 10588.802447135393
  },
  {
    "Scenario Name": "OtherLeadingVehicle_756",
    "Scenario Description": "The scenario realizes a common driving behavior, in which the user-controlled ego vehicle follows a leading car driving down a given road. At some point the leading car has to decelerate. The ego vehicle has to react accordingly by changing lane to avoid a collision and follow the leading car in other lane. The scenario ends either via a timeout, or if the ego vehicle drives some distance.",
    "Map": "Map(name=Carla/Maps/Town05)",
    "First Vehicle Location": 38,
    "Second Vehicle Location": 39,
    "First Vehicle Speed": 5.555555555555555,
    "Second Vehicle Speed": 8.333333333333334,
    "Collision": true,
    "Weather": "HardRainNoon",
    "Collision Type": "Actor(id=236, type=vehicle.nissan.patrol)",
    "Time to Collision": 10.437097072601318,
    "Speed at Collision": 5.138612852939675,
    "Intensity": 5329.862789263251
  },
  {
    "Scenario Name": "OtherLeadingVehicle_757",
    "Scenario Description": "The scenario realizes a common driving behavior, in which the user-controlled ego vehicle follows a leading car driving down a given road. At some point the leading car has to decelerate. The ego vehicle has to react accordingly by changing lane to avoid a collision and follow the leading car in other lane. The scenario ends either via a timeout, or if the ego vehicle drives some distance.",
    "Map": "Map(name=Carla/Maps/Town05)",
    "First Vehicle Location": 26,
    "Second Vehicle Location": 27,
    "First Vehicle Speed": 12.777777777777777,
    "Second Vehicle Speed": 15.555555555555555,
    "Collision": true,
    "Weather": "ClearNight",
    "Collision Type": "Actor(id=242, type=vehicle.nissan.patrol)",
    "Time to Collision": 4.1429972648620605,
    "Speed at Collision": 16.208368989783494,
    "Intensity": 15394.83014744015
  },
  {
    "Scenario Name": "OtherLeadingVehicle_758",
    "Scenario Description": "The scenario realizes a common driving behavior, in which the user-controlled ego vehicle follows a leading car driving down a given road. At some point the leading car has to decelerate. The ego vehicle has to react accordingly by changing lane to avoid a collision and follow the leading car in other lane. The scenario ends either via a timeout, or if the ego vehicle drives some distance.",
    "Map": "Map(name=Carla/Maps/Town05)",
    "First Vehicle Location": 87,
    "Second Vehicle Location": 88,
    "First Vehicle Speed": 4.166666666666667,
    "Second Vehicle Speed": 6.944444444444445,
    "Collision": true,
    "Weather": "HardRainNoon",
    "Collision Type": "Actor(id=248, type=vehicle.nissan.patrol)",
    "Time to Collision": 7.923152923583984,
    "Speed at Collision": 18.722004075050165,
    "Intensity": 22985.462038362177
  },
  {
    "Scenario Name": "OtherLeadingVehicle_760",
    "Scenario Description": "The scenario realizes a common driving behavior, in which the user-controlled ego vehicle follows a leading car driving down a given road. At some point the leading car has to decelerate. The ego vehicle has to react accordingly by changing lane to avoid a collision and follow the leading car in other lane. The scenario ends either via a timeout, or if the ego vehicle drives some distance.",
    "Map": "Map(name=Carla/Maps/Town05)",
    "First Vehicle Location": 57,
    "Second Vehicle Location": 58,
    "First Vehicle Speed": 12.777777777777777,
    "Second Vehicle Speed": 15.555555555555555,
    "Collision": true,
    "Weather": "ClearNight",
    "Collision Type": "Actor(id=260, type=vehicle.nissan.patrol)",
    "Time to Collision": 6.064456224441528,
    "Speed at Collision": 21.716893366568257,
    "Intensity": 22576.831004333868
  },
  {
    "Scenario Name": "OtherLeadingVehicle_761",
    "Scenario Description": "The scenario realizes a common driving behavior, in which the user-controlled ego vehicle follows a leading car driving down a given road. At some point the leading car has to decelerate. The ego vehicle has to react accordingly by changing lane to avoid a collision and follow the leading car in other lane. The scenario ends either via a timeout, or if the ego vehicle drives some distance.",
    "Map": "Map(name=Carla/Maps/Town05)",
    "First Vehicle Location": 39,
    "Second Vehicle Location": 40,
    "First Vehicle Speed": 5.555555555555555,
    "Second Vehicle Speed": 8.333333333333334,
    "Collision": true,
    "Weather": "HardRainNoon",
    "Collision Type": "Actor(id=266, type=vehicle.nissan.patrol)",
    "Time to Collision": 14.910098552703857,
    "Speed at Collision": 3.9258900326700203,
    "Intensity": 2942.8335719565816
  },
  {
    "Scenario Name": "OtherLeadingVehicle_762",
    "Scenario Description": "The scenario realizes a common driving behavior, in which the user-controlled ego vehicle follows a leading car driving down a given road. At some point the leading car has to decelerate. The ego vehicle has to react accordingly by changing lane to avoid a collision and follow the leading car in other lane. The scenario ends either via a timeout, or if the ego vehicle drives some distance.",
    "Map": "Map(name=Carla/Maps/Town05)",
    "First Vehicle Location": 70,
    "Second Vehicle Location": 71,
    "First Vehicle Speed": 15.0,
    "Second Vehicle Speed": 17.77777777777778,
    "Collision": true,
    "Weather": "ClearNoon",
    "Collision Type": "Actor(id=272, type=vehicle.nissan.patrol)",
    "Time to Collision": 9.455401420593262,
    "Speed at Collision": 25.7446410008215,
    "Intensity": 26891.716668516805
  },
  {
    "Scenario Name": "OtherLeadingVehicle_764",
    "Scenario Description": "The scenario realizes a common driving behavior, in which the user-controlled ego vehicle follows a leading car driving down a given road. At some point the leading car has to decelerate. The ego vehicle has to react accordingly by changing lane to avoid a collision and follow the leading car in other lane. The scenario ends either via a timeout, or if the ego vehicle drives some distance.",
    "Map": "Map(name=Carla/Maps/Town05)",
    "First Vehicle Location": 100,
    "Second Vehicle Location": 101,
    "First Vehicle Speed": 6.111111111111111,
    "Second Vehicle Speed": 8.88888888888889,
    "Collision": true,
    "Weather": "ClearNight",
    "Collision Type": "Actor(id=284, type=vehicle.nissan.patrol)",
    "Time to Collision": 9.86985182762146,
    "Speed at Collision": 11.887531499857392,
    "Intensity": 6191.133486838563
  },
  {
    "Scenario Name": "OtherLeadingVehicle_765",
    "Scenario Description": "The scenario realizes a common driving behavior, in which the user-controlled ego vehicle follows a leading car driving down a given road. At some point the leading car has to decelerate. The ego vehicle has to react accordingly by changing lane to avoid a collision and follow the leading car in other lane. The scenario ends either via a timeout, or if the ego vehicle drives some distance.",
    "Map": "Map(name=Carla/Maps/Town05)",
    "First Vehicle Location": 55,
    "Second Vehicle Location": 56,
    "First Vehicle Speed": 15.0,
    "Second Vehicle Speed": 17.77777777777778,
    "Collision": true,
    "Weather": "HardRainNight",
    "Collision Type": "Actor(id=290, type=vehicle.nissan.patrol)",
    "Time to Collision": 6.132052421569824,
    "Speed at Collision": 21.825595597402327,
    "Intensity": 21915.038372429495
  },
  {
    "Scenario Name": "OtherLeadingVehicle_766",
    "Scenario Description": "The scenario realizes a common driving behavior, in which the user-controlled ego vehicle follows a leading car driving down a given road. At some point the leading car has to decelerate. The ego vehicle has to react accordingly by changing lane to avoid a collision and follow the leading car in other lane. The scenario ends either via a timeout, or if the ego vehicle drives some distance.",
    "Map": "Map(name=Carla/Maps/Town05)",
    "First Vehicle Location": 57,
    "Second Vehicle Location": 58,
    "First Vehicle Speed": 15.0,
    "Second Vehicle Speed": 17.77777777777778,
    "Collision": true,
    "Weather": "HardRainNight",
    "Collision Type": "Actor(id=296, type=vehicle.nissan.patrol)",
    "Time to Collision": 6.767306566238403,
    "Speed at Collision": 17.1006767252368,
    "Intensity": 15881.118251205373
  },
  {
    "Scenario Name": "OtherLeadingVehicle_767",
    "Scenario Description": "The scenario realizes a common driving behavior, in which the user-controlled ego vehicle follows a leading car driving down a given road. At some point the leading car has to decelerate. The ego vehicle has to react accordingly by changing lane to avoid a collision and follow the leading car in other lane. The scenario ends either via a timeout, or if the ego vehicle drives some distance.",
    "Map": "Map(name=Carla/Maps/Town05)",
    "First Vehicle Location": 47,
    "Second Vehicle Location": 48,
    "First Vehicle Speed": 3.0555555555555554,
    "Second Vehicle Speed": 5.833333333333333,
    "Collision": true,
    "Weather": "HardRainNight",
    "Collision Type": "Actor(id=302, type=vehicle.nissan.patrol)",
    "Time to Collision": 5.133864402770996,
    "Speed at Collision": 14.677183885270223,
    "Intensity": 30887.69298051856
  },
  {
    "Scenario Name": "OtherLeadingVehicle_768",
    "Scenario Description": "The scenario realizes a common driving behavior, in which the user-controlled ego vehicle follows a leading car driving down a given road. At some point the leading car has to decelerate. The ego vehicle has to react accordingly by changing lane to avoid a collision and follow the leading car in other lane. The scenario ends either via a timeout, or if the ego vehicle drives some distance.",
    "Map": "Map(name=Carla/Maps/Town05)",
    "First Vehicle Location": 15,
    "Second Vehicle Location": 16,
    "First Vehicle Speed": 6.944444444444445,
    "Second Vehicle Speed": 9.722222222222221,
    "Collision": true,
    "Weather": "HardRainNight",
    "Collision Type": "Actor(id=308, type=vehicle.nissan.patrol)",
    "Time to Collision": 4.409600496292114,
    "Speed at Collision": 7.360486276359486,
    "Intensity": 6951.545793926778
  },
  {
    "Scenario Name": "OtherLeadingVehicle_771",
    "Scenario Description": "The scenario realizes a common driving behavior, in which the user-controlled ego vehicle follows a leading car driving down a given road. At some point the leading car has to decelerate. The ego vehicle has to react accordingly by changing lane to avoid a collision and follow the leading car in other lane. The scenario ends either via a timeout, or if the ego vehicle drives some distance.",
    "Map": "Map(name=Carla/Maps/Town05)",
    "First Vehicle Location": 47,
    "Second Vehicle Location": 48,
    "First Vehicle Speed": 9.166666666666666,
    "Second Vehicle Speed": 11.944444444444445,
    "Collision": true,
    "Weather": "HardRainNoon",
    "Collision Type": "Actor(id=326, type=vehicle.nissan.patrol)",
    "Time to Collision": 10.092336416244507,
    "Speed at Collision": 7.727743734584118,
    "Intensity": 6496.934038231597
  },
  {
    "Scenario Name": "OtherLeadingVehicle_772",
    "Scenario Description": "The scenario realizes a common driving behavior, in which the user-controlled ego vehicle follows a leading car driving down a given road. At some point the leading car has to decelerate. The ego vehicle has to react accordingly by changing lane to avoid a collision and follow the leading car in other lane. The scenario ends either via a timeout, or if the ego vehicle drives some distance.",
    "Map": "Map(name=Carla/Maps/Town05)",
    "First Vehicle Location": 28,
    "Second Vehicle Location": 29,
    "First Vehicle Speed": 13.88888888888889,
    "Second Vehicle Speed": 16.666666666666668,
    "Collision": true,
    "Weather": "HardRainNoon",
    "Collision Type": "Actor(id=332, type=vehicle.nissan.patrol)",
    "Time to Collision": 4.661339282989502,
    "Speed at Collision": 13.10864353598918,
    "Intensity": 11465.177093336304
  },
  {
    "Scenario Name": "OtherLeadingVehicle_773",
    "Scenario Description": "The scenario realizes a common driving behavior, in which the user-controlled ego vehicle follows a leading car driving down a given road. At some point the leading car has to decelerate. The ego vehicle has to react accordingly by changing lane to avoid a collision and follow the leading car in other lane. The scenario ends either via a timeout, or if the ego vehicle drives some distance.",
    "Map": "Map(name=Carla/Maps/Town05)",
    "First Vehicle Location": 76,
    "Second Vehicle Location": 77,
    "First Vehicle Speed": 14.444444444444445,
    "Second Vehicle Speed": 17.22222222222222,
    "Collision": true,
    "Weather": "HardRainNoon",
    "Collision Type": "Actor(id=338, type=vehicle.nissan.patrol)",
    "Time to Collision": 10.07692575454712,
    "Speed at Collision": 23.87078093428805,
    "Intensity": 24621.129186100483
  },
  {
    "Scenario Name": "OtherLeadingVehicle_774",
    "Scenario Description": "The scenario realizes a common driving behavior, in which the user-controlled ego vehicle follows a leading car driving down a given road. At some point the leading car has to decelerate. The ego vehicle has to react accordingly by changing lane to avoid a collision and follow the leading car in other lane. The scenario ends either via a timeout, or if the ego vehicle drives some distance.",
    "Map": "Map(name=Carla/Maps/Town05)",
    "First Vehicle Location": 92,
    "Second Vehicle Location": 93,
    "First Vehicle Speed": 3.888888888888889,
    "Second Vehicle Speed": 6.666666666666666,
    "Collision": true,
    "Weather": "ClearNoon",
    "Collision Type": "Actor(id=344, type=vehicle.nissan.patrol)",
    "Time to Collision": 7.661636114120483,
    "Speed at Collision": 24.652461800243273,
    "Intensity": 29967.08662150158
  },
  {
    "Scenario Name": "OtherLeadingVehicle_775",
    "Scenario Description": "The scenario realizes a common driving behavior, in which the user-controlled ego vehicle follows a leading car driving down a given road. At some point the leading car has to decelerate. The ego vehicle has to react accordingly by changing lane to avoid a collision and follow the leading car in other lane. The scenario ends either via a timeout, or if the ego vehicle drives some distance.",
    "Map": "Map(name=Carla/Maps/Town05)",
    "First Vehicle Location": 89,
    "Second Vehicle Location": 90,
    "First Vehicle Speed": 9.444444444444445,
    "Second Vehicle Speed": 12.222222222222221,
    "Collision": true,
    "Weather": "ClearNight",
    "Collision Type": "Actor(id=350, type=vehicle.nissan.patrol)",
    "Time to Collision": 9.328021049499512,
    "Speed at Collision": 21.180419694283845,
    "Intensity": 23274.42869018965
  },
  {
    "Scenario Name": "OtherLeadingVehicle_776",
    "Scenario Description": "The scenario realizes a common driving behavior, in which the user-controlled ego vehicle follows a leading car driving down a given road. At some point the leading car has to decelerate. The ego vehicle has to react accordingly by changing lane to avoid a collision and follow the leading car in other lane. The scenario ends either via a timeout, or if the ego vehicle drives some distance.",
    "Map": "Map(name=Carla/Maps/Town05)",
    "First Vehicle Location": 88,
    "Second Vehicle Location": 89,
    "First Vehicle Speed": 14.166666666666666,
    "Second Vehicle Speed": 16.944444444444443,
    "Collision": true,
    "Weather": "HardRainNoon",
    "Collision Type": "Actor(id=356, type=vehicle.nissan.patrol)",
    "Time to Collision": 10.786130666732788,
    "Speed at Collision": 22.7332983676044,
    "Intensity": 23057.825607592302
  },
  {
    "Scenario Name": "OtherLeadingVehicle_777",
    "Scenario Description": "The scenario realizes a common driving behavior, in which the user-controlled ego vehicle follows a leading car driving down a given road. At some point the leading car has to decelerate. The ego vehicle has to react accordingly by changing lane to avoid a collision and follow the leading car in other lane. The scenario ends either via a timeout, or if the ego vehicle drives some distance.",
    "Map": "Map(name=Carla/Maps/Town05)",
    "First Vehicle Location": 30,
    "Second Vehicle Location": 31,
    "First Vehicle Speed": 12.5,
    "Second Vehicle Speed": 15.277777777777777,
    "Collision": true,
    "Weather": "ClearNight",
    "Collision Type": "Actor(id=362, type=vehicle.nissan.patrol)",
    "Time to Collision": 13.590116262435913,
    "Speed at Collision": 7.428143619992879,
    "Intensity": 4373.571727955808
  },
  {
    "Scenario Name": "OtherLeadingVehicle_778",
    "Scenario Description": "The scenario realizes a common driving behavior, in which the user-controlled ego vehicle follows a leading car driving down a given road. At some point the leading car has to decelerate. The ego vehicle has to react accordingly by changing lane to avoid a collision and follow the leading car in other lane. The scenario ends either via a timeout, or if the ego vehicle drives some distance.",
    "Map": "Map(name=Carla/Maps/Town05)",
    "First Vehicle Location": 47,
    "Second Vehicle Location": 48,
    "First Vehicle Speed": 14.166666666666666,
    "Second Vehicle Speed": 16.944444444444443,
    "Collision": true,
    "Weather": "ClearNight",
    "Collision Type": "Actor(id=368, type=vehicle.nissan.patrol)",
    "Time to Collision": 5.7054266929626465,
    "Speed at Collision": 20.599617745270653,
    "Intensity": 20697.872425709695
  },
  {
    "Scenario Name": "OtherLeadingVehicle_779",
    "Scenario Description": "The scenario realizes a common driving behavior, in which the user-controlled ego vehicle follows a leading car driving down a given road. At some point the leading car has to decelerate. The ego vehicle has to react accordingly by changing lane to avoid a collision and follow the leading car in other lane. The scenario ends either via a timeout, or if the ego vehicle drives some distance.",
    "Map": "Map(name=Carla/Maps/Town05)",
    "First Vehicle Location": 19,
    "Second Vehicle Location": 20,
    "First Vehicle Speed": 9.166666666666666,
    "Second Vehicle Speed": 11.944444444444445,
    "Collision": true,
    "Weather": "ClearNight",
    "Collision Type": "Actor(id=374, type=vehicle.nissan.patrol)",
    "Time to Collision": 5.735878944396973,
    "Speed at Collision": 4.858290629963792,
    "Intensity": 3271.1195018736307
  },
  {
    "Scenario Name": "OtherLeadingVehicle_780",
    "Scenario Description": "The scenario realizes a common driving behavior, in which the user-controlled ego vehicle follows a leading car driving down a given road. At some point the leading car has to decelerate. The ego vehicle has to react accordingly by changing lane to avoid a collision and follow the leading car in other lane. The scenario ends either via a timeout, or if the ego vehicle drives some distance.",
    "Map": "Map(name=Carla/Maps/Town05)",
    "First Vehicle Location": 80,
    "Second Vehicle Location": 81,
    "First Vehicle Speed": 6.111111111111111,
    "Second Vehicle Speed": 8.88888888888889,
    "Collision": true,
    "Weather": "ClearNoon",
    "Collision Type": "Actor(id=380, type=vehicle.nissan.patrol)",
    "Time to Collision": 7.446520090103149,
    "Speed at Collision": 21.718377441141907,
    "Intensity": 25292.382877466527
  },
  {
    "Scenario Name": "OtherLeadingVehicle_781",
    "Scenario Description": "The scenario realizes a common driving behavior, in which the user-controlled ego vehicle follows a leading car driving down a given road. At some point the leading car has to decelerate. The ego vehicle has to react accordingly by changing lane to avoid a collision and follow the leading car in other lane. The scenario ends either via a timeout, or if the ego vehicle drives some distance.",
    "Map": "Map(name=Carla/Maps/Town05)",
    "First Vehicle Location": 57,
    "Second Vehicle Location": 58,
    "First Vehicle Speed": 12.777777777777777,
    "Second Vehicle Speed": 15.555555555555555,
    "Collision": true,
    "Weather": "ClearNight",
    "Collision Type": "Actor(id=386, type=vehicle.nissan.patrol)",
    "Time to Collision": 6.346543073654175,
    "Speed at Collision": 18.71720131152899,
    "Intensity": 18768.622321789007
  },
  {
    "Scenario Name": "OtherLeadingVehicle_782",
    "Scenario Description": "The scenario realizes a common driving behavior, in which the user-controlled ego vehicle follows a leading car driving down a given road. At some point the leading car has to decelerate. The ego vehicle has to react accordingly by changing lane to avoid a collision and follow the leading car in other lane. The scenario ends either via a timeout, or if the ego vehicle drives some distance.",
    "Map": "Map(name=Carla/Maps/Town05)",
    "First Vehicle Location": 63,
    "Second Vehicle Location": 64,
    "First Vehicle Speed": 11.38888888888889,
    "Second Vehicle Speed": 14.166666666666666,
    "Collision": true,
    "Weather": "HardRainNight",
    "Collision Type": "Actor(id=392, type=vehicle.nissan.patrol)",
    "Time to Collision": 10.788803339004517,
    "Speed at Collision": 13.11159637429357,
    "Intensity": 12235.142509401385
  },
  {
    "Scenario Name": "OtherLeadingVehicle_783",
    "Scenario Description": "The scenario realizes a common driving behavior, in which the user-controlled ego vehicle follows a leading car driving down a given road. At some point the leading car has to decelerate. The ego vehicle has to react accordingly by changing lane to avoid a collision and follow the leading car in other lane. The scenario ends either via a timeout, or if the ego vehicle drives some distance.",
    "Map": "Map(name=Carla/Maps/Town05)",
    "First Vehicle Location": 24,
    "Second Vehicle Location": 25,
    "First Vehicle Speed": 7.5,
    "Second Vehicle Speed": 10.277777777777777,
    "Collision": true,
    "Weather": "HardRainNoon",
    "Collision Type": "Actor(id=398, type=vehicle.nissan.patrol)",
    "Time to Collision": 3.7129456996917725,
    "Speed at Collision": 14.806154113635243,
    "Intensity": 15911.38564848548
  },
  {
    "Scenario Name": "OtherLeadingVehicle_784",
    "Scenario Description": "The scenario realizes a common driving behavior, in which the user-controlled ego vehicle follows a leading car driving down a given road. At some point the leading car has to decelerate. The ego vehicle has to react accordingly by changing lane to avoid a collision and follow the leading car in other lane. The scenario ends either via a timeout, or if the ego vehicle drives some distance.",
    "Map": "Map(name=Carla/Maps/Town05)",
    "First Vehicle Location": 10,
    "Second Vehicle Location": 11,
    "First Vehicle Speed": 16.666666666666668,
    "Second Vehicle Speed": 19.444444444444443,
    "Collision": true,
    "Weather": "ClearNight",
    "Collision Type": "Actor(id=404, type=vehicle.nissan.patrol)",
    "Time to Collision": 2.485067844390869,
    "Speed at Collision": 9.332878054217632,
    "Intensity": 6401.752537846033
  },
  {
    "Scenario Name": "OtherLeadingVehicle_786",
    "Scenario Description": "The scenario realizes a common driving behavior, in which the user-controlled ego vehicle follows a leading car driving down a given road. At some point the leading car has to decelerate. The ego vehicle has to react accordingly by changing lane to avoid a collision and follow the leading car in other lane. The scenario ends either via a timeout, or if the ego vehicle drives some distance.",
    "Map": "Map(name=Carla/Maps/Town05)",
    "First Vehicle Location": 76,
    "Second Vehicle Location": 77,
    "First Vehicle Speed": 10.277777777777777,
    "Second Vehicle Speed": 13.055555555555555,
    "Collision": true,
    "Weather": "HardRainNight",
    "Collision Type": "Actor(id=416, type=vehicle.nissan.patrol)",
    "Time to Collision": 8.740129709243774,
    "Speed at Collision": 20.10232394222512,
    "Intensity": 21364.387614574196
  },
  {
    "Scenario Name": "OtherLeadingVehicle_787",
    "Scenario Description": "The scenario realizes a common driving behavior, in which the user-controlled ego vehicle follows a leading car driving down a given road. At some point the leading car has to decelerate. The ego vehicle has to react accordingly by changing lane to avoid a collision and follow the leading car in other lane. The scenario ends either via a timeout, or if the ego vehicle drives some distance.",
    "Map": "Map(name=Carla/Maps/Town05)",
    "First Vehicle Location": 29,
    "Second Vehicle Location": 30,
    "First Vehicle Speed": 3.888888888888889,
    "Second Vehicle Speed": 6.666666666666666,
    "Collision": true,
    "Weather": "HardRainNoon",
    "Collision Type": "Actor(id=422, type=vehicle.nissan.patrol)",
    "Time to Collision": 3.905667304992676,
    "Speed at Collision": 15.31492941135468,
    "Intensity": 18272.734036257505
  },
  {
    "Scenario Name": "OtherLeadingVehicle_789",
    "Scenario Description": "The scenario realizes a common driving behavior, in which the user-controlled ego vehicle follows a leading car driving down a given road. At some point the leading car has to decelerate. The ego vehicle has to react accordingly by changing lane to avoid a collision and follow the leading car in other lane. The scenario ends either via a timeout, or if the ego vehicle drives some distance.",
    "Map": "Map(name=Carla/Maps/Town05)",
    "First Vehicle Location": 29,
    "Second Vehicle Location": 30,
    "First Vehicle Speed": 14.444444444444445,
    "Second Vehicle Speed": 17.22222222222222,
    "Collision": true,
    "Weather": "HardRainNight",
    "Collision Type": "Actor(id=434, type=vehicle.nissan.patrol)",
    "Time to Collision": 6.186702251434326,
    "Speed at Collision": 10.495696718415388,
    "Intensity": 8037.326776215549
  },
  {
    "Scenario Name": "OtherLeadingVehicle_790",
    "Scenario Description": "The scenario realizes a common driving behavior, in which the user-controlled ego vehicle follows a leading car driving down a given road. At some point the leading car has to decelerate. The ego vehicle has to react accordingly by changing lane to avoid a collision and follow the leading car in other lane. The scenario ends either via a timeout, or if the ego vehicle drives some distance.",
    "Map": "Map(name=Carla/Maps/Town05)",
    "First Vehicle Location": 43,
    "Second Vehicle Location": 44,
    "First Vehicle Speed": 15.277777777777777,
    "Second Vehicle Speed": 18.055555555555554,
    "Collision": true,
    "Weather": "HardRainNoon",
    "Collision Type": "Actor(id=440, type=vehicle.nissan.patrol)",
    "Time to Collision": 5.3968658447265625,
    "Speed at Collision": 20.27140404589613,
    "Intensity": 19763.040042430195
  },
  {
    "Scenario Name": "OtherLeadingVehicle_791",
    "Scenario Description": "The scenario realizes a common driving behavior, in which the user-controlled ego vehicle follows a leading car driving down a given road. At some point the leading car has to decelerate. The ego vehicle has to react accordingly by changing lane to avoid a collision and follow the leading car in other lane. The scenario ends either via a timeout, or if the ego vehicle drives some distance.",
    "Map": "Map(name=Carla/Maps/Town05)",
    "First Vehicle Location": 34,
    "Second Vehicle Location": 35,
    "First Vehicle Speed": 15.555555555555555,
    "Second Vehicle Speed": 18.333333333333332,
    "Collision": true,
    "Weather": "ClearNoon",
    "Collision Type": "Actor(id=446, type=vehicle.nissan.patrol)",
    "Time to Collision": 4.883423328399658,
    "Speed at Collision": 18.703021365196115,
    "Intensity": 17715.806168573235
  },
  {
    "Scenario Name": "OtherLeadingVehicle_792",
    "Scenario Description": "The scenario realizes a common driving behavior, in which the user-controlled ego vehicle follows a leading car driving down a given road. At some point the leading car has to decelerate. The ego vehicle has to react accordingly by changing lane to avoid a collision and follow the leading car in other lane. The scenario ends either via a timeout, or if the ego vehicle drives some distance.",
    "Map": "Map(name=Carla/Maps/Town05)",
    "First Vehicle Location": 29,
    "Second Vehicle Location": 30,
    "First Vehicle Speed": 5.0,
    "Second Vehicle Speed": 7.777777777777778,
    "Collision": true,
    "Weather": "ClearNoon",
    "Collision Type": "Actor(id=452, type=vehicle.nissan.patrol)",
    "Time to Collision": 3.947676420211792,
    "Speed at Collision": 15.654149402331347,
    "Intensity": 18469.91686901437
  },
  {
    "Scenario Name": "OtherLeadingVehicle_793",
    "Scenario Description": "The scenario realizes a common driving behavior, in which the user-controlled ego vehicle follows a leading car driving down a given road. At some point the leading car has to decelerate. The ego vehicle has to react accordingly by changing lane to avoid a collision and follow the leading car in other lane. The scenario ends either via a timeout, or if the ego vehicle drives some distance.",
    "Map": "Map(name=Carla/Maps/Town05)",
    "First Vehicle Location": 51,
    "Second Vehicle Location": 52,
    "First Vehicle Speed": 12.5,
    "Second Vehicle Speed": 15.277777777777777,
    "Collision": true,
    "Weather": "HardRainNoon",
    "Collision Type": "Actor(id=458, type=vehicle.nissan.patrol)",
    "Time to Collision": 12.533955335617065,
    "Speed at Collision": 8.057892746246933,
    "Intensity": 4897.0921505593205
  },
  {
    "Scenario Name": "OtherLeadingVehicle_794",
    "Scenario Description": "The scenario realizes a common driving behavior, in which the user-controlled ego vehicle follows a leading car driving down a given road. At some point the leading car has to decelerate. The ego vehicle has to react accordingly by changing lane to avoid a collision and follow the leading car in other lane. The scenario ends either via a timeout, or if the ego vehicle drives some distance.",
    "Map": "Map(name=Carla/Maps/Town05)",
    "First Vehicle Location": 57,
    "Second Vehicle Location": 58,
    "First Vehicle Speed": 11.944444444444445,
    "Second Vehicle Speed": 14.722222222222221,
    "Collision": true,
    "Weather": "ClearNight",
    "Collision Type": "Actor(id=464, type=vehicle.nissan.patrol)",
    "Time to Collision": 6.842190265655518,
    "Speed at Collision": 14.484763297658109,
    "Intensity": 8780.199075606224
  },
  {
    "Scenario Name": "OtherLeadingVehicle_795",
    "Scenario Description": "The scenario realizes a common driving behavior, in which the user-controlled ego vehicle follows a leading car driving down a given road. At some point the leading car has to decelerate. The ego vehicle has to react accordingly by changing lane to avoid a collision and follow the leading car in other lane. The scenario ends either via a timeout, or if the ego vehicle drives some distance.",
    "Map": "Map(name=Carla/Maps/Town05)",
    "First Vehicle Location": 24,
    "Second Vehicle Location": 25,
    "First Vehicle Speed": 5.277777777777778,
    "Second Vehicle Speed": 8.055555555555555,
    "Collision": true,
    "Weather": "HardRainNight",
    "Collision Type": "Actor(id=470, type=vehicle.nissan.patrol)",
    "Time to Collision": 3.686610460281372,
    "Speed at Collision": 11.079173099844947,
    "Intensity": 12097.78872824714
  },
  {
    "Scenario Name": "OtherLeadingVehicle_796",
    "Scenario Description": "The scenario realizes a common driving behavior, in which the user-controlled ego vehicle follows a leading car driving down a given road. At some point the leading car has to decelerate. The ego vehicle has to react accordingly by changing lane to avoid a collision and follow the leading car in other lane. The scenario ends either via a timeout, or if the ego vehicle drives some distance.",
    "Map": "Map(name=Carla/Maps/Town05)",
    "First Vehicle Location": 58,
    "Second Vehicle Location": 59,
    "First Vehicle Speed": 15.0,
    "Second Vehicle Speed": 17.77777777777778,
    "Collision": true,
    "Weather": "HardRainNoon",
    "Collision Type": "Actor(id=476, type=vehicle.nissan.patrol)",
    "Time to Collision": 7.201777935028076,
    "Speed at Collision": 15.535616431283051,
    "Intensity": 13865.04147551968
  },
  {
    "Scenario Name": "OtherLeadingVehicle_797",
    "Scenario Description": "The scenario realizes a common driving behavior, in which the user-controlled ego vehicle follows a leading car driving down a given road. At some point the leading car has to decelerate. The ego vehicle has to react accordingly by changing lane to avoid a collision and follow the leading car in other lane. The scenario ends either via a timeout, or if the ego vehicle drives some distance.",
    "Map": "Map(name=Carla/Maps/Town05)",
    "First Vehicle Location": 40,
    "Second Vehicle Location": 41,
    "First Vehicle Speed": 3.0555555555555554,
    "Second Vehicle Speed": 5.833333333333333,
    "Collision": true,
    "Weather": "ClearNight",
    "Collision Type": "Actor(id=482, type=vehicle.nissan.patrol)",
    "Time to Collision": 4.561082363128662,
    "Speed at Collision": 16.001609521267135,
    "Intensity": 19534.244744871354
  },
  {
    "Scenario Name": "OtherLeadingVehicle_798",
    "Scenario Description": "The scenario realizes a common driving behavior, in which the user-controlled ego vehicle follows a leading car driving down a given road. At some point the leading car has to decelerate. The ego vehicle has to react accordingly by changing lane to avoid a collision and follow the leading car in other lane. The scenario ends either via a timeout, or if the ego vehicle drives some distance.",
    "Map": "Map(name=Carla/Maps/Town05)",
    "First Vehicle Location": 94,
    "Second Vehicle Location": 95,
    "First Vehicle Speed": 13.055555555555555,
    "Second Vehicle Speed": 15.833333333333332,
    "Collision": true,
    "Weather": "ClearNoon",
    "Collision Type": "Actor(id=488, type=vehicle.nissan.patrol)",
    "Time to Collision": 10.644368648529053,
    "Speed at Collision": 22.957141245022093,
    "Intensity": 23912.507803967685
  },
  {
    "Scenario Name": "OtherLeadingVehicle_799",
    "Scenario Description": "The scenario realizes a common driving behavior, in which the user-controlled ego vehicle follows a leading car driving down a given road. At some point the leading car has to decelerate. The ego vehicle has to react accordingly by changing lane to avoid a collision and follow the leading car in other lane. The scenario ends either via a timeout, or if the ego vehicle drives some distance.",
    "Map": "Map(name=Carla/Maps/Town05)",
    "First Vehicle Location": 21,
    "Second Vehicle Location": 22,
    "First Vehicle Speed": 10.833333333333334,
    "Second Vehicle Speed": 13.61111111111111,
    "Collision": true,
    "Weather": "HardRainNoon",
    "Collision Type": "Actor(id=494, type=vehicle.nissan.patrol)",
    "Time to Collision": 3.591809034347534,
    "Speed at Collision": 14.603500074901962,
    "Intensity": 14979.347996662436
  },
  {
    "Scenario Name": "OtherLeadingVehicle_802",
    "Scenario Description": "The scenario realizes a common driving behavior, in which the user-controlled ego vehicle follows a leading car driving down a given road. At some point the leading car has to decelerate. The ego vehicle has to react accordingly by changing lane to avoid a collision and follow the leading car in other lane. The scenario ends either via a timeout, or if the ego vehicle drives some distance.",
    "Map": "Map(name=Carla/Maps/Town05)",
    "First Vehicle Location": 35,
    "Second Vehicle Location": 36,
    "First Vehicle Speed": 16.666666666666668,
    "Second Vehicle Speed": 19.444444444444443,
    "Collision": true,
    "Weather": "ClearNoon",
    "Collision Type": "Actor(id=512, type=vehicle.nissan.patrol)",
    "Time to Collision": 5.062287092208862,
    "Speed at Collision": 19.072357918890624,
    "Intensity": 17786.201616658484
  },
  {
    "Scenario Name": "OtherLeadingVehicle_803",
    "Scenario Description": "The scenario realizes a common driving behavior, in which the user-controlled ego vehicle follows a leading car driving down a given road. At some point the leading car has to decelerate. The ego vehicle has to react accordingly by changing lane to avoid a collision and follow the leading car in other lane. The scenario ends either via a timeout, or if the ego vehicle drives some distance.",
    "Map": "Map(name=Carla/Maps/Town05)",
    "First Vehicle Location": 11,
    "Second Vehicle Location": 12,
    "First Vehicle Speed": 3.0555555555555554,
    "Second Vehicle Speed": 5.833333333333333,
    "Collision": true,
    "Weather": "HardRainNight",
    "Collision Type": "Actor(id=518, type=vehicle.nissan.patrol)",
    "Time to Collision": 2.3114850521087646,
    "Speed at Collision": 8.1767848818677,
    "Intensity": 9909.420434828036
  },
  {
    "Scenario Name": "OtherLeadingVehicle_804",
    "Scenario Description": "The scenario realizes a common driving behavior, in which the user-controlled ego vehicle follows a leading car driving down a given road. At some point the leading car has to decelerate. The ego vehicle has to react accordingly by changing lane to avoid a collision and follow the leading car in other lane. The scenario ends either via a timeout, or if the ego vehicle drives some distance.",
    "Map": "Map(name=Carla/Maps/Town05)",
    "First Vehicle Location": 55,
    "Second Vehicle Location": 56,
    "First Vehicle Speed": 12.222222222222221,
    "Second Vehicle Speed": 15.0,
    "Collision": true,
    "Weather": "ClearNight",
    "Collision Type": "Actor(id=524, type=vehicle.nissan.patrol)",
    "Time to Collision": 6.204561233520508,
    "Speed at Collision": 18.155979545362264,
    "Intensity": 17874.966654478983
  },
  {
    "Scenario Name": "OtherLeadingVehicle_805",
    "Scenario Description": "The scenario realizes a common driving behavior, in which the user-controlled ego vehicle follows a leading car driving down a given road. At some point the leading car has to decelerate. The ego vehicle has to react accordingly by changing lane to avoid a collision and follow the leading car in other lane. The scenario ends either via a timeout, or if the ego vehicle drives some distance.",
    "Map": "Map(name=Carla/Maps/Town05)",
    "First Vehicle Location": 30,
    "Second Vehicle Location": 31,
    "First Vehicle Speed": 16.38888888888889,
    "Second Vehicle Speed": 19.166666666666668,
    "Collision": true,
    "Weather": "HardRainNight",
    "Collision Type": "Actor(id=530, type=vehicle.nissan.patrol)",
    "Time to Collision": 4.576183080673218,
    "Speed at Collision": 17.94026997173256,
    "Intensity": 16481.38426069812
  },
  {
    "Scenario Name": "OtherLeadingVehicle_806",
    "Scenario Description": "The scenario realizes a common driving behavior, in which the user-controlled ego vehicle follows a leading car driving down a given road. At some point the leading car has to decelerate. The ego vehicle has to react accordingly by changing lane to avoid a collision and follow the leading car in other lane. The scenario ends either via a timeout, or if the ego vehicle drives some distance.",
    "Map": "Map(name=Carla/Maps/Town05)",
    "First Vehicle Location": 10,
    "Second Vehicle Location": 11,
    "First Vehicle Speed": 9.722222222222221,
    "Second Vehicle Speed": 12.5,
    "Collision": true,
    "Weather": "HardRainNoon",
    "Collision Type": "Actor(id=536, type=vehicle.nissan.patrol)",
    "Time to Collision": 2.3259713649749756,
    "Speed at Collision": 8.586331696944773,
    "Intensity": 7989.41607470707
  },
  {
    "Scenario Name": "OtherLeadingVehicle_807",
    "Scenario Description": "The scenario realizes a common driving behavior, in which the user-controlled ego vehicle follows a leading car driving down a given road. At some point the leading car has to decelerate. The ego vehicle has to react accordingly by changing lane to avoid a collision and follow the leading car in other lane. The scenario ends either via a timeout, or if the ego vehicle drives some distance.",
    "Map": "Map(name=Carla/Maps/Town05)",
    "First Vehicle Location": 30,
    "Second Vehicle Location": 31,
    "First Vehicle Speed": 14.166666666666666,
    "Second Vehicle Speed": 16.944444444444443,
    "Collision": true,
    "Weather": "ClearNoon",
    "Collision Type": "Actor(id=542, type=vehicle.nissan.patrol)",
    "Time to Collision": 4.655138254165649,
    "Speed at Collision": 14.968184264365727,
    "Intensity": 13892.467706464753
  },
  {
    "Scenario Name": "OtherLeadingVehicle_808",
    "Scenario Description": "The scenario realizes a common driving behavior, in which the user-controlled ego vehicle follows a leading car driving down a given road. At some point the leading car has to decelerate. The ego vehicle has to react accordingly by changing lane to avoid a collision and follow the leading car in other lane. The scenario ends either via a timeout, or if the ego vehicle drives some distance.",
    "Map": "Map(name=Carla/Maps/Town05)",
    "First Vehicle Location": 38,
    "Second Vehicle Location": 39,
    "First Vehicle Speed": 6.111111111111111,
    "Second Vehicle Speed": 8.88888888888889,
    "Collision": true,
    "Weather": "HardRainNoon",
    "Collision Type": "Actor(id=548, type=vehicle.nissan.patrol)",
    "Time to Collision": 10.739636659622192,
    "Speed at Collision": 5.339857740046415,
    "Intensity": 4293.36028904815
  },
  {
    "Scenario Name": "OtherLeadingVehicle_809",
    "Scenario Description": "The scenario realizes a common driving behavior, in which the user-controlled ego vehicle follows a leading car driving down a given road. At some point the leading car has to decelerate. The ego vehicle has to react accordingly by changing lane to avoid a collision and follow the leading car in other lane. The scenario ends either via a timeout, or if the ego vehicle drives some distance.",
    "Map": "Map(name=Carla/Maps/Town05)",
    "First Vehicle Location": 50,
    "Second Vehicle Location": 51,
    "First Vehicle Speed": 13.88888888888889,
    "Second Vehicle Speed": 16.666666666666668,
    "Collision": true,
    "Weather": "ClearNight",
    "Collision Type": "Actor(id=554, type=vehicle.nissan.patrol)",
    "Time to Collision": 5.838990688323975,
    "Speed at Collision": 20.835029028216756,
    "Intensity": 21431.023072075943
  },
  {
    "Scenario Name": "OtherLeadingVehicle_810",
    "Scenario Description": "The scenario realizes a common driving behavior, in which the user-controlled ego vehicle follows a leading car driving down a given road. At some point the leading car has to decelerate. The ego vehicle has to react accordingly by changing lane to avoid a collision and follow the leading car in other lane. The scenario ends either via a timeout, or if the ego vehicle drives some distance.",
    "Map": "Map(name=Carla/Maps/Town05)",
    "First Vehicle Location": 20,
    "Second Vehicle Location": 21,
    "First Vehicle Speed": 4.722222222222222,
    "Second Vehicle Speed": 7.5,
    "Collision": true,
    "Weather": "HardRainNight",
    "Collision Type": "Actor(id=560, type=vehicle.nissan.patrol)",
    "Time to Collision": 3.167856454849243,
    "Speed at Collision": 13.2774856326568,
    "Intensity": 15244.281274870615
  },
  {
    "Scenario Name": "OtherLeadingVehicle_811",
    "Scenario Description": "The scenario realizes a common driving behavior, in which the user-controlled ego vehicle follows a leading car driving down a given road. At some point the leading car has to decelerate. The ego vehicle has to react accordingly by changing lane to avoid a collision and follow the leading car in other lane. The scenario ends either via a timeout, or if the ego vehicle drives some distance.",
    "Map": "Map(name=Carla/Maps/Town05)",
    "First Vehicle Location": 34,
    "Second Vehicle Location": 35,
    "First Vehicle Speed": 13.88888888888889,
    "Second Vehicle Speed": 16.666666666666668,
    "Collision": true,
    "Weather": "HardRainNoon",
    "Collision Type": "Actor(id=566, type=vehicle.nissan.patrol)",
    "Time to Collision": 4.963007688522339,
    "Speed at Collision": 15.266324396003741,
    "Intensity": 13972.843087603092
  },
  {
    "Scenario Name": "OtherLeadingVehicle_812",
    "Scenario Description": "The scenario realizes a common driving behavior, in which the user-controlled ego vehicle follows a leading car driving down a given road. At some point the leading car has to decelerate. The ego vehicle has to react accordingly by changing lane to avoid a collision and follow the leading car in other lane. The scenario ends either via a timeout, or if the ego vehicle drives some distance.",
    "Map": "Map(name=Carla/Maps/Town05)",
    "First Vehicle Location": 79,
    "Second Vehicle Location": 80,
    "First Vehicle Speed": 12.222222222222221,
    "Second Vehicle Speed": 15.0,
    "Collision": true,
    "Weather": "ClearNight",
    "Collision Type": "Actor(id=572, type=vehicle.nissan.patrol)",
    "Time to Collision": 11.281636476516724,
    "Speed at Collision": 17.647104068278654,
    "Intensity": 17647.048033496296
  },
  {
    "Scenario Name": "OtherLeadingVehicle_813",
    "Scenario Description": "The scenario realizes a common driving behavior, in which the user-controlled ego vehicle follows a leading car driving down a given road. At some point the leading car has to decelerate. The ego vehicle has to react accordingly by changing lane to avoid a collision and follow the leading car in other lane. The scenario ends either via a timeout, or if the ego vehicle drives some distance.",
    "Map": "Map(name=Carla/Maps/Town05)",
    "First Vehicle Location": 48,
    "Second Vehicle Location": 49,
    "First Vehicle Speed": 6.666666666666666,
    "Second Vehicle Speed": 9.444444444444445,
    "Collision": true,
    "Weather": "HardRainNight",
    "Collision Type": "Actor(id=578, type=vehicle.nissan.patrol)",
    "Time to Collision": 5.3001487255096436,
    "Speed at Collision": 19.584895950144293,
    "Intensity": 24068.894775643395
  },
  {
    "Scenario Name": "OtherLeadingVehicle_817",
    "Scenario Description": "The scenario realizes a common driving behavior, in which the user-controlled ego vehicle follows a leading car driving down a given road. At some point the leading car has to decelerate. The ego vehicle has to react accordingly by changing lane to avoid a collision and follow the leading car in other lane. The scenario ends either via a timeout, or if the ego vehicle drives some distance.",
    "Map": "Map(name=Carla/Maps/Town05)",
    "First Vehicle Location": 18,
    "Second Vehicle Location": 19,
    "First Vehicle Speed": 11.944444444444445,
    "Second Vehicle Speed": 14.722222222222221,
    "Collision": true,
    "Weather": "ClearNight",
    "Collision Type": "Actor(id=602, type=vehicle.nissan.patrol)",
    "Time to Collision": 3.401540517807007,
    "Speed at Collision": 13.73196933481771,
    "Intensity": 12730.651536877565
  },
  {
    "Scenario Name": "OtherLeadingVehicle_818",
    "Scenario Description": "The scenario realizes a common driving behavior, in which the user-controlled ego vehicle follows a leading car driving down a given road. At some point the leading car has to decelerate. The ego vehicle has to react accordingly by changing lane to avoid a collision and follow the leading car in other lane. The scenario ends either via a timeout, or if the ego vehicle drives some distance.",
    "Map": "Map(name=Carla/Maps/Town05)",
    "First Vehicle Location": 59,
    "Second Vehicle Location": 60,
    "First Vehicle Speed": 11.666666666666666,
    "Second Vehicle Speed": 14.444444444444445,
    "Collision": true,
    "Weather": "HardRainNight",
    "Collision Type": "Actor(id=608, type=vehicle.nissan.patrol)",
    "Time to Collision": 6.334378242492676,
    "Speed at Collision": 19.873900889399128,
    "Intensity": 20427.343137534415
  },
  {
    "Scenario Name": "OtherLeadingVehicle_820",
    "Scenario Description": "The scenario realizes a common driving behavior, in which the user-controlled ego vehicle follows a leading car driving down a given road. At some point the leading car has to decelerate. The ego vehicle has to react accordingly by changing lane to avoid a collision and follow the leading car in other lane. The scenario ends either via a timeout, or if the ego vehicle drives some distance.",
    "Map": "Map(name=Carla/Maps/Town05)",
    "First Vehicle Location": 56,
    "Second Vehicle Location": 57,
    "First Vehicle Speed": 10.277777777777777,
    "Second Vehicle Speed": 13.055555555555555,
    "Collision": true,
    "Weather": "ClearNoon",
    "Collision Type": "Actor(id=620, type=vehicle.nissan.patrol)",
    "Time to Collision": 12.803880214691162,
    "Speed at Collision": 7.506386060359097,
    "Intensity": 5676.091418755062
  },
  {
    "Scenario Name": "OtherLeadingVehicle_822",
    "Scenario Description": "The scenario realizes a common driving behavior, in which the user-controlled ego vehicle follows a leading car driving down a given road. At some point the leading car has to decelerate. The ego vehicle has to react accordingly by changing lane to avoid a collision and follow the leading car in other lane. The scenario ends either via a timeout, or if the ego vehicle drives some distance.",
    "Map": "Map(name=Carla/Maps/Town05)",
    "First Vehicle Location": 57,
    "Second Vehicle Location": 58,
    "First Vehicle Speed": 4.444444444444445,
    "Second Vehicle Speed": 7.222222222222222,
    "Collision": true,
    "Weather": "HardRainNight",
    "Collision Type": "Actor(id=632, type=vehicle.nissan.patrol)",
    "Time to Collision": 6.104859828948975,
    "Speed at Collision": 14.09195011348495,
    "Intensity": 16179.407874075474
  },
  {
    "Scenario Name": "OtherLeadingVehicle_823",
    "Scenario Description": "The scenario realizes a common driving behavior, in which the user-controlled ego vehicle follows a leading car driving down a given road. At some point the leading car has to decelerate. The ego vehicle has to react accordingly by changing lane to avoid a collision and follow the leading car in other lane. The scenario ends either via a timeout, or if the ego vehicle drives some distance.",
    "Map": "Map(name=Carla/Maps/Town05)",
    "First Vehicle Location": 77,
    "Second Vehicle Location": 78,
    "First Vehicle Speed": 9.444444444444445,
    "Second Vehicle Speed": 12.222222222222221,
    "Collision": true,
    "Weather": "HardRainNoon",
    "Collision Type": "Actor(id=638, type=vehicle.nissan.patrol)",
    "Time to Collision": 8.419016599655151,
    "Speed at Collision": 21.18119674663257,
    "Intensity": 23050.72263950866
  },
  {
    "Scenario Name": "OtherLeadingVehicle_824",
    "Scenario Description": "The scenario realizes a common driving behavior, in which the user-controlled ego vehicle follows a leading car driving down a given road. At some point the leading car has to decelerate. The ego vehicle has to react accordingly by changing lane to avoid a collision and follow the leading car in other lane. The scenario ends either via a timeout, or if the ego vehicle drives some distance.",
    "Map": "Map(name=Carla/Maps/Town05)",
    "First Vehicle Location": 39,
    "Second Vehicle Location": 40,
    "First Vehicle Speed": 11.38888888888889,
    "Second Vehicle Speed": 14.166666666666666,
    "Collision": true,
    "Weather": "ClearNight",
    "Collision Type": "Actor(id=644, type=vehicle.nissan.patrol)",
    "Time to Collision": 5.228318691253662,
    "Speed at Collision": 15.141278951794051,
    "Intensity": 13920.675018252274
  },
  {
    "Scenario Name": "OtherLeadingVehicle_825",
    "Scenario Description": "The scenario realizes a common driving behavior, in which the user-controlled ego vehicle follows a leading car driving down a given road. At some point the leading car has to decelerate. The ego vehicle has to react accordingly by changing lane to avoid a collision and follow the leading car in other lane. The scenario ends either via a timeout, or if the ego vehicle drives some distance.",
    "Map": "Map(name=Carla/Maps/Town05)",
    "First Vehicle Location": 29,
    "Second Vehicle Location": 30,
    "First Vehicle Speed": 12.777777777777777,
    "Second Vehicle Speed": 15.555555555555555,
    "Collision": true,
    "Weather": "ClearNoon",
    "Collision Type": "Actor(id=650, type=vehicle.nissan.patrol)",
    "Time to Collision": 4.330331087112427,
    "Speed at Collision": 15.870685874569478,
    "Intensity": 15152.54953376248
  },
  {
    "Scenario Name": "OtherLeadingVehicle_826",
    "Scenario Description": "The scenario realizes a common driving behavior, in which the user-controlled ego vehicle follows a leading car driving down a given road. At some point the leading car has to decelerate. The ego vehicle has to react accordingly by changing lane to avoid a collision and follow the leading car in other lane. The scenario ends either via a timeout, or if the ego vehicle drives some distance.",
    "Map": "Map(name=Carla/Maps/Town05)",
    "First Vehicle Location": 39,
    "Second Vehicle Location": 40,
    "First Vehicle Speed": 5.277777777777778,
    "Second Vehicle Speed": 8.055555555555555,
    "Collision": true,
    "Weather": "HardRainNight",
    "Collision Type": "Actor(id=656, type=vehicle.nissan.patrol)",
    "Time to Collision": 4.635226488113403,
    "Speed at Collision": 16.149414296664926,
    "Intensity": 18378.080214630787
  },
  {
    "Scenario Name": "OtherLeadingVehicle_827",
    "Scenario Description": "The scenario realizes a common driving behavior, in which the user-controlled ego vehicle follows a leading car driving down a given road. At some point the leading car has to decelerate. The ego vehicle has to react accordingly by changing lane to avoid a collision and follow the leading car in other lane. The scenario ends either via a timeout, or if the ego vehicle drives some distance.",
    "Map": "Map(name=Carla/Maps/Town05)",
    "First Vehicle Location": 20,
    "Second Vehicle Location": 21,
    "First Vehicle Speed": 16.38888888888889,
    "Second Vehicle Speed": 19.166666666666668,
    "Collision": true,
    "Weather": "ClearNoon",
    "Collision Type": "Actor(id=662, type=vehicle.nissan.patrol)",
    "Time to Collision": 3.837052822113037,
    "Speed at Collision": 15.05015477318685,
    "Intensity": 12949.80856471692
  },
  {
    "Scenario Name": "OtherLeadingVehicle_828",
    "Scenario Description": "The scenario realizes a common driving behavior, in which the user-controlled ego vehicle follows a leading car driving down a given road. At some point the leading car has to decelerate. The ego vehicle has to react accordingly by changing lane to avoid a collision and follow the leading car in other lane. The scenario ends either via a timeout, or if the ego vehicle drives some distance.",
    "Map": "Map(name=Carla/Maps/Town05)",
    "First Vehicle Location": 80,
    "Second Vehicle Location": 81,
    "First Vehicle Speed": 13.88888888888889,
    "Second Vehicle Speed": 16.666666666666668,
    "Collision": true,
    "Weather": "ClearNight",
    "Collision Type": "Actor(id=668, type=vehicle.nissan.patrol)",
    "Time to Collision": 9.78111219406128,
    "Speed at Collision": 26.724348728682312,
    "Intensity": 27754.96461598061
  },
  {
    "Scenario Name": "OtherLeadingVehicle_829",
    "Scenario Description": "The scenario realizes a common driving behavior, in which the user-controlled ego vehicle follows a leading car driving down a given road. At some point the leading car has to decelerate. The ego vehicle has to react accordingly by changing lane to avoid a collision and follow the leading car in other lane. The scenario ends either via a timeout, or if the ego vehicle drives some distance.",
    "Map": "Map(name=Carla/Maps/Town05)",
    "First Vehicle Location": 12,
    "Second Vehicle Location": 13,
    "First Vehicle Speed": 13.055555555555555,
    "Second Vehicle Speed": 15.833333333333332,
    "Collision": true,
    "Weather": "ClearNoon",
    "Collision Type": "Actor(id=674, type=vehicle.nissan.patrol)",
    "Time to Collision": 2.770224094390869,
    "Speed at Collision": 10.63351534233683,
    "Intensity": 8606.65459987625
  },
  {
    "Scenario Name": "OtherLeadingVehicle_830",
    "Scenario Description": "The scenario realizes a common driving behavior, in which the user-controlled ego vehicle follows a leading car driving down a given road. At some point the leading car has to decelerate. The ego vehicle has to react accordingly by changing lane to avoid a collision and follow the leading car in other lane. The scenario ends either via a timeout, or if the ego vehicle drives some distance.",
    "Map": "Map(name=Carla/Maps/Town05)",
    "First Vehicle Location": 98,
    "Second Vehicle Location": 99,
    "First Vehicle Speed": 3.611111111111111,
    "Second Vehicle Speed": 6.388888888888888,
    "Collision": true,
    "Weather": "HardRainNight",
    "Collision Type": "Actor(id=680, type=vehicle.nissan.patrol)",
    "Time to Collision": 19.643319606781006,
    "Speed at Collision": 7.626754879544117,
    "Intensity": 15893.165140784446
  },
  {
    "Scenario Name": "OtherLeadingVehicle_833",
    "Scenario Description": "The scenario realizes a common driving behavior, in which the user-controlled ego vehicle follows a leading car driving down a given road. At some point the leading car has to decelerate. The ego vehicle has to react accordingly by changing lane to avoid a collision and follow the leading car in other lane. The scenario ends either via a timeout, or if the ego vehicle drives some distance.",
    "Map": "Map(name=Carla/Maps/Town05)",
    "First Vehicle Location": 52,
    "Second Vehicle Location": 53,
    "First Vehicle Speed": 6.944444444444445,
    "Second Vehicle Speed": 9.722222222222221,
    "Collision": true,
    "Weather": "HardRainNight",
    "Collision Type": "Actor(id=698, type=vehicle.nissan.patrol)",
    "Time to Collision": 5.521643400192261,
    "Speed at Collision": 20.075716857124583,
    "Intensity": 22481.69515114463
  },
  {
    "Scenario Name": "OtherLeadingVehicle_834",
    "Scenario Description": "The scenario realizes a common driving behavior, in which the user-controlled ego vehicle follows a leading car driving down a given road. At some point the leading car has to decelerate. The ego vehicle has to react accordingly by changing lane to avoid a collision and follow the leading car in other lane. The scenario ends either via a timeout, or if the ego vehicle drives some distance.",
    "Map": "Map(name=Carla/Maps/Town05)",
    "First Vehicle Location": 59,
    "Second Vehicle Location": 60,
    "First Vehicle Speed": 7.222222222222222,
    "Second Vehicle Speed": 10.0,
    "Collision": true,
    "Weather": "ClearNight",
    "Collision Type": "Actor(id=704, type=vehicle.nissan.patrol)",
    "Time to Collision": 13.181825399398804,
    "Speed at Collision": 7.382907266075471,
    "Intensity": 6629.3643247480695
  },
  {
    "Scenario Name": "OtherLeadingVehicle_835",
    "Scenario Description": "The scenario realizes a common driving behavior, in which the user-controlled ego vehicle follows a leading car driving down a given road. At some point the leading car has to decelerate. The ego vehicle has to react accordingly by changing lane to avoid a collision and follow the leading car in other lane. The scenario ends either via a timeout, or if the ego vehicle drives some distance.",
    "Map": "Map(name=Carla/Maps/Town05)",
    "First Vehicle Location": 22,
    "Second Vehicle Location": 23,
    "First Vehicle Speed": 4.166666666666667,
    "Second Vehicle Speed": 6.944444444444445,
    "Collision": true,
    "Weather": "HardRainNight",
    "Collision Type": "Actor(id=710, type=vehicle.nissan.patrol)",
    "Time to Collision": 3.3031764030456543,
    "Speed at Collision": 13.771951662665629,
    "Intensity": 16029.440268220342
  },
  {
    "Scenario Name": "OtherLeadingVehicle_836",
    "Scenario Description": "The scenario realizes a common driving behavior, in which the user-controlled ego vehicle follows a leading car driving down a given road. At some point the leading car has to decelerate. The ego vehicle has to react accordingly by changing lane to avoid a collision and follow the leading car in other lane. The scenario ends either via a timeout, or if the ego vehicle drives some distance.",
    "Map": "Map(name=Carla/Maps/Town05)",
    "First Vehicle Location": 59,
    "Second Vehicle Location": 60,
    "First Vehicle Speed": 3.333333333333333,
    "Second Vehicle Speed": 6.111111111111111,
    "Collision": true,
    "Weather": "ClearNoon",
    "Collision Type": "Actor(id=716, type=vehicle.nissan.patrol)",
    "Time to Collision": 7.018728256225586,
    "Speed at Collision": 11.529563290129545,
    "Intensity": 13626.379254163805
  },
  {
    "Scenario Name": "OtherLeadingVehicle_838",
    "Scenario Description": "The scenario realizes a common driving behavior, in which the user-controlled ego vehicle follows a leading car driving down a given road. At some point the leading car has to decelerate. The ego vehicle has to react accordingly by changing lane to avoid a collision and follow the leading car in other lane. The scenario ends either via a timeout, or if the ego vehicle drives some distance.",
    "Map": "Map(name=Carla/Maps/Town05)",
    "First Vehicle Location": 75,
    "Second Vehicle Location": 76,
    "First Vehicle Speed": 10.0,
    "Second Vehicle Speed": 12.777777777777777,
    "Collision": true,
    "Weather": "ClearNoon",
    "Collision Type": "Actor(id=728, type=vehicle.nissan.patrol)",
    "Time to Collision": 8.21546745300293,
    "Speed at Collision": 21.98820296456458,
    "Intensity": 23925.8058224804
  },
  {
    "Scenario Name": "OtherLeadingVehicle_839",
    "Scenario Description": "The scenario realizes a common driving behavior, in which the user-controlled ego vehicle follows a leading car driving down a given road. At some point the leading car has to decelerate. The ego vehicle has to react accordingly by changing lane to avoid a collision and follow the leading car in other lane. The scenario ends either via a timeout, or if the ego vehicle drives some distance.",
    "Map": "Map(name=Carla/Maps/Town05)",
    "First Vehicle Location": 75,
    "Second Vehicle Location": 76,
    "First Vehicle Speed": 14.444444444444445,
    "Second Vehicle Speed": 17.22222222222222,
    "Collision": true,
    "Weather": "HardRainNoon",
    "Collision Type": "Actor(id=734, type=vehicle.nissan.patrol)",
    "Time to Collision": 15.48664903640747,
    "Speed at Collision": 16.547931433689,
    "Intensity": 1843.84310446115
  }
]